<?xml version='1.0' encoding='UTF-8'?>
<backup xmlns="http://www.atlassian.com/ao" xmlns:xsi="http://www.w3.org/2001/XMLSchema-instance">
  <database>
    <meta key="database.name" value="HSQL Database Engine"/>
    <meta key="database.version" value="1.8.0"/>
    <meta key="database.minorVersion" value="8"/>
    <meta key="database.majorVersion" value="1"/>
    <meta key="driver.name" value="HSQL Database Engine Driver"/>
    <meta key="driver.version" value="1.8.0"/>
  </database>
  <table name="AO_38321B_CUSTOM_CONTENT_LINK">
    <column name="CONTENT_KEY" primaryKey="false" autoIncrement="false" sqlType="12" precision="255"/>
    <column name="ID" primaryKey="true" autoIncrement="true" sqlType="4" precision="10"/>
    <column name="LINK_LABEL" primaryKey="false" autoIncrement="false" sqlType="12" precision="255"/>
    <column name="LINK_URL" primaryKey="false" autoIncrement="false" sqlType="12" precision="255"/>
    <column name="SEQUENCE" primaryKey="false" autoIncrement="false" sqlType="4" precision="10"/>
  </table>
  <table name="AO_7A45FB_AOTRACKING_ENTRY">
    <column name="ACTIVE" primaryKey="false" autoIncrement="false" sqlType="16" precision="1"/>
    <column name="PLAN_ID" primaryKey="false" autoIncrement="false" sqlType="-5" precision="19"/>
    <column name="TRACKING_ID" primaryKey="true" autoIncrement="true" sqlType="4" precision="10"/>
  </table>
  <table name="AO_7A45FB_AOTRACKING_RESULT">
    <column name="BUILD_NUMBER" primaryKey="false" autoIncrement="false" sqlType="4" precision="10"/>
    <column name="LINKED_TRACKING_ENTRY_ID" primaryKey="false" autoIncrement="false" sqlType="4" precision="10"/>
    <column name="RESULT_ID" primaryKey="true" autoIncrement="true" sqlType="4" precision="10"/>
    <column name="RESULT_SUMMARY_ID" primaryKey="false" autoIncrement="false" sqlType="-5" precision="19"/>
    <foreignKey fromTable="AO_7A45FB_AOTRACKING_RESULT" fromColumn="LINKED_TRACKING_ENTRY_ID" toTable="AO_7A45FB_AOTRACKING_ENTRY" toColumn="TRACKING_ID"/>
  </table>
  <table name="AO_7A45FB_AOTRACKING_USER">
    <column name="LINKED_TRACKING_ENTRY_ID" primaryKey="false" autoIncrement="false" sqlType="4" precision="10"/>
    <column name="USERNAME" primaryKey="false" autoIncrement="false" sqlType="12" precision="255"/>
    <column name="USER_ID" primaryKey="true" autoIncrement="true" sqlType="4" precision="10"/>
    <column name="USER_WHO_UPDATED" primaryKey="false" autoIncrement="false" sqlType="12" precision="255"/>
    <foreignKey fromTable="AO_7A45FB_AOTRACKING_USER" fromColumn="LINKED_TRACKING_ENTRY_ID" toTable="AO_7A45FB_AOTRACKING_ENTRY" toColumn="TRACKING_ID"/>
  </table>
  <table name="AO_A0B856_WEB_HOOK_LISTENER_AO">
    <column name="ENABLED" primaryKey="false" autoIncrement="false" sqlType="16" precision="1"/>
    <column name="EVENTS" primaryKey="false" autoIncrement="false" sqlType="-1" precision="2147483647"/>
    <column name="ID" primaryKey="true" autoIncrement="true" sqlType="4" precision="10"/>
    <column name="LAST_UPDATED" primaryKey="false" autoIncrement="false" sqlType="93" precision="29"/>
    <column name="LAST_UPDATED_USER" primaryKey="false" autoIncrement="false" sqlType="12" precision="255"/>
    <column name="NAME" primaryKey="false" autoIncrement="false" sqlType="-1" precision="2147483647"/>
    <column name="PARAMETERS" primaryKey="false" autoIncrement="false" sqlType="-1" precision="2147483647"/>
    <column name="REGISTRATION_METHOD" primaryKey="false" autoIncrement="false" sqlType="12" precision="255"/>
    <column name="URL" primaryKey="false" autoIncrement="false" sqlType="-1" precision="2147483647"/>
  </table>
  <data tableName="AO_38321B_CUSTOM_CONTENT_LINK">
    <column name="CONTENT_KEY"/>
    <column name="ID"/>
    <column name="LINK_LABEL"/>
    <column name="LINK_URL"/>
    <column name="SEQUENCE"/>
  </data>
  <data tableName="AO_7A45FB_AOTRACKING_ENTRY">
    <column name="ACTIVE"/>
    <column name="PLAN_ID"/>
    <column name="TRACKING_ID"/>
    <row>
      <boolean>false</boolean>
      <integer>393217</integer>
      <integer>1</integer>
    </row>
    <row>
      <boolean>false</boolean>
      <integer>393217</integer>
      <integer>2</integer>
    </row>
    <row>
      <boolean>false</boolean>
      <integer>393217</integer>
      <integer>3</integer>
    </row>
    <row>
      <boolean>false</boolean>
      <integer>1048578</integer>
      <integer>4</integer>
    </row>
    <row>
      <boolean>false</boolean>
      <integer>393217</integer>
      <integer>5</integer>
    </row>
    <row>
      <boolean>false</boolean>
      <integer>393217</integer>
      <integer>6</integer>
    </row>
    <row>
      <boolean>false</boolean>
      <integer>393217</integer>
      <integer>7</integer>
    </row>
    <row>
      <boolean>false</boolean>
      <integer>393217</integer>
      <integer>8</integer>
    </row>
    <row>
      <boolean>false</boolean>
      <integer>393217</integer>
      <integer>9</integer>
    </row>
    <row>
      <boolean>false</boolean>
      <integer>393217</integer>
      <integer>10</integer>
    </row>
    <row>
      <boolean>false</boolean>
      <integer>393217</integer>
      <integer>11</integer>
    </row>
    <row>
      <boolean>false</boolean>
      <integer>393217</integer>
      <integer>12</integer>
    </row>
    <row>
      <boolean>false</boolean>
      <integer>393217</integer>
      <integer>13</integer>
    </row>
    <row>
      <boolean>false</boolean>
      <integer>393217</integer>
      <integer>14</integer>
    </row>
    <row>
      <boolean>false</boolean>
      <integer>393217</integer>
      <integer>15</integer>
    </row>
    <row>
      <boolean>false</boolean>
      <integer>393217</integer>
      <integer>16</integer>
    </row>
    <row>
      <boolean>false</boolean>
      <integer>393217</integer>
      <integer>17</integer>
    </row>
    <row>
      <boolean>false</boolean>
      <integer>5013509</integer>
      <integer>19</integer>
    </row>
    <row>
      <boolean>false</boolean>
      <integer>5013509</integer>
      <integer>20</integer>
    </row>
    <row>
      <boolean>false</boolean>
      <integer>6553601</integer>
      <integer>21</integer>
    </row>
    <row>
      <boolean>false</boolean>
      <integer>6553601</integer>
      <integer>22</integer>
    </row>
    <row>
      <boolean>false</boolean>
      <integer>6553601</integer>
      <integer>23</integer>
    </row>
    <row>
      <boolean>false</boolean>
      <integer>6553601</integer>
      <integer>24</integer>
    </row>
    <row>
      <boolean>false</boolean>
      <integer>6553601</integer>
      <integer>25</integer>
    </row>
    <row>
      <boolean>false</boolean>
      <integer>393217</integer>
      <integer>26</integer>
    </row>
    <row>
      <boolean>false</boolean>
      <integer>393217</integer>
      <integer>27</integer>
    </row>
    <row>
      <boolean>false</boolean>
      <integer>7569412</integer>
      <integer>29</integer>
    </row>
    <row>
      <boolean>false</boolean>
      <integer>5013509</integer>
      <integer>30</integer>
    </row>
    <row>
      <boolean>false</boolean>
      <integer>7569412</integer>
      <integer>31</integer>
    </row>
    <row>
      <boolean>false</boolean>
      <integer>7569415</integer>
      <integer>32</integer>
    </row>
    <row>
      <boolean>false</boolean>
      <integer>7569415</integer>
      <integer>33</integer>
    </row>
    <row>
      <boolean>false</boolean>
      <integer>7569415</integer>
      <integer>34</integer>
    </row>
    <row>
      <boolean>false</boolean>
      <integer>7569415</integer>
      <integer>35</integer>
    </row>
    <row>
      <boolean>false</boolean>
      <integer>7569415</integer>
      <integer>36</integer>
    </row>
    <row>
      <boolean>false</boolean>
      <integer>7569415</integer>
      <integer>37</integer>
    </row>
    <row>
      <boolean>false</boolean>
      <integer>7569415</integer>
      <integer>38</integer>
    </row>
    <row>
      <boolean>false</boolean>
      <integer>7569415</integer>
      <integer>39</integer>
    </row>
    <row>
      <boolean>false</boolean>
      <integer>7569415</integer>
      <integer>40</integer>
    </row>
    <row>
      <boolean>false</boolean>
      <integer>7569415</integer>
      <integer>41</integer>
    </row>
    <row>
      <boolean>false</boolean>
      <integer>5013509</integer>
      <integer>42</integer>
    </row>
    <row>
      <boolean>false</boolean>
      <integer>393217</integer>
      <integer>43</integer>
    </row>
    <row>
      <boolean>false</boolean>
      <integer>393217</integer>
      <integer>44</integer>
    </row>
    <row>
      <boolean>false</boolean>
      <integer>7569415</integer>
      <integer>45</integer>
    </row>
    <row>
      <boolean>false</boolean>
      <integer>5013509</integer>
      <integer>46</integer>
    </row>
    <row>
      <boolean>false</boolean>
      <integer>7569415</integer>
      <integer>48</integer>
    </row>
    <row>
      <boolean>false</boolean>
      <integer>7569412</integer>
      <integer>49</integer>
    </row>
    <row>
      <boolean>false</boolean>
      <integer>12845062</integer>
      <integer>50</integer>
    </row>
    <row>
      <boolean>false</boolean>
      <integer>393217</integer>
      <integer>51</integer>
    </row>
    <row>
      <boolean>false</boolean>
      <integer>7569412</integer>
      <integer>52</integer>
    </row>
    <row>
      <boolean>false</boolean>
      <integer>393217</integer>
      <integer>53</integer>
    </row>
    <row>
      <boolean>false</boolean>
      <integer>6553601</integer>
      <integer>54</integer>
    </row>
    <row>
      <boolean>false</boolean>
      <integer>7569415</integer>
      <integer>55</integer>
    </row>
    <row>
      <boolean>false</boolean>
      <integer>12845062</integer>
      <integer>56</integer>
    </row>
    <row>
      <boolean>false</boolean>
      <integer>393217</integer>
      <integer>57</integer>
    </row>
    <row>
      <boolean>false</boolean>
      <integer>6553601</integer>
      <integer>58</integer>
    </row>
    <row>
      <boolean>false</boolean>
      <integer>5013509</integer>
      <integer>59</integer>
    </row>
    <row>
      <boolean>false</boolean>
      <integer>16547841</integer>
      <integer>60</integer>
    </row>
    <row>
      <boolean>false</boolean>
      <integer>16547844</integer>
      <integer>61</integer>
    </row>
    <row>
      <boolean>false</boolean>
      <integer>17661953</integer>
      <integer>62</integer>
    </row>
    <row>
      <boolean>false</boolean>
      <integer>17661953</integer>
      <integer>63</integer>
    </row>
    <row>
      <boolean>false</boolean>
      <integer>17661953</integer>
      <integer>64</integer>
    </row>
    <row>
      <boolean>false</boolean>
      <integer>17661953</integer>
      <integer>65</integer>
    </row>
    <row>
      <boolean>false</boolean>
      <integer>17661953</integer>
      <integer>66</integer>
    </row>
    <row>
      <boolean>false</boolean>
      <integer>7569415</integer>
      <integer>67</integer>
    </row>
    <row>
      <boolean>false</boolean>
      <integer>17661953</integer>
      <integer>68</integer>
    </row>
    <row>
      <boolean>false</boolean>
      <integer>5013509</integer>
      <integer>69</integer>
    </row>
    <row>
      <boolean>false</boolean>
      <integer>7569415</integer>
      <integer>70</integer>
    </row>
    <row>
      <boolean>false</boolean>
      <integer>6553601</integer>
      <integer>71</integer>
    </row>
    <row>
      <boolean>false</boolean>
      <integer>23953412</integer>
      <integer>72</integer>
    </row>
    <row>
      <boolean>false</boolean>
      <integer>23953412</integer>
      <integer>73</integer>
    </row>
    <row>
      <boolean>false</boolean>
      <integer>23953412</integer>
      <integer>74</integer>
    </row>
    <row>
      <boolean>false</boolean>
      <integer>23953412</integer>
      <integer>75</integer>
    </row>
    <row>
      <boolean>false</boolean>
      <integer>26836993</integer>
      <integer>76</integer>
    </row>
    <row>
      <boolean>false</boolean>
      <integer>27721729</integer>
      <integer>77</integer>
    </row>
    <row>
      <boolean>false</boolean>
      <integer>29655041</integer>
      <integer>78</integer>
    </row>
    <row>
      <boolean>false</boolean>
      <integer>27721729</integer>
      <integer>79</integer>
    </row>
    <row>
      <boolean>false</boolean>
      <integer>17661953</integer>
      <integer>80</integer>
    </row>
    <row>
      <boolean>false</boolean>
      <integer>16547841</integer>
      <integer>81</integer>
    </row>
    <row>
      <boolean>false</boolean>
      <integer>29655041</integer>
      <integer>82</integer>
    </row>
    <row>
      <boolean>false</boolean>
      <integer>29655041</integer>
      <integer>83</integer>
    </row>
    <row>
      <boolean>false</boolean>
      <integer>23953412</integer>
      <integer>84</integer>
    </row>
    <row>
      <boolean>false</boolean>
      <integer>29655041</integer>
      <integer>85</integer>
    </row>
    <row>
      <boolean>false</boolean>
      <integer>23953412</integer>
      <integer>86</integer>
    </row>
    <row>
      <boolean>false</boolean>
      <integer>23953412</integer>
      <integer>87</integer>
    </row>
    <row>
      <boolean>false</boolean>
      <integer>23953412</integer>
      <integer>88</integer>
    </row>
    <row>
      <boolean>false</boolean>
      <integer>12845062</integer>
      <integer>89</integer>
    </row>
    <row>
      <boolean>false</boolean>
      <integer>7569415</integer>
      <integer>90</integer>
    </row>
    <row>
      <boolean>false</boolean>
      <integer>5013509</integer>
      <integer>91</integer>
    </row>
    <row>
      <boolean>false</boolean>
      <integer>7569415</integer>
      <integer>92</integer>
    </row>
    <row>
      <boolean>false</boolean>
      <integer>16547841</integer>
      <integer>93</integer>
    </row>
    <row>
      <boolean>false</boolean>
      <integer>5013509</integer>
      <integer>94</integer>
    </row>
    <row>
      <boolean>false</boolean>
      <integer>5013509</integer>
      <integer>95</integer>
    </row>
    <row>
      <boolean>false</boolean>
      <integer>5013509</integer>
      <integer>96</integer>
    </row>
    <row>
      <boolean>false</boolean>
      <integer>12845062</integer>
      <integer>97</integer>
    </row>
    <row>
      <boolean>false</boolean>
      <integer>7569412</integer>
      <integer>98</integer>
    </row>
    <row>
      <boolean>false</boolean>
      <integer>29655041</integer>
      <integer>99</integer>
    </row>
    <row>
      <boolean>false</boolean>
      <integer>29655041</integer>
      <integer>100</integer>
    </row>
    <row>
      <boolean>false</boolean>
      <integer>23953412</integer>
      <integer>101</integer>
    </row>
    <row>
      <boolean>false</boolean>
      <integer>26836993</integer>
      <integer>102</integer>
    </row>
    <row>
      <boolean>false</boolean>
      <integer>34865154</integer>
      <integer>103</integer>
    </row>
    <row>
      <boolean>false</boolean>
      <integer>34865154</integer>
      <integer>104</integer>
    </row>
    <row>
      <boolean>false</boolean>
      <integer>34865154</integer>
      <integer>105</integer>
    </row>
    <row>
      <boolean>false</boolean>
      <integer>37388292</integer>
      <integer>106</integer>
    </row>
    <row>
      <boolean>false</boolean>
      <integer>23953412</integer>
      <integer>107</integer>
    </row>
    <row>
      <boolean>false</boolean>
      <integer>29655041</integer>
      <integer>108</integer>
    </row>
    <row>
      <boolean>false</boolean>
      <integer>26836993</integer>
      <integer>109</integer>
    </row>
    <row>
      <boolean>false</boolean>
      <integer>7569415</integer>
      <integer>110</integer>
    </row>
    <row>
      <boolean>false</boolean>
      <integer>16547844</integer>
      <integer>111</integer>
    </row>
    <row>
      <boolean>false</boolean>
      <integer>23953412</integer>
      <integer>112</integer>
    </row>
    <row>
      <boolean>false</boolean>
      <integer>26836993</integer>
      <integer>113</integer>
    </row>
    <row>
      <boolean>false</boolean>
      <integer>27721729</integer>
      <integer>114</integer>
    </row>
    <row>
      <boolean>false</boolean>
      <integer>26836993</integer>
      <integer>115</integer>
    </row>
    <row>
      <boolean>false</boolean>
      <integer>27721729</integer>
      <integer>116</integer>
    </row>
    <row>
      <boolean>false</boolean>
      <integer>23953412</integer>
      <integer>117</integer>
    </row>
    <row>
      <boolean>false</boolean>
      <integer>27721729</integer>
      <integer>118</integer>
    </row>
    <row>
      <boolean>false</boolean>
      <integer>37388292</integer>
      <integer>119</integer>
    </row>
    <row>
      <boolean>false</boolean>
      <integer>34865154</integer>
      <integer>120</integer>
    </row>
    <row>
      <boolean>false</boolean>
      <integer>37388292</integer>
      <integer>121</integer>
    </row>
    <row>
      <boolean>false</boolean>
      <integer>34865154</integer>
      <integer>122</integer>
    </row>
    <row>
      <boolean>false</boolean>
      <integer>23953412</integer>
      <integer>123</integer>
    </row>
    <row>
      <boolean>false</boolean>
      <integer>16547844</integer>
      <integer>124</integer>
    </row>
    <row>
      <boolean>false</boolean>
      <integer>5013509</integer>
      <integer>125</integer>
    </row>
    <row>
      <boolean>false</boolean>
      <integer>26836993</integer>
      <integer>126</integer>
    </row>
    <row>
      <boolean>false</boolean>
      <integer>7569415</integer>
      <integer>127</integer>
    </row>
    <row>
      <boolean>false</boolean>
      <integer>7569415</integer>
      <integer>128</integer>
    </row>
    <row>
      <boolean>false</boolean>
      <integer>26836993</integer>
      <integer>129</integer>
    </row>
    <row>
      <boolean>false</boolean>
      <integer>34865154</integer>
      <integer>130</integer>
    </row>
    <row>
      <boolean>false</boolean>
      <integer>26836993</integer>
      <integer>131</integer>
    </row>
    <row>
      <boolean>false</boolean>
      <integer>26836993</integer>
      <integer>132</integer>
    </row>
    <row>
      <boolean>false</boolean>
      <integer>7569415</integer>
      <integer>133</integer>
    </row>
    <row>
      <boolean>false</boolean>
      <integer>23953412</integer>
      <integer>134</integer>
    </row>
    <row>
      <boolean>false</boolean>
      <integer>27721729</integer>
      <integer>135</integer>
    </row>
    <row>
      <boolean>false</boolean>
      <integer>26836993</integer>
      <integer>136</integer>
    </row>
    <row>
      <boolean>false</boolean>
      <integer>12845062</integer>
      <integer>137</integer>
    </row>
    <row>
      <boolean>false</boolean>
      <integer>26836993</integer>
      <integer>138</integer>
    </row>
    <row>
      <boolean>false</boolean>
      <integer>26836993</integer>
      <integer>139</integer>
    </row>
    <row>
      <boolean>false</boolean>
      <integer>16547841</integer>
      <integer>140</integer>
    </row>
    <row>
      <boolean>false</boolean>
      <integer>6553601</integer>
      <integer>141</integer>
    </row>
    <row>
      <boolean>false</boolean>
      <integer>17661953</integer>
      <integer>142</integer>
    </row>
    <row>
      <boolean>false</boolean>
      <integer>29655041</integer>
      <integer>143</integer>
    </row>
    <row>
      <boolean>false</boolean>
      <integer>7569415</integer>
      <integer>144</integer>
    </row>
    <row>
      <boolean>false</boolean>
      <integer>23953412</integer>
      <integer>145</integer>
    </row>
    <row>
      <boolean>false</boolean>
      <integer>26836993</integer>
      <integer>146</integer>
    </row>
    <row>
      <boolean>false</boolean>
      <integer>27721729</integer>
      <integer>147</integer>
    </row>
    <row>
      <boolean>false</boolean>
      <integer>16547844</integer>
      <integer>148</integer>
    </row>
  </data>
  <data tableName="AO_7A45FB_AOTRACKING_RESULT">
    <column name="BUILD_NUMBER"/>
    <column name="LINKED_TRACKING_ENTRY_ID"/>
    <column name="RESULT_ID"/>
    <column name="RESULT_SUMMARY_ID"/>
    <row>
      <integer>91</integer>
      <integer>139</integer>
      <integer>554</integer>
      <integer>49971227</integer>
    </row>
    <row>
      <integer>79</integer>
      <integer>140</integer>
      <integer>555</integer>
      <integer>52232201</integer>
    </row>
    <row>
      <integer>101</integer>
      <integer>141</integer>
      <integer>556</integer>
      <integer>52232203</integer>
    </row>
    <row>
      <integer>106</integer>
      <integer>142</integer>
      <integer>557</integer>
      <integer>52232205</integer>
    </row>
    <row>
      <integer>83</integer>
      <integer>143</integer>
      <integer>558</integer>
      <integer>52822017</integer>
    </row>
    <row>
      <integer>102</integer>
      <integer>141</integer>
      <integer>559</integer>
      <integer>52822019</integer>
    </row>
    <row>
      <integer>103</integer>
      <integer>141</integer>
      <integer>560</integer>
      <integer>52822021</integer>
    </row>
    <row>
      <integer>104</integer>
      <integer>141</integer>
      <integer>561</integer>
      <integer>52822023</integer>
    </row>
    <row>
      <integer>105</integer>
      <integer>141</integer>
      <integer>562</integer>
      <integer>52822025</integer>
    </row>
    <row>
      <integer>106</integer>
      <integer>141</integer>
      <integer>563</integer>
      <integer>52822027</integer>
    </row>
    <row>
      <integer>274</integer>
      <integer>144</integer>
      <integer>564</integer>
      <integer>53280771</integer>
    </row>
    <row>
      <integer>80</integer>
      <integer>140</integer>
      <integer>565</integer>
      <integer>53280773</integer>
    </row>
    <row>
      <integer>81</integer>
      <integer>140</integer>
      <integer>566</integer>
      <integer>53280775</integer>
    </row>
    <row>
      <integer>84</integer>
      <integer>143</integer>
      <integer>567</integer>
      <integer>53280779</integer>
    </row>
    <row>
      <integer>85</integer>
      <integer>143</integer>
      <integer>568</integer>
      <integer>53280787</integer>
    </row>
    <row>
      <integer>167</integer>
      <integer>145</integer>
      <integer>569</integer>
      <integer>53280791</integer>
    </row>
    <row>
      <integer>96</integer>
      <integer>146</integer>
      <integer>570</integer>
      <integer>53280793</integer>
    </row>
    <row>
      <integer>50</integer>
      <integer>147</integer>
      <integer>571</integer>
      <integer>53280795</integer>
    </row>
    <row>
      <integer>86</integer>
      <integer>143</integer>
      <integer>572</integer>
      <integer>53280797</integer>
    </row>
    <row>
      <integer>87</integer>
      <integer>143</integer>
      <integer>573</integer>
      <integer>53280803</integer>
    </row>
    <row>
      <integer>88</integer>
      <integer>143</integer>
      <integer>574</integer>
      <integer>54001673</integer>
    </row>
    <row>
      <integer>51</integer>
      <integer>147</integer>
      <integer>575</integer>
      <integer>54001681</integer>
    </row>
    <row>
      <integer>78</integer>
      <integer>148</integer>
      <integer>576</integer>
      <integer>54689805</integer>
    </row>
    <row>
      <integer>79</integer>
      <integer>148</integer>
      <integer>577</integer>
      <integer>54689807</integer>
    </row>
  </data>
  <data tableName="AO_7A45FB_AOTRACKING_USER">
    <column name="LINKED_TRACKING_ENTRY_ID"/>
    <column name="USERNAME"/>
    <column name="USER_ID"/>
    <column name="USER_WHO_UPDATED"/>
    <row>
      <integer>30</integer>
      <string>thomas</string>
      <integer>1</integer>
      <string xsi:nil="true"/>
    </row>
    <row>
      <integer>42</integer>
      <string>thomas</string>
      <integer>2</integer>
      <string xsi:nil="true"/>
    </row>
    <row>
      <integer>45</integer>
      <string>thomas</string>
      <integer>3</integer>
      <string xsi:nil="true"/>
    </row>
    <row>
      <integer>46</integer>
      <string>thomas</string>
      <integer>4</integer>
      <string xsi:nil="true"/>
    </row>
    <row>
      <integer>51</integer>
      <string>thomas</string>
      <integer>6</integer>
      <string xsi:nil="true"/>
    </row>
    <row>
      <integer>52</integer>
      <string>thomas</string>
      <integer>7</integer>
      <string xsi:nil="true"/>
    </row>
    <row>
      <integer>53</integer>
      <string>thomas</string>
      <integer>8</integer>
      <string xsi:nil="true"/>
    </row>
    <row>
      <integer>55</integer>
      <string>thomas</string>
      <integer>9</integer>
      <string xsi:nil="true"/>
    </row>
    <row>
      <integer>57</integer>
      <string>thomas</string>
      <integer>10</integer>
      <string xsi:nil="true"/>
    </row>
    <row>
      <integer>58</integer>
      <string>thomas</string>
      <integer>11</integer>
      <string xsi:nil="true"/>
    </row>
    <row>
      <integer>63</integer>
      <string>thomas</string>
      <integer>12</integer>
      <string xsi:nil="true"/>
    </row>
    <row>
      <integer>64</integer>
      <string>thomas</string>
      <integer>13</integer>
      <string xsi:nil="true"/>
    </row>
    <row>
      <integer>66</integer>
      <string>thomas</string>
      <integer>14</integer>
      <string xsi:nil="true"/>
    </row>
    <row>
      <integer>67</integer>
      <string>thomas</string>
      <integer>15</integer>
      <string xsi:nil="true"/>
    </row>
    <row>
      <integer>68</integer>
      <string>thomas</string>
      <integer>16</integer>
      <string xsi:nil="true"/>
    </row>
    <row>
      <integer>69</integer>
      <string>thomas</string>
      <integer>17</integer>
      <string xsi:nil="true"/>
    </row>
    <row>
      <integer>73</integer>
      <string>thomas</string>
      <integer>18</integer>
      <string xsi:nil="true"/>
    </row>
    <row>
      <integer>74</integer>
      <string>thomas</string>
      <integer>19</integer>
      <string xsi:nil="true"/>
    </row>
    <row>
      <integer>79</integer>
      <string>thomas</string>
      <integer>20</integer>
      <string xsi:nil="true"/>
    </row>
    <row>
      <integer>80</integer>
      <string>thomas</string>
      <integer>21</integer>
      <string xsi:nil="true"/>
    </row>
    <row>
      <integer>81</integer>
      <string>thomas</string>
      <integer>22</integer>
      <string xsi:nil="true"/>
    </row>
    <row>
      <integer>82</integer>
      <string>thomas</string>
      <integer>23</integer>
      <string xsi:nil="true"/>
    </row>
    <row>
      <integer>83</integer>
      <string>thomas</string>
      <integer>24</integer>
      <string xsi:nil="true"/>
    </row>
    <row>
      <integer>84</integer>
      <string>thomas</string>
      <integer>25</integer>
      <string xsi:nil="true"/>
    </row>
    <row>
      <integer>85</integer>
      <string>thomas</string>
      <integer>26</integer>
      <string xsi:nil="true"/>
    </row>
    <row>
      <integer>86</integer>
      <string>thomas</string>
      <integer>27</integer>
      <string xsi:nil="true"/>
    </row>
    <row>
      <integer>87</integer>
      <string>thomas</string>
      <integer>28</integer>
      <string xsi:nil="true"/>
    </row>
    <row>
      <integer>89</integer>
      <string>thomas</string>
      <integer>29</integer>
      <string xsi:nil="true"/>
    </row>
    <row>
      <integer>91</integer>
      <string>thomas</string>
      <integer>30</integer>
      <string xsi:nil="true"/>
    </row>
    <row>
      <integer>92</integer>
      <string>thomas</string>
      <integer>31</integer>
      <string xsi:nil="true"/>
    </row>
    <row>
      <integer>94</integer>
      <string>thomas</string>
      <integer>32</integer>
      <string xsi:nil="true"/>
    </row>
    <row>
      <integer>96</integer>
      <string>thomas</string>
      <integer>33</integer>
      <string xsi:nil="true"/>
    </row>
    <row>
      <integer>98</integer>
      <string>thomas</string>
      <integer>34</integer>
      <string xsi:nil="true"/>
    </row>
    <row>
      <integer>100</integer>
      <string>thomas</string>
      <integer>35</integer>
      <string xsi:nil="true"/>
    </row>
    <row>
      <integer>102</integer>
      <string>thomas</string>
      <integer>36</integer>
      <string xsi:nil="true"/>
    </row>
    <row>
      <integer>107</integer>
      <string>thomas</string>
      <integer>37</integer>
      <string xsi:nil="true"/>
    </row>
    <row>
      <integer>108</integer>
      <string>thomas</string>
      <integer>38</integer>
      <string xsi:nil="true"/>
    </row>
    <row>
      <integer>109</integer>
      <string>thomas</string>
      <integer>39</integer>
      <string xsi:nil="true"/>
    </row>
    <row>
      <integer>110</integer>
      <string>thomas</string>
      <integer>40</integer>
      <string xsi:nil="true"/>
    </row>
    <row>
      <integer>111</integer>
      <string>thomas</string>
      <integer>41</integer>
      <string xsi:nil="true"/>
    </row>
    <row>
      <integer>114</integer>
      <string>thomas</string>
      <integer>42</integer>
      <string xsi:nil="true"/>
    </row>
    <row>
      <integer>116</integer>
      <string>thomas</string>
      <integer>43</integer>
      <string xsi:nil="true"/>
    </row>
    <row>
      <integer>117</integer>
      <string>thomas</string>
      <integer>44</integer>
      <string xsi:nil="true"/>
    </row>
    <row>
      <integer>119</integer>
      <string>thomas</string>
      <integer>45</integer>
      <string xsi:nil="true"/>
    </row>
    <row>
      <integer>120</integer>
      <string>thomas</string>
      <integer>46</integer>
      <string xsi:nil="true"/>
    </row>
    <row>
      <integer>122</integer>
      <string>thomas</string>
      <integer>47</integer>
      <string xsi:nil="true"/>
    </row>
    <row>
      <integer>125</integer>
      <string>thomas</string>
      <integer>48</integer>
      <string xsi:nil="true"/>
    </row>
    <row>
      <integer>130</integer>
      <string>thomas</string>
      <integer>49</integer>
      <string xsi:nil="true"/>
    </row>
    <row>
      <integer>132</integer>
      <string>thomas</string>
      <integer>50</integer>
      <string xsi:nil="true"/>
    </row>
    <row>
      <integer>133</integer>
      <string>thomas</string>
      <integer>51</integer>
      <string xsi:nil="true"/>
    </row>
    <row>
      <integer>136</integer>
      <string>thomas</string>
      <integer>52</integer>
      <string xsi:nil="true"/>
    </row>
    <row>
      <integer>137</integer>
      <string>thomas</string>
      <integer>53</integer>
      <string xsi:nil="true"/>
    </row>
    <row>
      <integer>138</integer>
      <string>thomas</string>
      <integer>54</integer>
      <string xsi:nil="true"/>
    </row>
    <row>
      <integer>141</integer>
      <string>thomas</string>
      <integer>55</integer>
      <string xsi:nil="true"/>
    </row>
    <row>
      <integer>143</integer>
      <string>thomas</string>
      <integer>56</integer>
      <string xsi:nil="true"/>
    </row>
    <row>
      <integer>144</integer>
      <string>thomas</string>
      <integer>57</integer>
      <string xsi:nil="true"/>
    </row>
    <row>
      <integer>145</integer>
      <string>thomas</string>
      <integer>58</integer>
      <string xsi:nil="true"/>
    </row>
    <row>
      <integer>146</integer>
      <string>thomas</string>
      <integer>59</integer>
      <string xsi:nil="true"/>
    </row>
    <row>
      <integer>147</integer>
      <string>thomas</string>
      <integer>60</integer>
      <string xsi:nil="true"/>
    </row>
  </data>
  <data tableName="AO_A0B856_WEB_HOOK_LISTENER_AO">
    <column name="ENABLED"/>
    <column name="EVENTS"/>
    <column name="ID"/>
    <column name="LAST_UPDATED"/>
    <column name="LAST_UPDATED_USER"/>
    <column name="NAME"/>
    <column name="PARAMETERS"/>
    <column name="REGISTRATION_METHOD"/>
    <column name="URL"/>
  </data>
</backup>