<?xml version='1.1' encoding='UTF-8' standalone='yes'?>
<bamboo>
 <date>Wed Jul 08 19:05:03 AEST 2015</date>
 <version>5.9.1</version>
 <buildDate>24-Jun-2015</buildDate>
 <build>5914</build>
 <serverID>BG3Y-XJ99-GC6Z-FPP1</serverID>
 <localUsers>
  <localUser>
   <id>1</id>
   <name>thomas</name>
   <password>{PKCS5S2}8ltHU1XbDuB9JAIKmQc1sVUsyPs6mMZk3oh2qX+Ktifxy91VxTCu9uH/4+v1Ec0a</password>
   <fullName>Thomas Schroedter</fullName>
   <email>Thomas.Schroedter@gmx.net</email>
  </localUser>
  <localUser>
   <id>47251457</id>
   <name>admin</name>
   <password>{PKCS5S2}CVsdvUnCt1VhINWGvVHv5yInvqN2VsW035YFM9iP2UDnYSijas6io96D2fVggCbJ</password>
   <fullName>admin</fullName>
   <email>Thomas.Schroedter@gmx.net</email>
  </localUser>
 </localUsers>
</bamboo>