<?xml version='1.1' encoding='UTF-8' standalone='yes'?>
<bamboo>
 <date>Wed Jul 08 19:05:03 AEST 2015</date>
 <version>5.9.1</version>
 <buildDate>24-Jun-2015</buildDate>
 <build>5914</build>
 <serverID>BG3Y-XJ99-GC6Z-FPP1</serverID>
 <loginInfos>
  <loginInfo>
   <userName>thomas</userName>
   <authCount>0</authCount>
   <authTimestamp>1430488800000</authTimestamp>
  </loginInfo>
  <loginInfo>
   <userName>admin</userName>
   <authCount>1</authCount>
   <authTimestamp>1430488800000</authTimestamp>
  </loginInfo>
  <loginInfo>
   <userName>Thomas.Schroedter@gmx.net</userName>
   <authCount>1</authCount>
   <authTimestamp>1434549600000</authTimestamp>
  </loginInfo>
 </loginInfos>
</bamboo>