<?xml version='1.1' encoding='UTF-8' standalone='yes'?>
<bamboo>
 <date>Wed Jul 08 19:05:03 AEST 2015</date>
 <version>5.9.1</version>
 <buildDate>24-Jun-2015</buildDate>
 <build>5914</build>
 <serverID>BG3Y-XJ99-GC6Z-FPP1</serverID>
 <pipelines>
  <pipeline>
   <id>131073</id>
   <creationDate>portable AD 2015-02-21 16:50:49.913 +1100</creationDate>
   <modificationDate>portable AD 2015-07-02 16:06:35.601 +1000</modificationDate>
   <type>LOCAL</type>
   <name>Default Agent</name>
   <description></description>
   <enabled>true</enabled>
   <capabilities/>
  </pipeline>
 </pipelines>
</bamboo>