<?xml version='1.1' encoding='UTF-8' standalone='yes'?>
<bamboo>
 <date>Wed Jul 08 19:05:03 AEST 2015</date>
 <version>5.9.1</version>
 <buildDate>24-Jun-2015</buildDate>
 <build>5914</build>
 <serverID>BG3Y-XJ99-GC6Z-FPP1</serverID>
 <testClasses>
  <testClass>
   <id>1474561</id>
   <name>Selkie.Windsor.NUnit.ProjectComponentAttributeTests</name>
   <plan>SW-MAS-JOB1</plan>
  </testClass>
  <testClass>
   <id>1474562</id>
   <name>Selkie.Windsor.NUnit.BaseInstallerTests</name>
   <plan>SW-MAS-JOB1</plan>
  </testClass>
  <testClass>
   <id>1474563</id>
   <name>Selkie.Windsor.Extensions.NUnit.StringExtensionsTests</name>
   <plan>SW-MAS-JOB1</plan>
  </testClass>
  <testClass>
   <id>1474564</id>
   <name>Selkie.Windsor.NUnit.LifestyleTests</name>
   <plan>SW-MAS-JOB1</plan>
  </testClass>
  <testClass>
   <id>1474565</id>
   <name>Selkie.Windsor.NUnit.ProjectComponentAttributeTests</name>
   <plan>SW-MAS0-JOB1</plan>
  </testClass>
  <testClass>
   <id>1474566</id>
   <name>Selkie.Windsor.NUnit.BaseInstallerTests</name>
   <plan>SW-MAS0-JOB1</plan>
  </testClass>
  <testClass>
   <id>1474567</id>
   <name>Selkie.Windsor.Extensions.NUnit.StringExtensionsTests</name>
   <plan>SW-MAS0-JOB1</plan>
  </testClass>
  <testClass>
   <id>1474568</id>
   <name>Selkie.Windsor.NUnit.LifestyleTests</name>
   <plan>SW-MAS0-JOB1</plan>
  </testClass>
  <testClass>
   <id>3178501</id>
   <name>Selkie.Windsor.Tests.NUnit.ProjectComponentAttributeTests</name>
   <plan>SW-MAS-JOB1</plan>
  </testClass>
  <testClass>
   <id>3178502</id>
   <name>Selkie.Windsor.Tests.NUnit.BaseInstallerTests</name>
   <plan>SW-MAS-JOB1</plan>
  </testClass>
  <testClass>
   <id>3178503</id>
   <name>Selkie.Windsor.Tests.NUnit.LifestyleTests</name>
   <plan>SW-MAS-JOB1</plan>
  </testClass>
  <testClass>
   <id>3178504</id>
   <name>Selkie.Windsor.Tests.Extensions.NUnit.StringExtensionsTests</name>
   <plan>SW-MAS-JOB1</plan>
  </testClass>
  <testClass>
   <id>3178505</id>
   <name>Selkie.Windsor.Tests.NUnit.ProjectComponentAttributeTests</name>
   <plan>SW-MAS0-JOB1</plan>
  </testClass>
  <testClass>
   <id>3178506</id>
   <name>Selkie.Windsor.Tests.NUnit.BaseInstallerTests</name>
   <plan>SW-MAS0-JOB1</plan>
  </testClass>
  <testClass>
   <id>3178507</id>
   <name>Selkie.Windsor.Tests.NUnit.LifestyleTests</name>
   <plan>SW-MAS0-JOB1</plan>
  </testClass>
  <testClass>
   <id>3178508</id>
   <name>Selkie.Windsor.Tests.Extensions.NUnit.StringExtensionsTests</name>
   <plan>SW-MAS0-JOB1</plan>
  </testClass>
  <testClass>
   <id>4358145</id>
   <name>Selkie.Windsor.Tests.NUnit.TypedFactoryTest</name>
   <plan>SW-MAS-JOB1</plan>
  </testClass>
  <testClass>
   <id>4358146</id>
   <name>Selkie.Windsor.Tests.NUnit.LifestyleSingletonTest</name>
   <plan>SW-MAS-JOB1</plan>
  </testClass>
  <testClass>
   <id>4358147</id>
   <name>Selkie.Windsor.Tests.NUnit.LifestyleTransientTest</name>
   <plan>SW-MAS-JOB1</plan>
  </testClass>
  <testClass>
   <id>6750209</id>
   <name>Selkie.NUnit.Extensions.Tests.StringExtensionsTests</name>
   <plan>SNE-MN-JOB1</plan>
  </testClass>
  <testClass>
   <id>6750210</id>
   <name>Selkie.NUnit.Extensions.Tests.NUnitHelperTests</name>
   <plan>SNE-MN-JOB1</plan>
  </testClass>
  <testClass>
   <id>11534337</id>
   <name>Selkie.ACO.Anthill.Tests.NUnit.QueenTests</name>
   <plan>SACO-MAS-JOB1</plan>
  </testClass>
  <testClass>
   <id>11534338</id>
   <name>Selkie.ACO.Anthill.Tests.NUnit.ColonyTests</name>
   <plan>SACO-MAS-JOB1</plan>
  </testClass>
  <testClass>
   <id>11534339</id>
   <name>Selkie.ACO.Anthill.Tests.NUnit.ColonyLoggerTests</name>
   <plan>SACO-MAS-JOB1</plan>
  </testClass>
  <testClass>
   <id>11534340</id>
   <name>Selkie.ACO.Anthill.Tests.NUnit.NaturalSelectionTests</name>
   <plan>SACO-MAS-JOB1</plan>
  </testClass>
  <testClass>
   <id>11534341</id>
   <name>Selkie.ACO.Anthill.Tests.NUnit.SquadTests</name>
   <plan>SACO-MAS-JOB1</plan>
  </testClass>
  <testClass>
   <id>11534342</id>
   <name>Selkie.ACO.Anthill.Tests.NUnit.BestTrailFinderTests</name>
   <plan>SACO-MAS-JOB1</plan>
  </testClass>
  <testClass>
   <id>11534343</id>
   <name>Selkie.ACO.Anthill.Tests.NUnit.BestTrailInformationTests</name>
   <plan>SACO-MAS-JOB1</plan>
  </testClass>
  <testClass>
   <id>12451841</id>
   <name>Selkie.ACO.Trails.Tests.NUnit.FixedTrailBuilderTests</name>
   <plan>SACO-MAS-JOB1</plan>
  </testClass>
  <testClass>
   <id>12451842</id>
   <name>Selkie.ACO.Trails.Tests.NUnit.TrailAlternativesTests</name>
   <plan>SACO-MAS-JOB1</plan>
  </testClass>
  <testClass>
   <id>12451843</id>
   <name>Selkie.ACO.Common.Tests.NUnit.DistanceGraphTests</name>
   <plan>SACO-MAS-JOB1</plan>
  </testClass>
  <testClass>
   <id>12451844</id>
   <name>Selkie.ACO.Ants.Tests.NUnit.ChromosomeTests</name>
   <plan>SACO-MAS-JOB1</plan>
  </testClass>
  <testClass>
   <id>12451845</id>
   <name>Selkie.ACO.Common.Tests.NUnit.PheromonesTrackerTests</name>
   <plan>SACO-MAS-JOB1</plan>
  </testClass>
  <testClass>
   <id>12451846</id>
   <name>Selkie.ACO.Trails.Tests.NUnit.CandidateListTrailBuilderTests</name>
   <plan>SACO-MAS-JOB1</plan>
  </testClass>
  <testClass>
   <id>12451847</id>
   <name>Selkie.ACO.Trails.Tests.NUnit.StandardTrailBuilderTests</name>
   <plan>SACO-MAS-JOB1</plan>
  </testClass>
  <testClass>
   <id>12451848</id>
   <name>Selkie.ACO.Ants.Tests.NUnit.CandidateListAntTests</name>
   <plan>SACO-MAS-JOB1</plan>
  </testClass>
  <testClass>
   <id>12451849</id>
   <name>Selkie.ACO.Common.Tests.NUnit.PheromonesTests</name>
   <plan>SACO-MAS-JOB1</plan>
  </testClass>
  <testClass>
   <id>12451850</id>
   <name>Selkie.ACO.Trails.Tests.NUnit.RandomTrailBuilderTests</name>
   <plan>SACO-MAS-JOB1</plan>
  </testClass>
  <testClass>
   <id>12451851</id>
   <name>Selkie.ACO.Ants.Tests.NUnit.FixedAntTests</name>
   <plan>SACO-MAS-JOB1</plan>
  </testClass>
  <testClass>
   <id>12451852</id>
   <name>Selkie.ACO.Ants.Tests.NUnit.StandardAntTests</name>
   <plan>SACO-MAS-JOB1</plan>
  </testClass>
  <testClass>
   <id>12451853</id>
   <name>Selkie.ACO.Trails.Tests.NUnit.TrailHistoryTests</name>
   <plan>SACO-MAS-JOB1</plan>
  </testClass>
  <testClass>
   <id>12451854</id>
   <name>Selkie.ACO.Ants.Tests.NUnit.NearestNeighboursTests</name>
   <plan>SACO-MAS-JOB1</plan>
  </testClass>
  <testClass>
   <id>12451855</id>
   <name>Selkie.ACO.Ants.Tests.NUnit.UnknownAntTests</name>
   <plan>SACO-MAS-JOB1</plan>
  </testClass>
  <testClass>
   <id>12451856</id>
   <name>Selkie.ACO.Ants.Tests.NUnit.BaseAntTests</name>
   <plan>SACO-MAS-JOB1</plan>
  </testClass>
  <testClass>
   <id>12451857</id>
   <name>Selkie.ACO.Common.Tests.NUnit.SettingsTests</name>
   <plan>SACO-MAS-JOB1</plan>
  </testClass>
  <testClass>
   <id>12451858</id>
   <name>Selkie.ACO.Trails.Tests.NUnit.Optimizers.TwoOptSimpleTests</name>
   <plan>SACO-MAS-JOB1</plan>
  </testClass>
  <testClass>
   <id>12451859</id>
   <name>Selkie.ACO.Ants.Tests.NUnit.CrossoverTests</name>
   <plan>SACO-MAS-JOB1</plan>
  </testClass>
  <testClass>
   <id>12451860</id>
   <name>Selkie.ACO.Trails.Tests.NUnit.UnknownTrailBuilderTests</name>
   <plan>SACO-MAS-JOB1</plan>
  </testClass>
  <testClass>
   <id>12451861</id>
   <name>Selkie.ACO.Common.Tests.NUnit.NearestNeighboursTests</name>
   <plan>SACO-MAS-JOB1</plan>
  </testClass>
  <testClass>
   <id>12451862</id>
   <name>Selkie.ACO.Trails.Tests.NUnit.TrailInformationTests</name>
   <plan>SACO-MAS-JOB1</plan>
  </testClass>
  <testClass>
   <id>12451863</id>
   <name>Selkie.ACO.Trails.Tests.NUnit.FixedTrailBuilderTests</name>
   <plan>SE-MAS-JOB1</plan>
  </testClass>
  <testClass>
   <id>12451864</id>
   <name>Selkie.ACO.Trails.Tests.NUnit.TrailAlternativesTests</name>
   <plan>SE-MAS-JOB1</plan>
  </testClass>
  <testClass>
   <id>12451865</id>
   <name>Selkie.ACO.Anthill.Tests.NUnit.ColonyTests</name>
   <plan>SE-MAS-JOB1</plan>
  </testClass>
  <testClass>
   <id>12451866</id>
   <name>Selkie.ACO.Common.Tests.NUnit.DistanceGraphTests</name>
   <plan>SE-MAS-JOB1</plan>
  </testClass>
  <testClass>
   <id>12451867</id>
   <name>Selkie.ACO.Ants.Tests.NUnit.ChromosomeTests</name>
   <plan>SE-MAS-JOB1</plan>
  </testClass>
  <testClass>
   <id>12451868</id>
   <name>Selkie.ACO.Common.Tests.NUnit.PheromonesTrackerTests</name>
   <plan>SE-MAS-JOB1</plan>
  </testClass>
  <testClass>
   <id>12451869</id>
   <name>Selkie.ACO.Trails.Tests.NUnit.CandidateListTrailBuilderTests</name>
   <plan>SE-MAS-JOB1</plan>
  </testClass>
  <testClass>
   <id>12451870</id>
   <name>Selkie.ACO.Ants.Tests.NUnit.CandidateListAntTests</name>
   <plan>SE-MAS-JOB1</plan>
  </testClass>
  <testClass>
   <id>12451871</id>
   <name>Selkie.ACO.Trails.Tests.NUnit.StandardTrailBuilderTests</name>
   <plan>SE-MAS-JOB1</plan>
  </testClass>
  <testClass>
   <id>12451872</id>
   <name>Selkie.ACO.Anthill.Tests.NUnit.SquadTests</name>
   <plan>SE-MAS-JOB1</plan>
  </testClass>
  <testClass>
   <id>12451873</id>
   <name>Selkie.ACO.Anthill.Tests.NUnit.NaturalSelectionTests</name>
   <plan>SE-MAS-JOB1</plan>
  </testClass>
  <testClass>
   <id>12451874</id>
   <name>Selkie.ACO.Common.Tests.NUnit.PheromonesTests</name>
   <plan>SE-MAS-JOB1</plan>
  </testClass>
  <testClass>
   <id>12451875</id>
   <name>Selkie.ACO.Trails.Tests.NUnit.RandomTrailBuilderTests</name>
   <plan>SE-MAS-JOB1</plan>
  </testClass>
  <testClass>
   <id>12451876</id>
   <name>Selkie.ACO.Ants.Tests.NUnit.FixedAntTests</name>
   <plan>SE-MAS-JOB1</plan>
  </testClass>
  <testClass>
   <id>12451877</id>
   <name>Selkie.ACO.Anthill.Tests.NUnit.ColonyLoggerTests</name>
   <plan>SE-MAS-JOB1</plan>
  </testClass>
  <testClass>
   <id>12451878</id>
   <name>Selkie.ACO.Ants.Tests.NUnit.StandardAntTests</name>
   <plan>SE-MAS-JOB1</plan>
  </testClass>
  <testClass>
   <id>12451879</id>
   <name>Selkie.ACO.Trails.Tests.NUnit.TrailHistoryTests</name>
   <plan>SE-MAS-JOB1</plan>
  </testClass>
  <testClass>
   <id>12451880</id>
   <name>Selkie.ACO.Ants.Tests.NUnit.NearestNeighboursTests</name>
   <plan>SE-MAS-JOB1</plan>
  </testClass>
  <testClass>
   <id>12451881</id>
   <name>Selkie.ACO.Ants.Tests.NUnit.UnknownAntTests</name>
   <plan>SE-MAS-JOB1</plan>
  </testClass>
  <testClass>
   <id>12451882</id>
   <name>Selkie.ACO.Ants.Tests.NUnit.BaseAntTests</name>
   <plan>SE-MAS-JOB1</plan>
  </testClass>
  <testClass>
   <id>12451883</id>
   <name>Selkie.ACO.Anthill.Tests.NUnit.BestTrailFinderTests</name>
   <plan>SE-MAS-JOB1</plan>
  </testClass>
  <testClass>
   <id>12451884</id>
   <name>Selkie.ACO.Common.Tests.NUnit.SettingsTests</name>
   <plan>SE-MAS-JOB1</plan>
  </testClass>
  <testClass>
   <id>12451885</id>
   <name>Selkie.ACO.Anthill.Tests.NUnit.QueenTests</name>
   <plan>SE-MAS-JOB1</plan>
  </testClass>
  <testClass>
   <id>12451886</id>
   <name>Selkie.ACO.Trails.Tests.NUnit.Optimizers.TwoOptSimpleTests</name>
   <plan>SE-MAS-JOB1</plan>
  </testClass>
  <testClass>
   <id>12451887</id>
   <name>Selkie.ACO.Ants.Tests.NUnit.CrossoverTests</name>
   <plan>SE-MAS-JOB1</plan>
  </testClass>
  <testClass>
   <id>12451888</id>
   <name>Selkie.ACO.Trails.Tests.NUnit.UnknownTrailBuilderTests</name>
   <plan>SE-MAS-JOB1</plan>
  </testClass>
  <testClass>
   <id>12451889</id>
   <name>Selkie.ACO.Common.Tests.NUnit.NearestNeighboursTests</name>
   <plan>SE-MAS-JOB1</plan>
  </testClass>
  <testClass>
   <id>12451890</id>
   <name>Selkie.ACO.Trails.Tests.NUnit.TrailInformationTests</name>
   <plan>SE-MAS-JOB1</plan>
  </testClass>
  <testClass>
   <id>12451891</id>
   <name>Selkie.ACO.Anthill.Tests.NUnit.BestTrailInformationTests</name>
   <plan>SE-MAS-JOB1</plan>
  </testClass>
  <testClass>
   <id>14319617</id>
   <name>Selkie.EasyNetQ.Tests.Extensions.XUnit.BusExtensionsTests</name>
   <plan>SE-MAS-JOB1</plan>
  </testClass>
  <testClass>
   <id>14319618</id>
   <name>Selkie.EasyNetQ.Tests.Extensions.XUnit.SelkieEasyNetQLoggerTests</name>
   <plan>SE-MAS-JOB1</plan>
  </testClass>
  <testClass>
   <id>14319619</id>
   <name>Selkie.EasyNetQ.Tests.Extensions.XUnit.StringExtensionsTests</name>
   <plan>SE-MAS-JOB1</plan>
  </testClass>
  <testClass>
   <id>24707073</id>
   <name>Selkie.Services.Lines.Tests.XUnit.LineToLineDtoConverterTests</name>
   <plan>SSL-MAST-JOB1</plan>
  </testClass>
  <testClass>
   <id>24707074</id>
   <name>Selkie.Services.Lines.Tests.XUnit.LinesSourceManagerTests</name>
   <plan>SSL-MAST-JOB1</plan>
  </testClass>
  <testClass>
   <id>24707075</id>
   <name>Selkie.Services.Lines.Common.Tests.Dto.XUnit.LineDtoTests</name>
   <plan>SSL-MAST-JOB1</plan>
  </testClass>
  <testClass>
   <id>24707076</id>
   <name>Selkie.Services.Lines.Common.Tests.Messages.XUnit.LineValidationResponseMessageTest</name>
   <plan>SSL-MAST-JOB1</plan>
  </testClass>
  <testClass>
   <id>24707077</id>
   <name>Selkie.Services.Lines.Tests.XUnit.InstallerTests</name>
   <plan>SSL-MAST-JOB1</plan>
  </testClass>
  <testClass>
   <id>24707078</id>
   <name>Selkie.Services.Lines.Tests.XUnit.LinesValidatorTests</name>
   <plan>SSL-MAST-JOB1</plan>
  </testClass>
  <testClass>
   <id>24707079</id>
   <name>Selkie.Services.Lines.Tests.XUnit.ServiceTests.ServiceStopSendsMessageTest(bus: Castle.Proxies.IBusProxy, sut: Selkie.Services.Lines</name>
   <plan>SSL-MAST-JOB1</plan>
  </testClass>
  <testClass>
   <id>24707080</id>
   <name>Selkie.Services.Lines.Tests.XUnit.ServiceTests.ServiceInitializeSubscribesToLineValidationResponseMessageTest(bus: Castle.Proxies.IBusProxy, sut: Selkie.Services.Lines</name>
   <plan>SSL-MAST-JOB1</plan>
  </testClass>
  <testClass>
   <id>24707081</id>
   <name>TestLibraries.Testing</name>
   <plan>SSL-MAST-JOB1</plan>
  </testClass>
  <testClass>
   <id>24707082</id>
   <name>Selkie.Services.Lines.Tests.XUnit.LinesValidatorTests.ValidateReturnsFalseForEmptyTest(sut: Selkie.Services.Lines</name>
   <plan>SSL-MAST-JOB1</plan>
  </testClass>
  <testClass>
   <id>24707083</id>
   <name>Selkie.Services.Lines.Tests.XUnit.ServiceTests</name>
   <plan>SSL-MAST-JOB1</plan>
  </testClass>
  <testClass>
   <id>24707084</id>
   <name>Selkie.Services.Lines.Common.Tests.Messages.XUnit.LineValidationRequestMessageTests</name>
   <plan>SSL-MAST-JOB1</plan>
  </testClass>
  <testClass>
   <id>24707085</id>
   <name>Selkie.Services.Lines.Tests.XUnit.ServiceTests.LineValidationRequestHandlerSendsMessageTest(manager: Castle.Proxies.ILinesSourceManagerProxy, bus: Castle.Proxies.IBusProxy, sut: Selkie.Services.Lines</name>
   <plan>SSL-MAST-JOB1</plan>
  </testClass>
  <testClass>
   <id>24707086</id>
   <name>Selkie.Services.Lines.Tests.XUnit.ServiceTests.ServiceStartSendsMessageTest(bus: Castle.Proxies.IBusProxy, sut: Selkie.Services.Lines</name>
   <plan>SSL-MAST-JOB1</plan>
  </testClass>
  <testClass>
   <id>24707087</id>
   <name>Selkie.Services.Lines.Tests.XUnit.ServiceTests.ServiceInitializeSubscribesToPingRequestMessageTest(bus: Castle.Proxies.IBusProxy, sut: Selkie.Services.Lines</name>
   <plan>SSL-MAST-JOB1</plan>
  </testClass>
  <testClass>
   <id>24707088</id>
   <name>Selkie.Services.Lines.Tests.XUnit.LinesValidatorTests.ValidateReturnsFalseForOneLineTest(sut: Selkie.Services.Lines</name>
   <plan>SSL-MAST-JOB1</plan>
  </testClass>
  <testClass>
   <id>24707089</id>
   <name>Selkie.Services.Lines.Tests.XUnit.ServiceTests.LineValidationRequestHandlerCallsManagerTest(manager: Castle.Proxies.ILinesSourceManagerProxy, bus: Castle.Proxies.IBusProxy, sut: Selkie.Services.Lines</name>
   <plan>SSL-MAST-JOB1</plan>
  </testClass>
  <testClass>
   <id>24707090</id>
   <name>Selkie.Services.Lines.Tests.XUnit.ServiceTests.ServiceInitializeSubscribesToTestLineRequestMessageTest(bus: Castle.Proxies.IBusProxy, manager: Castle.Proxies.ILinesSourceManagerProxy, sut: Selkie.Services.Lines</name>
   <plan>SSL-MAST-JOB1</plan>
  </testClass>
  <testClass>
   <id>27525121</id>
   <name>Selkie.Services.Racetracks.Tests.NUnit.RacetrackSettingsSourceTests</name>
   <plan>SSR-MAS-JOB1</plan>
  </testClass>
  <testClass>
   <id>27525122</id>
   <name>Selkie.Services.Racetracks.Tests.NUnit.CostMatrixTests</name>
   <plan>SSR-MAS-JOB1</plan>
  </testClass>
  <testClass>
   <id>27525123</id>
   <name>Selkie.Services.Racetracks.Common.Tests.Dto.XUnit.LineDtoTests</name>
   <plan>SSR-MAS-JOB1</plan>
  </testClass>
  <testClass>
   <id>27525124</id>
   <name>Selkie.Services.Racetracks.Tests.Converters.NUnit.BaseCostCalculatorTests</name>
   <plan>SSR-MAS-JOB1</plan>
  </testClass>
  <testClass>
   <id>27525125</id>
   <name>Selkie.Services.Racetracks.Tests.XUnit.CostMatrixSourceManagerTests.UpdateSourceSetsSource(bus: Castle.Proxies.IBusProxy, logger: Castle.Proxies.ILoggerProxy, costMatrix: Castle.Proxies</name>
   <plan>SSR-MAS-JOB1</plan>
  </testClass>
  <testClass>
   <id>27525126</id>
   <name>Selkie.Services.Racetracks.Tests.NUnit.RacetracksSourceManagerTests</name>
   <plan>SSR-MAS-JOB1</plan>
  </testClass>
  <testClass>
   <id>27525127</id>
   <name>Selkie.Services.Racetracks.Tests.Converters.NUnit.LineToLinesConverterTests</name>
   <plan>SSR-MAS-JOB1</plan>
  </testClass>
  <testClass>
   <id>27525128</id>
   <name>Selkie.Services.Racetracks.Tests.XUnit.CostMatrixSourceManagerTests.StopCallsLoggerTest(logger: Castle.Proxies.ILoggerProxy, manager: Selkie.Services.Racetracks</name>
   <plan>SSR-MAS-JOB1</plan>
  </testClass>
  <testClass>
   <id>27525129</id>
   <name>Selkie.Services.Racetracks.Tests.Converters.XUnit.RacetracksTests</name>
   <plan>SSR-MAS-JOB1</plan>
  </testClass>
  <testClass>
   <id>27525130</id>
   <name>Selkie.Services.Racetracks.Tests.XUnit.LineToLineDtoConverterTests</name>
   <plan>SSR-MAS-JOB1</plan>
  </testClass>
  <testClass>
   <id>27525131</id>
   <name>Selkie.Services.Racetracks.Common.Tests.Messages.XUnit.RacetrackSettingsSetMessageTests</name>
   <plan>SSR-MAS-JOB1</plan>
  </testClass>
  <testClass>
   <id>27525132</id>
   <name>Selkie.Services.Racetracks.Tests.Converters.NUnit.CostStartToEndCalculatorTests</name>
   <plan>SSR-MAS-JOB1</plan>
  </testClass>
  <testClass>
   <id>27525133</id>
   <name>Selkie.Services.Racetracks.Tests.NUnit.RacetrackSettingsSourceManagerTests</name>
   <plan>SSR-MAS-JOB1</plan>
  </testClass>
  <testClass>
   <id>27525134</id>
   <name>Selkie.Services.Racetracks.Common.Tests.Messages.XUnit.RacetrackSettingsChangedMessageTests</name>
   <plan>SSR-MAS-JOB1</plan>
  </testClass>
  <testClass>
   <id>27525135</id>
   <name>TestLibraries.Testing</name>
   <plan>SSR-MAS-JOB1</plan>
  </testClass>
  <testClass>
   <id>27525136</id>
   <name>Selkie.Services.Racetracks.Tests.Converters.NUnit.CostStartToStartCalculatorTests</name>
   <plan>SSR-MAS-JOB1</plan>
  </testClass>
  <testClass>
   <id>27525137</id>
   <name>Selkie.Services.Racetracks.Tests.XUnit.CostMatrixSourceManagerTests.CostMatrixCalculateHandlerCallsUpdateSource(bus: Castle.Proxies.IBusProxy, manager: Selkie.Services.Racetracks</name>
   <plan>SSR-MAS-JOB1</plan>
  </testClass>
  <testClass>
   <id>27525138</id>
   <name>Selkie.Services.Racetracks.Tests.XUnit.LinesSourceManagerTests.StopCallsLoggerTest(logger: Castle.Proxies.ILoggerProxy, manager: Selkie.Services.Racetracks</name>
   <plan>SSR-MAS-JOB1</plan>
  </testClass>
  <testClass>
   <id>27525139</id>
   <name>Selkie.Services.Racetracks.Tests.XUnit.ServiceTests.ServiceInitializeSubscribesToPingRequestMessageTest(bus: Castle.Proxies.IBusProxy, service: Selkie.Services.Racetracks</name>
   <plan>SSR-MAS-JOB1</plan>
  </testClass>
  <testClass>
   <id>27525140</id>
   <name>Selkie.Services.Racetracks.Tests.Converters.NUnit.CostEndToStartCalculatorTests</name>
   <plan>SSR-MAS-JOB1</plan>
  </testClass>
  <testClass>
   <id>27525141</id>
   <name>Selkie.Services.Racetracks.Tests.XUnit.ServiceTests.ServiceStopSendsMessageTest(bus: Castle.Proxies.IBusProxy, service: Selkie.Services.Racetracks</name>
   <plan>SSR-MAS-JOB1</plan>
  </testClass>
  <testClass>
   <id>27525142</id>
   <name>Selkie.Services.Racetracks.Tests.XUnit.CostMatrixSourceManagerTests.SourceDefault(bus: Castle.Proxies.IBusProxy, manager: Selkie.Services.Racetracks</name>
   <plan>SSR-MAS-JOB1</plan>
  </testClass>
  <testClass>
   <id>27525143</id>
   <name>Selkie.Services.Racetracks.Tests.XUnit.LinesSourceManagerTests.LinesSetMessageHandlerLogsErrorForLineDtosIsNullTest(logger: Castle.Proxies.ILoggerProxy, manager: Selkie.Services.Racetracks</name>
   <plan>SSR-MAS-JOB1</plan>
  </testClass>
  <testClass>
   <id>27525144</id>
   <name>Selkie.Services.Racetracks.Tests.XUnit.LinesSourceManagerTests.LinesSetMessageHandlerReplacesNullForLineDtosWithEmptyTest(manager: Selkie.Services.Racetracks</name>
   <plan>SSR-MAS-JOB1</plan>
  </testClass>
  <testClass>
   <id>27525145</id>
   <name>Selkie.Services.Racetracks.Common.Tests.Messages.XUnit.CostMatrixCalculateMessageTests</name>
   <plan>SSR-MAS-JOB1</plan>
  </testClass>
  <testClass>
   <id>27525146</id>
   <name>Selkie.Services.Racetracks.Common.Tests.Messages.XUnit.LinesChangedMessageTests</name>
   <plan>SSR-MAS-JOB1</plan>
  </testClass>
  <testClass>
   <id>27525147</id>
   <name>Selkie.Services.Racetracks.Tests.XUnit.LinesSourceManagerTests.SubscribesToLinesSetMessageTest(bus: Castle.Proxies.IBusProxy, manager: Selkie.Services.Racetracks</name>
   <plan>SSR-MAS-JOB1</plan>
  </testClass>
  <testClass>
   <id>27525148</id>
   <name>Selkie.Services.Racetracks.Tests.XUnit.CostMatrixSourceManagerTests.UpdateSourceReleasesOldSource(bus: Castle.Proxies.IBusProxy, logger: Castle.Proxies</name>
   <plan>SSR-MAS-JOB1</plan>
  </testClass>
  <testClass>
   <id>27525149</id>
   <name>Selkie.Services.Racetracks.Common.Tests.Messages.XUnit.LinesSetMessageTests</name>
   <plan>SSR-MAS-JOB1</plan>
  </testClass>
  <testClass>
   <id>27525150</id>
   <name>Selkie.Services.Racetracks.Tests.XUnit.CostMatrixSourceManagerTests.StartCallsLoggerTest(logger: Castle.Proxies.ILoggerProxy, manager: Selkie.Services.Racetracks</name>
   <plan>SSR-MAS-JOB1</plan>
  </testClass>
  <testClass>
   <id>27525151</id>
   <name>Selkie.Services.Racetracks.Tests.XUnit.LinesSourceManagerTests.LinesSetMessageHandlerUpdatesSourceCountTest(manager: Selkie.Services.Racetracks</name>
   <plan>SSR-MAS-JOB1</plan>
  </testClass>
  <testClass>
   <id>27525152</id>
   <name>Selkie.Services.Racetracks.Common.Tests.Messages.XUnit.CostMatrixChangedMessageTests</name>
   <plan>SSR-MAS-JOB1</plan>
  </testClass>
  <testClass>
   <id>27525153</id>
   <name>Selkie.Services.Racetracks.Tests.XUnit.ServiceTests.ServiceStartSendsMessageTest(bus: Castle.Proxies.IBusProxy, service: Selkie.Services.Racetracks</name>
   <plan>SSR-MAS-JOB1</plan>
  </testClass>
  <testClass>
   <id>27525154</id>
   <name>Selkie.Services.Racetracks.Tests.XUnit.CostMatrixSourceManagerTests.UpdateSourceSendsCostMatrixChangedMessage(bus: Castle.Proxies.IBusProxy, manager: Selkie.Services.Racetracks</name>
   <plan>SSR-MAS-JOB1</plan>
  </testClass>
  <testClass>
   <id>27525155</id>
   <name>Selkie.Services.Racetracks.Tests.XUnit.CostMatrixSourceManagerTests.SubscribesToCostMatrixGetMessage(bus: Castle.Proxies.IBusProxy, manager: Selkie.Services.Racetracks</name>
   <plan>SSR-MAS-JOB1</plan>
  </testClass>
  <testClass>
   <id>27525156</id>
   <name>Selkie.Services.Racetracks.Tests.XUnit.LinesSourceManagerTests.LinesSetMessageHandlerSendsResponseTest(bus: Castle.Proxies.IBusProxy, validator: Castle.Proxies.ILinesValidatorProxy, manager: Selkie.Services.Racetracks</name>
   <plan>SSR-MAS-JOB1</plan>
  </testClass>
  <testClass>
   <id>27525157</id>
   <name>Selkie.Services.Racetracks.Tests.XUnit.LinesSourceManagerTests.LinesSetMessageHandlerIgnorsSetForInvalidLineDtoTest(bus: Castle.Proxies.IBusProxy, manager: Selkie.Services.Racetracks</name>
   <plan>SSR-MAS-JOB1</plan>
  </testClass>
  <testClass>
   <id>27525158</id>
   <name>Selkie.Services.Racetracks.Tests.XUnit.LinesSourceManagerTests.StartCallsLoggerTest(logger: Castle.Proxies.ILoggerProxy, manager: Selkie.Services.Racetracks</name>
   <plan>SSR-MAS-JOB1</plan>
  </testClass>
  <testClass>
   <id>27525159</id>
   <name>Selkie.Services.Racetracks.Tests.Converters.NUnit.CostEndToEndCalculatorTests</name>
   <plan>SSR-MAS-JOB1</plan>
  </testClass>
  <testClass>
   <id>27525160</id>
   <name>Selkie.Services.Racetracks.Tests.XUnit.CostMatrixSourceManagerTests.CostMatrixGetHandlerSendMessage(bus: Castle.Proxies.IBusProxy, logger: Castle.Proxies.ILoggerProxy, costMatrix: Castle.Proxies</name>
   <plan>SSR-MAS-JOB1</plan>
  </testClass>
  <testClass>
   <id>27525161</id>
   <name>Selkie.Services.Lines.Tests.Handlers.XUnit.BaseHandlerTests.HandleCallsHandlerTest(sut: Selkie.Services.Lines.Tests.Handlers.XUnit</name>
   <plan>SSL-MAST-JOB1</plan>
  </testClass>
  <testClass>
   <id>27525162</id>
   <name>Selkie.Services.Lines.Tests.Handlers.XUnit.LineValidationRequestHandlerTests.LineValidationRequestHandlerSendsMessageTest(manager: Castle.Proxies.ILinesSourceManagerProxy, bus: Castle.Proxies.IBusProxy, sut: Selkie.Services.Lines.Handlers</name>
   <plan>SSL-MAST-JOB1</plan>
  </testClass>
  <testClass>
   <id>27525163</id>
   <name>Selkie.Services.Lines.Tests.Handlers.XUnit.BaseHandlerTests.StartSubscribesToMessageTest(bus: Castle.Proxies.IBusProxy, sut: Selkie.Services.Lines.Tests.Handlers.XUnit</name>
   <plan>SSL-MAST-JOB1</plan>
  </testClass>
  <testClass>
   <id>27525164</id>
   <name>Selkie.Services.Lines.Tests.Handlers.XUnit.LineValidationRequestHandlerTests.LineValidationRequestHandlerCallsManagerTest(manager: Castle.Proxies.ILinesSourceManagerProxy, bus: Castle.Proxies.IBusProxy, sut: Selkie.Services.Lines.Handlers</name>
   <plan>SSL-MAST-JOB1</plan>
  </testClass>
  <testClass>
   <id>27525165</id>
   <name>Selkie.Services.Lines.Tests.Handlers.XUnit.TestLineRequestHandlerTests</name>
   <plan>SSL-MAST-JOB1</plan>
  </testClass>
  <testClass>
   <id>28409857</id>
   <name>Selkie.Services.Monitor.Tests.XUnit.PingInformationTests.IsRunningReturnsTrueForNotRunningServiceTest(pingInformation: Selkie.Services.Monitor</name>
   <plan>SSM-MAS-JOB1</plan>
  </testClass>
  <testClass>
   <id>28409858</id>
   <name>Selkie.Services.Monitor.Tests.XUnit.RunningServicesTests.AreGivenServicesAllRunningReturnsTrueForAllRunningTest(runningServices: Selkie.Services.Monitor</name>
   <plan>SSM-MAS-JOB1</plan>
  </testClass>
  <testClass>
   <id>28409859</id>
   <name>Selkie.Services.Monitor.Common.Tests.Messages.XUnit.StatusResponseMessageTests</name>
   <plan>SSM-MAS-JOB1</plan>
  </testClass>
  <testClass>
   <id>28409860</id>
   <name>Selkie.Services.Monitor.Tests.XUnit.RunningServicesTests.IsServiceRunningReturnsFalseForNotRunningServiceTest(runningServices: Selkie.Services.Monitor</name>
   <plan>SSM-MAS-JOB1</plan>
  </testClass>
  <testClass>
   <id>28409861</id>
   <name>Selkie.Services.Monitor.Tests.Configuration.XUnit.ServiceProcessCreatorTests.CreateReturnsProcessTest(selkieProcess: Castle.Proxies.ISelkieProcessProxy, serviceElement: Selkie.Services.Monitor.Configuration</name>
   <plan>SSM-MAS-JOB1</plan>
  </testClass>
  <testClass>
   <id>28409862</id>
   <name>Selkie.Services.Monitor.Tests.XUnit.ServicesMonitorTests.StartCallsLoggerTest(logger: Castle.Proxies.ILoggerProxy, monitor: Selkie.Services.Monitor</name>
   <plan>SSM-MAS-JOB1</plan>
  </testClass>
  <testClass>
   <id>28409863</id>
   <name>Selkie.Services.Monitor.Tests.Configuration.XUnit.ServicesStarterTests.StartCallsLoggerTest(logger: Castle.Proxies.ILoggerProxy, servicesStarter: Selkie.Services.Monitor.Configuration</name>
   <plan>SSM-MAS-JOB1</plan>
  </testClass>
  <testClass>
   <id>28409864</id>
   <name>Selkie.Services.Monitor.Tests.XUnit.RunningServicesTests.IsServiceRunningReturnsFalseForUnknownServiceTest(runningServices: Selkie.Services.Monitor</name>
   <plan>SSM-MAS-JOB1</plan>
  </testClass>
  <testClass>
   <id>28409865</id>
   <name>Selkie.Services.Monitor.Tests.XUnit.ServicesMonitorTests.PingSendMessageToLineServiceTest(bus: Castle.Proxies.IBusProxy, monitor: Selkie.Services.Monitor</name>
   <plan>SSM-MAS-JOB1</plan>
  </testClass>
  <testClass>
   <id>28409866</id>
   <name>Selkie.Services.Monitor.Tests.Configuration.XUnit.ServicesConfigurationRepositoryTests</name>
   <plan>SSM-MAS-JOB1</plan>
  </testClass>
  <testClass>
   <id>28409867</id>
   <name>Selkie.Services.Monitor.Tests.XUnit.NotRunningServicesTests.CurrentlyNotRunningReturnsEmptyListForNotAllServicesRunningTest(repository: Castle.Proxies.IServicesConfigurationRepositoryProxy, runningServices: Castle.Proxies.IRunningServicesProxy, notRunningServices: Selkie.Services.Monitor</name>
   <plan>SSM-MAS-JOB1</plan>
  </testClass>
  <testClass>
   <id>28409868</id>
   <name>Selkie.Services.Monitor.Tests.XUnit.RunningServicesTests.AreGivenServicesAllRunningReturnsFalseForNotAllRunningTest(runningServices: Selkie.Services.Monitor</name>
   <plan>SSM-MAS-JOB1</plan>
  </testClass>
  <testClass>
   <id>28409869</id>
   <name>Selkie.Services.Monitor.Tests.XUnit.RestartServiceMonitorTests.StopCallsLoggerTest(logger: Castle.Proxies.ILoggerProxy, monitor: Selkie.Services.Monitor</name>
   <plan>SSM-MAS-JOB1</plan>
  </testClass>
  <testClass>
   <id>28409870</id>
   <name>Selkie.Services.Monitor.Tests.XUnit.NotRunningServicesTests.CurrentlyNotRunningReturnsEmptyListForAllServicesRunningTest(repository: Castle.Proxies.IServicesConfigurationRepositoryProxy, runningServices: Castle.Proxies.IRunningServicesProxy, notRunningServices: Selkie.Services.Monitor</name>
   <plan>SSM-MAS-JOB1</plan>
  </testClass>
  <testClass>
   <id>28409871</id>
   <name>Selkie.Services.Monitor.Tests.XUnit.ServicesStatusTests.NotRunningServicesDefaultValueTest(servicesStatus: Selkie.Services.Monitor</name>
   <plan>SSM-MAS-JOB1</plan>
  </testClass>
  <testClass>
   <id>28409872</id>
   <name>Selkie.Services.Monitor.Tests.XUnit.ServicesMonitorTests.GetServicesStatusCallsMonitorTest(runningServices: Castle.Proxies.IRunningServicesProxy, monitor: Selkie.Services.Monitor</name>
   <plan>SSM-MAS-JOB1</plan>
  </testClass>
  <testClass>
   <id>28409873</id>
   <name>Selkie.Services.Monitor.Tests.XUnit.RunningServicesTests.AddOrUpdateStatusUpdatesExistingServiceTest(runningServices: Selkie.Services.Monitor</name>
   <plan>SSM-MAS-JOB1</plan>
  </testClass>
  <testClass>
   <id>28409874</id>
   <name>Selkie.Services.Monitor.Tests.XUnit.ServicesStatusTests.StartInitializesTimerTest(timer: Castle.Proxies.ITimerProxy, servicesStatus: Selkie.Services.Monitor</name>
   <plan>SSM-MAS-JOB1</plan>
  </testClass>
  <testClass>
   <id>28409875</id>
   <name>Selkie.Services.Monitor.Tests.XUnit.PingResponseMonitorTests.SubscribesToPingResponseMessageTest(bus: Castle.Proxies.IBusProxy, monitor: Selkie.Services.Monitor</name>
   <plan>SSM-MAS-JOB1</plan>
  </testClass>
  <testClass>
   <id>28409876</id>
   <name>Selkie.Services.Monitor.Tests.XUnit.ServicesMonitorTests.OnTimerSendsServicesStatusResponseMessageTest(bus: Castle.Proxies.IBusProxy, monitor: Selkie.Services.Monitor</name>
   <plan>SSM-MAS-JOB1</plan>
  </testClass>
  <testClass>
   <id>28409877</id>
   <name>Selkie.Services.Monitor.Tests.Configuration.XUnit.ServicesStarterTests.StartLogStartTest(logger: Castle.Proxies.ILoggerProxy, repository: Castle.Proxies.IServicesConfigurationRepositoryProxy, serviceOne: Selkie.Services.Monitor.Configuration.ServiceElement, selkieProcess: Castle.Proxies</name>
   <plan>SSM-MAS-JOB1</plan>
  </testClass>
  <testClass>
   <id>28409878</id>
   <name>Selkie.Services.Monitor.Tests.XUnit.RunningServicesTests.AddOrUpdateStatusAddsNewServiceTest(runningServices: Selkie.Services.Monitor</name>
   <plan>SSM-MAS-JOB1</plan>
  </testClass>
  <testClass>
   <id>28409879</id>
   <name>Selkie.Services.Monitor.Tests.XUnit.StatusRequestMonitorTests.SubscribesToStatusRequestMessageTest(bus: Castle.Proxies.IBusProxy, requestMonitor: Selkie.Services.Monitor</name>
   <plan>SSM-MAS-JOB1</plan>
  </testClass>
  <testClass>
   <id>28409880</id>
   <name>Selkie.Services.Monitor.Tests.XUnit.RestartServiceMonitorTests.StartCallsLoggerTest(logger: Castle.Proxies.ILoggerProxy, monitor: Selkie.Services.Monitor</name>
   <plan>SSM-MAS-JOB1</plan>
  </testClass>
  <testClass>
   <id>28409881</id>
   <name>Selkie.Services.Monitor.Tests.XUnit.PingInformationTests.ServiceNameRoundtripTest(pingInformation: Selkie.Services.Monitor</name>
   <plan>SSM-MAS-JOB1</plan>
  </testClass>
  <testClass>
   <id>28409882</id>
   <name>Selkie.Services.Monitor.Tests.Configuration.XUnit.ServiceStarterTests.StartReturnsUnknownProcessForErrorTest(serviceElement: Selkie.Services.Monitor.Configuration</name>
   <plan>SSM-MAS-JOB1</plan>
  </testClass>
  <testClass>
   <id>28409883</id>
   <name>Selkie.Services.Monitor.Tests.XUnit.RunningServicesTests.GetServiceInformationReturnsInformationForKnownServiceTest(runningServices: Selkie.Services.Monitor</name>
   <plan>SSM-MAS-JOB1</plan>
  </testClass>
  <testClass>
   <id>28409884</id>
   <name>Selkie.Services.Monitor.Tests.XUnit.ServiceTests.StartSendsMessageTest(bus: Castle.Proxies.IBusProxy, service: Selkie.Services.Monitor</name>
   <plan>SSM-MAS-JOB1</plan>
  </testClass>
  <testClass>
   <id>28409885</id>
   <name>Selkie.Services.Monitor.Tests.XUnit.ServicesStatusTests.StartCallsLoggerTest(logger: Castle.Proxies.ILoggerProxy, servicesStatus: Selkie.Services.Monitor</name>
   <plan>SSM-MAS-JOB1</plan>
  </testClass>
  <testClass>
   <id>28409886</id>
   <name>Selkie.Services.Monitor.Tests.XUnit.ServicesStatusTests.StopCallsLoggerTest(logger: Castle.Proxies.ILoggerProxy, servicesStatus: Selkie.Services.Monitor</name>
   <plan>SSM-MAS-JOB1</plan>
  </testClass>
  <testClass>
   <id>28409887</id>
   <name>Selkie.Services.Monitor.Tests.XUnit.ServicesMonitorTests</name>
   <plan>SSM-MAS-JOB1</plan>
  </testClass>
  <testClass>
   <id>28409888</id>
   <name>Selkie.Services.Monitor.Tests.Configuration.XUnit.ServiceStarterTests.StartCallsStartOnProcessTest(serviceElement: Selkie.Services.Monitor.Configuration.ServiceElement, selkieProcess: Castle.Proxies</name>
   <plan>SSM-MAS-JOB1</plan>
  </testClass>
  <testClass>
   <id>28409889</id>
   <name>Selkie.Services.Monitor.Tests.XUnit.ServiceTests.StopCallsStopAllServicesTest(stopper: Castle.Proxies.IServicesStopperProxy, service: Selkie.Services.Monitor</name>
   <plan>SSM-MAS-JOB1</plan>
  </testClass>
  <testClass>
   <id>28409890</id>
   <name>Selkie.Services.Monitor.Tests.XUnit.RestartServiceMonitorTests.HandlerIgnoresUnknownServiceElementTest(repository: Castle.Proxies.IServicesConfigurationRepositoryProxy, starter: Castle.Proxies.IServiceStarterProxy, monitor: Selkie.Services.Monitor</name>
   <plan>SSM-MAS-JOB1</plan>
  </testClass>
  <testClass>
   <id>28409891</id>
   <name>Selkie.Services.Monitor.Tests.Configuration.XUnit.ServicesStarterTests.StartCallsGetAllTest(repository: Castle.Proxies.IServicesConfigurationRepositoryProxy, servicesStarter: Selkie.Services.Monitor.Configuration</name>
   <plan>SSM-MAS-JOB1</plan>
  </testClass>
  <testClass>
   <id>28409892</id>
   <name>Selkie.Services.Monitor.Tests.XUnit.PingResponseMonitorTests.HandlePingResponseCallsAddOrUpdateStatusTest(runningServices: Castle.Proxies.IRunningServicesProxy, monitor: Selkie.Services.Monitor</name>
   <plan>SSM-MAS-JOB1</plan>
  </testClass>
  <testClass>
   <id>28409893</id>
   <name>Selkie.Services.Monitor.Tests.XUnit.PingResponseMonitorTests.PingResponseHandlerIgnoresMessageFromServiceMonitorTest(runningServices: Castle.Proxies.IRunningServicesProxy, monitor: Selkie.Services.Monitor</name>
   <plan>SSM-MAS-JOB1</plan>
  </testClass>
  <testClass>
   <id>28409894</id>
   <name>Selkie.Services.Monitor.Tests.XUnit.ServicesMonitorTests.PingCallsWriteLineTest(logger: Castle.Proxies.ILoggerProxy, monitor: Selkie.Services.Monitor</name>
   <plan>SSM-MAS-JOB1</plan>
  </testClass>
  <testClass>
   <id>28409895</id>
   <name>Selkie.Services.Monitor.Tests.XUnit.RunningServicesTests.GetServicesStatusReturnsStringForTwoServicesTest(runningServices: Selkie.Services.Monitor</name>
   <plan>SSM-MAS-JOB1</plan>
  </testClass>
  <testClass>
   <id>28409896</id>
   <name>Selkie.Services.Monitor.Tests.XUnit.PingInformationTests.KnownTest(pingInformation: Selkie.Services.Monitor</name>
   <plan>SSM-MAS-JOB1</plan>
  </testClass>
  <testClass>
   <id>28409897</id>
   <name>Selkie.Services.Monitor.Tests.XUnit.PingInformationTests.AgeOfPingTest(pingInformation: Selkie.Services.Monitor</name>
   <plan>SSM-MAS-JOB1</plan>
  </testClass>
  <testClass>
   <id>28409898</id>
   <name>Selkie.Services.Monitor.Tests.Configuration.XUnit.ServiceStarterTests.StartReturnsProcessTest(creator: Castle.Proxies.IServiceProcessCreatorProxy, serviceElement: Selkie.Services.Monitor.Configuration.ServiceElement, serviceStarter: Selkie.Services.Monitor.Configuration</name>
   <plan>SSM-MAS-JOB1</plan>
  </testClass>
  <testClass>
   <id>28409899</id>
   <name>Selkie.Services.Monitor.Tests.XUnit.PingInformationTests</name>
   <plan>SSM-MAS-JOB1</plan>
  </testClass>
  <testClass>
   <id>28409900</id>
   <name>Selkie.Services.Monitor.Tests.XUnit.ServicesMonitorTests.OnTimerWritesToLogTest(logger: Castle.Proxies.ILoggerProxy, monitor: Selkie.Services.Monitor</name>
   <plan>SSM-MAS-JOB1</plan>
  </testClass>
  <testClass>
   <id>28409901</id>
   <name>Selkie.Services.Monitor.Tests.XUnit.ServicesMonitorTests.StopCallsLoggerTest(logger: Castle.Proxies.ILoggerProxy, monitor: Selkie.Services.Monitor</name>
   <plan>SSM-MAS-JOB1</plan>
  </testClass>
  <testClass>
   <id>28409902</id>
   <name>Selkie.Services.Monitor.Tests.XUnit.ServicesMonitorTests.IsServiceRunningCallsPingResponseMonitorTest(runningServices: Castle.Proxies.IRunningServicesProxy, monitor: Selkie.Services.Monitor</name>
   <plan>SSM-MAS-JOB1</plan>
  </testClass>
  <testClass>
   <id>28409903</id>
   <name>Selkie.Services.Monitor.Tests.XUnit.RestartServiceMonitorTests.HandlerRestartsServiceTest(repository: Castle.Proxies.IServicesConfigurationRepositoryProxy, serviceStarter: Castle.Proxies.IServiceStarterProxy, monitor: Selkie.Services.Monitor.RestartServiceMonitor, serviceElement: Selkie.Services.Monitor.Configuration</name>
   <plan>SSM-MAS-JOB1</plan>
  </testClass>
  <testClass>
   <id>28409904</id>
   <name>Selkie.Services.Monitor.Tests.XUnit.ServicesMonitorTests.SendStatusMessageSendMessageTest(bus: Castle.Proxies.IBusProxy, notRunningServices: Castle.Proxies.INotRunningServicesProxy, monitor: Selkie.Services.Monitor</name>
   <plan>SSM-MAS-JOB1</plan>
  </testClass>
  <testClass>
   <id>28409905</id>
   <name>Selkie.Services.Monitor.Tests.XUnit.PingResponseMonitorTests.PingResponseHandlerCallsWriteLineTest(logger: Castle.Proxies.ILoggerProxy, monitor: Selkie.Services.Monitor.PingResponseMonitor, message: Selkie.Services.Common.Messages</name>
   <plan>SSM-MAS-JOB1</plan>
  </testClass>
  <testClass>
   <id>28409906</id>
   <name>Selkie.Services.Monitor.Tests.XUnit.PingResponseMonitorTests.StartCallsLoggerTest(logger: Castle.Proxies.ILoggerProxy, monitor: Selkie.Services.Monitor</name>
   <plan>SSM-MAS-JOB1</plan>
  </testClass>
  <testClass>
   <id>28409907</id>
   <name>Selkie.Services.Monitor.Tests.XUnit.RunningServicesTests.CurrentlyRunningReturnsRunningServicesTest(runningServices: Selkie.Services.Monitor</name>
   <plan>SSM-MAS-JOB1</plan>
  </testClass>
  <testClass>
   <id>28409908</id>
   <name>Selkie.Services.Monitor.Tests.XUnit.ServicesMonitorTests.OnTimerLogStatusCallsWriteLineTest(logger: Castle.Proxies.ILoggerProxy, runningServices: Castle.Proxies.IRunningServicesProxy, monitor: Selkie.Services.Monitor</name>
   <plan>SSM-MAS-JOB1</plan>
  </testClass>
  <testClass>
   <id>28409909</id>
   <name>TestLibraries.Testing</name>
   <plan>SSM-MAS-JOB1</plan>
  </testClass>
  <testClass>
   <id>28409910</id>
   <name>Selkie.Services.Monitor.Tests.Configuration.XUnit.ServicesStarterTests.StartStartsProcessesTest(logger: Castle.Proxies.ILoggerProxy, repository: Castle.Proxies.IServicesConfigurationRepositoryProxy, serviceStarter: Castle.Proxies.IServiceStarterProxy, servicesStarter: Selkie.Services.Monitor.Configuration.ServicesStarter, serviceOne: Selkie.Services.Monitor.Configuration.ServiceElement, serviceTwo: Selkie.Services.Monitor.Configuration</name>
   <plan>SSM-MAS-JOB1</plan>
  </testClass>
  <testClass>
   <id>28409911</id>
   <name>Selkie.Services.Monitor.Tests.XUnit.ServiceTests.StopCallsLoggerTest(logger: Castle.Proxies.ILoggerProxy, service: Selkie.Services.Monitor</name>
   <plan>SSM-MAS-JOB1</plan>
  </testClass>
  <testClass>
   <id>28409912</id>
   <name>Selkie.Services.Monitor.Tests.XUnit.RunningServicesTests.GetServicesStatusReturnsStringForOneServiceTest(runningServices: Selkie.Services.Monitor</name>
   <plan>SSM-MAS-JOB1</plan>
  </testClass>
  <testClass>
   <id>28409913</id>
   <name>Selkie.Services.Monitor.Tests.XUnit.RunningServicesTests.GetServicesStatusReturnsStringDefaultTest(runningServices: Selkie.Services.Monitor</name>
   <plan>SSM-MAS-JOB1</plan>
  </testClass>
  <testClass>
   <id>28409914</id>
   <name>Selkie.Services.Monitor.Tests.XUnit.RunningServicesTests.IsServiceRunningReturnsTrueForRunningServiceTest(runningServices: Selkie.Services.Monitor</name>
   <plan>SSM-MAS-JOB1</plan>
  </testClass>
  <testClass>
   <id>28409915</id>
   <name>Selkie.Services.Monitor.Tests.XUnit.ServicesStatusTests.UpdateSendsRestartMessageForEachStoppedServiceTest(repository: Castle.Proxies.IServicesConfigurationRepositoryProxy, runningServices: Castle.Proxies.IRunningServicesProxy, bus: Castle.Proxies.IBusProxy, servicesStatus: Selkie.Services.Monitor.ServicesStatus, one: Selkie.Services.Monitor.Configuration.ServiceElement, two: Selkie.Services.Monitor.Configuration</name>
   <plan>SSM-MAS-JOB1</plan>
  </testClass>
  <testClass>
   <id>28409916</id>
   <name>Selkie.Services.Monitor.Tests.XUnit.ServiceTests.StopSendsServiceStoppedResponseMessageTest(bus: Castle.Proxies.IBusProxy, service: Selkie.Services.Monitor</name>
   <plan>SSM-MAS-JOB1</plan>
  </testClass>
  <testClass>
   <id>28409917</id>
   <name>Selkie.Services.Monitor.Tests.XUnit.NotRunningServicesTests.AreAllServicesRunningTrueForAllServicesRunningTest(repository: Castle.Proxies.IServicesConfigurationRepositoryProxy, runningServices: Castle.Proxies.IRunningServicesProxy, notRunningServices: Selkie.Services.Monitor</name>
   <plan>SSM-MAS-JOB1</plan>
  </testClass>
  <testClass>
   <id>28409918</id>
   <name>Selkie.Services.Monitor.Tests.XUnit.PingInformationTests.ReceivedRoundtripTest(pingInformation: Selkie.Services.Monitor</name>
   <plan>SSM-MAS-JOB1</plan>
  </testClass>
  <testClass>
   <id>28409919</id>
   <name>Selkie.Services.Monitor.Tests.XUnit.PingResponseMonitorTests.IsMessageIgnoredReturnsTrueForServiceMonitorTest(monitor: Selkie.Services.Monitor</name>
   <plan>SSM-MAS-JOB1</plan>
  </testClass>
  <testClass>
   <id>28409920</id>
   <name>Selkie.Services.Monitor.Tests.XUnit.PingResponseMonitorTests.StopCallsLoggerTest(logger: Castle.Proxies.ILoggerProxy, monitor: Selkie.Services.Monitor</name>
   <plan>SSM-MAS-JOB1</plan>
  </testClass>
  <testClass>
   <id>28409921</id>
   <name>Selkie.Services.Monitor.Tests.XUnit.ServicesMonitorTests.OnTimerSendsStatusMessageWhenAllServicesRunningTest(notRunningServices: Castle.Proxies.INotRunningServicesProxy, bus: Castle.Proxies.IBusProxy, monitor: Selkie.Services.Monitor</name>
   <plan>SSM-MAS-JOB1</plan>
  </testClass>
  <testClass>
   <id>28409922</id>
   <name>Selkie.Services.Monitor.Tests.XUnit.StatusRequestMonitorTests.StartCallsLoggerTest(logger: Castle.Proxies.ILoggerProxy, monitor: Selkie.Services.Monitor</name>
   <plan>SSM-MAS-JOB1</plan>
  </testClass>
  <testClass>
   <id>28409923</id>
   <name>Selkie.Services.Monitor.Tests.Configuration.XUnit.ServicesStarterTests.StopCallsLoggerTest(logger: Castle.Proxies.ILoggerProxy, servicesStarter: Selkie.Services.Monitor.Configuration</name>
   <plan>SSM-MAS-JOB1</plan>
  </testClass>
  <testClass>
   <id>28409924</id>
   <name>Selkie.Services.Monitor.Tests.XUnit.ServicesMonitorTests.OnTimerLogStatusCallsGetServicesStatusTest(runningServices: Castle.Proxies.IRunningServicesProxy, monitor: Selkie.Services.Monitor</name>
   <plan>SSM-MAS-JOB1</plan>
  </testClass>
  <testClass>
   <id>28409925</id>
   <name>Selkie.Services.Monitor.Tests.XUnit.ServicesStatusTests.UpdateDoesNotAddRunningServiceTest(repository: Castle.Proxies.IServicesConfigurationRepositoryProxy, runningServices: Castle.Proxies.IRunningServicesProxy, servicesStatus: Selkie.Services.Monitor.ServicesStatus, serviceElement: Selkie.Services.Monitor.Configuration</name>
   <plan>SSM-MAS-JOB1</plan>
  </testClass>
  <testClass>
   <id>28409926</id>
   <name>Selkie.Services.Monitor.Tests.XUnit.ServicesMonitorTests.OnTimerSendsPingRequestMessageTest(bus: Castle.Proxies.IBusProxy, monitor: Selkie.Services.Monitor</name>
   <plan>SSM-MAS-JOB1</plan>
  </testClass>
  <testClass>
   <id>28409927</id>
   <name>Selkie.Services.Monitor.Tests.XUnit.ServiceTests.InitializeCallsLoggerTest(logger: Castle.Proxies.ILoggerProxy, service: Selkie.Services.Monitor</name>
   <plan>SSM-MAS-JOB1</plan>
  </testClass>
  <testClass>
   <id>28409928</id>
   <name>Selkie.Services.Monitor.Tests.XUnit.RestartServiceMonitorTests.HandlerIgnoresUnknownServiceElementAndLogsMessageTest(repository: Castle.Proxies.IServicesConfigurationRepositoryProxy, logger: Castle.Proxies.ILoggerProxy, monitor: Selkie.Services.Monitor</name>
   <plan>SSM-MAS-JOB1</plan>
  </testClass>
  <testClass>
   <id>28409929</id>
   <name>Selkie.Services.Monitor.Tests.Configuration.XUnit.ServicesStarterTests.StartLogSuccesfullStartTest(logger: Castle.Proxies.ILoggerProxy, repository: Castle.Proxies.IServicesConfigurationRepositoryProxy, serviceOne: Selkie.Services.Monitor.Configuration.ServiceElement, selkieProcess: Castle.Proxies</name>
   <plan>SSM-MAS-JOB1</plan>
  </testClass>
  <testClass>
   <id>28409930</id>
   <name>Selkie.Services.Monitor.Tests.XUnit.StatusRequestMonitorTests.StopCallsLoggerTest(logger: Castle.Proxies.ILoggerProxy, monitor: Selkie.Services.Monitor</name>
   <plan>SSM-MAS-JOB1</plan>
  </testClass>
  <testClass>
   <id>28409931</id>
   <name>Selkie.Services.Monitor.Tests.XUnit.NotRunningServicesTests.AreAllServicesRunningTrueForNotAllServicesRunningTest(repository: Castle.Proxies.IServicesConfigurationRepositoryProxy, runningServices: Castle.Proxies.IRunningServicesProxy, notRunningServices: Selkie.Services.Monitor</name>
   <plan>SSM-MAS-JOB1</plan>
  </testClass>
  <testClass>
   <id>28409932</id>
   <name>Selkie.Services.Monitor.Tests.XUnit.ServiceTests.StartCallsLoggerTest(logger: Castle.Proxies.ILoggerProxy, service: Selkie.Services.Monitor</name>
   <plan>SSM-MAS-JOB1</plan>
  </testClass>
  <testClass>
   <id>28409933</id>
   <name>Selkie.Services.Monitor.Tests.Configuration.XUnit.ServicesStarterTests.StartLogUnsuccesfullStartTest(logger: Castle.Proxies.ILoggerProxy, client: Castle.Proxies.ISelkieManagementClientProxy, repository: Castle.Proxies.IServicesConfigurationRepositoryProxy, serviceOne: Selkie.Services.Monitor.Configuration.ServiceElement, selkieProcess: Castle.Proxies</name>
   <plan>SSM-MAS-JOB1</plan>
  </testClass>
  <testClass>
   <id>28409934</id>
   <name>Selkie.Services.Monitor.Tests.XUnit.StatusRequestMonitorTests.StatusRequestHandlerSendsMessageTest(bus: Castle.Proxies.IBusProxy, notRunningServices: Castle.Proxies.INotRunningServicesProxy, runningServices: Castle.Proxies.IRunningServicesProxy, requestMonitor: Selkie.Services.Monitor</name>
   <plan>SSM-MAS-JOB1</plan>
  </testClass>
  <testClass>
   <id>28409935</id>
   <name>Selkie.Services.Monitor.Tests.XUnit.RestartServiceMonitorTests.HandlerRestartsServiceAndLogsMessageTest(logger: Castle.Proxies.ILoggerProxy, bus: Castle.Proxies.IBusProxy, repository: Castle.Proxies.IServicesConfigurationRepositoryProxy, monitor: Selkie.Services.Monitor.RestartServiceMonitor, serviceElement: Selkie.Services.Monitor.Configuration.ServiceElement, selkieProcess: Castle.Proxies</name>
   <plan>SSM-MAS-JOB1</plan>
  </testClass>
  <testClass>
   <id>28409936</id>
   <name>Selkie.Services.Monitor.Tests.XUnit.RunningServicesTests.GetServiceInformationReturnsInformationForUnknownServiceTest(runningServices: Selkie.Services.Monitor</name>
   <plan>SSM-MAS-JOB1</plan>
  </testClass>
  <testClass>
   <id>28409937</id>
   <name>Selkie.Services.Monitor.Tests.XUnit.ServicesStatusTests.UpdateAddsNotRunningServiceTest(repository: Castle.Proxies.IServicesConfigurationRepositoryProxy, runningServices: Castle.Proxies.IRunningServicesProxy, servicesStatus: Selkie.Services.Monitor.ServicesStatus, serviceElement: Selkie.Services.Monitor.Configuration</name>
   <plan>SSM-MAS-JOB1</plan>
  </testClass>
  <testClass>
   <id>28409938</id>
   <name>Selkie.Services.Monitor.Tests.XUnit.PingInformationTests.AgeInMillisecondsForRunningTest(pingInformation: Selkie.Services.Monitor</name>
   <plan>SSM-MAS-JOB1</plan>
  </testClass>
  <testClass>
   <id>28409939</id>
   <name>Selkie.Services.Monitor.Tests.XUnit.PingResponseMonitorTests.IsMessageIgnoredReturnsFalseForOtherServiceTest(monitor: Selkie.Services.Monitor</name>
   <plan>SSM-MAS-JOB1</plan>
  </testClass>
  <testClass>
   <id>28409940</id>
   <name>Selkie.Services.Monitor.Tests.XUnit.PingInformationTests.IsRunningReturnsTrueForRunningServiceTest(pingInformation: Selkie.Services.Monitor</name>
   <plan>SSM-MAS-JOB1</plan>
  </testClass>
  <testClass>
   <id>28409941</id>
   <name>Selkie.Services.Monitor.Tests.XUnit.ServicesMonitorTests.OnTimerServicesCallsPingTest(bus: Castle.Proxies.IBusProxy, notRunningServices: Castle.Proxies.INotRunningServicesProxy, monitor: Selkie.Services.Monitor</name>
   <plan>SSM-MAS-JOB1</plan>
  </testClass>
  <testClass>
   <id>28409942</id>
   <name>Selkie.Services.Monitor.Tests.XUnit.RestartServiceMonitorTests.SubscribesToTestLineRequestMessageTest(bus: Castle.Proxies.IBusProxy, monitor: Selkie.Services.Monitor</name>
   <plan>SSM-MAS-JOB1</plan>
  </testClass>
  <testClass>
   <id>28409943</id>
   <name>Selkie.Services.Monitor.Tests.XUnit.ServicesStopperTests.StopAllServicesSendsStopMessageForAllKnownServicesTest(bus: Castle.Proxies.IBusProxy, repository: Castle.Proxies.IServicesConfigurationRepositoryProxy, servicesStopper: Selkie.Services.Monitor.ServicesStopper, one: Selkie.Services.Monitor.Configuration.ServiceElement, two: Selkie.Services.Monitor.Configuration</name>
   <plan>SSM-MAS-JOB1</plan>
  </testClass>
  <testClass>
   <id>28409944</id>
   <name>Selkie.Services.Monitor.Tests.Configuration.XUnit.ServiceStarterTests.StartCreatesNewProcessTest(creator: Castle.Proxies.IServiceProcessCreatorProxy, serviceElement: Selkie.Services.Monitor.Configuration.ServiceElement, serviceStarter: Selkie.Services.Monitor.Configuration</name>
   <plan>SSM-MAS-JOB1</plan>
  </testClass>
  <testClass>
   <id>30703617</id>
   <name>Selkie.Aco.Anthill.Tests.NUnit.SquadTests</name>
   <plan>SACO-MAS-JOB1</plan>
  </testClass>
  <testClass>
   <id>30703618</id>
   <name>Selkie.Aco.Ants.Tests.NUnit.ChromosomeTests</name>
   <plan>SACO-MAS-JOB1</plan>
  </testClass>
  <testClass>
   <id>30703619</id>
   <name>Selkie.Aco.Ants.Tests.NUnit.BaseAntTests</name>
   <plan>SACO-MAS-JOB1</plan>
  </testClass>
  <testClass>
   <id>30703620</id>
   <name>Selkie.Aco.Common.Tests.NUnit.PheromonesTests</name>
   <plan>SACO-MAS-JOB1</plan>
  </testClass>
  <testClass>
   <id>30703621</id>
   <name>Selkie.Aco.Common.Tests.NUnit.DistanceGraphTests</name>
   <plan>SACO-MAS-JOB1</plan>
  </testClass>
  <testClass>
   <id>30703622</id>
   <name>Selkie.Aco.Ants.Tests.NUnit.FixedAntTests</name>
   <plan>SACO-MAS-JOB1</plan>
  </testClass>
  <testClass>
   <id>30703623</id>
   <name>Selkie.Aco.Ants.Tests.NUnit.CrossoverTests</name>
   <plan>SACO-MAS-JOB1</plan>
  </testClass>
  <testClass>
   <id>30703624</id>
   <name>Selkie.Aco.Common.Tests.NUnit.SettingsTests</name>
   <plan>SACO-MAS-JOB1</plan>
  </testClass>
  <testClass>
   <id>30703625</id>
   <name>Selkie.Aco.Ants.Tests.NUnit.NearestNeighboursTests</name>
   <plan>SACO-MAS-JOB1</plan>
  </testClass>
  <testClass>
   <id>30703626</id>
   <name>Selkie.Aco.Anthill.Tests.NUnit.NaturalSelectionTests</name>
   <plan>SACO-MAS-JOB1</plan>
  </testClass>
  <testClass>
   <id>30703627</id>
   <name>Selkie.Aco.Trails.Tests.NUnit.FixedTrailBuilderTests</name>
   <plan>SACO-MAS-JOB1</plan>
  </testClass>
  <testClass>
   <id>30703628</id>
   <name>Selkie.Aco.Anthill.Tests.NUnit.ColonyTests</name>
   <plan>SACO-MAS-JOB1</plan>
  </testClass>
  <testClass>
   <id>30703629</id>
   <name>Selkie.Aco.Trails.Tests.NUnit.CandidateListTrailBuilderTests</name>
   <plan>SACO-MAS-JOB1</plan>
  </testClass>
  <testClass>
   <id>30703630</id>
   <name>Selkie.Aco.Common.Tests.NUnit.PheromonesTrackerTests</name>
   <plan>SACO-MAS-JOB1</plan>
  </testClass>
  <testClass>
   <id>30703631</id>
   <name>Selkie.Aco.Ants.Tests.NUnit.UnknownAntTests</name>
   <plan>SACO-MAS-JOB1</plan>
  </testClass>
  <testClass>
   <id>30703632</id>
   <name>Selkie.Aco.Common.Tests.NUnit.NearestNeighboursTests</name>
   <plan>SACO-MAS-JOB1</plan>
  </testClass>
  <testClass>
   <id>30703633</id>
   <name>Selkie.Aco.Ants.Tests.NUnit.CandidateListAntTests</name>
   <plan>SACO-MAS-JOB1</plan>
  </testClass>
  <testClass>
   <id>30703634</id>
   <name>Selkie.Aco.Trails.Tests.NUnit.UnknownTrailBuilderTests</name>
   <plan>SACO-MAS-JOB1</plan>
  </testClass>
  <testClass>
   <id>30703635</id>
   <name>Selkie.Aco.Trails.Tests.NUnit.TrailHistoryTests</name>
   <plan>SACO-MAS-JOB1</plan>
  </testClass>
  <testClass>
   <id>30703636</id>
   <name>Selkie.Aco.Trails.Tests.NUnit.TrailAlternativesTests</name>
   <plan>SACO-MAS-JOB1</plan>
  </testClass>
  <testClass>
   <id>30703637</id>
   <name>Selkie.Aco.Trails.Tests.NUnit.StandardTrailBuilderTests</name>
   <plan>SACO-MAS-JOB1</plan>
  </testClass>
  <testClass>
   <id>30703638</id>
   <name>Selkie.Aco.Anthill.Tests.NUnit.QueenTests</name>
   <plan>SACO-MAS-JOB1</plan>
  </testClass>
  <testClass>
   <id>30703639</id>
   <name>Selkie.Aco.Trails.Tests.NUnit.TrailInformationTests</name>
   <plan>SACO-MAS-JOB1</plan>
  </testClass>
  <testClass>
   <id>30703640</id>
   <name>Selkie.Aco.Anthill.Tests.NUnit.ColonyLoggerTests</name>
   <plan>SACO-MAS-JOB1</plan>
  </testClass>
  <testClass>
   <id>30703641</id>
   <name>Selkie.Aco.Trails.Tests.NUnit.RandomTrailBuilderTests</name>
   <plan>SACO-MAS-JOB1</plan>
  </testClass>
  <testClass>
   <id>30703642</id>
   <name>Selkie.Aco.Trails.Tests.NUnit.Optimizers.TwoOptSimpleTests</name>
   <plan>SACO-MAS-JOB1</plan>
  </testClass>
  <testClass>
   <id>30703643</id>
   <name>Selkie.Aco.Ants.Tests.NUnit.StandardAntTests</name>
   <plan>SACO-MAS-JOB1</plan>
  </testClass>
  <testClass>
   <id>30703644</id>
   <name>Selkie.Aco.Anthill.Tests.NUnit.BestTrailFinderTests</name>
   <plan>SACO-MAS-JOB1</plan>
  </testClass>
  <testClass>
   <id>30703645</id>
   <name>Selkie.Aco.Anthill.Tests.NUnit.BestTrailInformationTests</name>
   <plan>SACO-MAS-JOB1</plan>
  </testClass>
  <testClass>
   <id>30703646</id>
   <name>Selkie.Services.Aco.Tests.Handlers.XUnit.PheromonesRequestHandlerHandlerTests.HandleSendsReplyTest(colony: Castle.Proxies.IServiceColonyProxy, bus: Castle.Proxies.IBusProxy, sut: Selkie.Services.Aco.Handlers</name>
   <plan>SSA-MAS-JOB1</plan>
  </testClass>
  <testClass>
   <id>30703647</id>
   <name>TestLibraries.Testing</name>
   <plan>SSA-MAS-JOB1</plan>
  </testClass>
  <testClass>
   <id>30703648</id>
   <name>Selkie.Services.Aco.Tests.XUnit.ColonySourceManagerTests.SourceDefaultTest(sut: Selkie.Services.Aco</name>
   <plan>SSA-MAS-JOB1</plan>
  </testClass>
  <testClass>
   <id>30703649</id>
   <name>Selkie.Services.Aco.Common.Tests.Messages.CreateColonyMessageTests</name>
   <plan>SSA-MAS-JOB1</plan>
  </testClass>
  <testClass>
   <id>30703650</id>
   <name>Selkie.Services.Aco.Tests.XUnit.ServiceColonyTests</name>
   <plan>SSA-MAS-JOB1</plan>
  </testClass>
  <testClass>
   <id>30703651</id>
   <name>Selkie.Services.Aco.Tests.XUnit.ServiceColonyTests.OnBestTrailChangedSendsMessageTest(bus: Castle.Proxies.IBusProxy, eventArgs: Selkie.Aco.Anthill</name>
   <plan>SSA-MAS-JOB1</plan>
  </testClass>
  <testClass>
   <id>30703652</id>
   <name>Selkie.Services.Aco.Tests.XUnit.ColonySourceManagerTests.UpdateSourceCallsReleaseTest(colony: Castle.Proxies.IServiceColonyProxy, factory: Castle.Proxies.IServiceColonyFactoryProxy, sut: Selkie.Services.Aco</name>
   <plan>SSA-MAS-JOB1</plan>
  </testClass>
  <testClass>
   <id>30703653</id>
   <name>Selkie.Services.Aco.Tests.XUnit.ServiceColonyTests.OnFinishedChangedSendsMessageTest(bus: Castle.Proxies.IBusProxy, eventArgs: Selkie.Aco.Anthill</name>
   <plan>SSA-MAS-JOB1</plan>
  </testClass>
  <testClass>
   <id>30703654</id>
   <name>Selkie.Services.Aco.Tests.XUnit.ServiceColonyTests.OnStoppedSendsMessageTest(bus: Castle.Proxies.IBusProxy, eventArgs: System</name>
   <plan>SSA-MAS-JOB1</plan>
  </testClass>
  <testClass>
   <id>30703655</id>
   <name>Selkie.Services.Aco.Tests.XUnit.ColonySourceManagerTests.UpdateSourceUpdatesSourceTest(colony: Castle.Proxies.IServiceColonyProxy, sut: Selkie.Services.Aco</name>
   <plan>SSA-MAS-JOB1</plan>
  </testClass>
  <testClass>
   <id>30703656</id>
   <name>Selkie.Services.Aco.Tests.XUnit.ServiceColonyTests.DPheromonesMinimumTest(colony: Castle.Proxies.IColonyProxy, sut: Selkie.Services.Aco</name>
   <plan>SSA-MAS-JOB1</plan>
  </testClass>
  <testClass>
   <id>30703657</id>
   <name>Selkie.Services.Aco.Tests.Handlers.XUnit.StartHandlerTests.HandleCallsStopTest(colony: Castle.Proxies.IServiceColonyProxy, sut: Selkie.Services.Aco.Handlers</name>
   <plan>SSA-MAS-JOB1</plan>
  </testClass>
  <testClass>
   <id>30703658</id>
   <name>Selkie.Services.Aco.Common.Tests.Messages.PheromonesMessageTests</name>
   <plan>SSA-MAS-JOB1</plan>
  </testClass>
  <testClass>
   <id>30703659</id>
   <name>Selkie.Services.Aco.Common.Tests.Messages.BestTrailMessageTests</name>
   <plan>SSA-MAS-JOB1</plan>
  </testClass>
  <testClass>
   <id>30703660</id>
   <name>Selkie.Services.Aco.Tests.XUnit.ServiceColonyTests.OnStartedSendsMessageTest(bus: Castle.Proxies.IBusProxy, eventArgs: System</name>
   <plan>SSA-MAS-JOB1</plan>
  </testClass>
  <testClass>
   <id>30703661</id>
   <name>Selkie.Services.Aco.Tests.XUnit.ServiceColonyTests.OnStartedSetsIsRunningToTrueTest(eventArgs: System</name>
   <plan>SSA-MAS-JOB1</plan>
  </testClass>
  <testClass>
   <id>30703662</id>
   <name>Selkie.Services.Aco.Tests.XUnit.ColonySourceManagerTests.CreateColonyTest(colony: Castle.Proxies.IServiceColonyProxy, parameters: Castle.Proxies.IServiceColonyParametersProxy, sut: Selkie.Services.Aco</name>
   <plan>SSA-MAS-JOB1</plan>
  </testClass>
  <testClass>
   <id>30703663</id>
   <name>Selkie.Services.Aco.Tests.Handlers.XUnit.StartHandlerTests.HandleSendsMessageTest(bus: Castle.Proxies.IBusProxy, sut: Selkie.Services.Aco.Handlers</name>
   <plan>SSA-MAS-JOB1</plan>
  </testClass>
  <testClass>
   <id>30703664</id>
   <name>Selkie.Services.Aco.Tests.Handlers.XUnit.StopRequestHandlerTests.HandleCallsStopTest(colony: Castle.Proxies.IServiceColonyProxy, sut: Selkie.Services.Aco.Handlers</name>
   <plan>SSA-MAS-JOB1</plan>
  </testClass>
  <testClass>
   <id>30703665</id>
   <name>Selkie.Services.Aco.Tests.XUnit.ServiceTests.ServiceStopSendsMessageTest(bus: Castle.Proxies.IBusProxy, sut: Selkie.Services.Aco</name>
   <plan>SSA-MAS-JOB1</plan>
  </testClass>
  <testClass>
   <id>30703666</id>
   <name>Selkie.Services.Aco.Tests.XUnit.ServiceTests.ServiceStartSendsMessageTest(bus: Castle.Proxies.IBusProxy, sut: Selkie.Services.Aco</name>
   <plan>SSA-MAS-JOB1</plan>
  </testClass>
  <testClass>
   <id>30703667</id>
   <name>Selkie.Services.Aco.Tests.XUnit.ServiceColonyParametersTests</name>
   <plan>SSA-MAS-JOB1</plan>
  </testClass>
  <testClass>
   <id>30703668</id>
   <name>Selkie.Services.Aco.Tests.Handlers.XUnit.BaseHandlerTests</name>
   <plan>SSA-MAS-JOB1</plan>
  </testClass>
  <testClass>
   <id>32538625</id>
   <name>Selkie.Services.Aco.Tests.XUnit.ServiceColonyTests.PheromonesMaximumTest(colony: Castle.Proxies.IColonyProxy, sut: Selkie.Services.Aco</name>
   <plan>SSA-MAS-JOB1</plan>
  </testClass>
  <testClass>
   <id>32538626</id>
   <name>Selkie.Services.Aco.Tests.Handlers.XUnit.CreateColonyHandlerTests</name>
   <plan>SSA-MAS-JOB1</plan>
  </testClass>
  <testClass>
   <id>32538627</id>
   <name>Selkie.Services.Aco.Tests.XUnit.ServiceColonyTests.StartCallsColonyStopTest(colony: Castle.Proxies.IColonyProxy, sut: Selkie.Services.Aco</name>
   <plan>SSA-MAS-JOB1</plan>
  </testClass>
  <testClass>
   <id>32538628</id>
   <name>Selkie.Services.Aco.Tests.XUnit.ServiceColonyTests.PheromonesToArrayTest(colony: Castle.Proxies.IColonyProxy, sut: Selkie.Services.Aco</name>
   <plan>SSA-MAS-JOB1</plan>
  </testClass>
  <testClass>
   <id>32538629</id>
   <name>Selkie.Services.Aco.Tests.XUnit.ServiceColonyTests.PheromonesAverageTest(colony: Castle.Proxies.IColonyProxy, sut: Selkie.Services.Aco</name>
   <plan>SSA-MAS-JOB1</plan>
  </testClass>
  <testClass>
   <id>32538630</id>
   <name>Selkie.Services.Aco.Tests.XUnit.ServiceColonyTests.StopCallsColonyStopTest(colony: Castle.Proxies.IColonyProxy, sut: Selkie.Services.Aco</name>
   <plan>SSA-MAS-JOB1</plan>
  </testClass>
  <testClass>
   <id>32538631</id>
   <name>Selkie.EasyNetQ.Tests.XUnit.SelkieMessageConsumerAsyncTests</name>
   <plan>SE-MAS-JOB1</plan>
  </testClass>
  <testClass>
   <id>32538632</id>
   <name>Selkie.EasyNetQ.Tests.XUnit.SelkieMessageConsumerTests</name>
   <plan>SE-MAS-JOB1</plan>
  </testClass>
  <testClass>
   <id>35913729</id>
   <name>Selkie.Services.Racetracks.Common.Tests.Messages.XUnit.RacetrackSettingsSetMessageTests</name>
   <plan>SSRC-MAS-JOB1</plan>
  </testClass>
  <testClass>
   <id>35913730</id>
   <name>Selkie.Services.Racetracks.Common.Tests.Messages.XUnit.CostMatrixCalculateMessageTests</name>
   <plan>SSRC-MAS-JOB1</plan>
  </testClass>
  <testClass>
   <id>35913731</id>
   <name>Selkie.Services.Racetracks.Common.Tests.Messages.XUnit.LinesChangedMessageTests</name>
   <plan>SSRC-MAS-JOB1</plan>
  </testClass>
  <testClass>
   <id>35913732</id>
   <name>Selkie.Services.Racetracks.Common.Tests.Dto.XUnit.LineDtoTests</name>
   <plan>SSRC-MAS-JOB1</plan>
  </testClass>
  <testClass>
   <id>35913733</id>
   <name>Selkie.Services.Racetracks.Common.Tests.Messages.XUnit.RacetrackSettingsChangedMessageTests</name>
   <plan>SSRC-MAS-JOB1</plan>
  </testClass>
  <testClass>
   <id>35913734</id>
   <name>Selkie.Services.Racetracks.Common.Tests.Messages.XUnit.CostMatrixChangedMessageTests</name>
   <plan>SSRC-MAS-JOB1</plan>
  </testClass>
  <testClass>
   <id>35913735</id>
   <name>Selkie.Services.Racetracks.Common.Tests.Messages.XUnit.LinesSetMessageTests</name>
   <plan>SSRC-MAS-JOB1</plan>
  </testClass>
  <testClass>
   <id>38109185</id>
   <name>Selkie.Services.Lines.Common.Tests.Dto.XUnit.LineDtoTests</name>
   <plan>SSLC-MAS-JOB1</plan>
  </testClass>
  <testClass>
   <id>38109186</id>
   <name>Selkie.Services.Lines.Common.Tests.Messages.XUnit.LineValidationResponseMessageTest</name>
   <plan>SSLC-MAS-JOB1</plan>
  </testClass>
  <testClass>
   <id>38109187</id>
   <name>Selkie.Services.Lines.Common.Tests.Messages.XUnit.LineValidationRequestMessageTests</name>
   <plan>SSLC-MAS-JOB1</plan>
  </testClass>
  <testClass>
   <id>38109188</id>
   <name>Selkie.Services.Aco.Common.Tests.Messages.BestTrailMessageTests</name>
   <plan>SSAC-MAS-JOB1</plan>
  </testClass>
  <testClass>
   <id>38109189</id>
   <name>Selkie.Services.Aco.Common.Tests.Messages.CreateColonyMessageTests</name>
   <plan>SSAC-MAS-JOB1</plan>
  </testClass>
  <testClass>
   <id>38109190</id>
   <name>Selkie.Services.Aco.Common.Tests.Messages.PheromonesMessageTests</name>
   <plan>SSAC-MAS-JOB1</plan>
  </testClass>
  <testClass>
   <id>45023233</id>
   <name>Selkie.Services.Racetracks.Common.Tests.Dto.XUnit.RacetracksDtoTests</name>
   <plan>SSRC-MAS-JOB1</plan>
  </testClass>
  <testClass>
   <id>46465025</id>
   <name>Selkie.Services.Racetracks.Tests.Converters.Dtos.XUnit.CircleToCircleDtoConverterTests.Convert_SetsDtoCentrePoint_ForCircle(converter: Castle.Proxies.IPointToPointDtoConverterProxy, sut: Selkie.Services.Racetracks.Converters.Dtos</name>
   <plan>SSR-MAS-JOB1</plan>
  </testClass>
  <testClass>
   <id>46465026</id>
   <name>Selkie.Services.Racetracks.Tests.Converters.Dtos.XUnit.ArcSegmentToArcSergmentDtoConverterTests</name>
   <plan>SSR-MAS-JOB1</plan>
  </testClass>
  <testClass>
   <id>46465027</id>
   <name>Selkie.Services.Racetracks.Tests.Converters.Dtos.XUnit.PathToPathDtoConverterTests.Convert_SetsIsUnknownToFalse_ForPolyline(pointToPointDto: Castle.Proxies.IPointToPointDtoConverterProxy, polylineToPolylineDto: Castle.Proxies</name>
   <plan>SSR-MAS-JOB1</plan>
  </testClass>
  <testClass>
   <id>46465028</id>
   <name>Selkie.Services.Racetracks.Tests.XUnit.CostMatrixSourceManagerTests.UpdateSourceReleasesOldSource(bus: Castle.Proxies.IBusProxy, logger: Castle.Proxies.ILoggerProxy, converter: Castle.Proxies</name>
   <plan>SSR-MAS-JOB1</plan>
  </testClass>
  <testClass>
   <id>46465029</id>
   <name>Selkie.Services.Racetracks.Tests.XUnit.CostMatrixSourceManagerTests.CostMatrixGetHandlerSendMessage(bus: Castle.Proxies.IBusProxy, logger: Castle.Proxies.ILoggerProxy, converter: Castle.Proxies.IRacetracksToDtoConverterProxy, costMatrix: Castle.Proxies</name>
   <plan>SSR-MAS-JOB1</plan>
  </testClass>
  <testClass>
   <id>46465030</id>
   <name>Selkie.Services.Racetracks.Tests.XUnit.CostMatrixSourceManagerTests.SubscribesToRacetracksGetMessage(bus: Castle.Proxies.IBusProxy, sut: Selkie.Services.Racetracks</name>
   <plan>SSR-MAS-JOB1</plan>
  </testClass>
  <testClass>
   <id>46465031</id>
   <name>Selkie.Services.Racetracks.Tests.Converters.Dtos.XUnit.PolylineToPolylineDtoConverterTests.IsPolylineAUturn_ReturnsFalse_ForEmpty(sut: Selkie.Services.Racetracks.Converters.Dtos</name>
   <plan>SSR-MAS-JOB1</plan>
  </testClass>
  <testClass>
   <id>46465032</id>
   <name>Selkie.Services.Racetracks.Tests.Converters.Dtos.XUnit.PathToPathDtoConverterTests.Path_Roundtrip_ForPath(path: Castle.Proxies.IPathProxy, sut: Selkie.Services.Racetracks.Converters.Dtos</name>
   <plan>SSR-MAS-JOB1</plan>
  </testClass>
  <testClass>
   <id>46465033</id>
   <name>Selkie.Services.Racetracks.Tests.Converters.Dtos.XUnit.PolylineToPolylineDtoConverterTests.IsPolylineAUturn_ReturnsFalse_ForToManySegments(sut: Selkie.Services.Racetracks.Converters.Dtos</name>
   <plan>SSR-MAS-JOB1</plan>
  </testClass>
  <testClass>
   <id>46465034</id>
   <name>Selkie.Services.Racetracks.Tests.Converters.Dtos.XUnit.RacetracksToDtoConverterTests.Convert_ReturnsDto_ForPRacetracks(converter: Castle.Proxies</name>
   <plan>SSR-MAS-JOB1</plan>
  </testClass>
  <testClass>
   <id>46465035</id>
   <name>Selkie.Services.Racetracks.Tests.Converters.Dtos.XUnit.SegmentToSegmentDtoConverterTests</name>
   <plan>SSR-MAS-JOB1</plan>
  </testClass>
  <testClass>
   <id>46465036</id>
   <name>Selkie.Services.Racetracks.Tests.XUnit.CostMatrixSourceManagerTests.SubscribesToCostMatrixGetMessage(bus: Castle.Proxies.IBusProxy, sut: Selkie.Services.Racetracks</name>
   <plan>SSR-MAS-JOB1</plan>
  </testClass>
  <testClass>
   <id>46465037</id>
   <name>Selkie.Services.Racetracks.Tests.Converters.Dtos.XUnit.CircleToCircleDtoConverterTests.Convert_SetsDtoRadius_ForCircle(sut: Selkie.Services.Racetracks.Converters.Dtos</name>
   <plan>SSR-MAS-JOB1</plan>
  </testClass>
  <testClass>
   <id>46465038</id>
   <name>Selkie.Services.Racetracks.Tests.Converters.Dtos.XUnit.RacetracksToDtoConverterTests.ConvertPathsConvert_CallsConverter_ForPathArrays(converter: Castle.Proxies</name>
   <plan>SSR-MAS-JOB1</plan>
  </testClass>
  <testClass>
   <id>46465039</id>
   <name>Selkie.Services.Racetracks.Tests.XUnit.CostMatrixSourceManagerTests.RacetracksGetHandlerSendsMessageTest(bus: Castle.Proxies.IBusProxy, converter: Castle.Proxies.IRacetracksToDtoConverterProxy, racetracks: Castle.Proxies.IRacetracksProxy, racetracksDtos: Selkie.Services.Racetracks.Common.Dto.RacetracksDto, message: Selkie.Services.Racetracks.Common.Messages.RacetracksGetMessage, sut: Selkie.Services.Racetracks</name>
   <plan>SSR-MAS-JOB1</plan>
  </testClass>
  <testClass>
   <id>46465040</id>
   <name>Selkie.Services.Racetracks.Tests.XUnit.CostMatrixSourceManagerTests.StartCallsLoggerTest(logger: Castle.Proxies.ILoggerProxy, sut: Selkie.Services.Racetracks</name>
   <plan>SSR-MAS-JOB1</plan>
  </testClass>
  <testClass>
   <id>46465041</id>
   <name>Selkie.Services.Racetracks.Tests.Converters.Dtos.XUnit.PathToPathDtoConverterTests.Convert_SetsEndPoint_ForPolyline(startPointDto: Selkie.Services.Racetracks.Common.Dto.PointDto, endPointDto: Selkie.Services.Racetracks.Common.Dto.PointDto, pointToPointDto: Castle.Proxies.IPointToPointDtoConverterProxy, polylineToPolylineDto: Castle.Proxies</name>
   <plan>SSR-MAS-JOB1</plan>
  </testClass>
  <testClass>
   <id>46465042</id>
   <name>Selkie.Services.Racetracks.Tests.Converters.Dtos.XUnit.LineToLineSegmentDtoConverterTests</name>
   <plan>SSR-MAS-JOB1</plan>
  </testClass>
  <testClass>
   <id>46465043</id>
   <name>Selkie.Services.Racetracks.Tests.XUnit.CostMatrixSourceManagerTests.SourceDefault(bus: Castle.Proxies.IBusProxy, sut: Selkie.Services.Racetracks</name>
   <plan>SSR-MAS-JOB1</plan>
  </testClass>
  <testClass>
   <id>46465044</id>
   <name>Selkie.Services.Racetracks.Tests.Converters.Dtos.XUnit.PointToPointDtoConverterTests.Convert_SetsPointDto_ForPoint(point: [200,208], sut: Selkie.Services.Racetracks.Converters.Dtos</name>
   <plan>SSR-MAS-JOB1</plan>
  </testClass>
  <testClass>
   <id>46465045</id>
   <name>Selkie.Services.Racetracks.Tests.Converters.Dtos.XUnit.CircleToCircleDtoConverterTests.Convert_SetsDtoIsUnknown_ForCircle(sut: Selkie.Services.Racetracks.Converters.Dtos</name>
   <plan>SSR-MAS-JOB1</plan>
  </testClass>
  <testClass>
   <id>46465046</id>
   <name>Selkie.Services.Racetracks.Tests.Converters.Dtos.XUnit.RacetracksToDtoConverterTests.ConvertPathsConvert_ReturnsDto_ForPathArrays(converter: Castle.Proxies</name>
   <plan>SSR-MAS-JOB1</plan>
  </testClass>
  <testClass>
   <id>46465047</id>
   <name>Selkie.Services.Racetracks.Tests.Converters.Dtos.XUnit.PolylineToPolylineDtoConverterTests.IsPolylineAUturn_ReturnsFalse_ForNotEnoughSegments(sut: Selkie.Services.Racetracks.Converters.Dtos</name>
   <plan>SSR-MAS-JOB1</plan>
  </testClass>
  <testClass>
   <id>46465048</id>
   <name>Selkie.Services.Racetracks.Tests.XUnit.CostMatrixSourceManagerTests.StopCallsLoggerTest(logger: Castle.Proxies.ILoggerProxy, sut: Selkie.Services.Racetracks</name>
   <plan>SSR-MAS-JOB1</plan>
  </testClass>
  <testClass>
   <id>46465049</id>
   <name>Selkie.Services.Racetracks.Tests.Converters.Dtos.XUnit.PathToPathDtoConverterTests.Convert_SetsPolyline_ForPolyline(polylineDto: Selkie.Services.Racetracks.Common.Dto.PolylineDto, pointToPointDto: Castle.Proxies.IPointToPointDtoConverterProxy, polylineToPolylineDto: Castle.Proxies</name>
   <plan>SSR-MAS-JOB1</plan>
  </testClass>
  <testClass>
   <id>46465050</id>
   <name>Selkie.Services.Racetracks.Tests.Converters.Dtos.XUnit.PolylineToPolylineDtoConverterTests</name>
   <plan>SSR-MAS-JOB1</plan>
  </testClass>
  <testClass>
   <id>46465051</id>
   <name>Selkie.Services.Racetracks.Tests.Converters.Dtos.XUnit.PolylineToPolylineDtoConverterTests.IsPolylineAUturn_ReturnsFalse_ForNormal(sut: Selkie.Services.Racetracks.Converters.Dtos</name>
   <plan>SSR-MAS-JOB1</plan>
  </testClass>
  <testClass>
   <id>46465052</id>
   <name>Selkie.Services.Racetracks.Tests.XUnit.CostMatrixSourceManagerTests.RacetracksGetHandlerCallsConverterTest(bus: Castle.Proxies.IBusProxy, converter: Castle.Proxies.IRacetracksToDtoConverterProxy, message: Selkie.Services.Racetracks.Common.Messages.RacetracksGetMessage, sut: Selkie.Services.Racetracks</name>
   <plan>SSR-MAS-JOB1</plan>
  </testClass>
  <testClass>
   <id>46465053</id>
   <name>Selkie.Services.Racetracks.Tests.Converters.Dtos.XUnit.PolylineToPolylineDtoConverterTests.IsPolylineAUturn_ReturnsTrue_ForUTurn(sut: Selkie.Services.Racetracks.Converters.Dtos</name>
   <plan>SSR-MAS-JOB1</plan>
  </testClass>
  <testClass>
   <id>46465054</id>
   <name>Selkie.Services.Racetracks.Tests.Converters.Dtos.XUnit.PathToPathDtoConverterTests.Convert_SetsStartPoint_ForPolyline(startPointDto: Selkie.Services.Racetracks.Common.Dto.PointDto, endPointDto: Selkie.Services.Racetracks.Common.Dto.PointDto, pointToPointDto: Castle.Proxies.IPointToPointDtoConverterProxy, polylineToPolylineDto: Castle.Proxies</name>
   <plan>SSR-MAS-JOB1</plan>
  </testClass>
  <testClass>
   <id>46465055</id>
   <name>Selkie.Services.Racetracks.Tests.XUnit.CostMatrixSourceManagerTests.CostMatrixCalculateHandlerCallsUpdateSource(bus: Castle.Proxies.IBusProxy, sut: Selkie.Services.Racetracks</name>
   <plan>SSR-MAS-JOB1</plan>
  </testClass>
  <testClass>
   <id>46465056</id>
   <name>Selkie.Services.Racetracks.Tests.XUnit.CostMatrixSourceManagerTests.UpdateSourceSendsCostMatrixChangedMessage(bus: Castle.Proxies.IBusProxy, sut: Selkie.Services.Racetracks</name>
   <plan>SSR-MAS-JOB1</plan>
  </testClass>
  <testClass>
   <id>46465057</id>
   <name>Selkie.Services.Racetracks.Tests.XUnit.CostMatrixSourceManagerTests.UpdateSourceSetsSource(bus: Castle.Proxies.IBusProxy, logger: Castle.Proxies.ILoggerProxy, converter: Castle.Proxies.IRacetracksToDtoConverterProxy, costMatrix: Castle.Proxies</name>
   <plan>SSR-MAS-JOB1</plan>
  </testClass>
  <testClass>
   <id>46465058</id>
   <name>Selkie.Services.Racetracks.Tests.Converters.Dtos.XUnit.PointToPointDtoConverterTests.Convert_SetsPointDto_ForPoint(point: [185,63], sut: Selkie.Services.Racetracks.Converters.Dtos</name>
   <plan>SSR-MAS-JOB1</plan>
  </testClass>
  <testClass>
   <id>46465059</id>
   <name>Selkie.Services.Racetracks.Tests.XUnit.CostMatrixSourceManagerTests.UpdateSourceSendsRacetracksChangedMessage(bus: Castle.Proxies.IBusProxy, sut: Selkie.Services.Racetracks</name>
   <plan>SSR-MAS-JOB1</plan>
  </testClass>
  <testClass>
   <id>46465060</id>
   <name>Selkie.Services.Racetracks.Tests.Converters.Dtos.XUnit.PointToPointDtoConverterTests.Convert_SetsPointDto_ForPoint(point: [173,89], sut: Selkie.Services.Racetracks.Converters.Dtos</name>
   <plan>SSR-MAS-JOB1</plan>
  </testClass>
  <testClass>
   <id>46465061</id>
   <name>Selkie.Geometry.Tests.Primitives.NUnit.AngleTests</name>
   <plan>SG-MAS-JOB1</plan>
  </testClass>
  <testClass>
   <id>46465062</id>
   <name>Selkie.Geometry.Tests.Primitives.NUnit.DistanceTests</name>
   <plan>SG-MAS-JOB1</plan>
  </testClass>
  <testClass>
   <id>46465063</id>
   <name>Selkie.Geometry.Tests.Shapes.NUnit.ArcSegmentTests</name>
   <plan>SG-MAS-JOB1</plan>
  </testClass>
  <testClass>
   <id>46465064</id>
   <name>Selkie.Geometry.Tests.Shapes.NUnit.LineTests</name>
   <plan>SG-MAS-JOB1</plan>
  </testClass>
  <testClass>
   <id>46465065</id>
   <name>Selkie.Geometry.Tests.Calculators.NUnit.CirclePairTangentLinesCalculatorTests+CirclePairGeneralTests</name>
   <plan>SG-MAS-JOB1</plan>
  </testClass>
  <testClass>
   <id>46465066</id>
   <name>Selkie.Geometry.Tests.Calculators.NUnit.OuterTangentsCalculatorTests+RadiusSameCaseFourTests</name>
   <plan>SG-MAS-JOB1</plan>
  </testClass>
  <testClass>
   <id>46465067</id>
   <name>Selkie.Geometry.Tests.Calculators.NUnit.OuterTangentsCalculatorTests+RadiusOfOneIsBiggerAndNumberOfTangentsIsFourTests</name>
   <plan>SG-MAS-JOB1</plan>
  </testClass>
  <testClass>
   <id>46465068</id>
   <name>Selkie.Geometry.Tests.Shapes.NUnit.PointTests</name>
   <plan>SG-MAS-JOB1</plan>
  </testClass>
  <testClass>
   <id>46465069</id>
   <name>Selkie.Geometry.Tests.Shapes.NUnit.CirclePairTests</name>
   <plan>SG-MAS-JOB1</plan>
  </testClass>
  <testClass>
   <id>46465070</id>
   <name>Selkie.Geometry.Tests.Calculators.NUnit.InnerTangentsCalculatorTests+RadiusOfOneIsBiggerAndNumberOfTangentsIsFourTests</name>
   <plan>SG-MAS-JOB1</plan>
  </testClass>
  <testClass>
   <id>46465071</id>
   <name>Selkie.Geometry.Tests.Shapes.NUnit.CircleTests</name>
   <plan>SG-MAS-JOB1</plan>
  </testClass>
  <testClass>
   <id>46465072</id>
   <name>Selkie.Geometry.Tests.Calculators.NUnit.CirclesIntersectionPointsCalculatorTests+TwoIntersectionPointsTests</name>
   <plan>SG-MAS-JOB1</plan>
  </testClass>
  <testClass>
   <id>46465073</id>
   <name>Selkie.Geometry.Tests.Calculators.NUnit.InnerTangentsCalculatorTests+CaseOneTests</name>
   <plan>SG-MAS-JOB1</plan>
  </testClass>
  <testClass>
   <id>46465074</id>
   <name>Selkie.Geometry.Tests.Calculators.NUnit.InnerTangentLinesIntersectionPointCalculatorTests+RadiusOfOneIsBiggerAndNumberOfTangentsIsFourTests</name>
   <plan>SG-MAS-JOB1</plan>
  </testClass>
  <testClass>
   <id>46465075</id>
   <name>Selkie.Geometry.Tests.Calculators.NUnit.OuterTangentsCalculatorTests+RadiusSameCaseTwoTests</name>
   <plan>SG-MAS-JOB1</plan>
  </testClass>
  <testClass>
   <id>46465076</id>
   <name>Selkie.Geometry.Tests.Calculators.NUnit.CoordinatePairCalculatorTests</name>
   <plan>SG-MAS-JOB1</plan>
  </testClass>
  <testClass>
   <id>46465077</id>
   <name>Selkie.Geometry.Tests.Shapes.NUnit.PolyineTests</name>
   <plan>SG-MAS-JOB1</plan>
  </testClass>
  <testClass>
   <id>46465078</id>
   <name>Selkie.Geometry.Tests.Calculators.NUnit.LineDirectionCalculatorTests</name>
   <plan>SG-MAS-JOB1</plan>
  </testClass>
  <testClass>
   <id>46465079</id>
   <name>Selkie.Geometry.Tests.Shapes.Calculators.NUnit.CircleCentreToPointCalculatorTests</name>
   <plan>SG-MAS-JOB1</plan>
  </testClass>
  <testClass>
   <id>46465080</id>
   <name>Selkie.Geometry.Tests.Calculators.NUnit.CirclePairTangentLinesCalculatorTests+CirclePairTangentLinesCalculatorCaseOneTests</name>
   <plan>SG-MAS-JOB1</plan>
  </testClass>
  <testClass>
   <id>46465081</id>
   <name>Selkie.Geometry.Tests.Calculators.NUnit.InnerTangentsCalculatorTests+CaseTwoTests</name>
   <plan>SG-MAS-JOB1</plan>
  </testClass>
  <testClass>
   <id>46465082</id>
   <name>Selkie.Geometry.Tests.Calculators.NUnit.CirclesIntersectionPointsCalculatorTests+SameCirclesTests</name>
   <plan>SG-MAS-JOB1</plan>
  </testClass>
  <testClass>
   <id>46465083</id>
   <name>Selkie.Geometry.Tests.Calculators.NUnit.OuterTangentsCalculatorTests+RadiusOfTwoIsBiggerAndNumberOfTangentsIsFourTests</name>
   <plan>SG-MAS-JOB1</plan>
  </testClass>
  <testClass>
   <id>46465084</id>
   <name>Selkie.Geometry.Tests.Calculators.NUnit.CirclesIntersectionPointsCalculatorTests+CircleOutsideCircleNoIntersectionPointsTests</name>
   <plan>SG-MAS-JOB1</plan>
  </testClass>
  <testClass>
   <id>46465085</id>
   <name>Selkie.Geometry.Tests.Calculators.NUnit.OuterTangentsCalculatorTests+RadiusSameCaseThreeTests</name>
   <plan>SG-MAS-JOB1</plan>
  </testClass>
  <testClass>
   <id>46465086</id>
   <name>Selkie.Geometry.Tests.Shapes.Calculators.NUnit.CircleCentrePointToPointCalculatorTests</name>
   <plan>SG-MAS-JOB1</plan>
  </testClass>
  <testClass>
   <id>46465087</id>
   <name>Selkie.Geometry.Tests.Calculators.NUnit.InnerTangentsCalculatorTests+CircleOneInsideZeroNumberOfTangentsIsOneTests</name>
   <plan>SG-MAS-JOB1</plan>
  </testClass>
  <testClass>
   <id>46465088</id>
   <name>Selkie.Geometry.Tests.Calculators.NUnit.InnerTangentsCalculatorTests+NumberOfTangentsIsThreeTests</name>
   <plan>SG-MAS-JOB1</plan>
  </testClass>
  <testClass>
   <id>46465089</id>
   <name>Selkie.Geometry.Tests.Calculators.NUnit.OuterTangentsCalculatorTests+RadiusSameAndOneTangentTests</name>
   <plan>SG-MAS-JOB1</plan>
  </testClass>
  <testClass>
   <id>46465090</id>
   <name>Selkie.Geometry.Tests.Calculators.NUnit.InnerTangentsCalculatorTests+RadiusOfTwoIsBiggerAndNumberOfTangentsIsFourTests</name>
   <plan>SG-MAS-JOB1</plan>
  </testClass>
  <testClass>
   <id>46465091</id>
   <name>Selkie.Geometry.Tests.Calculators.NUnit.CirclesIntersectionPointsCalculatorTests+CircleOutsideCircleOneIntersectionPointsTests</name>
   <plan>SG-MAS-JOB1</plan>
  </testClass>
  <testClass>
   <id>46465092</id>
   <name>Selkie.Geometry.Tests.Calculators.NUnit.CirclesIntersectionPointsCalculatorTests+CircleInsideCircleNoIntersectionPointsTests</name>
   <plan>SG-MAS-JOB1</plan>
  </testClass>
  <testClass>
   <id>46465093</id>
   <name>Selkie.Geometry.Tests.Calculators.NUnit.CirclePairTangentLinesCalculatorTests+CirclePairTangentLinesCalculatorCaseTwoTests</name>
   <plan>SG-MAS-JOB1</plan>
  </testClass>
  <testClass>
   <id>46465094</id>
   <name>Selkie.Geometry.Tests.Calculators.NUnit.CirclesIntersectionPointsCalculatorTests+CircleInsideCircleOneIntersectionPointsTests</name>
   <plan>SG-MAS-JOB1</plan>
  </testClass>
  <testClass>
   <id>46465095</id>
   <name>Selkie.Geometry.Tests.Calculators.NUnit.OuterTangentLinesIntersectionPointCalculatorTests+QuadrantThreeAndOneTests</name>
   <plan>SG-MAS-JOB1</plan>
  </testClass>
  <testClass>
   <id>46465096</id>
   <name>Selkie.Geometry.Tests.Calculators.NUnit.OuterTangentsCalculatorTests+RadiusSameCaseOneTests</name>
   <plan>SG-MAS-JOB1</plan>
  </testClass>
  <testClass>
   <id>46465097</id>
   <name>Selkie.Geometry.Tests.Calculators.NUnit.OuterTangentLinesIntersectionPointCalculatorTests+QuadrantTwoAndFourTests</name>
   <plan>SG-MAS-JOB1</plan>
  </testClass>
  <testClass>
   <id>46465098</id>
   <name>Selkie.Geometry.Tests.Calculators.NUnit.CirclesIntersectionPointsCalculatorTests+CalculatePointsForSpecialCasesTests</name>
   <plan>SG-MAS-JOB1</plan>
  </testClass>
  <testClass>
   <id>46465099</id>
   <name>Selkie.Geometry.Tests.Calculators.NUnit.OuterTangentLinesIntersectionPointCalculatorTests+QuadrantOneAndThreeTests</name>
   <plan>SG-MAS-JOB1</plan>
  </testClass>
  <testClass>
   <id>46465100</id>
   <name>Selkie.Geometry.Tests.Calculators.NUnit.CirclesIntersectionPointsCalculatorTests+CalculatePointsForSameYTests</name>
   <plan>SG-MAS-JOB1</plan>
  </testClass>
  <testClass>
   <id>46465101</id>
   <name>Selkie.Geometry.Tests.Calculators.NUnit.CirclesIntersectionPointsCalculatorTests+CalculatePointsSameXTests</name>
   <plan>SG-MAS-JOB1</plan>
  </testClass>
  <testClass>
   <id>46465102</id>
   <name>Selkie.Geometry.Tests.Calculators.NUnit.OuterTangentLinesIntersectionPointCalculatorTests+QuadrantFourAndTwoTests</name>
   <plan>SG-MAS-JOB1</plan>
  </testClass>
  <testClass>
   <id>46465103</id>
   <name>Selkie.Geometry.Tests.Calculators.NUnit.OuterTangentLinesIntersectionPointCalculatorTests+UnknownTests</name>
   <plan>SG-MAS-JOB1</plan>
  </testClass>
  <testClass>
   <id>48627713</id>
   <name>Selkie.Services.Racetracks.Tests.Converters.Dtos.XUnit.PointToPointDtoConverterTests.Convert_SetsPointDto_ForPoint(point: [252,221], sut: Selkie.Services.Racetracks.Converters.Dtos</name>
   <plan>SSR-MAS-JOB1</plan>
  </testClass>
  <testClass>
   <id>48627714</id>
   <name>Selkie.Services.Racetracks.Tests.Converters.Dtos.XUnit.PointToPointDtoConverterTests.Convert_SetsPointDto_ForPoint(point: [201,42], sut: Selkie.Services.Racetracks.Converters.Dtos</name>
   <plan>SSR-MAS-JOB1</plan>
  </testClass>
  <testClass>
   <id>48988161</id>
   <name>Selkie.Services.Racetracks.Tests.Converters.Dtos.XUnit.PointToPointDtoConverterTests.Convert_SetsPointDto_ForPoint(point: [93,225], sut: Selkie.Services.Racetracks.Converters.Dtos</name>
   <plan>SSR-MAS-JOB1</plan>
  </testClass>
  <testClass>
   <id>48988162</id>
   <name>Selkie.Services.Racetracks.Tests.Converters.Dtos.XUnit.PointToPointDtoConverterTests.Convert_SetsPointDto_ForPoint(point: [35,115], sut: Selkie.Services.Racetracks.Converters.Dtos</name>
   <plan>SSR-MAS-JOB1</plan>
  </testClass>
  <testClass>
   <id>49807361</id>
   <name>Selkie.Services.Racetracks.Tests.Converters.Dtos.XUnit.PointToPointDtoConverterTests.Convert_SetsPointDto_ForPoint(point: [76,14], sut: Selkie.Services.Racetracks.Converters.Dtos</name>
   <plan>SSR-MAS-JOB1</plan>
  </testClass>
  <testClass>
   <id>50790401</id>
   <name>Selkie.Services.Racetracks.Tests.XUnit.CostMatrixSourceManagerTests.RacetracksChangedHandlerCallsUpdateSource(bus: Castle.Proxies.IBusProxy, sut: Selkie.Services.Racetracks</name>
   <plan>SSR-MAS-JOB1</plan>
  </testClass>
  <testClass>
   <id>50790402</id>
   <name>Selkie.Services.Racetracks.Tests.XUnit.CostMatrixSourceManagerTests.ConstructorSendsRacetrackSettingsGetMessage(bus: Castle.Proxies.IBusProxy, sut: Selkie.Services.Racetracks</name>
   <plan>SSR-MAS-JOB1</plan>
  </testClass>
  <testClass>
   <id>50790403</id>
   <name>Selkie.Services.Racetracks.Tests.XUnit.CostMatrixSourceManagerTests.SubscribesToRacetracksChangedMessage(bus: Castle.Proxies.IBusProxy, sut: Selkie.Services.Racetracks</name>
   <plan>SSR-MAS-JOB1</plan>
  </testClass>
  <testClass>
   <id>50790404</id>
   <name>Selkie.Services.Racetracks.Tests.Converters.Dtos.XUnit.PointToPointDtoConverterTests.Convert_SetsPointDto_ForPoint(point: [97,226], sut: Selkie.Services.Racetracks.Converters.Dtos</name>
   <plan>SSR-MAS-JOB1</plan>
  </testClass>
  <testClass>
   <id>50790405</id>
   <name>Selkie.Services.Racetracks.Tests.XUnit.CostMatrixSourceManagerTests.UpdateSourceSendsCostMatrixChangedMessage(bus: Castle.Proxies.IBusProxy, logger: Castle.Proxies.ILoggerProxy, costMatrix: Castle.Proxies</name>
   <plan>SSR-MAS-JOB1</plan>
  </testClass>
  <testClass>
   <id>52461569</id>
   <name>Selkie.Services.Racetracks.Tests.Converters.Dtos.XUnit.PointToPointDtoConverterTests.Convert_SetsPointDto_ForPoint(point: [21,140], sut: Selkie.Services.Racetracks.Converters.Dtos</name>
   <plan>SSR-MAS-JOB1</plan>
  </testClass>
  <testClass>
   <id>53116929</id>
   <name>Selkie.Services.Aco.Tests.XUnit.ColonySourceManagerTests</name>
   <plan>SSA-MAS-JOB1</plan>
  </testClass>
  <testClass>
   <id>53116930</id>
   <name>Selkie.Services.Aco.Tests.Handlers.XUnit.PheromonesRequestHandlerHandlerTests</name>
   <plan>SSA-MAS-JOB1</plan>
  </testClass>
  <testClass>
   <id>53116931</id>
   <name>Selkie.Services.Aco.Tests.XUnit.ServiceTests</name>
   <plan>SSA-MAS-JOB1</plan>
  </testClass>
  <testClass>
   <id>53116932</id>
   <name>Selkie.Services.Aco.Tests.Handlers.XUnit.StopRequestHandlerTests</name>
   <plan>SSA-MAS-JOB1</plan>
  </testClass>
  <testClass>
   <id>53116933</id>
   <name>Selkie.Services.Aco.Tests.Handlers.XUnit.StartHandlerTests</name>
   <plan>SSA-MAS-JOB1</plan>
  </testClass>
  <testClass>
   <id>53936129</id>
   <name>Selkie.Services.Lines.Tests.Handlers.XUnit.LineValidationRequestHandlerTests</name>
   <plan>SSL-MAST-JOB1</plan>
  </testClass>
  <testClass>
   <id>53936130</id>
   <name>Selkie.Services.Lines.Tests.Handlers.XUnit.BaseHandlerTests</name>
   <plan>SSL-MAST-JOB1</plan>
  </testClass>
  <testClass>
   <id>53936131</id>
   <name>Selkie.Services.Racetracks.Tests.XUnit.CostMatrixSourceManagerTests</name>
   <plan>SSR-MAS-JOB1</plan>
  </testClass>
  <testClass>
   <id>53936132</id>
   <name>Selkie.Services.Racetracks.Tests.XUnit.LinesSourceManagerTests</name>
   <plan>SSR-MAS-JOB1</plan>
  </testClass>
  <testClass>
   <id>53936133</id>
   <name>Selkie.Services.Racetracks.Tests.XUnit.ServiceTests</name>
   <plan>SSR-MAS-JOB1</plan>
  </testClass>
  <testClass>
   <id>53936134</id>
   <name>Selkie.Services.Racetracks.Tests.Converters.Dtos.XUnit.PathToPathDtoConverterTests</name>
   <plan>SSR-MAS-JOB1</plan>
  </testClass>
  <testClass>
   <id>53936135</id>
   <name>Selkie.Services.Racetracks.Tests.Converters.Dtos.XUnit.CircleToCircleDtoConverterTests</name>
   <plan>SSR-MAS-JOB1</plan>
  </testClass>
  <testClass>
   <id>53936136</id>
   <name>Selkie.Services.Racetracks.Tests.Converters.Dtos.XUnit.RacetracksToDtoConverterTests</name>
   <plan>SSR-MAS-JOB1</plan>
  </testClass>
  <testClass>
   <id>53936137</id>
   <name>Selkie.Services.Racetracks.Tests.Converters.Dtos.XUnit.PointToPointDtoConverterTests.Convert_SetsPointDto_ForPoint(point: [51,121], sut: Selkie.Services.Racetracks.Converters.Dtos</name>
   <plan>SSR-MAS-JOB1</plan>
  </testClass>
  <testClass>
   <id>53936138</id>
   <name>Selkie.Services.Monitor.Tests.XUnit.NotRunningServicesTests</name>
   <plan>SSM-MAS-JOB1</plan>
  </testClass>
  <testClass>
   <id>53936139</id>
   <name>Selkie.Services.Monitor.Tests.Configuration.XUnit.ServicesStarterTests</name>
   <plan>SSM-MAS-JOB1</plan>
  </testClass>
  <testClass>
   <id>53936140</id>
   <name>Selkie.Services.Monitor.Tests.XUnit.PingResponseMonitorTests</name>
   <plan>SSM-MAS-JOB1</plan>
  </testClass>
  <testClass>
   <id>53936141</id>
   <name>Selkie.Services.Monitor.Tests.Configuration.XUnit.ServiceStarterTests</name>
   <plan>SSM-MAS-JOB1</plan>
  </testClass>
  <testClass>
   <id>53936142</id>
   <name>Selkie.Services.Monitor.Tests.XUnit.ServicesStatusTests</name>
   <plan>SSM-MAS-JOB1</plan>
  </testClass>
  <testClass>
   <id>53936143</id>
   <name>Selkie.Services.Monitor.Tests.XUnit.ServiceTests</name>
   <plan>SSM-MAS-JOB1</plan>
  </testClass>
  <testClass>
   <id>53936144</id>
   <name>Selkie.Services.Monitor.Tests.XUnit.StatusRequestMonitorTests</name>
   <plan>SSM-MAS-JOB1</plan>
  </testClass>
  <testClass>
   <id>53936145</id>
   <name>Selkie.Services.Monitor.Tests.XUnit.RestartServiceMonitorTests</name>
   <plan>SSM-MAS-JOB1</plan>
  </testClass>
  <testClass>
   <id>53936146</id>
   <name>Selkie.Services.Monitor.Tests.Configuration.XUnit.ServiceProcessCreatorTests</name>
   <plan>SSM-MAS-JOB1</plan>
  </testClass>
  <testClass>
   <id>53936147</id>
   <name>Selkie.Services.Monitor.Tests.XUnit.ServicesStopperTests</name>
   <plan>SSM-MAS-JOB1</plan>
  </testClass>
  <testClass>
   <id>53936148</id>
   <name>Selkie.Services.Racetracks.Tests.Converters.Dtos.XUnit.PointToPointDtoConverterTests.Convert_SetsPointDto_ForPoint(point: [64,217], sut: Selkie.Services.Racetracks.Converters.Dtos</name>
   <plan>SSR-MAS-JOB1</plan>
  </testClass>
  <testClass>
   <id>54624257</id>
   <name>Selkie.Services.Racetracks.Tests.Converters.Dtos.XUnit.PointToPointDtoConverterTests.Convert_SetsPointDto_ForPoint(point: [55,221], sut: Selkie.Services.Racetracks.Converters.Dtos</name>
   <plan>SSR-MAS-JOB1</plan>
  </testClass>
  <testClass>
   <id>54624258</id>
   <name>Selkie.Services.Racetracks.Tests.Converters.Dtos.XUnit.PointToPointDtoConverterTests.Convert_SetsPointDto_ForPoint(point: [242,19], sut: Selkie.Services.Racetracks.Converters.Dtos</name>
   <plan>SSR-MAS-JOB1</plan>
  </testClass>
  <testClass>
   <id>54951937</id>
   <name>Selkie.Geometry.Tests.Shapes.NUnit.TurnCircleArcSegmentTests</name>
   <plan>SG-MAS-JOB1</plan>
  </testClass>
  <testClass>
   <id>54951938</id>
   <name>Selkie.Geometry.Tests.Shapes.NUnit.TurnCircleTests</name>
   <plan>SG-MAS-JOB1</plan>
  </testClass>
 </testClasses>
</bamboo>