<?xml version='1.0' encoding='UTF-8'?>
<backup xmlns="http://www.atlassian.com/ao" xmlns:xsi="http://www.w3.org/2001/XMLSchema-instance">
  <database>
    <meta key="database.name" value="HSQL Database Engine"/>
    <meta key="database.version" value="1.8.0"/>
    <meta key="database.minorVersion" value="8"/>
    <meta key="database.majorVersion" value="1"/>
    <meta key="driver.name" value="HSQL Database Engine Driver"/>
    <meta key="driver.version" value="1.8.0"/>
  </database>
  <table name="AO_38321B_CUSTOM_CONTENT_LINK">
    <column name="CONTENT_KEY" primaryKey="false" autoIncrement="false" sqlType="12" precision="255"/>
    <column name="ID" primaryKey="true" autoIncrement="true" sqlType="4" precision="10"/>
    <column name="LINK_LABEL" primaryKey="false" autoIncrement="false" sqlType="12" precision="255"/>
    <column name="LINK_URL" primaryKey="false" autoIncrement="false" sqlType="12" precision="255"/>
    <column name="SEQUENCE" primaryKey="false" autoIncrement="false" sqlType="4" precision="10"/>
  </table>
  <table name="AO_7A45FB_AOTRACKING_ENTRY">
    <column name="ACTIVE" primaryKey="false" autoIncrement="false" sqlType="16" precision="1"/>
    <column name="PLAN_ID" primaryKey="false" autoIncrement="false" sqlType="-5" precision="19"/>
    <column name="TRACKING_ID" primaryKey="true" autoIncrement="true" sqlType="4" precision="10"/>
  </table>
  <table name="AO_7A45FB_AOTRACKING_RESULT">
    <column name="BUILD_NUMBER" primaryKey="false" autoIncrement="false" sqlType="4" precision="10"/>
    <column name="LINKED_TRACKING_ENTRY_ID" primaryKey="false" autoIncrement="false" sqlType="4" precision="10"/>
    <column name="RESULT_ID" primaryKey="true" autoIncrement="true" sqlType="4" precision="10"/>
    <column name="RESULT_SUMMARY_ID" primaryKey="false" autoIncrement="false" sqlType="-5" precision="19"/>
    <foreignKey fromTable="AO_7A45FB_AOTRACKING_RESULT" fromColumn="LINKED_TRACKING_ENTRY_ID" toTable="AO_7A45FB_AOTRACKING_ENTRY" toColumn="TRACKING_ID"/>
  </table>
  <table name="AO_7A45FB_AOTRACKING_USER">
    <column name="LINKED_TRACKING_ENTRY_ID" primaryKey="false" autoIncrement="false" sqlType="4" precision="10"/>
    <column name="USERNAME" primaryKey="false" autoIncrement="false" sqlType="12" precision="255"/>
    <column name="USER_ID" primaryKey="true" autoIncrement="true" sqlType="4" precision="10"/>
    <column name="USER_WHO_UPDATED" primaryKey="false" autoIncrement="false" sqlType="12" precision="255"/>
    <foreignKey fromTable="AO_7A45FB_AOTRACKING_USER" fromColumn="LINKED_TRACKING_ENTRY_ID" toTable="AO_7A45FB_AOTRACKING_ENTRY" toColumn="TRACKING_ID"/>
  </table>
  <table name="AO_88263F_HEALTH_CHECK_STATUS">
    <column name="APPLICATION_NAME" primaryKey="false" autoIncrement="false" sqlType="12" precision="255"/>
    <column name="DESCRIPTION" primaryKey="false" autoIncrement="false" sqlType="12" precision="255"/>
    <column name="FAILED_DATE" primaryKey="false" autoIncrement="false" sqlType="93" precision="29"/>
    <column name="FAILURE_REASON" primaryKey="false" autoIncrement="false" sqlType="12" precision="450"/>
    <column name="ID" primaryKey="true" autoIncrement="true" sqlType="4" precision="10"/>
    <column name="IS_HEALTHY" primaryKey="false" autoIncrement="false" sqlType="16" precision="1"/>
    <column name="IS_RESOLVED" primaryKey="false" autoIncrement="false" sqlType="16" precision="1"/>
    <column name="RESOLVED_DATE" primaryKey="false" autoIncrement="false" sqlType="93" precision="29"/>
    <column name="SEVERITY" primaryKey="false" autoIncrement="false" sqlType="12" precision="255"/>
    <column name="STATUS_NAME" primaryKey="false" autoIncrement="false" sqlType="12" precision="255"/>
  </table>
  <table name="AO_88263F_PROPERTIES">
    <column name="ID" primaryKey="true" autoIncrement="true" sqlType="4" precision="10"/>
    <column name="PROPERTY_NAME" primaryKey="false" autoIncrement="false" sqlType="12" precision="255"/>
    <column name="PROPERTY_VALUE" primaryKey="false" autoIncrement="false" sqlType="12" precision="255"/>
  </table>
  <table name="AO_88263F_READ_NOTIFICATIONS">
    <column name="ID" primaryKey="true" autoIncrement="true" sqlType="4" precision="10"/>
    <column name="IS_SNOOZED" primaryKey="false" autoIncrement="false" sqlType="16" precision="1"/>
    <column name="NOTIFICATION_ID" primaryKey="false" autoIncrement="false" sqlType="4" precision="10"/>
    <column name="SNOOZE_COUNT" primaryKey="false" autoIncrement="false" sqlType="4" precision="10"/>
    <column name="SNOOZE_DATE" primaryKey="false" autoIncrement="false" sqlType="93" precision="29"/>
    <column name="USER_KEY" primaryKey="false" autoIncrement="false" sqlType="12" precision="255"/>
  </table>
  <table name="AO_A0B856_WEB_HOOK_LISTENER_AO">
    <column name="DESCRIPTION" primaryKey="false" autoIncrement="false" sqlType="-1" precision="2147483647"/>
    <column name="ENABLED" primaryKey="false" autoIncrement="false" sqlType="16" precision="1"/>
    <column name="EVENTS" primaryKey="false" autoIncrement="false" sqlType="-1" precision="2147483647"/>
    <column name="EXCLUDE_BODY" primaryKey="false" autoIncrement="false" sqlType="16" precision="1"/>
    <column name="FILTERS" primaryKey="false" autoIncrement="false" sqlType="-1" precision="2147483647"/>
    <column name="ID" primaryKey="true" autoIncrement="true" sqlType="4" precision="10"/>
    <column name="LAST_UPDATED" primaryKey="false" autoIncrement="false" sqlType="93" precision="29"/>
    <column name="LAST_UPDATED_USER" primaryKey="false" autoIncrement="false" sqlType="12" precision="255"/>
    <column name="NAME" primaryKey="false" autoIncrement="false" sqlType="-1" precision="2147483647"/>
    <column name="PARAMETERS" primaryKey="false" autoIncrement="false" sqlType="-1" precision="2147483647"/>
    <column name="REGISTRATION_METHOD" primaryKey="false" autoIncrement="false" sqlType="12" precision="255"/>
    <column name="URL" primaryKey="false" autoIncrement="false" sqlType="-1" precision="2147483647"/>
  </table>
  <data tableName="AO_38321B_CUSTOM_CONTENT_LINK">
    <column name="CONTENT_KEY"/>
    <column name="ID"/>
    <column name="LINK_LABEL"/>
    <column name="LINK_URL"/>
    <column name="SEQUENCE"/>
  </data>
  <data tableName="AO_7A45FB_AOTRACKING_ENTRY">
    <column name="ACTIVE"/>
    <column name="PLAN_ID"/>
    <column name="TRACKING_ID"/>
    <row>
      <boolean>false</boolean>
      <integer>393217</integer>
      <integer>1</integer>
    </row>
    <row>
      <boolean>false</boolean>
      <integer>393217</integer>
      <integer>2</integer>
    </row>
    <row>
      <boolean>false</boolean>
      <integer>393217</integer>
      <integer>3</integer>
    </row>
    <row>
      <boolean>false</boolean>
      <integer>1048578</integer>
      <integer>4</integer>
    </row>
    <row>
      <boolean>false</boolean>
      <integer>393217</integer>
      <integer>5</integer>
    </row>
    <row>
      <boolean>false</boolean>
      <integer>393217</integer>
      <integer>6</integer>
    </row>
    <row>
      <boolean>false</boolean>
      <integer>393217</integer>
      <integer>7</integer>
    </row>
    <row>
      <boolean>false</boolean>
      <integer>393217</integer>
      <integer>8</integer>
    </row>
    <row>
      <boolean>false</boolean>
      <integer>393217</integer>
      <integer>9</integer>
    </row>
    <row>
      <boolean>false</boolean>
      <integer>393217</integer>
      <integer>10</integer>
    </row>
    <row>
      <boolean>false</boolean>
      <integer>393217</integer>
      <integer>11</integer>
    </row>
    <row>
      <boolean>false</boolean>
      <integer>393217</integer>
      <integer>12</integer>
    </row>
    <row>
      <boolean>false</boolean>
      <integer>393217</integer>
      <integer>13</integer>
    </row>
    <row>
      <boolean>false</boolean>
      <integer>393217</integer>
      <integer>14</integer>
    </row>
    <row>
      <boolean>false</boolean>
      <integer>393217</integer>
      <integer>15</integer>
    </row>
    <row>
      <boolean>false</boolean>
      <integer>393217</integer>
      <integer>16</integer>
    </row>
    <row>
      <boolean>false</boolean>
      <integer>393217</integer>
      <integer>17</integer>
    </row>
    <row>
      <boolean>false</boolean>
      <integer>5013509</integer>
      <integer>19</integer>
    </row>
    <row>
      <boolean>false</boolean>
      <integer>5013509</integer>
      <integer>20</integer>
    </row>
    <row>
      <boolean>false</boolean>
      <integer>6553601</integer>
      <integer>21</integer>
    </row>
    <row>
      <boolean>false</boolean>
      <integer>6553601</integer>
      <integer>22</integer>
    </row>
    <row>
      <boolean>false</boolean>
      <integer>6553601</integer>
      <integer>23</integer>
    </row>
    <row>
      <boolean>false</boolean>
      <integer>6553601</integer>
      <integer>24</integer>
    </row>
    <row>
      <boolean>false</boolean>
      <integer>6553601</integer>
      <integer>25</integer>
    </row>
    <row>
      <boolean>false</boolean>
      <integer>393217</integer>
      <integer>26</integer>
    </row>
    <row>
      <boolean>false</boolean>
      <integer>393217</integer>
      <integer>27</integer>
    </row>
    <row>
      <boolean>false</boolean>
      <integer>7569412</integer>
      <integer>29</integer>
    </row>
    <row>
      <boolean>false</boolean>
      <integer>5013509</integer>
      <integer>30</integer>
    </row>
    <row>
      <boolean>false</boolean>
      <integer>7569412</integer>
      <integer>31</integer>
    </row>
    <row>
      <boolean>false</boolean>
      <integer>7569415</integer>
      <integer>32</integer>
    </row>
    <row>
      <boolean>false</boolean>
      <integer>7569415</integer>
      <integer>33</integer>
    </row>
    <row>
      <boolean>false</boolean>
      <integer>7569415</integer>
      <integer>34</integer>
    </row>
    <row>
      <boolean>false</boolean>
      <integer>7569415</integer>
      <integer>35</integer>
    </row>
    <row>
      <boolean>false</boolean>
      <integer>7569415</integer>
      <integer>36</integer>
    </row>
    <row>
      <boolean>false</boolean>
      <integer>7569415</integer>
      <integer>37</integer>
    </row>
    <row>
      <boolean>false</boolean>
      <integer>7569415</integer>
      <integer>38</integer>
    </row>
    <row>
      <boolean>false</boolean>
      <integer>7569415</integer>
      <integer>39</integer>
    </row>
    <row>
      <boolean>false</boolean>
      <integer>7569415</integer>
      <integer>40</integer>
    </row>
    <row>
      <boolean>false</boolean>
      <integer>7569415</integer>
      <integer>41</integer>
    </row>
    <row>
      <boolean>false</boolean>
      <integer>5013509</integer>
      <integer>42</integer>
    </row>
    <row>
      <boolean>false</boolean>
      <integer>393217</integer>
      <integer>43</integer>
    </row>
    <row>
      <boolean>false</boolean>
      <integer>393217</integer>
      <integer>44</integer>
    </row>
    <row>
      <boolean>false</boolean>
      <integer>7569415</integer>
      <integer>45</integer>
    </row>
    <row>
      <boolean>false</boolean>
      <integer>5013509</integer>
      <integer>46</integer>
    </row>
    <row>
      <boolean>false</boolean>
      <integer>7569415</integer>
      <integer>48</integer>
    </row>
    <row>
      <boolean>false</boolean>
      <integer>7569412</integer>
      <integer>49</integer>
    </row>
    <row>
      <boolean>false</boolean>
      <integer>12845062</integer>
      <integer>50</integer>
    </row>
    <row>
      <boolean>false</boolean>
      <integer>393217</integer>
      <integer>51</integer>
    </row>
    <row>
      <boolean>false</boolean>
      <integer>7569412</integer>
      <integer>52</integer>
    </row>
    <row>
      <boolean>false</boolean>
      <integer>393217</integer>
      <integer>53</integer>
    </row>
    <row>
      <boolean>false</boolean>
      <integer>6553601</integer>
      <integer>54</integer>
    </row>
    <row>
      <boolean>false</boolean>
      <integer>7569415</integer>
      <integer>55</integer>
    </row>
    <row>
      <boolean>false</boolean>
      <integer>12845062</integer>
      <integer>56</integer>
    </row>
    <row>
      <boolean>false</boolean>
      <integer>393217</integer>
      <integer>57</integer>
    </row>
    <row>
      <boolean>false</boolean>
      <integer>6553601</integer>
      <integer>58</integer>
    </row>
    <row>
      <boolean>false</boolean>
      <integer>5013509</integer>
      <integer>59</integer>
    </row>
    <row>
      <boolean>false</boolean>
      <integer>16547841</integer>
      <integer>60</integer>
    </row>
    <row>
      <boolean>false</boolean>
      <integer>16547844</integer>
      <integer>61</integer>
    </row>
    <row>
      <boolean>false</boolean>
      <integer>17661953</integer>
      <integer>62</integer>
    </row>
    <row>
      <boolean>false</boolean>
      <integer>17661953</integer>
      <integer>63</integer>
    </row>
    <row>
      <boolean>false</boolean>
      <integer>17661953</integer>
      <integer>64</integer>
    </row>
    <row>
      <boolean>false</boolean>
      <integer>17661953</integer>
      <integer>65</integer>
    </row>
    <row>
      <boolean>false</boolean>
      <integer>17661953</integer>
      <integer>66</integer>
    </row>
    <row>
      <boolean>false</boolean>
      <integer>7569415</integer>
      <integer>67</integer>
    </row>
    <row>
      <boolean>false</boolean>
      <integer>17661953</integer>
      <integer>68</integer>
    </row>
    <row>
      <boolean>false</boolean>
      <integer>5013509</integer>
      <integer>69</integer>
    </row>
    <row>
      <boolean>false</boolean>
      <integer>7569415</integer>
      <integer>70</integer>
    </row>
    <row>
      <boolean>false</boolean>
      <integer>6553601</integer>
      <integer>71</integer>
    </row>
    <row>
      <boolean>false</boolean>
      <integer>23953412</integer>
      <integer>72</integer>
    </row>
    <row>
      <boolean>false</boolean>
      <integer>23953412</integer>
      <integer>73</integer>
    </row>
    <row>
      <boolean>false</boolean>
      <integer>23953412</integer>
      <integer>74</integer>
    </row>
    <row>
      <boolean>false</boolean>
      <integer>23953412</integer>
      <integer>75</integer>
    </row>
    <row>
      <boolean>false</boolean>
      <integer>26836993</integer>
      <integer>76</integer>
    </row>
    <row>
      <boolean>false</boolean>
      <integer>27721729</integer>
      <integer>77</integer>
    </row>
    <row>
      <boolean>false</boolean>
      <integer>29655041</integer>
      <integer>78</integer>
    </row>
    <row>
      <boolean>false</boolean>
      <integer>27721729</integer>
      <integer>79</integer>
    </row>
    <row>
      <boolean>false</boolean>
      <integer>17661953</integer>
      <integer>80</integer>
    </row>
    <row>
      <boolean>false</boolean>
      <integer>16547841</integer>
      <integer>81</integer>
    </row>
    <row>
      <boolean>false</boolean>
      <integer>29655041</integer>
      <integer>82</integer>
    </row>
    <row>
      <boolean>false</boolean>
      <integer>29655041</integer>
      <integer>83</integer>
    </row>
    <row>
      <boolean>false</boolean>
      <integer>23953412</integer>
      <integer>84</integer>
    </row>
    <row>
      <boolean>false</boolean>
      <integer>29655041</integer>
      <integer>85</integer>
    </row>
    <row>
      <boolean>false</boolean>
      <integer>23953412</integer>
      <integer>86</integer>
    </row>
    <row>
      <boolean>false</boolean>
      <integer>23953412</integer>
      <integer>87</integer>
    </row>
    <row>
      <boolean>false</boolean>
      <integer>23953412</integer>
      <integer>88</integer>
    </row>
    <row>
      <boolean>false</boolean>
      <integer>12845062</integer>
      <integer>89</integer>
    </row>
    <row>
      <boolean>false</boolean>
      <integer>7569415</integer>
      <integer>90</integer>
    </row>
    <row>
      <boolean>false</boolean>
      <integer>5013509</integer>
      <integer>91</integer>
    </row>
    <row>
      <boolean>false</boolean>
      <integer>7569415</integer>
      <integer>92</integer>
    </row>
    <row>
      <boolean>false</boolean>
      <integer>16547841</integer>
      <integer>93</integer>
    </row>
    <row>
      <boolean>false</boolean>
      <integer>5013509</integer>
      <integer>94</integer>
    </row>
    <row>
      <boolean>false</boolean>
      <integer>5013509</integer>
      <integer>95</integer>
    </row>
    <row>
      <boolean>false</boolean>
      <integer>5013509</integer>
      <integer>96</integer>
    </row>
    <row>
      <boolean>false</boolean>
      <integer>12845062</integer>
      <integer>97</integer>
    </row>
    <row>
      <boolean>false</boolean>
      <integer>7569412</integer>
      <integer>98</integer>
    </row>
    <row>
      <boolean>false</boolean>
      <integer>29655041</integer>
      <integer>99</integer>
    </row>
    <row>
      <boolean>false</boolean>
      <integer>29655041</integer>
      <integer>100</integer>
    </row>
    <row>
      <boolean>false</boolean>
      <integer>23953412</integer>
      <integer>101</integer>
    </row>
    <row>
      <boolean>false</boolean>
      <integer>26836993</integer>
      <integer>102</integer>
    </row>
    <row>
      <boolean>false</boolean>
      <integer>34865154</integer>
      <integer>103</integer>
    </row>
    <row>
      <boolean>false</boolean>
      <integer>34865154</integer>
      <integer>104</integer>
    </row>
    <row>
      <boolean>false</boolean>
      <integer>34865154</integer>
      <integer>105</integer>
    </row>
    <row>
      <boolean>false</boolean>
      <integer>37388292</integer>
      <integer>106</integer>
    </row>
    <row>
      <boolean>false</boolean>
      <integer>23953412</integer>
      <integer>107</integer>
    </row>
    <row>
      <boolean>false</boolean>
      <integer>29655041</integer>
      <integer>108</integer>
    </row>
    <row>
      <boolean>false</boolean>
      <integer>26836993</integer>
      <integer>109</integer>
    </row>
    <row>
      <boolean>false</boolean>
      <integer>7569415</integer>
      <integer>110</integer>
    </row>
    <row>
      <boolean>false</boolean>
      <integer>16547844</integer>
      <integer>111</integer>
    </row>
    <row>
      <boolean>false</boolean>
      <integer>23953412</integer>
      <integer>112</integer>
    </row>
    <row>
      <boolean>false</boolean>
      <integer>26836993</integer>
      <integer>113</integer>
    </row>
    <row>
      <boolean>false</boolean>
      <integer>27721729</integer>
      <integer>114</integer>
    </row>
    <row>
      <boolean>false</boolean>
      <integer>26836993</integer>
      <integer>115</integer>
    </row>
    <row>
      <boolean>false</boolean>
      <integer>27721729</integer>
      <integer>116</integer>
    </row>
    <row>
      <boolean>false</boolean>
      <integer>23953412</integer>
      <integer>117</integer>
    </row>
    <row>
      <boolean>false</boolean>
      <integer>27721729</integer>
      <integer>118</integer>
    </row>
    <row>
      <boolean>false</boolean>
      <integer>37388292</integer>
      <integer>119</integer>
    </row>
    <row>
      <boolean>false</boolean>
      <integer>34865154</integer>
      <integer>120</integer>
    </row>
    <row>
      <boolean>false</boolean>
      <integer>37388292</integer>
      <integer>121</integer>
    </row>
    <row>
      <boolean>false</boolean>
      <integer>34865154</integer>
      <integer>122</integer>
    </row>
    <row>
      <boolean>false</boolean>
      <integer>23953412</integer>
      <integer>123</integer>
    </row>
    <row>
      <boolean>false</boolean>
      <integer>16547844</integer>
      <integer>124</integer>
    </row>
    <row>
      <boolean>false</boolean>
      <integer>5013509</integer>
      <integer>125</integer>
    </row>
    <row>
      <boolean>false</boolean>
      <integer>26836993</integer>
      <integer>126</integer>
    </row>
    <row>
      <boolean>false</boolean>
      <integer>7569415</integer>
      <integer>127</integer>
    </row>
    <row>
      <boolean>false</boolean>
      <integer>7569415</integer>
      <integer>128</integer>
    </row>
    <row>
      <boolean>false</boolean>
      <integer>26836993</integer>
      <integer>129</integer>
    </row>
    <row>
      <boolean>false</boolean>
      <integer>34865154</integer>
      <integer>130</integer>
    </row>
    <row>
      <boolean>false</boolean>
      <integer>26836993</integer>
      <integer>131</integer>
    </row>
    <row>
      <boolean>false</boolean>
      <integer>26836993</integer>
      <integer>132</integer>
    </row>
    <row>
      <boolean>false</boolean>
      <integer>7569415</integer>
      <integer>133</integer>
    </row>
    <row>
      <boolean>false</boolean>
      <integer>23953412</integer>
      <integer>134</integer>
    </row>
    <row>
      <boolean>false</boolean>
      <integer>27721729</integer>
      <integer>135</integer>
    </row>
    <row>
      <boolean>false</boolean>
      <integer>26836993</integer>
      <integer>136</integer>
    </row>
    <row>
      <boolean>false</boolean>
      <integer>12845062</integer>
      <integer>137</integer>
    </row>
    <row>
      <boolean>false</boolean>
      <integer>26836993</integer>
      <integer>138</integer>
    </row>
    <row>
      <boolean>false</boolean>
      <integer>26836993</integer>
      <integer>139</integer>
    </row>
    <row>
      <boolean>false</boolean>
      <integer>16547841</integer>
      <integer>140</integer>
    </row>
    <row>
      <boolean>false</boolean>
      <integer>6553601</integer>
      <integer>141</integer>
    </row>
    <row>
      <boolean>false</boolean>
      <integer>17661953</integer>
      <integer>142</integer>
    </row>
    <row>
      <boolean>false</boolean>
      <integer>29655041</integer>
      <integer>143</integer>
    </row>
    <row>
      <boolean>false</boolean>
      <integer>7569415</integer>
      <integer>144</integer>
    </row>
    <row>
      <boolean>false</boolean>
      <integer>23953412</integer>
      <integer>145</integer>
    </row>
    <row>
      <boolean>false</boolean>
      <integer>26836993</integer>
      <integer>146</integer>
    </row>
    <row>
      <boolean>false</boolean>
      <integer>27721729</integer>
      <integer>147</integer>
    </row>
    <row>
      <boolean>false</boolean>
      <integer>16547844</integer>
      <integer>148</integer>
    </row>
    <row>
      <boolean>false</boolean>
      <integer>12845062</integer>
      <integer>149</integer>
    </row>
    <row>
      <boolean>false</boolean>
      <integer>55967745</integer>
      <integer>150</integer>
    </row>
    <row>
      <boolean>false</boolean>
      <integer>12845062</integer>
      <integer>151</integer>
    </row>
    <row>
      <boolean>false</boolean>
      <integer>23953412</integer>
      <integer>152</integer>
    </row>
    <row>
      <boolean>false</boolean>
      <integer>26836993</integer>
      <integer>153</integer>
    </row>
    <row>
      <boolean>false</boolean>
      <integer>27721729</integer>
      <integer>154</integer>
    </row>
    <row>
      <boolean>false</boolean>
      <integer>26836993</integer>
      <integer>155</integer>
    </row>
    <row>
      <boolean>false</boolean>
      <integer>27721729</integer>
      <integer>156</integer>
    </row>
    <row>
      <boolean>false</boolean>
      <integer>26836993</integer>
      <integer>157</integer>
    </row>
    <row>
      <boolean>false</boolean>
      <integer>23953412</integer>
      <integer>158</integer>
    </row>
    <row>
      <boolean>false</boolean>
      <integer>29655041</integer>
      <integer>159</integer>
    </row>
    <row>
      <boolean>false</boolean>
      <integer>26836993</integer>
      <integer>160</integer>
    </row>
    <row>
      <boolean>false</boolean>
      <integer>26836993</integer>
      <integer>161</integer>
    </row>
    <row>
      <boolean>false</boolean>
      <integer>5013509</integer>
      <integer>162</integer>
    </row>
    <row>
      <boolean>false</boolean>
      <integer>12845062</integer>
      <integer>163</integer>
    </row>
    <row>
      <boolean>false</boolean>
      <integer>5013509</integer>
      <integer>164</integer>
    </row>
    <row>
      <boolean>false</boolean>
      <integer>12845062</integer>
      <integer>165</integer>
    </row>
    <row>
      <boolean>false</boolean>
      <integer>17661953</integer>
      <integer>166</integer>
    </row>
    <row>
      <boolean>false</boolean>
      <integer>55967745</integer>
      <integer>167</integer>
    </row>
    <row>
      <boolean>false</boolean>
      <integer>29655041</integer>
      <integer>168</integer>
    </row>
    <row>
      <boolean>false</boolean>
      <integer>16547841</integer>
      <integer>169</integer>
    </row>
    <row>
      <boolean>false</boolean>
      <integer>393217</integer>
      <integer>170</integer>
    </row>
    <row>
      <boolean>false</boolean>
      <integer>393217</integer>
      <integer>171</integer>
    </row>
    <row>
      <boolean>false</boolean>
      <integer>16547841</integer>
      <integer>172</integer>
    </row>
    <row>
      <boolean>false</boolean>
      <integer>16547844</integer>
      <integer>173</integer>
    </row>
    <row>
      <boolean>false</boolean>
      <integer>23953412</integer>
      <integer>174</integer>
    </row>
    <row>
      <boolean>false</boolean>
      <integer>26836993</integer>
      <integer>175</integer>
    </row>
    <row>
      <boolean>false</boolean>
      <integer>27721729</integer>
      <integer>176</integer>
    </row>
    <row>
      <boolean>false</boolean>
      <integer>70057985</integer>
      <integer>177</integer>
    </row>
    <row>
      <boolean>false</boolean>
      <integer>26836993</integer>
      <integer>178</integer>
    </row>
    <row>
      <boolean>false</boolean>
      <integer>34865154</integer>
      <integer>179</integer>
    </row>
    <row>
      <boolean>false</boolean>
      <integer>23953412</integer>
      <integer>180</integer>
    </row>
    <row>
      <boolean>false</boolean>
      <integer>37388292</integer>
      <integer>181</integer>
    </row>
    <row>
      <boolean>false</boolean>
      <integer>37388292</integer>
      <integer>182</integer>
    </row>
    <row>
      <boolean>false</boolean>
      <integer>16547844</integer>
      <integer>183</integer>
    </row>
    <row>
      <boolean>false</boolean>
      <integer>26836993</integer>
      <integer>184</integer>
    </row>
    <row>
      <boolean>false</boolean>
      <integer>26836993</integer>
      <integer>185</integer>
    </row>
    <row>
      <boolean>false</boolean>
      <integer>27721729</integer>
      <integer>186</integer>
    </row>
    <row>
      <boolean>false</boolean>
      <integer>26836993</integer>
      <integer>187</integer>
    </row>
    <row>
      <boolean>false</boolean>
      <integer>26836993</integer>
      <integer>188</integer>
    </row>
    <row>
      <boolean>false</boolean>
      <integer>26836993</integer>
      <integer>189</integer>
    </row>
    <row>
      <boolean>false</boolean>
      <integer>26836993</integer>
      <integer>190</integer>
    </row>
    <row>
      <boolean>false</boolean>
      <integer>17661953</integer>
      <integer>191</integer>
    </row>
    <row>
      <boolean>false</boolean>
      <integer>26836993</integer>
      <integer>192</integer>
    </row>
    <row>
      <boolean>false</boolean>
      <integer>27721729</integer>
      <integer>193</integer>
    </row>
    <row>
      <boolean>false</boolean>
      <integer>70057985</integer>
      <integer>194</integer>
    </row>
    <row>
      <boolean>false</boolean>
      <integer>12845062</integer>
      <integer>195</integer>
    </row>
    <row>
      <boolean>false</boolean>
      <integer>16547841</integer>
      <integer>196</integer>
    </row>
    <row>
      <boolean>false</boolean>
      <integer>27721729</integer>
      <integer>197</integer>
    </row>
    <row>
      <boolean>false</boolean>
      <integer>26836993</integer>
      <integer>198</integer>
    </row>
    <row>
      <boolean>false</boolean>
      <integer>27721729</integer>
      <integer>199</integer>
    </row>
    <row>
      <boolean>false</boolean>
      <integer>7569412</integer>
      <integer>200</integer>
    </row>
    <row>
      <boolean>false</boolean>
      <integer>7569412</integer>
      <integer>201</integer>
    </row>
    <row>
      <boolean>false</boolean>
      <integer>34865154</integer>
      <integer>202</integer>
    </row>
    <row>
      <boolean>false</boolean>
      <integer>26836993</integer>
      <integer>203</integer>
    </row>
    <row>
      <boolean>false</boolean>
      <integer>5013509</integer>
      <integer>204</integer>
    </row>
    <row>
      <boolean>false</boolean>
      <integer>27721729</integer>
      <integer>205</integer>
    </row>
    <row>
      <boolean>false</boolean>
      <integer>27721729</integer>
      <integer>206</integer>
    </row>
    <row>
      <boolean>false</boolean>
      <integer>27721729</integer>
      <integer>207</integer>
    </row>
    <row>
      <boolean>false</boolean>
      <integer>5013509</integer>
      <integer>208</integer>
    </row>
  </data>
  <data tableName="AO_7A45FB_AOTRACKING_RESULT">
    <column name="BUILD_NUMBER"/>
    <column name="LINKED_TRACKING_ENTRY_ID"/>
    <column name="RESULT_ID"/>
    <column name="RESULT_SUMMARY_ID"/>
    <row>
      <integer>112</integer>
      <integer>201</integer>
      <integer>712</integer>
      <integer>83525675</integer>
    </row>
    <row>
      <integer>63</integer>
      <integer>202</integer>
      <integer>713</integer>
      <integer>83525691</integer>
    </row>
    <row>
      <integer>183</integer>
      <integer>205</integer>
      <integer>726</integer>
      <integer>84213803</integer>
    </row>
    <row>
      <integer>184</integer>
      <integer>205</integer>
      <integer>727</integer>
      <integer>84213805</integer>
    </row>
    <row>
      <integer>185</integer>
      <integer>205</integer>
      <integer>728</integer>
      <integer>84213807</integer>
    </row>
    <row>
      <integer>186</integer>
      <integer>205</integer>
      <integer>729</integer>
      <integer>84213809</integer>
    </row>
    <row>
      <integer>187</integer>
      <integer>205</integer>
      <integer>730</integer>
      <integer>84213811</integer>
    </row>
    <row>
      <integer>188</integer>
      <integer>205</integer>
      <integer>731</integer>
      <integer>84213813</integer>
    </row>
    <row>
      <integer>189</integer>
      <integer>205</integer>
      <integer>732</integer>
      <integer>84213815</integer>
    </row>
    <row>
      <integer>190</integer>
      <integer>205</integer>
      <integer>733</integer>
      <integer>84213817</integer>
    </row>
    <row>
      <integer>192</integer>
      <integer>206</integer>
      <integer>734</integer>
      <integer>84508673</integer>
    </row>
    <row>
      <integer>193</integer>
      <integer>206</integer>
      <integer>735</integer>
      <integer>84508675</integer>
    </row>
    <row>
      <integer>194</integer>
      <integer>206</integer>
      <integer>736</integer>
      <integer>84508677</integer>
    </row>
    <row>
      <integer>195</integer>
      <integer>206</integer>
      <integer>737</integer>
      <integer>84508679</integer>
    </row>
    <row>
      <integer>196</integer>
      <integer>206</integer>
      <integer>738</integer>
      <integer>84508681</integer>
    </row>
    <row>
      <integer>197</integer>
      <integer>206</integer>
      <integer>739</integer>
      <integer>84508683</integer>
    </row>
    <row>
      <integer>198</integer>
      <integer>206</integer>
      <integer>740</integer>
      <integer>84508685</integer>
    </row>
    <row>
      <integer>199</integer>
      <integer>206</integer>
      <integer>741</integer>
      <integer>84508687</integer>
    </row>
    <row>
      <integer>200</integer>
      <integer>206</integer>
      <integer>742</integer>
      <integer>84508689</integer>
    </row>
    <row>
      <integer>201</integer>
      <integer>206</integer>
      <integer>743</integer>
      <integer>84508691</integer>
    </row>
    <row>
      <integer>207</integer>
      <integer>207</integer>
      <integer>744</integer>
      <integer>84508705</integer>
    </row>
    <row>
      <integer>208</integer>
      <integer>207</integer>
      <integer>745</integer>
      <integer>84508707</integer>
    </row>
    <row>
      <integer>219</integer>
      <integer>208</integer>
      <integer>746</integer>
      <integer>84508775</integer>
    </row>
    <row>
      <integer>220</integer>
      <integer>208</integer>
      <integer>747</integer>
      <integer>84508789</integer>
    </row>
  </data>
  <data tableName="AO_7A45FB_AOTRACKING_USER">
    <column name="LINKED_TRACKING_ENTRY_ID"/>
    <column name="USERNAME"/>
    <column name="USER_ID"/>
    <column name="USER_WHO_UPDATED"/>
    <row>
      <integer>30</integer>
      <string>thomas</string>
      <integer>1</integer>
      <string xsi:nil="true"/>
    </row>
    <row>
      <integer>42</integer>
      <string>thomas</string>
      <integer>2</integer>
      <string xsi:nil="true"/>
    </row>
    <row>
      <integer>45</integer>
      <string>thomas</string>
      <integer>3</integer>
      <string xsi:nil="true"/>
    </row>
    <row>
      <integer>46</integer>
      <string>thomas</string>
      <integer>4</integer>
      <string xsi:nil="true"/>
    </row>
    <row>
      <integer>51</integer>
      <string>thomas</string>
      <integer>6</integer>
      <string xsi:nil="true"/>
    </row>
    <row>
      <integer>52</integer>
      <string>thomas</string>
      <integer>7</integer>
      <string xsi:nil="true"/>
    </row>
    <row>
      <integer>53</integer>
      <string>thomas</string>
      <integer>8</integer>
      <string xsi:nil="true"/>
    </row>
    <row>
      <integer>55</integer>
      <string>thomas</string>
      <integer>9</integer>
      <string xsi:nil="true"/>
    </row>
    <row>
      <integer>57</integer>
      <string>thomas</string>
      <integer>10</integer>
      <string xsi:nil="true"/>
    </row>
    <row>
      <integer>58</integer>
      <string>thomas</string>
      <integer>11</integer>
      <string xsi:nil="true"/>
    </row>
    <row>
      <integer>63</integer>
      <string>thomas</string>
      <integer>12</integer>
      <string xsi:nil="true"/>
    </row>
    <row>
      <integer>64</integer>
      <string>thomas</string>
      <integer>13</integer>
      <string xsi:nil="true"/>
    </row>
    <row>
      <integer>66</integer>
      <string>thomas</string>
      <integer>14</integer>
      <string xsi:nil="true"/>
    </row>
    <row>
      <integer>67</integer>
      <string>thomas</string>
      <integer>15</integer>
      <string xsi:nil="true"/>
    </row>
    <row>
      <integer>68</integer>
      <string>thomas</string>
      <integer>16</integer>
      <string xsi:nil="true"/>
    </row>
    <row>
      <integer>69</integer>
      <string>thomas</string>
      <integer>17</integer>
      <string xsi:nil="true"/>
    </row>
    <row>
      <integer>73</integer>
      <string>thomas</string>
      <integer>18</integer>
      <string xsi:nil="true"/>
    </row>
    <row>
      <integer>74</integer>
      <string>thomas</string>
      <integer>19</integer>
      <string xsi:nil="true"/>
    </row>
    <row>
      <integer>79</integer>
      <string>thomas</string>
      <integer>20</integer>
      <string xsi:nil="true"/>
    </row>
    <row>
      <integer>80</integer>
      <string>thomas</string>
      <integer>21</integer>
      <string xsi:nil="true"/>
    </row>
    <row>
      <integer>81</integer>
      <string>thomas</string>
      <integer>22</integer>
      <string xsi:nil="true"/>
    </row>
    <row>
      <integer>82</integer>
      <string>thomas</string>
      <integer>23</integer>
      <string xsi:nil="true"/>
    </row>
    <row>
      <integer>83</integer>
      <string>thomas</string>
      <integer>24</integer>
      <string xsi:nil="true"/>
    </row>
    <row>
      <integer>84</integer>
      <string>thomas</string>
      <integer>25</integer>
      <string xsi:nil="true"/>
    </row>
    <row>
      <integer>85</integer>
      <string>thomas</string>
      <integer>26</integer>
      <string xsi:nil="true"/>
    </row>
    <row>
      <integer>86</integer>
      <string>thomas</string>
      <integer>27</integer>
      <string xsi:nil="true"/>
    </row>
    <row>
      <integer>87</integer>
      <string>thomas</string>
      <integer>28</integer>
      <string xsi:nil="true"/>
    </row>
    <row>
      <integer>89</integer>
      <string>thomas</string>
      <integer>29</integer>
      <string xsi:nil="true"/>
    </row>
    <row>
      <integer>91</integer>
      <string>thomas</string>
      <integer>30</integer>
      <string xsi:nil="true"/>
    </row>
    <row>
      <integer>92</integer>
      <string>thomas</string>
      <integer>31</integer>
      <string xsi:nil="true"/>
    </row>
    <row>
      <integer>94</integer>
      <string>thomas</string>
      <integer>32</integer>
      <string xsi:nil="true"/>
    </row>
    <row>
      <integer>96</integer>
      <string>thomas</string>
      <integer>33</integer>
      <string xsi:nil="true"/>
    </row>
    <row>
      <integer>98</integer>
      <string>thomas</string>
      <integer>34</integer>
      <string xsi:nil="true"/>
    </row>
    <row>
      <integer>100</integer>
      <string>thomas</string>
      <integer>35</integer>
      <string xsi:nil="true"/>
    </row>
    <row>
      <integer>102</integer>
      <string>thomas</string>
      <integer>36</integer>
      <string xsi:nil="true"/>
    </row>
    <row>
      <integer>107</integer>
      <string>thomas</string>
      <integer>37</integer>
      <string xsi:nil="true"/>
    </row>
    <row>
      <integer>108</integer>
      <string>thomas</string>
      <integer>38</integer>
      <string xsi:nil="true"/>
    </row>
    <row>
      <integer>109</integer>
      <string>thomas</string>
      <integer>39</integer>
      <string xsi:nil="true"/>
    </row>
    <row>
      <integer>110</integer>
      <string>thomas</string>
      <integer>40</integer>
      <string xsi:nil="true"/>
    </row>
    <row>
      <integer>111</integer>
      <string>thomas</string>
      <integer>41</integer>
      <string xsi:nil="true"/>
    </row>
    <row>
      <integer>114</integer>
      <string>thomas</string>
      <integer>42</integer>
      <string xsi:nil="true"/>
    </row>
    <row>
      <integer>116</integer>
      <string>thomas</string>
      <integer>43</integer>
      <string xsi:nil="true"/>
    </row>
    <row>
      <integer>117</integer>
      <string>thomas</string>
      <integer>44</integer>
      <string xsi:nil="true"/>
    </row>
    <row>
      <integer>119</integer>
      <string>thomas</string>
      <integer>45</integer>
      <string xsi:nil="true"/>
    </row>
    <row>
      <integer>120</integer>
      <string>thomas</string>
      <integer>46</integer>
      <string xsi:nil="true"/>
    </row>
    <row>
      <integer>122</integer>
      <string>thomas</string>
      <integer>47</integer>
      <string xsi:nil="true"/>
    </row>
    <row>
      <integer>125</integer>
      <string>thomas</string>
      <integer>48</integer>
      <string xsi:nil="true"/>
    </row>
    <row>
      <integer>130</integer>
      <string>thomas</string>
      <integer>49</integer>
      <string xsi:nil="true"/>
    </row>
    <row>
      <integer>132</integer>
      <string>thomas</string>
      <integer>50</integer>
      <string xsi:nil="true"/>
    </row>
    <row>
      <integer>133</integer>
      <string>thomas</string>
      <integer>51</integer>
      <string xsi:nil="true"/>
    </row>
    <row>
      <integer>136</integer>
      <string>thomas</string>
      <integer>52</integer>
      <string xsi:nil="true"/>
    </row>
    <row>
      <integer>137</integer>
      <string>thomas</string>
      <integer>53</integer>
      <string xsi:nil="true"/>
    </row>
    <row>
      <integer>138</integer>
      <string>thomas</string>
      <integer>54</integer>
      <string xsi:nil="true"/>
    </row>
    <row>
      <integer>141</integer>
      <string>thomas</string>
      <integer>55</integer>
      <string xsi:nil="true"/>
    </row>
    <row>
      <integer>143</integer>
      <string>thomas</string>
      <integer>56</integer>
      <string xsi:nil="true"/>
    </row>
    <row>
      <integer>144</integer>
      <string>thomas</string>
      <integer>57</integer>
      <string xsi:nil="true"/>
    </row>
    <row>
      <integer>145</integer>
      <string>thomas</string>
      <integer>58</integer>
      <string xsi:nil="true"/>
    </row>
    <row>
      <integer>146</integer>
      <string>thomas</string>
      <integer>59</integer>
      <string xsi:nil="true"/>
    </row>
    <row>
      <integer>147</integer>
      <string>thomas</string>
      <integer>60</integer>
      <string xsi:nil="true"/>
    </row>
    <row>
      <integer>149</integer>
      <string>thomas</string>
      <integer>61</integer>
      <string xsi:nil="true"/>
    </row>
    <row>
      <integer>151</integer>
      <string>thomas</string>
      <integer>62</integer>
      <string xsi:nil="true"/>
    </row>
    <row>
      <integer>202</integer>
      <string>admin</string>
      <integer>63</integer>
      <string xsi:nil="true"/>
    </row>
    <row>
      <integer>205</integer>
      <string>admin</string>
      <integer>64</integer>
      <string xsi:nil="true"/>
    </row>
    <row>
      <integer>206</integer>
      <string>admin</string>
      <integer>65</integer>
      <string xsi:nil="true"/>
    </row>
    <row>
      <integer>207</integer>
      <string>admin</string>
      <integer>66</integer>
      <string xsi:nil="true"/>
    </row>
    <row>
      <integer>208</integer>
      <string>admin</string>
      <integer>67</integer>
      <string xsi:nil="true"/>
    </row>
  </data>
  <data tableName="AO_88263F_HEALTH_CHECK_STATUS">
    <column name="APPLICATION_NAME"/>
    <column name="DESCRIPTION"/>
    <column name="FAILED_DATE"/>
    <column name="FAILURE_REASON"/>
    <column name="ID"/>
    <column name="IS_HEALTHY"/>
    <column name="IS_RESOLVED"/>
    <column name="RESOLVED_DATE"/>
    <column name="SEVERITY"/>
    <column name="STATUS_NAME"/>
  </data>
  <data tableName="AO_88263F_PROPERTIES">
    <column name="ID"/>
    <column name="PROPERTY_NAME"/>
    <column name="PROPERTY_VALUE"/>
    <row>
      <integer>1</integer>
      <string>last-run</string>
      <string>1458084806801</string>
    </row>
  </data>
  <data tableName="AO_88263F_READ_NOTIFICATIONS">
    <column name="ID"/>
    <column name="IS_SNOOZED"/>
    <column name="NOTIFICATION_ID"/>
    <column name="SNOOZE_COUNT"/>
    <column name="SNOOZE_DATE"/>
    <column name="USER_KEY"/>
  </data>
  <data tableName="AO_A0B856_WEB_HOOK_LISTENER_AO">
    <column name="ENABLED"/>
    <column name="EVENTS"/>
    <column name="ID"/>
    <column name="LAST_UPDATED"/>
    <column name="LAST_UPDATED_USER"/>
    <column name="NAME"/>
    <column name="PARAMETERS"/>
    <column name="REGISTRATION_METHOD"/>
    <column name="URL"/>
    <column name="DESCRIPTION"/>
    <column name="FILTERS"/>
    <column name="EXCLUDE_BODY"/>
  </data>
</backup>