<?xml version='1.1' encoding='UTF-8' standalone='yes'?>
<bamboo>
 <date>Wed Mar 16 12:08:21 AEDT 2016</date>
 <version>5.10.1.1</version>
 <buildDate>08-Feb-2016</buildDate>
 <build>51018</build>
 <serverID>BG3Y-XJ99-GC6Z-FPP1</serverID>
 <authors>
  <author>
   <id>786433</id>
   <name>Tom &lt;Tom@gmail.com></name>
   <email>Tom@gmail.com</email>
   <linkedUser>thomas</linkedUser>
  </author>
  <author>
   <id>4784129</id>
   <name>[unknown]</name>
  </author>
  <author>
   <id>6717441</id>
   <name>Thomas Schroedter &lt;Thomas.Schroedter@gmx.net></name>
   <email>Thomas.Schroedter@gmx.net</email>
  </author>
  <author>
   <id>82935809</id>
   <name>thomas &lt;thomas.schroedter@gmx.net></name>
   <email>thomas.schroedter@gmx.net</email>
   <linkedUser>admin</linkedUser>
  </author>
 </authors>
</bamboo>