<?xml version='1.1' encoding='UTF-8' standalone='yes'?>
<bamboo>
 <date>Wed Mar 16 12:08:21 AEDT 2016</date>
 <version>5.10.1.1</version>
 <buildDate>08-Feb-2016</buildDate>
 <build>51018</build>
 <serverID>BG3Y-XJ99-GC6Z-FPP1</serverID>
 <labels>
  <label>
   <id>7503873</id>
   <creationDate>portable AD 2015-03-03 10:55:26.620 +1100</creationDate>
   <modificationDate>portable AD 2015-03-03 10:55:26.620 +1100</modificationDate>
   <name>:unmark-favourite</name>
   <namespace>thomas</namespace>
  </label>
 </labels>
</bamboo>