<?xml version='1.1' encoding='UTF-8' standalone='yes'?>
<bamboo>
 <date>Wed Mar 16 12:08:21 AEDT 2016</date>
 <version>5.10.1.1</version>
 <buildDate>08-Feb-2016</buildDate>
 <build>51018</build>
 <serverID>BG3Y-XJ99-GC6Z-FPP1</serverID>
 <sharedCapabilities>
  <local>
   <capability key="system.jdk.JDK 1.8.0_31 (JRE)" value="C:\Program Files\Java\jre1.8.0_31"/>
   <capability key="system.builder.msbuild.MSBuild v2.0 (32bit)" value="C:\WINDOWS\Microsoft.NET\Framework\v2.0.50727\MSBuild.exe"/>
   <capability key="system.builder.msbuild.MSBuild v12.0 (64bit)" value="C:\Program Files (x86)\MSBuild\12.0\bin\amd64\MSBuild.exe"/>
   <capability key="system.git.executable" value="C:\Program Files (x86)\Git\cmd\git.exe"/>
   <capability key="system.builder.nunit.NCrunch" value="C:\Development\bamboo-home\xml-data\build-dir\SW-MAS-JOB1>&quot;C:\Program Files (x86)\Remco Software\NCrunch Console Tool\NCrunch.exe"/>
   <capability key="system.builder.msbuild.MSBuild v3.5 (32bit)" value="C:\WINDOWS\Microsoft.NET\Framework\v3.5\MSBuild.exe"/>
   <capability key="system.jdk.JDK 1.8" value="C:\Program Files\Java\jre1.8.0_31"/>
   <capability key="system.builder.msbuild.MSBuild v14.0 (32bit)" value="C:\Program Files (x86)\MSBuild\14.0\bin\MSBuild.exe"/>
   <capability key="system.builder.devenv.Visual Studio 2012" value="C:\Program Files (x86)\Microsoft Visual Studio 11.0\Common7\IDE"/>
   <capability key="system.builder.msbuild.MSBuild v3.5 (64bit)" value="C:\WINDOWS\Microsoft.NET\Framework64\v3.5\MSBuild.exe"/>
   <capability key="system.jdk.JDK 1.8.0_66 (JRE)" value="C:\Program Files\Java\jre1.8.0_66"/>
   <capability key="system.builder.msbuild.MSBuild Amd64" value="C:\Program Files (x86)\MSBuild\12.0\Bin\amd64\msbuild.exe"/>
   <capability key="system.builder.msbuild.MSBuild v14.0 (64bit)" value="C:\Program Files (x86)\MSBuild\14.0\bin\amd64\MSBuild.exe"/>
   <capability key="system.builder.nunit.XUnit" value="C:\Development\Tools\xunit-build-1705\xunit.console.exe"/>
   <capability key="system.builder.msbuild.MSBuild v12.0 (32bit)" value="C:\Program Files (x86)\MSBuild\12.0\bin\MSBuild.exe"/>
   <capability key="system.builder.devenv.Visual Studio 2013" value="C:\Program Files (x86)\Microsoft Visual Studio 12.0\Common7\IDE"/>
   <capability key="system.builder.msbuild.MSBuild v4.0 (64bit)" value="C:\WINDOWS\Microsoft.NET\Framework64\v4.0.30319\MSBuild.exe"/>
   <capability key="system.builder.msbuild.MSBuild v2.0 (64bit)" value="C:\WINDOWS\Microsoft.NET\Framework64\v2.0.50727\MSBuild.exe"/>
   <capability key="system.builder.node.Node.js" value="C:\Program Files\nodejs\node.exe"/>
   <capability key="system.jdk.JDK" value="C:\Program Files\Java\jre1.8.0_31"/>
   <capability key="system.builder.msbuild.MSBuild v4.0 (32bit)" value="C:\WINDOWS\Microsoft.NET\Framework\v4.0.30319\MSBuild.exe"/>
   <capability key="system.builder.nunit.NUnit 2.6.4" value="C:\Development\Tools\NUnit 2.6.4\bin\nunit-console.exe"/>
  </local>
  <remote/>
 </sharedCapabilities>
</bamboo>