<AdministrationConfiguration>
  <myBaseUrl>http://localhost:8085</myBaseUrl>
  <myUseGzipCompression>true</myUseGzipCompression>
  <myInstanceName>Atlassian Bamboo</myInstanceName>
  <deploymentExpiryEnabled>true</deploymentExpiryEnabled>
  <myBuildExpiryConfiguration>
    <myPeriod>days</myPeriod>
    <myDuration>1</myDuration>
    <buildsToKeep>3</buildsToKeep>
    <maxIgnoredLogSize>-1</maxIgnoredLogSize>
    <expiryTypeNothing>false</expiryTypeNothing>
    <expiryTypeResult>true</expiryTypeResult>
    <expiryTypeArtifact>true</expiryTypeArtifact>
    <expiryTypeBuildLog>true</expiryTypeBuildLog>
    <labelsToKeep></labelsToKeep>
    <cronExpression>0 0 0 ? * *</cronExpression>
    <enabled>true</enabled>
  </myBuildExpiryConfiguration>
  <deploymentExpiryConfig>
    <expiryEnabled>true</expiryEnabled>
    <expiryTypes enum-type="com.atlassian.bamboo.deployments.expiry.DeploymentExpiryType">DEPLOYMENT_RESULT_LOG_EXPIRY,DEPLOYMENT_RESULT_EXPIRY,DEPLOYMENT_VERSION_ARTIFACTS_EXPIRY</expiryTypes>
    <expiryPeriod>P1D</expiryPeriod>
    <deploymentsToKeep>2</deploymentsToKeep>
    <maxIgnoredLogSize>-1</maxIgnoredLogSize>
  </deploymentExpiryConfig>
  <concurrentBuildConfig>
    <enabled>true</enabled>
    <numberConcurrentBuilds>1</numberConcurrentBuilds>
  </concurrentBuildConfig>
  <storageLimits>
    <softLimit>20</softLimit>
    <hardLimit>25</hardLimit>
  </storageLimits>
  <dashboardPageSize>50</dashboardPageSize>
  <enableSignup>true</enableSignup>
  <enableAnonymousAccess>true</enableAnonymousAccess>
  <enableExternalUserManagement>false</enableExternalUserManagement>
  <enableViewContactDetails>false</enableViewContactDetails>
  <enableRestrictedAdmin>false</enableRestrictedAdmin>
  <remoteAgentFunctionEnabled>false</remoteAgentFunctionEnabled>
  <remoteAgentAuthenticationEnabled>false</remoteAgentAuthenticationEnabled>
  <auditLoggingEnabled>true</auditLoggingEnabled>
  <gravatarSupportEnabled>true</gravatarSupportEnabled>
  <gravatarServerUrl>https://secure.gravatar.com/avatar/</gravatarServerUrl>
  <captchaConfiguration>
    <enableCaptcha>true</enableCaptcha>
    <enableCaptchaOnSignup>true</enableCaptchaOnSignup>
    <maxLoginAttempts>3</maxLoginAttempts>
  </captchaConfiguration>
  <scheduleBackupConfiguration>
    <backupCronExpression>0 0 0 ? * 7</backupCronExpression>
    <backupFilePrefix>bamboo_backup_</backupFilePrefix>
    <backupFileFormat>yyyy_MM_dd</backupFileFormat>
    <lastRanDate>1454677928174</lastRanDate>
    <isDisabled>false</isDisabled>
    <exportArtifacts>false</exportArtifacts>
    <awaitJobCompletion>false</awaitJobCompletion>
  </scheduleBackupConfiguration>
  <systemProperties/>
  <globalVariables/>
  <buildHangedInQueueNotificationTimeout>120</buildHangedInQueueNotificationTimeout>
  <repositorySettings>
    <useNtlmAuth>false</useNtlmAuth>
  </repositorySettings>
  <branchDetectionCheckInterval>300</branchDetectionCheckInterval>
  <xsrfProtectionEnabled>true</xsrfProtectionEnabled>
  <xsrfAllowsMutativeGets>false</xsrfAllowsMutativeGets>
  <quarantineConfiguration>
    <enabled>true</enabled>
    <expiryPeriod>P1W</expiryPeriod>
    <expiryOverridable>true</expiryOverridable>
  </quarantineConfiguration>
</AdministrationConfiguration>