<?xml version='1.0' encoding='UTF-8'?>
<backup xmlns="http://www.atlassian.com/ao" xmlns:xsi="http://www.w3.org/2001/XMLSchema-instance">
  <database>
    <meta key="database.name" value="HSQL Database Engine"/>
    <meta key="database.version" value="1.8.0"/>
    <meta key="database.minorVersion" value="8"/>
    <meta key="database.majorVersion" value="1"/>
    <meta key="driver.name" value="HSQL Database Engine Driver"/>
    <meta key="driver.version" value="1.8.0"/>
  </database>
  <table name="AO_38321B_CUSTOM_CONTENT_LINK">
    <column name="CONTENT_KEY" primaryKey="false" autoIncrement="false" sqlType="12" precision="255"/>
    <column name="ID" primaryKey="true" autoIncrement="true" sqlType="4" precision="10"/>
    <column name="LINK_LABEL" primaryKey="false" autoIncrement="false" sqlType="12" precision="255"/>
    <column name="LINK_URL" primaryKey="false" autoIncrement="false" sqlType="12" precision="255"/>
    <column name="SEQUENCE" primaryKey="false" autoIncrement="false" sqlType="4" precision="10"/>
  </table>
  <table name="AO_7A45FB_AOTRACKING_ENTRY">
    <column name="ACTIVE" primaryKey="false" autoIncrement="false" sqlType="16" precision="1"/>
    <column name="PLAN_ID" primaryKey="false" autoIncrement="false" sqlType="-5" precision="19"/>
    <column name="TRACKING_ID" primaryKey="true" autoIncrement="true" sqlType="4" precision="10"/>
  </table>
  <table name="AO_7A45FB_AOTRACKING_RESULT">
    <column name="BUILD_NUMBER" primaryKey="false" autoIncrement="false" sqlType="4" precision="10"/>
    <column name="LINKED_TRACKING_ENTRY_ID" primaryKey="false" autoIncrement="false" sqlType="4" precision="10"/>
    <column name="RESULT_ID" primaryKey="true" autoIncrement="true" sqlType="4" precision="10"/>
    <column name="RESULT_SUMMARY_ID" primaryKey="false" autoIncrement="false" sqlType="-5" precision="19"/>
    <foreignKey fromTable="AO_7A45FB_AOTRACKING_RESULT" fromColumn="LINKED_TRACKING_ENTRY_ID" toTable="AO_7A45FB_AOTRACKING_ENTRY" toColumn="TRACKING_ID"/>
  </table>
  <table name="AO_7A45FB_AOTRACKING_USER">
    <column name="LINKED_TRACKING_ENTRY_ID" primaryKey="false" autoIncrement="false" sqlType="4" precision="10"/>
    <column name="USERNAME" primaryKey="false" autoIncrement="false" sqlType="12" precision="255"/>
    <column name="USER_ID" primaryKey="true" autoIncrement="true" sqlType="4" precision="10"/>
    <column name="USER_WHO_UPDATED" primaryKey="false" autoIncrement="false" sqlType="12" precision="255"/>
    <foreignKey fromTable="AO_7A45FB_AOTRACKING_USER" fromColumn="LINKED_TRACKING_ENTRY_ID" toTable="AO_7A45FB_AOTRACKING_ENTRY" toColumn="TRACKING_ID"/>
  </table>
  <table name="AO_A0B856_WEB_HOOK_LISTENER_AO">
    <column name="ENABLED" primaryKey="false" autoIncrement="false" sqlType="16" precision="1"/>
    <column name="EVENTS" primaryKey="false" autoIncrement="false" sqlType="-1" precision="2147483647"/>
    <column name="ID" primaryKey="true" autoIncrement="true" sqlType="4" precision="10"/>
    <column name="LAST_UPDATED" primaryKey="false" autoIncrement="false" sqlType="93" precision="29"/>
    <column name="LAST_UPDATED_USER" primaryKey="false" autoIncrement="false" sqlType="12" precision="255"/>
    <column name="NAME" primaryKey="false" autoIncrement="false" sqlType="-1" precision="2147483647"/>
    <column name="PARAMETERS" primaryKey="false" autoIncrement="false" sqlType="-1" precision="2147483647"/>
    <column name="REGISTRATION_METHOD" primaryKey="false" autoIncrement="false" sqlType="12" precision="255"/>
    <column name="URL" primaryKey="false" autoIncrement="false" sqlType="-1" precision="2147483647"/>
  </table>
  <data tableName="AO_38321B_CUSTOM_CONTENT_LINK">
    <column name="CONTENT_KEY"/>
    <column name="ID"/>
    <column name="LINK_LABEL"/>
    <column name="LINK_URL"/>
    <column name="SEQUENCE"/>
  </data>
  <data tableName="AO_7A45FB_AOTRACKING_ENTRY">
    <column name="ACTIVE"/>
    <column name="PLAN_ID"/>
    <column name="TRACKING_ID"/>
    <row>
      <boolean>false</boolean>
      <integer>393217</integer>
      <integer>1</integer>
    </row>
    <row>
      <boolean>false</boolean>
      <integer>393217</integer>
      <integer>2</integer>
    </row>
    <row>
      <boolean>false</boolean>
      <integer>393217</integer>
      <integer>3</integer>
    </row>
    <row>
      <boolean>false</boolean>
      <integer>1048578</integer>
      <integer>4</integer>
    </row>
    <row>
      <boolean>false</boolean>
      <integer>393217</integer>
      <integer>5</integer>
    </row>
    <row>
      <boolean>false</boolean>
      <integer>393217</integer>
      <integer>6</integer>
    </row>
    <row>
      <boolean>false</boolean>
      <integer>393217</integer>
      <integer>7</integer>
    </row>
    <row>
      <boolean>false</boolean>
      <integer>393217</integer>
      <integer>8</integer>
    </row>
    <row>
      <boolean>false</boolean>
      <integer>393217</integer>
      <integer>9</integer>
    </row>
    <row>
      <boolean>false</boolean>
      <integer>393217</integer>
      <integer>10</integer>
    </row>
    <row>
      <boolean>false</boolean>
      <integer>393217</integer>
      <integer>11</integer>
    </row>
    <row>
      <boolean>false</boolean>
      <integer>393217</integer>
      <integer>12</integer>
    </row>
    <row>
      <boolean>false</boolean>
      <integer>393217</integer>
      <integer>13</integer>
    </row>
    <row>
      <boolean>false</boolean>
      <integer>393217</integer>
      <integer>14</integer>
    </row>
    <row>
      <boolean>false</boolean>
      <integer>393217</integer>
      <integer>15</integer>
    </row>
    <row>
      <boolean>false</boolean>
      <integer>393217</integer>
      <integer>16</integer>
    </row>
    <row>
      <boolean>false</boolean>
      <integer>393217</integer>
      <integer>17</integer>
    </row>
    <row>
      <boolean>false</boolean>
      <integer>5013509</integer>
      <integer>19</integer>
    </row>
    <row>
      <boolean>false</boolean>
      <integer>5013509</integer>
      <integer>20</integer>
    </row>
    <row>
      <boolean>false</boolean>
      <integer>6553601</integer>
      <integer>21</integer>
    </row>
    <row>
      <boolean>false</boolean>
      <integer>6553601</integer>
      <integer>22</integer>
    </row>
    <row>
      <boolean>false</boolean>
      <integer>6553601</integer>
      <integer>23</integer>
    </row>
    <row>
      <boolean>false</boolean>
      <integer>6553601</integer>
      <integer>24</integer>
    </row>
    <row>
      <boolean>false</boolean>
      <integer>6553601</integer>
      <integer>25</integer>
    </row>
    <row>
      <boolean>false</boolean>
      <integer>393217</integer>
      <integer>26</integer>
    </row>
    <row>
      <boolean>false</boolean>
      <integer>393217</integer>
      <integer>27</integer>
    </row>
    <row>
      <boolean>false</boolean>
      <integer>7569412</integer>
      <integer>29</integer>
    </row>
    <row>
      <boolean>false</boolean>
      <integer>5013509</integer>
      <integer>30</integer>
    </row>
    <row>
      <boolean>false</boolean>
      <integer>7569412</integer>
      <integer>31</integer>
    </row>
    <row>
      <boolean>false</boolean>
      <integer>7569415</integer>
      <integer>32</integer>
    </row>
    <row>
      <boolean>false</boolean>
      <integer>7569415</integer>
      <integer>33</integer>
    </row>
    <row>
      <boolean>false</boolean>
      <integer>7569415</integer>
      <integer>34</integer>
    </row>
    <row>
      <boolean>false</boolean>
      <integer>7569415</integer>
      <integer>35</integer>
    </row>
    <row>
      <boolean>false</boolean>
      <integer>7569415</integer>
      <integer>36</integer>
    </row>
    <row>
      <boolean>false</boolean>
      <integer>7569415</integer>
      <integer>37</integer>
    </row>
    <row>
      <boolean>false</boolean>
      <integer>7569415</integer>
      <integer>38</integer>
    </row>
    <row>
      <boolean>false</boolean>
      <integer>7569415</integer>
      <integer>39</integer>
    </row>
    <row>
      <boolean>false</boolean>
      <integer>7569415</integer>
      <integer>40</integer>
    </row>
    <row>
      <boolean>false</boolean>
      <integer>7569415</integer>
      <integer>41</integer>
    </row>
    <row>
      <boolean>false</boolean>
      <integer>5013509</integer>
      <integer>42</integer>
    </row>
    <row>
      <boolean>false</boolean>
      <integer>393217</integer>
      <integer>43</integer>
    </row>
    <row>
      <boolean>false</boolean>
      <integer>393217</integer>
      <integer>44</integer>
    </row>
    <row>
      <boolean>false</boolean>
      <integer>7569415</integer>
      <integer>45</integer>
    </row>
    <row>
      <boolean>false</boolean>
      <integer>5013509</integer>
      <integer>46</integer>
    </row>
    <row>
      <boolean>false</boolean>
      <integer>7569415</integer>
      <integer>48</integer>
    </row>
    <row>
      <boolean>false</boolean>
      <integer>7569412</integer>
      <integer>49</integer>
    </row>
    <row>
      <boolean>false</boolean>
      <integer>12845062</integer>
      <integer>50</integer>
    </row>
    <row>
      <boolean>false</boolean>
      <integer>393217</integer>
      <integer>51</integer>
    </row>
    <row>
      <boolean>false</boolean>
      <integer>7569412</integer>
      <integer>52</integer>
    </row>
    <row>
      <boolean>false</boolean>
      <integer>393217</integer>
      <integer>53</integer>
    </row>
    <row>
      <boolean>false</boolean>
      <integer>6553601</integer>
      <integer>54</integer>
    </row>
    <row>
      <boolean>false</boolean>
      <integer>7569415</integer>
      <integer>55</integer>
    </row>
    <row>
      <boolean>false</boolean>
      <integer>12845062</integer>
      <integer>56</integer>
    </row>
    <row>
      <boolean>false</boolean>
      <integer>393217</integer>
      <integer>57</integer>
    </row>
    <row>
      <boolean>false</boolean>
      <integer>6553601</integer>
      <integer>58</integer>
    </row>
    <row>
      <boolean>false</boolean>
      <integer>5013509</integer>
      <integer>59</integer>
    </row>
    <row>
      <boolean>false</boolean>
      <integer>16547841</integer>
      <integer>60</integer>
    </row>
    <row>
      <boolean>false</boolean>
      <integer>16547844</integer>
      <integer>61</integer>
    </row>
    <row>
      <boolean>false</boolean>
      <integer>17661953</integer>
      <integer>62</integer>
    </row>
    <row>
      <boolean>false</boolean>
      <integer>17661953</integer>
      <integer>63</integer>
    </row>
    <row>
      <boolean>false</boolean>
      <integer>17661953</integer>
      <integer>64</integer>
    </row>
    <row>
      <boolean>false</boolean>
      <integer>17661953</integer>
      <integer>65</integer>
    </row>
    <row>
      <boolean>false</boolean>
      <integer>17661953</integer>
      <integer>66</integer>
    </row>
    <row>
      <boolean>false</boolean>
      <integer>7569415</integer>
      <integer>67</integer>
    </row>
    <row>
      <boolean>false</boolean>
      <integer>17661953</integer>
      <integer>68</integer>
    </row>
    <row>
      <boolean>false</boolean>
      <integer>5013509</integer>
      <integer>69</integer>
    </row>
    <row>
      <boolean>false</boolean>
      <integer>7569415</integer>
      <integer>70</integer>
    </row>
    <row>
      <boolean>false</boolean>
      <integer>6553601</integer>
      <integer>71</integer>
    </row>
    <row>
      <boolean>false</boolean>
      <integer>23953412</integer>
      <integer>72</integer>
    </row>
    <row>
      <boolean>false</boolean>
      <integer>23953412</integer>
      <integer>73</integer>
    </row>
    <row>
      <boolean>false</boolean>
      <integer>23953412</integer>
      <integer>74</integer>
    </row>
    <row>
      <boolean>false</boolean>
      <integer>23953412</integer>
      <integer>75</integer>
    </row>
    <row>
      <boolean>false</boolean>
      <integer>26836993</integer>
      <integer>76</integer>
    </row>
    <row>
      <boolean>false</boolean>
      <integer>27721729</integer>
      <integer>77</integer>
    </row>
    <row>
      <boolean>false</boolean>
      <integer>29655041</integer>
      <integer>78</integer>
    </row>
    <row>
      <boolean>false</boolean>
      <integer>27721729</integer>
      <integer>79</integer>
    </row>
    <row>
      <boolean>false</boolean>
      <integer>17661953</integer>
      <integer>80</integer>
    </row>
    <row>
      <boolean>false</boolean>
      <integer>16547841</integer>
      <integer>81</integer>
    </row>
    <row>
      <boolean>false</boolean>
      <integer>29655041</integer>
      <integer>82</integer>
    </row>
    <row>
      <boolean>false</boolean>
      <integer>29655041</integer>
      <integer>83</integer>
    </row>
    <row>
      <boolean>false</boolean>
      <integer>23953412</integer>
      <integer>84</integer>
    </row>
    <row>
      <boolean>false</boolean>
      <integer>29655041</integer>
      <integer>85</integer>
    </row>
    <row>
      <boolean>false</boolean>
      <integer>23953412</integer>
      <integer>86</integer>
    </row>
    <row>
      <boolean>false</boolean>
      <integer>23953412</integer>
      <integer>87</integer>
    </row>
    <row>
      <boolean>false</boolean>
      <integer>23953412</integer>
      <integer>88</integer>
    </row>
    <row>
      <boolean>false</boolean>
      <integer>12845062</integer>
      <integer>89</integer>
    </row>
    <row>
      <boolean>false</boolean>
      <integer>7569415</integer>
      <integer>90</integer>
    </row>
    <row>
      <boolean>false</boolean>
      <integer>5013509</integer>
      <integer>91</integer>
    </row>
    <row>
      <boolean>false</boolean>
      <integer>7569415</integer>
      <integer>92</integer>
    </row>
    <row>
      <boolean>false</boolean>
      <integer>16547841</integer>
      <integer>93</integer>
    </row>
    <row>
      <boolean>false</boolean>
      <integer>5013509</integer>
      <integer>94</integer>
    </row>
    <row>
      <boolean>false</boolean>
      <integer>5013509</integer>
      <integer>95</integer>
    </row>
    <row>
      <boolean>false</boolean>
      <integer>5013509</integer>
      <integer>96</integer>
    </row>
    <row>
      <boolean>false</boolean>
      <integer>12845062</integer>
      <integer>97</integer>
    </row>
    <row>
      <boolean>false</boolean>
      <integer>7569412</integer>
      <integer>98</integer>
    </row>
    <row>
      <boolean>false</boolean>
      <integer>29655041</integer>
      <integer>99</integer>
    </row>
    <row>
      <boolean>false</boolean>
      <integer>29655041</integer>
      <integer>100</integer>
    </row>
    <row>
      <boolean>false</boolean>
      <integer>23953412</integer>
      <integer>101</integer>
    </row>
    <row>
      <boolean>false</boolean>
      <integer>26836993</integer>
      <integer>102</integer>
    </row>
    <row>
      <boolean>false</boolean>
      <integer>34865154</integer>
      <integer>103</integer>
    </row>
    <row>
      <boolean>false</boolean>
      <integer>34865154</integer>
      <integer>104</integer>
    </row>
    <row>
      <boolean>false</boolean>
      <integer>34865154</integer>
      <integer>105</integer>
    </row>
    <row>
      <boolean>false</boolean>
      <integer>37388292</integer>
      <integer>106</integer>
    </row>
    <row>
      <boolean>false</boolean>
      <integer>23953412</integer>
      <integer>107</integer>
    </row>
    <row>
      <boolean>false</boolean>
      <integer>29655041</integer>
      <integer>108</integer>
    </row>
    <row>
      <boolean>false</boolean>
      <integer>26836993</integer>
      <integer>109</integer>
    </row>
    <row>
      <boolean>false</boolean>
      <integer>7569415</integer>
      <integer>110</integer>
    </row>
    <row>
      <boolean>false</boolean>
      <integer>16547844</integer>
      <integer>111</integer>
    </row>
    <row>
      <boolean>false</boolean>
      <integer>23953412</integer>
      <integer>112</integer>
    </row>
    <row>
      <boolean>false</boolean>
      <integer>26836993</integer>
      <integer>113</integer>
    </row>
    <row>
      <boolean>false</boolean>
      <integer>27721729</integer>
      <integer>114</integer>
    </row>
    <row>
      <boolean>false</boolean>
      <integer>26836993</integer>
      <integer>115</integer>
    </row>
    <row>
      <boolean>false</boolean>
      <integer>27721729</integer>
      <integer>116</integer>
    </row>
    <row>
      <boolean>false</boolean>
      <integer>23953412</integer>
      <integer>117</integer>
    </row>
    <row>
      <boolean>false</boolean>
      <integer>27721729</integer>
      <integer>118</integer>
    </row>
    <row>
      <boolean>false</boolean>
      <integer>37388292</integer>
      <integer>119</integer>
    </row>
    <row>
      <boolean>false</boolean>
      <integer>34865154</integer>
      <integer>120</integer>
    </row>
    <row>
      <boolean>false</boolean>
      <integer>37388292</integer>
      <integer>121</integer>
    </row>
    <row>
      <boolean>false</boolean>
      <integer>34865154</integer>
      <integer>122</integer>
    </row>
    <row>
      <boolean>false</boolean>
      <integer>23953412</integer>
      <integer>123</integer>
    </row>
  </data>
  <data tableName="AO_7A45FB_AOTRACKING_RESULT">
    <column name="BUILD_NUMBER"/>
    <column name="LINKED_TRACKING_ENTRY_ID"/>
    <column name="RESULT_ID"/>
    <column name="RESULT_SUMMARY_ID"/>
    <row>
      <integer>11</integer>
      <integer>104</integer>
      <integer>499</integer>
      <integer>35979271</integer>
    </row>
    <row>
      <integer>14</integer>
      <integer>105</integer>
      <integer>500</integer>
      <integer>35979280</integer>
    </row>
    <row>
      <integer>15</integer>
      <integer>105</integer>
      <integer>501</integer>
      <integer>35979283</integer>
    </row>
    <row>
      <integer>1</integer>
      <integer>106</integer>
      <integer>502</integer>
      <integer>37847044</integer>
    </row>
    <row>
      <integer>2</integer>
      <integer>106</integer>
      <integer>503</integer>
      <integer>37847047</integer>
    </row>
    <row>
      <integer>128</integer>
      <integer>107</integer>
      <integer>504</integer>
      <integer>37847062</integer>
    </row>
    <row>
      <integer>43</integer>
      <integer>108</integer>
      <integer>505</integer>
      <integer>37847080</integer>
    </row>
    <row>
      <integer>23</integer>
      <integer>109</integer>
      <integer>506</integer>
      <integer>37847089</integer>
    </row>
    <row>
      <integer>24</integer>
      <integer>109</integer>
      <integer>507</integer>
      <integer>37847092</integer>
    </row>
    <row>
      <integer>25</integer>
      <integer>109</integer>
      <integer>508</integer>
      <integer>37847098</integer>
    </row>
    <row>
      <integer>239</integer>
      <integer>110</integer>
      <integer>509</integer>
      <integer>37847140</integer>
    </row>
    <row>
      <integer>52</integer>
      <integer>111</integer>
      <integer>510</integer>
      <integer>37847143</integer>
    </row>
    <row>
      <integer>132</integer>
      <integer>112</integer>
      <integer>511</integer>
      <integer>37847146</integer>
    </row>
    <row>
      <integer>29</integer>
      <integer>113</integer>
      <integer>512</integer>
      <integer>37847149</integer>
    </row>
    <row>
      <integer>18</integer>
      <integer>114</integer>
      <integer>513</integer>
      <integer>37847152</integer>
    </row>
    <row>
      <integer>36</integer>
      <integer>115</integer>
      <integer>514</integer>
      <integer>38731783</integer>
    </row>
    <row>
      <integer>37</integer>
      <integer>115</integer>
      <integer>515</integer>
      <integer>38731786</integer>
    </row>
    <row>
      <integer>20</integer>
      <integer>116</integer>
      <integer>516</integer>
      <integer>38731798</integer>
    </row>
    <row>
      <integer>134</integer>
      <integer>117</integer>
      <integer>517</integer>
      <integer>38731804</integer>
    </row>
    <row>
      <integer>21</integer>
      <integer>116</integer>
      <integer>518</integer>
      <integer>39354369</integer>
    </row>
    <row>
      <integer>25</integer>
      <integer>118</integer>
      <integer>519</integer>
      <integer>39878657</integer>
    </row>
    <row>
      <integer>26</integer>
      <integer>118</integer>
      <integer>520</integer>
      <integer>39878660</integer>
    </row>
    <row>
      <integer>27</integer>
      <integer>118</integer>
      <integer>521</integer>
      <integer>39878663</integer>
    </row>
    <row>
      <integer>9</integer>
      <integer>119</integer>
      <integer>522</integer>
      <integer>40140816</integer>
    </row>
    <row>
      <integer>24</integer>
      <integer>120</integer>
      <integer>523</integer>
      <integer>40140819</integer>
    </row>
    <row>
      <integer>25</integer>
      <integer>120</integer>
      <integer>524</integer>
      <integer>40140828</integer>
    </row>
    <row>
      <integer>26</integer>
      <integer>120</integer>
      <integer>525</integer>
      <integer>40140831</integer>
    </row>
    <row>
      <integer>27</integer>
      <integer>120</integer>
      <integer>526</integer>
      <integer>40140834</integer>
    </row>
    <row>
      <integer>28</integer>
      <integer>120</integer>
      <integer>527</integer>
      <integer>40140843</integer>
    </row>
    <row>
      <integer>29</integer>
      <integer>120</integer>
      <integer>528</integer>
      <integer>40140846</integer>
    </row>
    <row>
      <integer>30</integer>
      <integer>120</integer>
      <integer>529</integer>
      <integer>40140849</integer>
    </row>
    <row>
      <integer>13</integer>
      <integer>121</integer>
      <integer>530</integer>
      <integer>40140861</integer>
    </row>
    <row>
      <integer>14</integer>
      <integer>121</integer>
      <integer>531</integer>
      <integer>40140864</integer>
    </row>
    <row>
      <integer>15</integer>
      <integer>121</integer>
      <integer>532</integer>
      <integer>40140867</integer>
    </row>
    <row>
      <integer>16</integer>
      <integer>121</integer>
      <integer>533</integer>
      <integer>40140870</integer>
    </row>
    <row>
      <integer>33</integer>
      <integer>122</integer>
      <integer>534</integer>
      <integer>40140879</integer>
    </row>
    <row>
      <integer>140</integer>
      <integer>123</integer>
      <integer>535</integer>
      <integer>40140888</integer>
    </row>
  </data>
  <data tableName="AO_7A45FB_AOTRACKING_USER">
    <column name="LINKED_TRACKING_ENTRY_ID"/>
    <column name="USERNAME"/>
    <column name="USER_ID"/>
    <column name="USER_WHO_UPDATED"/>
    <row>
      <integer>30</integer>
      <string>thomas</string>
      <integer>1</integer>
      <string xsi:nil="true"/>
    </row>
    <row>
      <integer>42</integer>
      <string>thomas</string>
      <integer>2</integer>
      <string xsi:nil="true"/>
    </row>
    <row>
      <integer>45</integer>
      <string>thomas</string>
      <integer>3</integer>
      <string xsi:nil="true"/>
    </row>
    <row>
      <integer>46</integer>
      <string>thomas</string>
      <integer>4</integer>
      <string xsi:nil="true"/>
    </row>
    <row>
      <integer>51</integer>
      <string>thomas</string>
      <integer>6</integer>
      <string xsi:nil="true"/>
    </row>
    <row>
      <integer>52</integer>
      <string>thomas</string>
      <integer>7</integer>
      <string xsi:nil="true"/>
    </row>
    <row>
      <integer>53</integer>
      <string>thomas</string>
      <integer>8</integer>
      <string xsi:nil="true"/>
    </row>
    <row>
      <integer>55</integer>
      <string>thomas</string>
      <integer>9</integer>
      <string xsi:nil="true"/>
    </row>
    <row>
      <integer>57</integer>
      <string>thomas</string>
      <integer>10</integer>
      <string xsi:nil="true"/>
    </row>
    <row>
      <integer>58</integer>
      <string>thomas</string>
      <integer>11</integer>
      <string xsi:nil="true"/>
    </row>
    <row>
      <integer>63</integer>
      <string>thomas</string>
      <integer>12</integer>
      <string xsi:nil="true"/>
    </row>
    <row>
      <integer>64</integer>
      <string>thomas</string>
      <integer>13</integer>
      <string xsi:nil="true"/>
    </row>
    <row>
      <integer>66</integer>
      <string>thomas</string>
      <integer>14</integer>
      <string xsi:nil="true"/>
    </row>
    <row>
      <integer>67</integer>
      <string>thomas</string>
      <integer>15</integer>
      <string xsi:nil="true"/>
    </row>
    <row>
      <integer>68</integer>
      <string>thomas</string>
      <integer>16</integer>
      <string xsi:nil="true"/>
    </row>
    <row>
      <integer>69</integer>
      <string>thomas</string>
      <integer>17</integer>
      <string xsi:nil="true"/>
    </row>
    <row>
      <integer>73</integer>
      <string>thomas</string>
      <integer>18</integer>
      <string xsi:nil="true"/>
    </row>
    <row>
      <integer>74</integer>
      <string>thomas</string>
      <integer>19</integer>
      <string xsi:nil="true"/>
    </row>
    <row>
      <integer>79</integer>
      <string>thomas</string>
      <integer>20</integer>
      <string xsi:nil="true"/>
    </row>
    <row>
      <integer>80</integer>
      <string>thomas</string>
      <integer>21</integer>
      <string xsi:nil="true"/>
    </row>
    <row>
      <integer>81</integer>
      <string>thomas</string>
      <integer>22</integer>
      <string xsi:nil="true"/>
    </row>
    <row>
      <integer>82</integer>
      <string>thomas</string>
      <integer>23</integer>
      <string xsi:nil="true"/>
    </row>
    <row>
      <integer>83</integer>
      <string>thomas</string>
      <integer>24</integer>
      <string xsi:nil="true"/>
    </row>
    <row>
      <integer>84</integer>
      <string>thomas</string>
      <integer>25</integer>
      <string xsi:nil="true"/>
    </row>
    <row>
      <integer>85</integer>
      <string>thomas</string>
      <integer>26</integer>
      <string xsi:nil="true"/>
    </row>
    <row>
      <integer>86</integer>
      <string>thomas</string>
      <integer>27</integer>
      <string xsi:nil="true"/>
    </row>
    <row>
      <integer>87</integer>
      <string>thomas</string>
      <integer>28</integer>
      <string xsi:nil="true"/>
    </row>
    <row>
      <integer>89</integer>
      <string>thomas</string>
      <integer>29</integer>
      <string xsi:nil="true"/>
    </row>
    <row>
      <integer>91</integer>
      <string>thomas</string>
      <integer>30</integer>
      <string xsi:nil="true"/>
    </row>
    <row>
      <integer>92</integer>
      <string>thomas</string>
      <integer>31</integer>
      <string xsi:nil="true"/>
    </row>
    <row>
      <integer>94</integer>
      <string>thomas</string>
      <integer>32</integer>
      <string xsi:nil="true"/>
    </row>
    <row>
      <integer>96</integer>
      <string>thomas</string>
      <integer>33</integer>
      <string xsi:nil="true"/>
    </row>
    <row>
      <integer>98</integer>
      <string>thomas</string>
      <integer>34</integer>
      <string xsi:nil="true"/>
    </row>
    <row>
      <integer>100</integer>
      <string>thomas</string>
      <integer>35</integer>
      <string xsi:nil="true"/>
    </row>
    <row>
      <integer>102</integer>
      <string>thomas</string>
      <integer>36</integer>
      <string xsi:nil="true"/>
    </row>
    <row>
      <integer>107</integer>
      <string>thomas</string>
      <integer>37</integer>
      <string xsi:nil="true"/>
    </row>
    <row>
      <integer>108</integer>
      <string>thomas</string>
      <integer>38</integer>
      <string xsi:nil="true"/>
    </row>
    <row>
      <integer>109</integer>
      <string>thomas</string>
      <integer>39</integer>
      <string xsi:nil="true"/>
    </row>
    <row>
      <integer>110</integer>
      <string>thomas</string>
      <integer>40</integer>
      <string xsi:nil="true"/>
    </row>
    <row>
      <integer>111</integer>
      <string>thomas</string>
      <integer>41</integer>
      <string xsi:nil="true"/>
    </row>
    <row>
      <integer>114</integer>
      <string>thomas</string>
      <integer>42</integer>
      <string xsi:nil="true"/>
    </row>
    <row>
      <integer>116</integer>
      <string>thomas</string>
      <integer>43</integer>
      <string xsi:nil="true"/>
    </row>
    <row>
      <integer>117</integer>
      <string>thomas</string>
      <integer>44</integer>
      <string xsi:nil="true"/>
    </row>
    <row>
      <integer>119</integer>
      <string>thomas</string>
      <integer>45</integer>
      <string xsi:nil="true"/>
    </row>
    <row>
      <integer>120</integer>
      <string>thomas</string>
      <integer>46</integer>
      <string xsi:nil="true"/>
    </row>
    <row>
      <integer>122</integer>
      <string>thomas</string>
      <integer>47</integer>
      <string xsi:nil="true"/>
    </row>
  </data>
  <data tableName="AO_A0B856_WEB_HOOK_LISTENER_AO">
    <column name="ENABLED"/>
    <column name="EVENTS"/>
    <column name="ID"/>
    <column name="LAST_UPDATED"/>
    <column name="LAST_UPDATED_USER"/>
    <column name="NAME"/>
    <column name="PARAMETERS"/>
    <column name="REGISTRATION_METHOD"/>
    <column name="URL"/>
  </data>
</backup>