<?xml version='1.1' encoding='UTF-8' standalone='yes'?>
<bamboo>
 <date>Sat May 09 23:06:20 AEST 2015</date>
 <version>5.7.2</version>
 <buildDate>02-Dec-2014</buildDate>
 <build>5716</build>
 <serverID>BG3Y-XJ99-GC6Z-FPP1</serverID>
 <dependencies>
  <dependency>
   <id>18284550</id>
   <type>atlassian.dependency.default</type>
   <parent>SE-MAS</parent>
   <child>SSC-MAS</child>
  </dependency>
  <dependency>
   <id>15761414</id>
   <type>atlassian.dependency.default</type>
   <parent>SC-MAS</parent>
   <child>SACO-MAS</child>
  </dependency>
  <dependency>
   <id>15761412</id>
   <type>atlassian.dependency.default</type>
   <parent>SXE-MAS</parent>
   <child>SE-MAS</child>
  </dependency>
  <dependency>
   <id>38600711</id>
   <type>atlassian.dependency.default</type>
   <parent>SW-MAS</parent>
   <child>SC-MAS</child>
  </dependency>
  <dependency>
   <id>18284547</id>
   <type>atlassian.dependency.default</type>
   <parent>SXE-MAS</parent>
   <child>SC-MAS</child>
  </dependency>
  <dependency>
   <id>18284549</id>
   <type>atlassian.dependency.default</type>
   <parent>SC-MAS</parent>
   <child>SG-MAS</child>
  </dependency>
  <dependency>
   <id>38600710</id>
   <type>atlassian.dependency.default</type>
   <parent>SW-MAS</parent>
   <child>SSC-MAS</child>
  </dependency>
  <dependency>
   <id>29589505</id>
   <type>atlassian.dependency.default</type>
   <parent>SSC-MAS</parent>
   <child>SSL-MAST</child>
  </dependency>
  <dependency>
   <id>33521665</id>
   <type>atlassian.dependency.default</type>
   <parent>SG-MAS</parent>
   <child>SACO-MAS</child>
  </dependency>
  <dependency>
   <id>38600709</id>
   <type>atlassian.dependency.default</type>
   <parent>SW-MAS</parent>
   <child>SG-MAS</child>
  </dependency>
  <dependency>
   <id>29589507</id>
   <type>atlassian.dependency.default</type>
   <parent>SSC-MAS</parent>
   <child>SSM-MAS</child>
  </dependency>
  <dependency>
   <id>38600708</id>
   <type>atlassian.dependency.default</type>
   <parent>SW-MAS</parent>
   <child>SE-MAS</child>
  </dependency>
  <dependency>
   <id>17104897</id>
   <type>atlassian.dependency.default</type>
   <parent>SG-MAS</parent>
   <child>SR-MAS</child>
  </dependency>
  <dependency>
   <id>38600705</id>
   <type>atlassian.dependency.default</type>
   <parent>SSRC-MAS</parent>
   <child>SSR-MAS</child>
  </dependency>
  <dependency>
   <id>38600707</id>
   <type>atlassian.dependency.default</type>
   <parent>SSAC-MAS</parent>
   <child>SSA-MAS</child>
  </dependency>
  <dependency>
   <id>30867457</id>
   <type>atlassian.dependency.default</type>
   <parent>SACO-MAS</parent>
   <child>SSA-MAS</child>
  </dependency>
  <dependency>
   <id>38600706</id>
   <type>atlassian.dependency.default</type>
   <parent>SSLC-MAS</parent>
   <child>SSL-MAST</child>
  </dependency>
  <dependency>
   <id>15761413</id>
   <type>atlassian.dependency.default</type>
   <parent>SNE-MN</parent>
   <child>SACO-MAS</child>
  </dependency>
  <dependency>
   <id>29589506</id>
   <type>atlassian.dependency.default</type>
   <parent>SSC-MAS</parent>
   <child>SSR-MAS</child>
  </dependency>
 </dependencies>
</bamboo>