<?xml version='1.1' encoding='UTF-8' standalone='yes'?>
<bamboo>
 <date>Sat May 09 23:06:20 AEST 2015</date>
 <version>5.7.2</version>
 <buildDate>02-Dec-2014</buildDate>
 <build>5716</build>
 <serverID>BG3Y-XJ99-GC6Z-FPP1</serverID>
 <deploymentProjects>
  <project>
   <properties>
    <id>5898242</id>
    <name>Selkie Common</name>
    <planKey>SC-MAS</planKey>
   </properties>
   <deploymentProjectItems>
    <item type="BAM_ARTIFACT">
     <id>5931011</id>
     <name>NuGet.Selkie.Common</name>
     <artifactDefinitionId>5865473</artifactDefinitionId>
    </item>
    <item type="BAM_ARTIFACT">
     <id>6848516</id>
     <name>Source</name>
     <artifactDefinitionId>6815748</artifactDefinitionId>
    </item>
   </deploymentProjectItems>
   <versionNamingScheme>
    <id>6029314</id>
    <nextVersionName>${bamboo.majorVersionNumber}.${bamboo.minorVersionNumber}.${bamboo.buildNumber}</nextVersionName>
    <autoIncrement>false</autoIncrement>
   </versionNamingScheme>
   <environments>
    <environment>
     <properties>
      <id>6062081</id>
      <name>Development</name>
      <configurationState>TASKED</configurationState>
      <position>0</position>
      <tasks><![CDATA[<?xml version="1.0" encoding="UTF-8" standalone="no"?>
<configuration xml:space="preserve">
  <taskDefinition>
    <id>1</id>
    <userDescription/>
    <isEnabled>true</isEnabled>
    <pluginKey>com.atlassian.bamboo.plugins.bamboo-artifact-downloader-plugin:cleanWorkingDirectoryTask</pluginKey>
    <finalising>false</finalising>
    <rootDirectoryType>DEFAULT</rootDirectoryType>
    <repositoryDefiningWorkingDir>-1</repositoryDefiningWorkingDir>
  </taskDefinition>
  <taskDefinition>
    <id>2</id>
    <userDescription>Download release contents</userDescription>
    <isEnabled>true</isEnabled>
    <pluginKey>com.atlassian.bamboo.plugins.bamboo-artifact-downloader-plugin:artifactdownloadertask</pluginKey>
    <finalising>false</finalising>
    <rootDirectoryType>DEFAULT</rootDirectoryType>
    <repositoryDefiningWorkingDir>-1</repositoryDefiningWorkingDir>
    <config>
      <item>
        <key>artifactName_0</key>
        <value>NuGet Package</value>
      </item>
      <item>
        <key>artifactId_0</key>
        <value>5865473</value>
      </item>
      <item>
        <key>sourcePlanKey</key>
        <value>SC-MAS</value>
      </item>
      <item>
        <key>localPath_0</key>
        <value/>
      </item>
    </config>
  </taskDefinition>
  <taskDefinition>
    <id>4</id>
    <userDescription>Get Scripts And Tools</userDescription>
    <isEnabled>true</isEnabled>
    <pluginKey>com.atlassian.bamboo.plugins.vcs:task.vcs.checkout</pluginKey>
    <finalising>false</finalising>
    <rootDirectoryType>DEFAULT</rootDirectoryType>
    <repositoryDefiningWorkingDir>-1</repositoryDefiningWorkingDir>
    <config>
      <item>
        <key>cleanCheckout</key>
        <value/>
      </item>
      <item>
        <key>checkoutDir_1</key>
        <value>Tools</value>
      </item>
      <item>
        <key>checkoutDir_0</key>
        <value>Scripts</value>
      </item>
      <item>
        <key>selectedRepository_0</key>
        <value>9601042</value>
      </item>
      <item>
        <key>selectedRepository_1</key>
        <value>10780673</value>
      </item>
    </config>
  </taskDefinition>
  <taskDefinition>
    <id>3</id>
    <userDescription>NuGet  - Push Package To LocalNuGetServer</userDescription>
    <isEnabled>true</isEnabled>
    <pluginKey>com.atlassian.bamboo.plugins.scripttask:task.builder.script</pluginKey>
    <finalising>false</finalising>
    <rootDirectoryType>DEFAULT</rootDirectoryType>
    <repositoryDefiningWorkingDir>-1</repositoryDefiningWorkingDir>
    <config>
      <item>
        <key>argument</key>
        <value>*Common* .\ ${bamboo.LocalNuGetServerUrl} ${bamboo.LocalNuGetServerApiKey}</value>
      </item>
      <item>
        <key>scriptLocation</key>
        <value>FILE</value>
      </item>
      <item>
        <key>environmentVariables</key>
        <value/>
      </item>
      <item>
        <key>runWithPowershell</key>
        <value>true</value>
      </item>
      <item>
        <key>scriptBody</key>
        <value/>
      </item>
      <item>
        <key>script</key>
        <value>Scripts\Push-NuGetPackages.ps1</value>
      </item>
      <item>
        <key>workingSubDirectory</key>
        <value/>
      </item>
    </config>
  </taskDefinition>
  <bambooDelimiterParsingDisabled>true</bambooDelimiterParsingDisabled>
</configuration>
]]></tasks>
      <triggers><![CDATA[<?xml version="1.0" encoding="UTF-8" standalone="no"?>
<configuration xml:space="preserve">
  
<buildStrategies>
    <defined>true</defined>
    <buildStrategy>
      <id>1</id>
      <key>afterSuccessfulPlan</key>
      <name>After successgul build plan</name>
      <config>
        <item>
          <key>deployment.trigger.afterSuccessfulPlan.triggeringBranch</key>
          <value>SC-MAS</value>
        </item>
        <item>
          <key>bambooDelimiterParsingDisabled</key>
          <value>true</value>
        </item>
        <item>
          <key>custom.triggerrCondition.plansGreen.enabled</key>
          <value>false</value>
        </item>
        <item>
          <key>deployment.trigger.afterSuccessfulPlan.triggeringPlan</key>
          <value>SC-MAS</value>
        </item>
        <item>
          <key>deployment.trigger.afterSuccessfulPlan.branchSelectionMode</key>
          <value>INHERITED</value>
        </item>
      </config>
    </buildStrategy>
  </buildStrategies>
  <bambooDelimiterParsingDisabled>true</bambooDelimiterParsingDisabled>
</configuration>
]]></triggers>
     </properties>
     <repositoryLinks>
      <link>
       <id>13205509</id>
       <position>0</position>
       <repositoryDataEntityId>9601042</repositoryDataEntityId>
      </link>
      <link>
       <id>13697028</id>
       <position>1</position>
       <repositoryDataEntityId>10780673</repositoryDataEntityId>
      </link>
     </repositoryLinks>
     <requirementSet>
      <id>6094849</id>
     </requirementSet>
     <notificationSet>
      <id>6127617</id>
     </notificationSet>
    </environment>
   </environments>
  </project>
  <project>
   <properties>
    <id>5898243</id>
    <name>Selkie NUnit Extensions</name>
    <planKey>SNE-MN</planKey>
   </properties>
   <deploymentProjectItems>
    <item type="BAM_ARTIFACT">
     <id>5931013</id>
     <name>NuGet.Selkie.NUnit.Extensions</name>
     <artifactDefinitionId>5865474</artifactDefinitionId>
    </item>
    <item type="BAM_ARTIFACT">
     <id>6848515</id>
     <name>Source</name>
     <artifactDefinitionId>6815747</artifactDefinitionId>
    </item>
   </deploymentProjectItems>
   <versionNamingScheme>
    <id>6029315</id>
    <nextVersionName>${bamboo.majorVersionNumber}.${bamboo.minorVersionNumber}.${bamboo.buildNumber}</nextVersionName>
    <autoIncrement>false</autoIncrement>
   </versionNamingScheme>
   <environments>
    <environment>
     <properties>
      <id>6062082</id>
      <name>Development</name>
      <configurationState>TASKED</configurationState>
      <position>0</position>
      <tasks><![CDATA[<?xml version="1.0" encoding="UTF-8" standalone="no"?>
<configuration xml:space="preserve">
  <taskDefinition>
    <id>1</id>
    <userDescription/>
    <isEnabled>true</isEnabled>
    <pluginKey>com.atlassian.bamboo.plugins.bamboo-artifact-downloader-plugin:cleanWorkingDirectoryTask</pluginKey>
    <finalising>false</finalising>
    <rootDirectoryType>DEFAULT</rootDirectoryType>
    <repositoryDefiningWorkingDir>-1</repositoryDefiningWorkingDir>
  </taskDefinition>
  <taskDefinition>
    <id>2</id>
    <userDescription>Download release contents</userDescription>
    <isEnabled>true</isEnabled>
    <pluginKey>com.atlassian.bamboo.plugins.bamboo-artifact-downloader-plugin:artifactdownloadertask</pluginKey>
    <finalising>false</finalising>
    <rootDirectoryType>DEFAULT</rootDirectoryType>
    <repositoryDefiningWorkingDir>-1</repositoryDefiningWorkingDir>
    <config>
      <item>
        <key>artifactName_0</key>
        <value>NuGet Package</value>
      </item>
      <item>
        <key>artifactId_0</key>
        <value>5865474</value>
      </item>
      <item>
        <key>sourcePlanKey</key>
        <value>SNE-MN</value>
      </item>
      <item>
        <key>localPath_0</key>
        <value/>
      </item>
    </config>
  </taskDefinition>
  <taskDefinition>
    <id>4</id>
    <userDescription>Get Scripts And Tools</userDescription>
    <isEnabled>true</isEnabled>
    <pluginKey>com.atlassian.bamboo.plugins.vcs:task.vcs.checkout</pluginKey>
    <finalising>false</finalising>
    <rootDirectoryType>DEFAULT</rootDirectoryType>
    <repositoryDefiningWorkingDir>-1</repositoryDefiningWorkingDir>
    <config>
      <item>
        <key>cleanCheckout</key>
        <value/>
      </item>
      <item>
        <key>checkoutDir_1</key>
        <value>Tools</value>
      </item>
      <item>
        <key>checkoutDir_0</key>
        <value>Scripts</value>
      </item>
      <item>
        <key>selectedRepository_0</key>
        <value>9601042</value>
      </item>
      <item>
        <key>selectedRepository_1</key>
        <value>10780673</value>
      </item>
    </config>
  </taskDefinition>
  <taskDefinition>
    <id>3</id>
    <userDescription>NuGet  - Push Package To LocalNuGetServer</userDescription>
    <isEnabled>true</isEnabled>
    <pluginKey>com.atlassian.bamboo.plugins.scripttask:task.builder.script</pluginKey>
    <finalising>false</finalising>
    <rootDirectoryType>DEFAULT</rootDirectoryType>
    <repositoryDefiningWorkingDir>-1</repositoryDefiningWorkingDir>
    <config>
      <item>
        <key>argument</key>
        <value>*Extensions* .\ ${bamboo.LocalNuGetServerUrl} ${bamboo.LocalNuGetServerApiKey}</value>
      </item>
      <item>
        <key>scriptLocation</key>
        <value>FILE</value>
      </item>
      <item>
        <key>environmentVariables</key>
        <value/>
      </item>
      <item>
        <key>runWithPowershell</key>
        <value>true</value>
      </item>
      <item>
        <key>scriptBody</key>
        <value/>
      </item>
      <item>
        <key>script</key>
        <value>Scripts\Push-NuGetPackages.ps1</value>
      </item>
      <item>
        <key>workingSubDirectory</key>
        <value/>
      </item>
    </config>
  </taskDefinition>
  <bambooDelimiterParsingDisabled>true</bambooDelimiterParsingDisabled>
</configuration>
]]></tasks>
      <triggers><![CDATA[<?xml version="1.0" encoding="UTF-8" standalone="no"?>
<configuration xml:space="preserve">
  
<buildStrategies>
    <defined>true</defined>
    <buildStrategy>
      <id>1</id>
      <key>afterSuccessfulPlan</key>
      <name>Acter successful build plan</name>
      <config>
        <item>
          <key>deployment.trigger.afterSuccessfulPlan.triggeringBranch</key>
          <value>SNE-MN</value>
        </item>
        <item>
          <key>bambooDelimiterParsingDisabled</key>
          <value>true</value>
        </item>
        <item>
          <key>custom.triggerrCondition.plansGreen.enabled</key>
          <value>false</value>
        </item>
        <item>
          <key>deployment.trigger.afterSuccessfulPlan.triggeringPlan</key>
          <value>SNE-MN</value>
        </item>
        <item>
          <key>deployment.trigger.afterSuccessfulPlan.branchSelectionMode</key>
          <value>INHERITED</value>
        </item>
      </config>
    </buildStrategy>
  </buildStrategies>
  <bambooDelimiterParsingDisabled>true</bambooDelimiterParsingDisabled>
</configuration>
]]></triggers>
     </properties>
     <repositoryLinks>
      <link>
       <id>13205508</id>
       <position>0</position>
       <repositoryDataEntityId>9601042</repositoryDataEntityId>
      </link>
      <link>
       <id>13697027</id>
       <position>1</position>
       <repositoryDataEntityId>10780673</repositoryDataEntityId>
      </link>
     </repositoryLinks>
     <requirementSet>
      <id>6094852</id>
     </requirementSet>
     <notificationSet>
      <id>6127619</id>
     </notificationSet>
    </environment>
   </environments>
  </project>
  <project>
   <properties>
    <id>7929857</id>
    <name>Selkie Windsor</name>
    <planKey>SW-MAS</planKey>
   </properties>
   <deploymentProjectItems>
    <item type="BAM_ARTIFACT">
     <id>6848519</id>
     <name>NuGet Package</name>
     <artifactDefinitionId>3112965</artifactDefinitionId>
    </item>
    <item type="BAM_ARTIFACT">
     <id>6848521</id>
     <name>Source</name>
     <artifactDefinitionId>6815749</artifactDefinitionId>
    </item>
   </deploymentProjectItems>
   <versionNamingScheme>
    <id>7962625</id>
    <nextVersionName>${bamboo.majorVersionNumber}.${bamboo.minorVersionNumber}.${bamboo.buildNumber}</nextVersionName>
    <autoIncrement>false</autoIncrement>
   </versionNamingScheme>
   <environments>
    <environment>
     <properties>
      <id>7897091</id>
      <name>Development</name>
      <configurationState>TASKED</configurationState>
      <position>0</position>
      <tasks><![CDATA[<?xml version="1.0" encoding="UTF-8" standalone="no"?>
<configuration xml:space="preserve">
  <taskDefinition>
    <id>1</id>
    <userDescription/>
    <isEnabled>true</isEnabled>
    <pluginKey>com.atlassian.bamboo.plugins.bamboo-artifact-downloader-plugin:cleanWorkingDirectoryTask</pluginKey>
    <finalising>false</finalising>
    <rootDirectoryType>DEFAULT</rootDirectoryType>
    <repositoryDefiningWorkingDir>-1</repositoryDefiningWorkingDir>
  </taskDefinition>
  <taskDefinition>
    <id>2</id>
    <userDescription>Download release contents</userDescription>
    <isEnabled>true</isEnabled>
    <pluginKey>com.atlassian.bamboo.plugins.bamboo-artifact-downloader-plugin:artifactdownloadertask</pluginKey>
    <finalising>false</finalising>
    <rootDirectoryType>DEFAULT</rootDirectoryType>
    <repositoryDefiningWorkingDir>-1</repositoryDefiningWorkingDir>
    <config>
      <item>
        <key>artifactName_0</key>
        <value>NuGet Package</value>
      </item>
      <item>
        <key>artifactId_0</key>
        <value>3112965</value>
      </item>
      <item>
        <key>sourcePlanKey</key>
        <value>SW-MAS</value>
      </item>
      <item>
        <key>localPath_0</key>
        <value/>
      </item>
    </config>
  </taskDefinition>
  <taskDefinition>
    <id>4</id>
    <userDescription>Get Scripts</userDescription>
    <isEnabled>true</isEnabled>
    <pluginKey>com.atlassian.bamboo.plugins.vcs:task.vcs.checkout</pluginKey>
    <finalising>false</finalising>
    <rootDirectoryType>DEFAULT</rootDirectoryType>
    <repositoryDefiningWorkingDir>-1</repositoryDefiningWorkingDir>
    <config>
      <item>
        <key>cleanCheckout</key>
        <value/>
      </item>
      <item>
        <key>checkoutDir_1</key>
        <value>Tools</value>
      </item>
      <item>
        <key>checkoutDir_0</key>
        <value>Scripts</value>
      </item>
      <item>
        <key>selectedRepository_0</key>
        <value>9601042</value>
      </item>
      <item>
        <key>selectedRepository_1</key>
        <value>10780673</value>
      </item>
    </config>
  </taskDefinition>
  <taskDefinition>
    <id>3</id>
    <userDescription>NuGet  - Push Package To LocalNuGetServer</userDescription>
    <isEnabled>true</isEnabled>
    <pluginKey>com.atlassian.bamboo.plugins.scripttask:task.builder.script</pluginKey>
    <finalising>false</finalising>
    <rootDirectoryType>DEFAULT</rootDirectoryType>
    <repositoryDefiningWorkingDir>-1</repositoryDefiningWorkingDir>
    <config>
      <item>
        <key>argument</key>
        <value>*Windsor* .\ ${bamboo.LocalNuGetServerUrl} ${bamboo.LocalNuGetServerApiKey}</value>
      </item>
      <item>
        <key>scriptLocation</key>
        <value>FILE</value>
      </item>
      <item>
        <key>environmentVariables</key>
        <value/>
      </item>
      <item>
        <key>runWithPowershell</key>
        <value>true</value>
      </item>
      <item>
        <key>scriptBody</key>
        <value/>
      </item>
      <item>
        <key>script</key>
        <value>Scripts\Push-NuGetPackages.ps1</value>
      </item>
      <item>
        <key>workingSubDirectory</key>
        <value/>
      </item>
    </config>
  </taskDefinition>
  <bambooDelimiterParsingDisabled>true</bambooDelimiterParsingDisabled>
</configuration>
]]></tasks>
      <triggers><![CDATA[<?xml version="1.0" encoding="UTF-8" standalone="no"?>
<configuration xml:space="preserve">
  
<buildStrategies>
    <defined>true</defined>
    <buildStrategy>
      <id>1</id>
      <key>afterSuccessfulPlan</key>
      <name>After successful build plan</name>
      <config>
        <item>
          <key>deployment.trigger.afterSuccessfulPlan.triggeringBranch</key>
          <value>SW-MAS</value>
        </item>
        <item>
          <key>bambooDelimiterParsingDisabled</key>
          <value>true</value>
        </item>
        <item>
          <key>custom.triggerrCondition.plansGreen.enabled</key>
          <value>false</value>
        </item>
        <item>
          <key>deployment.trigger.afterSuccessfulPlan.triggeringPlan</key>
          <value>SW-MAS</value>
        </item>
        <item>
          <key>deployment.trigger.afterSuccessfulPlan.branchSelectionMode</key>
          <value>INHERITED</value>
        </item>
      </config>
    </buildStrategy>
  </buildStrategies>
  <bambooDelimiterParsingDisabled>true</bambooDelimiterParsingDisabled>
</configuration>
]]></triggers>
     </properties>
     <repositoryLinks>
      <link>
       <id>13205507</id>
       <position>0</position>
       <repositoryDataEntityId>9601042</repositoryDataEntityId>
      </link>
      <link>
       <id>13697025</id>
       <position>1</position>
       <repositoryDataEntityId>10780673</repositoryDataEntityId>
      </link>
     </repositoryLinks>
     <requirementSet>
      <id>7634951</id>
     </requirementSet>
     <notificationSet>
      <id>7602181</id>
     </notificationSet>
    </environment>
   </environments>
  </project>
  <project>
   <properties>
    <id>7929858</id>
    <name>Selkie XUnit Extensions</name>
    <planKey>SXE-MAS</planKey>
   </properties>
   <deploymentProjectItems>
    <item type="BAM_ARTIFACT">
     <id>6848522</id>
     <name>Source</name>
     <artifactDefinitionId>6815753</artifactDefinitionId>
    </item>
    <item type="BAM_ARTIFACT">
     <id>6848523</id>
     <name>NuGet Package</name>
     <artifactDefinitionId>6815754</artifactDefinitionId>
    </item>
   </deploymentProjectItems>
   <versionNamingScheme>
    <id>7962626</id>
    <nextVersionName>${bamboo.majorVersionNumber}.${bamboo.minorVersionNumber}.${bamboo.buildNumber}</nextVersionName>
    <autoIncrement>false</autoIncrement>
   </versionNamingScheme>
   <environments>
    <environment>
     <properties>
      <id>7897092</id>
      <name>Development</name>
      <configurationState>TASKED</configurationState>
      <position>0</position>
      <tasks><![CDATA[<?xml version="1.0" encoding="UTF-8" standalone="no"?>
<configuration xml:space="preserve">
  <taskDefinition>
    <id>1</id>
    <userDescription/>
    <isEnabled>true</isEnabled>
    <pluginKey>com.atlassian.bamboo.plugins.bamboo-artifact-downloader-plugin:cleanWorkingDirectoryTask</pluginKey>
    <finalising>false</finalising>
    <rootDirectoryType>DEFAULT</rootDirectoryType>
    <repositoryDefiningWorkingDir>-1</repositoryDefiningWorkingDir>
  </taskDefinition>
  <taskDefinition>
    <id>4</id>
    <userDescription>Download Artifacts</userDescription>
    <isEnabled>true</isEnabled>
    <pluginKey>com.atlassian.bamboo.plugins.bamboo-artifact-downloader-plugin:artifactdownloadertask</pluginKey>
    <finalising>false</finalising>
    <rootDirectoryType>DEFAULT</rootDirectoryType>
    <repositoryDefiningWorkingDir>-1</repositoryDefiningWorkingDir>
    <config>
      <item>
        <key>artifactName_0</key>
        <value>NuGet Package</value>
      </item>
      <item>
        <key>artifactId_0</key>
        <value>6815754</value>
      </item>
      <item>
        <key>sourcePlanKey</key>
        <value>SXE-MAS</value>
      </item>
      <item>
        <key>localPath_0</key>
        <value/>
      </item>
    </config>
  </taskDefinition>
  <taskDefinition>
    <id>5</id>
    <userDescription>Get Tools and Scripts</userDescription>
    <isEnabled>true</isEnabled>
    <pluginKey>com.atlassian.bamboo.plugins.vcs:task.vcs.checkout</pluginKey>
    <finalising>false</finalising>
    <rootDirectoryType>DEFAULT</rootDirectoryType>
    <repositoryDefiningWorkingDir>-1</repositoryDefiningWorkingDir>
    <config>
      <item>
        <key>cleanCheckout</key>
        <value/>
      </item>
      <item>
        <key>checkoutDir_1</key>
        <value>Tools</value>
      </item>
      <item>
        <key>checkoutDir_0</key>
        <value>Scripts</value>
      </item>
      <item>
        <key>selectedRepository_0</key>
        <value>9601042</value>
      </item>
      <item>
        <key>selectedRepository_1</key>
        <value>10780673</value>
      </item>
    </config>
  </taskDefinition>
  <taskDefinition>
    <id>3</id>
    <userDescription>NuGet  - Push Package To LocalNuGetServer</userDescription>
    <isEnabled>true</isEnabled>
    <pluginKey>com.atlassian.bamboo.plugins.scripttask:task.builder.script</pluginKey>
    <finalising>false</finalising>
    <rootDirectoryType>DEFAULT</rootDirectoryType>
    <repositoryDefiningWorkingDir>-1</repositoryDefiningWorkingDir>
    <config>
      <item>
        <key>argument</key>
        <value>*Extensions* .\ ${bamboo.LocalNuGetServerUrl} ${bamboo.LocalNuGetServerApiKey}</value>
      </item>
      <item>
        <key>scriptLocation</key>
        <value>FILE</value>
      </item>
      <item>
        <key>environmentVariables</key>
        <value/>
      </item>
      <item>
        <key>runWithPowershell</key>
        <value>true</value>
      </item>
      <item>
        <key>scriptBody</key>
        <value/>
      </item>
      <item>
        <key>script</key>
        <value>Scripts\Push-NuGetPackages.ps1</value>
      </item>
      <item>
        <key>workingSubDirectory</key>
        <value/>
      </item>
    </config>
  </taskDefinition>
  <bambooDelimiterParsingDisabled>true</bambooDelimiterParsingDisabled>
</configuration>
]]></tasks>
      <triggers><![CDATA[<?xml version="1.0" encoding="UTF-8" standalone="no"?>
<configuration xml:space="preserve">
  
<buildStrategies>
    <defined>true</defined>
    <buildStrategy>
      <id>1</id>
      <key>afterSuccessfulPlan</key>
      <name>After successful build plan</name>
      <config>
        <item>
          <key>deployment.trigger.afterSuccessfulPlan.triggeringBranch</key>
          <value>SXE-MAS</value>
        </item>
        <item>
          <key>bambooDelimiterParsingDisabled</key>
          <value>true</value>
        </item>
        <item>
          <key>custom.triggerrCondition.plansGreen.enabled</key>
          <value>false</value>
        </item>
        <item>
          <key>deployment.trigger.afterSuccessfulPlan.triggeringPlan</key>
          <value>SXE-MAS</value>
        </item>
        <item>
          <key>deployment.trigger.afterSuccessfulPlan.branchSelectionMode</key>
          <value>INHERITED</value>
        </item>
      </config>
    </buildStrategy>
  </buildStrategies>
  <bambooDelimiterParsingDisabled>true</bambooDelimiterParsingDisabled>
</configuration>
]]></triggers>
     </properties>
     <repositoryLinks>
      <link>
       <id>13205505</id>
       <position>0</position>
       <repositoryDataEntityId>9601042</repositoryDataEntityId>
      </link>
      <link>
       <id>13697026</id>
       <position>1</position>
       <repositoryDataEntityId>10780673</repositoryDataEntityId>
      </link>
     </repositoryLinks>
     <requirementSet>
      <id>7634952</id>
     </requirementSet>
     <notificationSet>
      <id>7602182</id>
     </notificationSet>
    </environment>
   </environments>
  </project>
  <project>
   <properties>
    <id>8552449</id>
    <name>Selkie ACO</name>
    <planKey>SACO-MAS</planKey>
   </properties>
   <deploymentProjectItems>
    <item type="BAM_ARTIFACT">
     <id>8585217</id>
     <name>Source</name>
     <artifactDefinitionId>6815756</artifactDefinitionId>
    </item>
    <item type="BAM_ARTIFACT">
     <id>8585219</id>
     <name>NuGet Package</name>
     <artifactDefinitionId>6815758</artifactDefinitionId>
    </item>
   </deploymentProjectItems>
   <versionNamingScheme>
    <id>8683521</id>
    <nextVersionName>${bamboo.majorVersionNumber}.${bamboo.minorVersionNumber}.${bamboo.buildNumber}</nextVersionName>
    <autoIncrement>false</autoIncrement>
   </versionNamingScheme>
   <environments>
    <environment>
     <properties>
      <id>8716289</id>
      <name>Development</name>
      <configurationState>TASKED</configurationState>
      <position>0</position>
      <tasks><![CDATA[<?xml version="1.0" encoding="UTF-8" standalone="no"?>
<configuration xml:space="preserve">
  <taskDefinition>
    <id>1</id>
    <userDescription/>
    <isEnabled>true</isEnabled>
    <pluginKey>com.atlassian.bamboo.plugins.bamboo-artifact-downloader-plugin:cleanWorkingDirectoryTask</pluginKey>
    <finalising>false</finalising>
    <rootDirectoryType>DEFAULT</rootDirectoryType>
    <repositoryDefiningWorkingDir>-1</repositoryDefiningWorkingDir>
  </taskDefinition>
  <taskDefinition>
    <id>2</id>
    <userDescription>Download NuGet Package</userDescription>
    <isEnabled>true</isEnabled>
    <pluginKey>com.atlassian.bamboo.plugins.bamboo-artifact-downloader-plugin:artifactdownloadertask</pluginKey>
    <finalising>false</finalising>
    <rootDirectoryType>DEFAULT</rootDirectoryType>
    <repositoryDefiningWorkingDir>-1</repositoryDefiningWorkingDir>
    <config>
      <item>
        <key>artifactName_0</key>
        <value>NuGet Package</value>
      </item>
      <item>
        <key>artifactId_0</key>
        <value>6815758</value>
      </item>
      <item>
        <key>sourcePlanKey</key>
        <value>SACO-MAS</value>
      </item>
      <item>
        <key>localPath_0</key>
        <value/>
      </item>
    </config>
  </taskDefinition>
  <taskDefinition>
    <id>3</id>
    <userDescription>Selkie Scripts and Tools</userDescription>
    <isEnabled>true</isEnabled>
    <pluginKey>com.atlassian.bamboo.plugins.vcs:task.vcs.checkout</pluginKey>
    <finalising>false</finalising>
    <rootDirectoryType>DEFAULT</rootDirectoryType>
    <repositoryDefiningWorkingDir>-1</repositoryDefiningWorkingDir>
    <config>
      <item>
        <key>cleanCheckout</key>
        <value/>
      </item>
      <item>
        <key>checkoutDir_1</key>
        <value>Tools</value>
      </item>
      <item>
        <key>checkoutDir_0</key>
        <value>Scripts</value>
      </item>
      <item>
        <key>selectedRepository_0</key>
        <value>9601042</value>
      </item>
      <item>
        <key>selectedRepository_1</key>
        <value>10780673</value>
      </item>
    </config>
  </taskDefinition>
  <taskDefinition>
    <id>4</id>
    <userDescription>NuGet  - Push Package To LocalNuGetServer</userDescription>
    <isEnabled>true</isEnabled>
    <pluginKey>com.atlassian.bamboo.plugins.scripttask:task.builder.script</pluginKey>
    <finalising>false</finalising>
    <rootDirectoryType>DEFAULT</rootDirectoryType>
    <repositoryDefiningWorkingDir>-1</repositoryDefiningWorkingDir>
    <config>
      <item>
        <key>argument</key>
        <value>*ACO* .\ ${bamboo.LocalNuGetServerUrl} ${bamboo.LocalNuGetServerApiKey}</value>
      </item>
      <item>
        <key>scriptLocation</key>
        <value>FILE</value>
      </item>
      <item>
        <key>environmentVariables</key>
        <value/>
      </item>
      <item>
        <key>runWithPowershell</key>
        <value>true</value>
      </item>
      <item>
        <key>scriptBody</key>
        <value/>
      </item>
      <item>
        <key>script</key>
        <value>Scripts\Push-NuGetPackages.ps1</value>
      </item>
      <item>
        <key>workingSubDirectory</key>
        <value/>
      </item>
    </config>
  </taskDefinition>
  <bambooDelimiterParsingDisabled>true</bambooDelimiterParsingDisabled>
</configuration>
]]></tasks>
      <triggers><![CDATA[<?xml version="1.0" encoding="UTF-8" standalone="no"?>
<configuration xml:space="preserve">
  
<buildStrategies>
    <defined>true</defined>
    <buildStrategy>
      <id>1</id>
      <key>afterSuccessfulPlan</key>
      <name>After successful build plan</name>
      <config>
        <item>
          <key>deployment.trigger.afterSuccessfulPlan.triggeringBranch</key>
          <value>SACO-MAS</value>
        </item>
        <item>
          <key>bambooDelimiterParsingDisabled</key>
          <value>true</value>
        </item>
        <item>
          <key>custom.triggerrCondition.plansGreen.enabled</key>
          <value>false</value>
        </item>
        <item>
          <key>deployment.trigger.afterSuccessfulPlan.triggeringPlan</key>
          <value>SACO-MAS</value>
        </item>
        <item>
          <key>deployment.trigger.afterSuccessfulPlan.branchSelectionMode</key>
          <value>INHERITED</value>
        </item>
      </config>
    </buildStrategy>
  </buildStrategies>
  <bambooDelimiterParsingDisabled>true</bambooDelimiterParsingDisabled>
</configuration>
]]></triggers>
     </properties>
     <repositoryLinks>
      <link>
       <id>10878977</id>
       <position>0</position>
       <repositoryDataEntityId>9601042</repositoryDataEntityId>
      </link>
      <link>
       <id>10878978</id>
       <position>1</position>
       <repositoryDataEntityId>10780673</repositoryDataEntityId>
      </link>
     </repositoryLinks>
     <requirementSet>
      <id>8749057</id>
     </requirementSet>
     <notificationSet>
      <id>8781825</id>
     </notificationSet>
    </environment>
   </environments>
  </project>
  <project>
   <properties>
    <id>14417921</id>
    <name>Selkie EasyNetQ</name>
    <planKey>SE-MAS</planKey>
   </properties>
   <deploymentProjectItems>
    <item type="BAM_ARTIFACT">
     <id>14450689</id>
     <name>Source</name>
     <artifactDefinitionId>12779526</artifactDefinitionId>
    </item>
    <item type="BAM_ARTIFACT">
     <id>14450690</id>
     <name>NuGet Package</name>
     <artifactDefinitionId>12779528</artifactDefinitionId>
    </item>
   </deploymentProjectItems>
   <versionNamingScheme>
    <id>14548993</id>
    <nextVersionName>${bamboo.majorVersionNumber}.${bamboo.minorVersionNumber}.${bamboo.buildNumber}</nextVersionName>
    <autoIncrement>false</autoIncrement>
   </versionNamingScheme>
   <environments>
    <environment>
     <properties>
      <id>14581761</id>
      <name>Development</name>
      <configurationState>TASKED</configurationState>
      <position>0</position>
      <tasks><![CDATA[<?xml version="1.0" encoding="UTF-8" standalone="no"?>
<configuration xml:space="preserve">
  <taskDefinition>
    <id>1</id>
    <userDescription/>
    <isEnabled>true</isEnabled>
    <pluginKey>com.atlassian.bamboo.plugins.bamboo-artifact-downloader-plugin:cleanWorkingDirectoryTask</pluginKey>
    <finalising>false</finalising>
    <rootDirectoryType>DEFAULT</rootDirectoryType>
    <repositoryDefiningWorkingDir>-1</repositoryDefiningWorkingDir>
  </taskDefinition>
  <taskDefinition>
    <id>2</id>
    <userDescription>Download release contents</userDescription>
    <isEnabled>true</isEnabled>
    <pluginKey>com.atlassian.bamboo.plugins.bamboo-artifact-downloader-plugin:artifactdownloadertask</pluginKey>
    <finalising>false</finalising>
    <rootDirectoryType>DEFAULT</rootDirectoryType>
    <repositoryDefiningWorkingDir>-1</repositoryDefiningWorkingDir>
    <config>
      <item>
        <key>artifactName_0</key>
        <value>NuGet Package</value>
      </item>
      <item>
        <key>artifactId_0</key>
        <value>12779528</value>
      </item>
      <item>
        <key>sourcePlanKey</key>
        <value>SE-MAS</value>
      </item>
      <item>
        <key>localPath_0</key>
        <value/>
      </item>
    </config>
  </taskDefinition>
  <taskDefinition>
    <id>3</id>
    <userDescription>Get Scripts And Tools</userDescription>
    <isEnabled>true</isEnabled>
    <pluginKey>com.atlassian.bamboo.plugins.vcs:task.vcs.checkout</pluginKey>
    <finalising>false</finalising>
    <rootDirectoryType>DEFAULT</rootDirectoryType>
    <repositoryDefiningWorkingDir>-1</repositoryDefiningWorkingDir>
    <config>
      <item>
        <key>cleanCheckout</key>
        <value/>
      </item>
      <item>
        <key>checkoutDir_1</key>
        <value>Tools</value>
      </item>
      <item>
        <key>checkoutDir_0</key>
        <value>Scripts</value>
      </item>
      <item>
        <key>selectedRepository_0</key>
        <value>9601042</value>
      </item>
      <item>
        <key>selectedRepository_1</key>
        <value>10780673</value>
      </item>
    </config>
  </taskDefinition>
  <taskDefinition>
    <id>4</id>
    <userDescription>NuGet  - Push Package To LocalNuGetServer</userDescription>
    <isEnabled>true</isEnabled>
    <pluginKey>com.atlassian.bamboo.plugins.scripttask:task.builder.script</pluginKey>
    <finalising>false</finalising>
    <rootDirectoryType>DEFAULT</rootDirectoryType>
    <repositoryDefiningWorkingDir>-1</repositoryDefiningWorkingDir>
    <config>
      <item>
        <key>argument</key>
        <value>*EasyNetQ* .\ ${bamboo.LocalNuGetServerUrl} ${bamboo.LocalNuGetServerApiKey}</value>
      </item>
      <item>
        <key>scriptLocation</key>
        <value>FILE</value>
      </item>
      <item>
        <key>environmentVariables</key>
        <value/>
      </item>
      <item>
        <key>runWithPowershell</key>
        <value>true</value>
      </item>
      <item>
        <key>scriptBody</key>
        <value/>
      </item>
      <item>
        <key>script</key>
        <value>Scripts\Push-NuGetPackages.ps1</value>
      </item>
      <item>
        <key>workingSubDirectory</key>
        <value/>
      </item>
    </config>
  </taskDefinition>
  <bambooDelimiterParsingDisabled>true</bambooDelimiterParsingDisabled>
</configuration>
]]></tasks>
      <triggers><![CDATA[<?xml version="1.0" encoding="UTF-8" standalone="no"?>
<configuration xml:space="preserve">
  
<buildStrategies>
    <defined>true</defined>
    <buildStrategy>
      <id>1</id>
      <key>afterSuccessfulPlan</key>
      <name>After successful build plan</name>
      <config>
        <item>
          <key>deployment.trigger.afterSuccessfulPlan.triggeringBranch</key>
          <value>SE-MAS</value>
        </item>
        <item>
          <key>bambooDelimiterParsingDisabled</key>
          <value>true</value>
        </item>
        <item>
          <key>custom.triggerrCondition.plansGreen.enabled</key>
          <value>false</value>
        </item>
        <item>
          <key>deployment.trigger.afterSuccessfulPlan.triggeringPlan</key>
          <value>SE-MAS</value>
        </item>
        <item>
          <key>deployment.trigger.afterSuccessfulPlan.branchSelectionMode</key>
          <value>INHERITED</value>
        </item>
      </config>
    </buildStrategy>
  </buildStrategies>
  <bambooDelimiterParsingDisabled>true</bambooDelimiterParsingDisabled>
</configuration>
]]></triggers>
     </properties>
     <repositoryLinks>
      <link>
       <id>14680065</id>
       <position>0</position>
       <repositoryDataEntityId>9601042</repositoryDataEntityId>
      </link>
      <link>
       <id>14680067</id>
       <position>1</position>
       <repositoryDataEntityId>10780673</repositoryDataEntityId>
      </link>
     </repositoryLinks>
     <requirementSet>
      <id>14614529</id>
     </requirementSet>
     <notificationSet>
      <id>14647297</id>
     </notificationSet>
    </environment>
   </environments>
  </project>
  <project>
   <properties>
    <id>16941058</id>
    <name>Selkie Racetrack</name>
    <planKey>SR-MAS</planKey>
   </properties>
   <deploymentProjectItems>
    <item type="BAM_ARTIFACT">
     <id>16973827</id>
     <name>Source</name>
     <artifactDefinitionId>16777220</artifactDefinitionId>
    </item>
    <item type="BAM_ARTIFACT">
     <id>16973828</id>
     <name>NuGet Package</name>
     <artifactDefinitionId>16777222</artifactDefinitionId>
    </item>
   </deploymentProjectItems>
   <versionNamingScheme>
    <id>17006594</id>
    <nextVersionName>${bamboo.majorVersionNumber}.${bamboo.minorVersionNumber}.${bamboo.buildNumber}</nextVersionName>
    <autoIncrement>false</autoIncrement>
   </versionNamingScheme>
   <environments>
    <environment>
     <properties>
      <id>17039362</id>
      <name>Development</name>
      <configurationState>TASKED</configurationState>
      <position>0</position>
      <tasks><![CDATA[<?xml version="1.0" encoding="UTF-8" standalone="no"?>
<configuration xml:space="preserve">
  <taskDefinition>
    <id>1</id>
    <userDescription/>
    <isEnabled>true</isEnabled>
    <pluginKey>com.atlassian.bamboo.plugins.bamboo-artifact-downloader-plugin:cleanWorkingDirectoryTask</pluginKey>
    <finalising>false</finalising>
    <rootDirectoryType>DEFAULT</rootDirectoryType>
    <repositoryDefiningWorkingDir>-1</repositoryDefiningWorkingDir>
  </taskDefinition>
  <taskDefinition>
    <id>2</id>
    <userDescription>Download release contents</userDescription>
    <isEnabled>true</isEnabled>
    <pluginKey>com.atlassian.bamboo.plugins.bamboo-artifact-downloader-plugin:artifactdownloadertask</pluginKey>
    <finalising>false</finalising>
    <rootDirectoryType>DEFAULT</rootDirectoryType>
    <repositoryDefiningWorkingDir>-1</repositoryDefiningWorkingDir>
    <config>
      <item>
        <key>artifactName_0</key>
        <value>NuGet Package</value>
      </item>
      <item>
        <key>artifactId_0</key>
        <value>16777222</value>
      </item>
      <item>
        <key>sourcePlanKey</key>
        <value>SR-MAS</value>
      </item>
      <item>
        <key>localPath_0</key>
        <value/>
      </item>
    </config>
  </taskDefinition>
  <taskDefinition>
    <id>3</id>
    <userDescription>Get Scripts And Tools</userDescription>
    <isEnabled>true</isEnabled>
    <pluginKey>com.atlassian.bamboo.plugins.vcs:task.vcs.checkout</pluginKey>
    <finalising>false</finalising>
    <rootDirectoryType>DEFAULT</rootDirectoryType>
    <repositoryDefiningWorkingDir>-1</repositoryDefiningWorkingDir>
    <config>
      <item>
        <key>cleanCheckout</key>
        <value/>
      </item>
      <item>
        <key>checkoutDir_1</key>
        <value>Tools</value>
      </item>
      <item>
        <key>checkoutDir_0</key>
        <value>Scripts</value>
      </item>
      <item>
        <key>selectedRepository_0</key>
        <value>9601042</value>
      </item>
      <item>
        <key>selectedRepository_1</key>
        <value>10780673</value>
      </item>
    </config>
  </taskDefinition>
  <taskDefinition>
    <id>4</id>
    <userDescription>NuGet  - Push Package To LocalNuGetServer</userDescription>
    <isEnabled>true</isEnabled>
    <pluginKey>com.atlassian.bamboo.plugins.scripttask:task.builder.script</pluginKey>
    <finalising>false</finalising>
    <rootDirectoryType>DEFAULT</rootDirectoryType>
    <repositoryDefiningWorkingDir>-1</repositoryDefiningWorkingDir>
    <config>
      <item>
        <key>argument</key>
        <value>*Racetrack* .\ ${bamboo.LocalNuGetServerUrl} ${bamboo.LocalNuGetServerApiKey}</value>
      </item>
      <item>
        <key>scriptLocation</key>
        <value>FILE</value>
      </item>
      <item>
        <key>environmentVariables</key>
        <value/>
      </item>
      <item>
        <key>runWithPowershell</key>
        <value>true</value>
      </item>
      <item>
        <key>scriptBody</key>
        <value/>
      </item>
      <item>
        <key>script</key>
        <value>Scripts\Push-NuGetPackages.ps1</value>
      </item>
      <item>
        <key>workingSubDirectory</key>
        <value/>
      </item>
    </config>
  </taskDefinition>
  <bambooDelimiterParsingDisabled>true</bambooDelimiterParsingDisabled>
</configuration>
]]></tasks>
      <triggers><![CDATA[<?xml version="1.0" encoding="UTF-8" standalone="no"?>
<configuration xml:space="preserve">
  
<buildStrategies>
    <defined>true</defined>
    <buildStrategy>
      <id>1</id>
      <key>afterSuccessfulPlan</key>
      <name>After successful build plan</name>
      <config>
        <item>
          <key>deployment.trigger.afterSuccessfulPlan.triggeringBranch</key>
          <value>SR-MAS</value>
        </item>
        <item>
          <key>bambooDelimiterParsingDisabled</key>
          <value>true</value>
        </item>
        <item>
          <key>custom.triggerrCondition.plansGreen.enabled</key>
          <value>false</value>
        </item>
        <item>
          <key>deployment.trigger.afterSuccessfulPlan.triggeringPlan</key>
          <value>SR-MAS</value>
        </item>
        <item>
          <key>deployment.trigger.afterSuccessfulPlan.branchSelectionMode</key>
          <value>INHERITED</value>
        </item>
      </config>
    </buildStrategy>
  </buildStrategies>
  <bambooDelimiterParsingDisabled>true</bambooDelimiterParsingDisabled>
</configuration>
]]></triggers>
     </properties>
     <repositoryLinks>
      <link>
       <id>17072131</id>
       <position>0</position>
       <repositoryDataEntityId>9601042</repositoryDataEntityId>
      </link>
      <link>
       <id>17072132</id>
       <position>1</position>
       <repositoryDataEntityId>10780673</repositoryDataEntityId>
      </link>
     </repositoryLinks>
     <requirementSet>
      <id>16646150</id>
     </requirementSet>
     <notificationSet>
      <id>16580612</id>
     </notificationSet>
    </environment>
   </environments>
  </project>
  <project>
   <properties>
    <id>18087937</id>
    <name>Selkie Services Common</name>
    <planKey>SSC-MAS</planKey>
   </properties>
   <deploymentProjectItems>
    <item type="BAM_ARTIFACT">
     <id>18120705</id>
     <name>Source</name>
     <artifactDefinitionId>17924097</artifactDefinitionId>
    </item>
    <item type="BAM_ARTIFACT">
     <id>18120706</id>
     <name>NuGet Package</name>
     <artifactDefinitionId>17924099</artifactDefinitionId>
    </item>
   </deploymentProjectItems>
   <versionNamingScheme>
    <id>18153473</id>
    <nextVersionName>${bamboo.majorVersionNumber}.${bamboo.minorVersionNumber}.${bamboo.buildNumber}</nextVersionName>
    <autoIncrement>false</autoIncrement>
   </versionNamingScheme>
   <environments>
    <environment>
     <properties>
      <id>18186241</id>
      <name>Development</name>
      <configurationState>TASKED</configurationState>
      <position>0</position>
      <tasks><![CDATA[<?xml version="1.0" encoding="UTF-8" standalone="no"?>
<configuration xml:space="preserve">
  <taskDefinition>
    <id>1</id>
    <userDescription/>
    <isEnabled>true</isEnabled>
    <pluginKey>com.atlassian.bamboo.plugins.bamboo-artifact-downloader-plugin:cleanWorkingDirectoryTask</pluginKey>
    <finalising>false</finalising>
    <rootDirectoryType>DEFAULT</rootDirectoryType>
    <repositoryDefiningWorkingDir>-1</repositoryDefiningWorkingDir>
  </taskDefinition>
  <taskDefinition>
    <id>2</id>
    <userDescription>Download release contents</userDescription>
    <isEnabled>true</isEnabled>
    <pluginKey>com.atlassian.bamboo.plugins.bamboo-artifact-downloader-plugin:artifactdownloadertask</pluginKey>
    <finalising>false</finalising>
    <rootDirectoryType>DEFAULT</rootDirectoryType>
    <repositoryDefiningWorkingDir>-1</repositoryDefiningWorkingDir>
    <config>
      <item>
        <key>artifactName_0</key>
        <value>NuGet Package</value>
      </item>
      <item>
        <key>artifactId_0</key>
        <value>17924099</value>
      </item>
      <item>
        <key>sourcePlanKey</key>
        <value>SSC-MAS</value>
      </item>
      <item>
        <key>localPath_0</key>
        <value/>
      </item>
    </config>
  </taskDefinition>
  <taskDefinition>
    <id>3</id>
    <userDescription>Get Scripts And Tools</userDescription>
    <isEnabled>true</isEnabled>
    <pluginKey>com.atlassian.bamboo.plugins.vcs:task.vcs.checkout</pluginKey>
    <finalising>false</finalising>
    <rootDirectoryType>DEFAULT</rootDirectoryType>
    <repositoryDefiningWorkingDir>-1</repositoryDefiningWorkingDir>
    <config>
      <item>
        <key>cleanCheckout</key>
        <value/>
      </item>
      <item>
        <key>checkoutDir_1</key>
        <value>Tools</value>
      </item>
      <item>
        <key>checkoutDir_0</key>
        <value>Scripts</value>
      </item>
      <item>
        <key>selectedRepository_0</key>
        <value>9601042</value>
      </item>
      <item>
        <key>selectedRepository_1</key>
        <value>10780673</value>
      </item>
    </config>
  </taskDefinition>
  <taskDefinition>
    <id>4</id>
    <userDescription>NuGet  - Push Package To LocalNuGetServer</userDescription>
    <isEnabled>true</isEnabled>
    <pluginKey>com.atlassian.bamboo.plugins.scripttask:task.builder.script</pluginKey>
    <finalising>false</finalising>
    <rootDirectoryType>DEFAULT</rootDirectoryType>
    <repositoryDefiningWorkingDir>-1</repositoryDefiningWorkingDir>
    <config>
      <item>
        <key>argument</key>
        <value>*Services* .\ ${bamboo.LocalNuGetServerUrl} ${bamboo.LocalNuGetServerApiKey}</value>
      </item>
      <item>
        <key>scriptLocation</key>
        <value>FILE</value>
      </item>
      <item>
        <key>environmentVariables</key>
        <value/>
      </item>
      <item>
        <key>runWithPowershell</key>
        <value>true</value>
      </item>
      <item>
        <key>scriptBody</key>
        <value/>
      </item>
      <item>
        <key>script</key>
        <value>Scripts\Push-NuGetPackages.ps1</value>
      </item>
      <item>
        <key>workingSubDirectory</key>
        <value/>
      </item>
    </config>
  </taskDefinition>
  <bambooDelimiterParsingDisabled>true</bambooDelimiterParsingDisabled>
</configuration>
]]></tasks>
      <triggers><![CDATA[<?xml version="1.0" encoding="UTF-8" standalone="no"?>
<configuration xml:space="preserve">
  
<buildStrategies>
    <defined>true</defined>
    <buildStrategy>
      <id>1</id>
      <key>afterSuccessfulPlan</key>
      <name>After successful build plan</name>
      <config>
        <item>
          <key>deployment.trigger.afterSuccessfulPlan.triggeringBranch</key>
          <value>SSC-MAS</value>
        </item>
        <item>
          <key>bambooDelimiterParsingDisabled</key>
          <value>true</value>
        </item>
        <item>
          <key>custom.triggerrCondition.plansGreen.enabled</key>
          <value>false</value>
        </item>
        <item>
          <key>deployment.trigger.afterSuccessfulPlan.triggeringPlan</key>
          <value>SSC-MAS</value>
        </item>
        <item>
          <key>deployment.trigger.afterSuccessfulPlan.branchSelectionMode</key>
          <value>INHERITED</value>
        </item>
      </config>
    </buildStrategy>
  </buildStrategies>
  <bambooDelimiterParsingDisabled>true</bambooDelimiterParsingDisabled>
</configuration>
]]></triggers>
     </properties>
     <repositoryLinks>
      <link>
       <id>18219009</id>
       <position>0</position>
       <repositoryDataEntityId>9601042</repositoryDataEntityId>
      </link>
      <link>
       <id>18219010</id>
       <position>1</position>
       <repositoryDataEntityId>10780673</repositoryDataEntityId>
      </link>
     </repositoryLinks>
     <requirementSet>
      <id>17760259</id>
     </requirementSet>
     <notificationSet>
      <id>17694722</id>
     </notificationSet>
    </environment>
   </environments>
  </project>
  <project>
   <properties>
    <id>18087938</id>
    <name>Selkie Geometry</name>
    <planKey>SG-MAS</planKey>
   </properties>
   <deploymentProjectItems>
    <item type="BAM_ARTIFACT">
     <id>18120707</id>
     <name>Source</name>
     <artifactDefinitionId>16777217</artifactDefinitionId>
    </item>
    <item type="BAM_ARTIFACT">
     <id>18120708</id>
     <name>NuGet Package</name>
     <artifactDefinitionId>16777219</artifactDefinitionId>
    </item>
   </deploymentProjectItems>
   <versionNamingScheme>
    <id>18153474</id>
    <nextVersionName>${bamboo.majorVersionNumber}.${bamboo.minorVersionNumber}.${bamboo.buildNumber}</nextVersionName>
    <autoIncrement>false</autoIncrement>
   </versionNamingScheme>
   <environments>
    <environment>
     <properties>
      <id>18186242</id>
      <name>Development</name>
      <configurationState>TASKED</configurationState>
      <position>0</position>
      <tasks><![CDATA[<?xml version="1.0" encoding="UTF-8" standalone="no"?>
<configuration xml:space="preserve">
  <taskDefinition>
    <id>1</id>
    <userDescription/>
    <isEnabled>true</isEnabled>
    <pluginKey>com.atlassian.bamboo.plugins.bamboo-artifact-downloader-plugin:cleanWorkingDirectoryTask</pluginKey>
    <finalising>false</finalising>
    <rootDirectoryType>DEFAULT</rootDirectoryType>
    <repositoryDefiningWorkingDir>-1</repositoryDefiningWorkingDir>
  </taskDefinition>
  <taskDefinition>
    <id>2</id>
    <userDescription>Download release contents</userDescription>
    <isEnabled>true</isEnabled>
    <pluginKey>com.atlassian.bamboo.plugins.bamboo-artifact-downloader-plugin:artifactdownloadertask</pluginKey>
    <finalising>false</finalising>
    <rootDirectoryType>DEFAULT</rootDirectoryType>
    <repositoryDefiningWorkingDir>-1</repositoryDefiningWorkingDir>
    <config>
      <item>
        <key>artifactName_0</key>
        <value>NuGet Package</value>
      </item>
      <item>
        <key>artifactId_0</key>
        <value>16777219</value>
      </item>
      <item>
        <key>sourcePlanKey</key>
        <value>SG-MAS</value>
      </item>
      <item>
        <key>localPath_0</key>
        <value/>
      </item>
    </config>
  </taskDefinition>
  <taskDefinition>
    <id>3</id>
    <userDescription>Get Scripts And Tools</userDescription>
    <isEnabled>true</isEnabled>
    <pluginKey>com.atlassian.bamboo.plugins.vcs:task.vcs.checkout</pluginKey>
    <finalising>false</finalising>
    <rootDirectoryType>DEFAULT</rootDirectoryType>
    <repositoryDefiningWorkingDir>-1</repositoryDefiningWorkingDir>
    <config>
      <item>
        <key>cleanCheckout</key>
        <value/>
      </item>
      <item>
        <key>checkoutDir_1</key>
        <value>Tools</value>
      </item>
      <item>
        <key>checkoutDir_0</key>
        <value>Scripts</value>
      </item>
      <item>
        <key>selectedRepository_0</key>
        <value>9601042</value>
      </item>
      <item>
        <key>selectedRepository_1</key>
        <value>10780673</value>
      </item>
    </config>
  </taskDefinition>
  <taskDefinition>
    <id>4</id>
    <userDescription>NuGet  - Push Package To LocalNuGetServer</userDescription>
    <isEnabled>true</isEnabled>
    <pluginKey>com.atlassian.bamboo.plugins.scripttask:task.builder.script</pluginKey>
    <finalising>false</finalising>
    <rootDirectoryType>DEFAULT</rootDirectoryType>
    <repositoryDefiningWorkingDir>-1</repositoryDefiningWorkingDir>
    <config>
      <item>
        <key>argument</key>
        <value>*Geometry* .\ ${bamboo.LocalNuGetServerUrl} ${bamboo.LocalNuGetServerApiKey}</value>
      </item>
      <item>
        <key>scriptLocation</key>
        <value>FILE</value>
      </item>
      <item>
        <key>environmentVariables</key>
        <value/>
      </item>
      <item>
        <key>runWithPowershell</key>
        <value>true</value>
      </item>
      <item>
        <key>scriptBody</key>
        <value/>
      </item>
      <item>
        <key>script</key>
        <value>Scripts\Push-NuGetPackages.ps1</value>
      </item>
      <item>
        <key>workingSubDirectory</key>
        <value/>
      </item>
    </config>
  </taskDefinition>
  <bambooDelimiterParsingDisabled>true</bambooDelimiterParsingDisabled>
</configuration>
]]></tasks>
      <triggers><![CDATA[<?xml version="1.0" encoding="UTF-8" standalone="no"?>
<configuration xml:space="preserve">
  
<buildStrategies>
    <defined>true</defined>
    <buildStrategy>
      <id>1</id>
      <key>afterSuccessfulPlan</key>
      <name>After successful build plan</name>
      <config>
        <item>
          <key>deployment.trigger.afterSuccessfulPlan.triggeringBranch</key>
          <value>SG-MAS</value>
        </item>
        <item>
          <key>bambooDelimiterParsingDisabled</key>
          <value>true</value>
        </item>
        <item>
          <key>custom.triggerrCondition.plansGreen.enabled</key>
          <value>false</value>
        </item>
        <item>
          <key>deployment.trigger.afterSuccessfulPlan.triggeringPlan</key>
          <value>SG-MAS</value>
        </item>
        <item>
          <key>deployment.trigger.afterSuccessfulPlan.branchSelectionMode</key>
          <value>INHERITED</value>
        </item>
      </config>
    </buildStrategy>
  </buildStrategies>
  <bambooDelimiterParsingDisabled>true</bambooDelimiterParsingDisabled>
</configuration>
]]></triggers>
     </properties>
     <repositoryLinks>
      <link>
       <id>18219011</id>
       <position>0</position>
       <repositoryDataEntityId>9601042</repositoryDataEntityId>
      </link>
      <link>
       <id>18219012</id>
       <position>1</position>
       <repositoryDataEntityId>10780673</repositoryDataEntityId>
      </link>
     </repositoryLinks>
     <requirementSet>
      <id>17760260</id>
     </requirementSet>
     <notificationSet>
      <id>17694723</id>
     </notificationSet>
    </environment>
   </environments>
  </project>
  <project>
   <properties>
    <id>35487745</id>
    <name>Selkie Services Aco</name>
    <planKey>SSA-MAS</planKey>
   </properties>
   <deploymentProjectItems>
    <item type="BAM_ARTIFACT">
     <id>35520513</id>
     <name>Source</name>
     <artifactDefinitionId>29917185</artifactDefinitionId>
    </item>
    <item type="BAM_ARTIFACT">
     <id>35520515</id>
     <name>NuGet Package (Service)</name>
     <artifactDefinitionId>34963470</artifactDefinitionId>
    </item>
   </deploymentProjectItems>
   <versionNamingScheme>
    <id>35618817</id>
    <nextVersionName>${bamboo.majorVersionNumber}.${bamboo.minorVersionNumber}.${bamboo.buildNumber}</nextVersionName>
    <autoIncrement>false</autoIncrement>
   </versionNamingScheme>
   <environments>
    <environment>
     <properties>
      <id>35651585</id>
      <name>Development</name>
      <configurationState>TASKED</configurationState>
      <position>0</position>
      <tasks><![CDATA[<?xml version="1.0" encoding="UTF-8" standalone="no"?>
<configuration xml:space="preserve">
  <taskDefinition>
    <id>1</id>
    <userDescription/>
    <isEnabled>true</isEnabled>
    <pluginKey>com.atlassian.bamboo.plugins.bamboo-artifact-downloader-plugin:cleanWorkingDirectoryTask</pluginKey>
    <finalising>false</finalising>
    <rootDirectoryType>DEFAULT</rootDirectoryType>
    <repositoryDefiningWorkingDir>-1</repositoryDefiningWorkingDir>
  </taskDefinition>
  <taskDefinition>
    <id>2</id>
    <userDescription>Download release contents</userDescription>
    <isEnabled>true</isEnabled>
    <pluginKey>com.atlassian.bamboo.plugins.bamboo-artifact-downloader-plugin:artifactdownloadertask</pluginKey>
    <finalising>false</finalising>
    <rootDirectoryType>DEFAULT</rootDirectoryType>
    <repositoryDefiningWorkingDir>-1</repositoryDefiningWorkingDir>
    <config>
      <item>
        <key>artifactName_0</key>
        <value>NuGet Package</value>
      </item>
      <item>
        <key>artifactId_0</key>
        <value>34963470</value>
      </item>
      <item>
        <key>sourcePlanKey</key>
        <value>SSA-MAS</value>
      </item>
      <item>
        <key>localPath_0</key>
        <value/>
      </item>
    </config>
  </taskDefinition>
  <taskDefinition>
    <id>3</id>
    <userDescription>Get Scripts</userDescription>
    <isEnabled>true</isEnabled>
    <pluginKey>com.atlassian.bamboo.plugins.vcs:task.vcs.checkout</pluginKey>
    <finalising>false</finalising>
    <rootDirectoryType>DEFAULT</rootDirectoryType>
    <repositoryDefiningWorkingDir>-1</repositoryDefiningWorkingDir>
    <config>
      <item>
        <key>cleanCheckout</key>
        <value/>
      </item>
      <item>
        <key>checkoutDir_0</key>
        <value>Scripts</value>
      </item>
      <item>
        <key>selectedRepository_0</key>
        <value>9601042</value>
      </item>
    </config>
  </taskDefinition>
  <taskDefinition>
    <id>4</id>
    <userDescription>NuGet  - Push Package To LocalNuGetServer</userDescription>
    <isEnabled>true</isEnabled>
    <pluginKey>com.atlassian.bamboo.plugins.scripttask:task.builder.script</pluginKey>
    <finalising>false</finalising>
    <rootDirectoryType>DEFAULT</rootDirectoryType>
    <repositoryDefiningWorkingDir>-1</repositoryDefiningWorkingDir>
    <config>
      <item>
        <key>argument</key>
        <value>*Aco* .\ ${bamboo.LocalNuGetServerUrl} ${bamboo.LocalNuGetServerApiKey}</value>
      </item>
      <item>
        <key>scriptLocation</key>
        <value>FILE</value>
      </item>
      <item>
        <key>environmentVariables</key>
        <value/>
      </item>
      <item>
        <key>runWithPowershell</key>
        <value>true</value>
      </item>
      <item>
        <key>scriptBody</key>
        <value/>
      </item>
      <item>
        <key>script</key>
        <value>Scripts\Push-NuGetPackages.ps1</value>
      </item>
      <item>
        <key>workingSubDirectory</key>
        <value/>
      </item>
    </config>
  </taskDefinition>
  <bambooDelimiterParsingDisabled>true</bambooDelimiterParsingDisabled>
</configuration>
]]></tasks>
      <triggers><![CDATA[<?xml version="1.0" encoding="UTF-8" standalone="no"?>
<configuration xml:space="preserve">
  
<buildStrategies>
    <defined>true</defined>
    <buildStrategy>
      <id>1</id>
      <key>afterSuccessfulPlan</key>
      <name/>
      <config>
        <item>
          <key>deployment.trigger.afterSuccessfulPlan.triggeringBranch</key>
          <value>SSA-MAS</value>
        </item>
        <item>
          <key>bambooDelimiterParsingDisabled</key>
          <value>true</value>
        </item>
        <item>
          <key>custom.triggerrCondition.plansGreen.enabled</key>
          <value>false</value>
        </item>
        <item>
          <key>deployment.trigger.afterSuccessfulPlan.triggeringPlan</key>
          <value>SSA-MAS</value>
        </item>
        <item>
          <key>deployment.trigger.afterSuccessfulPlan.branchSelectionMode</key>
          <value>INHERITED</value>
        </item>
      </config>
    </buildStrategy>
  </buildStrategies>
  <bambooDelimiterParsingDisabled>true</bambooDelimiterParsingDisabled>
</configuration>
]]></triggers>
     </properties>
     <repositoryLinks>
      <link>
       <id>35717121</id>
       <position>0</position>
       <repositoryDataEntityId>9601042</repositoryDataEntityId>
      </link>
     </repositoryLinks>
     <requirementSet>
      <id>34897922</id>
     </requirementSet>
     <notificationSet>
      <id>35684353</id>
     </notificationSet>
    </environment>
   </environments>
  </project>
  <project>
   <properties>
    <id>35487746</id>
    <name>Selkie Services Lines</name>
    <planKey>SSL-MAST</planKey>
   </properties>
   <deploymentProjectItems>
    <item type="BAM_ARTIFACT">
     <id>35520517</id>
     <name>Source</name>
     <artifactDefinitionId>24215556</artifactDefinitionId>
    </item>
    <item type="BAM_ARTIFACT">
     <id>35520519</id>
     <name>NuGet Package (Service)</name>
     <artifactDefinitionId>34963473</artifactDefinitionId>
    </item>
   </deploymentProjectItems>
   <versionNamingScheme>
    <id>35618818</id>
    <nextVersionName>${bamboo.majorVersionNumber}.${bamboo.minorVersionNumber}.${bamboo.buildNumber}</nextVersionName>
    <autoIncrement>false</autoIncrement>
   </versionNamingScheme>
   <environments>
    <environment>
     <properties>
      <id>35651586</id>
      <name>Development</name>
      <configurationState>TASKED</configurationState>
      <position>0</position>
      <tasks><![CDATA[<?xml version="1.0" encoding="UTF-8" standalone="no"?>
<configuration xml:space="preserve">
  <taskDefinition>
    <id>1</id>
    <userDescription/>
    <isEnabled>true</isEnabled>
    <pluginKey>com.atlassian.bamboo.plugins.bamboo-artifact-downloader-plugin:cleanWorkingDirectoryTask</pluginKey>
    <finalising>false</finalising>
    <rootDirectoryType>DEFAULT</rootDirectoryType>
    <repositoryDefiningWorkingDir>-1</repositoryDefiningWorkingDir>
  </taskDefinition>
  <taskDefinition>
    <id>2</id>
    <userDescription>Download release contents</userDescription>
    <isEnabled>true</isEnabled>
    <pluginKey>com.atlassian.bamboo.plugins.bamboo-artifact-downloader-plugin:artifactdownloadertask</pluginKey>
    <finalising>false</finalising>
    <rootDirectoryType>DEFAULT</rootDirectoryType>
    <repositoryDefiningWorkingDir>-1</repositoryDefiningWorkingDir>
    <config>
      <item>
        <key>artifactName_0</key>
        <value>NuGet Package</value>
      </item>
      <item>
        <key>artifactId_0</key>
        <value>34963473</value>
      </item>
      <item>
        <key>sourcePlanKey</key>
        <value>SSL-MAST</value>
      </item>
      <item>
        <key>localPath_0</key>
        <value/>
      </item>
    </config>
  </taskDefinition>
  <taskDefinition>
    <id>3</id>
    <userDescription>Get Scripts</userDescription>
    <isEnabled>true</isEnabled>
    <pluginKey>com.atlassian.bamboo.plugins.vcs:task.vcs.checkout</pluginKey>
    <finalising>false</finalising>
    <rootDirectoryType>DEFAULT</rootDirectoryType>
    <repositoryDefiningWorkingDir>-1</repositoryDefiningWorkingDir>
    <config>
      <item>
        <key>cleanCheckout</key>
        <value/>
      </item>
      <item>
        <key>checkoutDir_0</key>
        <value>Scripts</value>
      </item>
      <item>
        <key>selectedRepository_0</key>
        <value>9601042</value>
      </item>
    </config>
  </taskDefinition>
  <taskDefinition>
    <id>4</id>
    <userDescription>NuGet  - Push Package To LocalNuGetServer</userDescription>
    <isEnabled>true</isEnabled>
    <pluginKey>com.atlassian.bamboo.plugins.scripttask:task.builder.script</pluginKey>
    <finalising>false</finalising>
    <rootDirectoryType>DEFAULT</rootDirectoryType>
    <repositoryDefiningWorkingDir>-1</repositoryDefiningWorkingDir>
    <config>
      <item>
        <key>argument</key>
        <value>*Lines* .\ ${bamboo.LocalNuGetServerUrl} ${bamboo.LocalNuGetServerApiKey}</value>
      </item>
      <item>
        <key>scriptLocation</key>
        <value>FILE</value>
      </item>
      <item>
        <key>environmentVariables</key>
        <value/>
      </item>
      <item>
        <key>runWithPowershell</key>
        <value>true</value>
      </item>
      <item>
        <key>scriptBody</key>
        <value/>
      </item>
      <item>
        <key>script</key>
        <value>Scripts\Push-NuGetPackages.ps1</value>
      </item>
      <item>
        <key>workingSubDirectory</key>
        <value/>
      </item>
    </config>
  </taskDefinition>
  <bambooDelimiterParsingDisabled>true</bambooDelimiterParsingDisabled>
</configuration>
]]></tasks>
      <triggers><![CDATA[<?xml version="1.0" encoding="UTF-8" standalone="no"?>
<configuration xml:space="preserve">
  
<buildStrategies>
    <defined>true</defined>
    <buildStrategy>
      <id>1</id>
      <key>afterSuccessfulPlan</key>
      <name/>
      <config>
        <item>
          <key>deployment.trigger.afterSuccessfulPlan.triggeringBranch</key>
          <value>SSL-MAST</value>
        </item>
        <item>
          <key>bambooDelimiterParsingDisabled</key>
          <value>true</value>
        </item>
        <item>
          <key>custom.triggerrCondition.plansGreen.enabled</key>
          <value>false</value>
        </item>
        <item>
          <key>deployment.trigger.afterSuccessfulPlan.triggeringPlan</key>
          <value>SSL-MAST</value>
        </item>
        <item>
          <key>deployment.trigger.afterSuccessfulPlan.branchSelectionMode</key>
          <value>INHERITED</value>
        </item>
      </config>
    </buildStrategy>
  </buildStrategies>
  <bambooDelimiterParsingDisabled>true</bambooDelimiterParsingDisabled>
</configuration>
]]></triggers>
     </properties>
     <repositoryLinks>
      <link>
       <id>35717122</id>
       <position>0</position>
       <repositoryDataEntityId>9601042</repositoryDataEntityId>
      </link>
     </repositoryLinks>
     <requirementSet>
      <id>34897923</id>
     </requirementSet>
     <notificationSet>
      <id>35684354</id>
     </notificationSet>
    </environment>
   </environments>
  </project>
  <project>
   <properties>
    <id>35487747</id>
    <name>Selkie Services Racetracks</name>
    <planKey>SSR-MAS</planKey>
   </properties>
   <deploymentProjectItems>
    <item type="BAM_ARTIFACT">
     <id>35520522</id>
     <name>Source</name>
     <artifactDefinitionId>27099137</artifactDefinitionId>
    </item>
    <item type="BAM_ARTIFACT">
     <id>35520524</id>
     <name>NuGet Package (Service)</name>
     <artifactDefinitionId>34963475</artifactDefinitionId>
    </item>
   </deploymentProjectItems>
   <versionNamingScheme>
    <id>35618819</id>
    <nextVersionName>${bamboo.majorVersionNumber}.${bamboo.minorVersionNumber}.${bamboo.buildNumber}</nextVersionName>
    <autoIncrement>false</autoIncrement>
   </versionNamingScheme>
   <environments>
    <environment>
     <properties>
      <id>35651587</id>
      <name>Development</name>
      <configurationState>TASKED</configurationState>
      <position>0</position>
      <tasks><![CDATA[<?xml version="1.0" encoding="UTF-8" standalone="no"?>
<configuration xml:space="preserve">
  <taskDefinition>
    <id>1</id>
    <userDescription/>
    <isEnabled>true</isEnabled>
    <pluginKey>com.atlassian.bamboo.plugins.bamboo-artifact-downloader-plugin:cleanWorkingDirectoryTask</pluginKey>
    <finalising>false</finalising>
    <rootDirectoryType>DEFAULT</rootDirectoryType>
    <repositoryDefiningWorkingDir>-1</repositoryDefiningWorkingDir>
  </taskDefinition>
  <taskDefinition>
    <id>2</id>
    <userDescription>Download release contents</userDescription>
    <isEnabled>true</isEnabled>
    <pluginKey>com.atlassian.bamboo.plugins.bamboo-artifact-downloader-plugin:artifactdownloadertask</pluginKey>
    <finalising>false</finalising>
    <rootDirectoryType>DEFAULT</rootDirectoryType>
    <repositoryDefiningWorkingDir>-1</repositoryDefiningWorkingDir>
    <config>
      <item>
        <key>artifactName_0</key>
        <value>NuGet Package</value>
      </item>
      <item>
        <key>artifactId_0</key>
        <value>34963475</value>
      </item>
      <item>
        <key>sourcePlanKey</key>
        <value>SSR-MAS</value>
      </item>
      <item>
        <key>localPath_0</key>
        <value/>
      </item>
    </config>
  </taskDefinition>
  <taskDefinition>
    <id>3</id>
    <userDescription>Get Scripts</userDescription>
    <isEnabled>true</isEnabled>
    <pluginKey>com.atlassian.bamboo.plugins.vcs:task.vcs.checkout</pluginKey>
    <finalising>false</finalising>
    <rootDirectoryType>DEFAULT</rootDirectoryType>
    <repositoryDefiningWorkingDir>-1</repositoryDefiningWorkingDir>
    <config>
      <item>
        <key>cleanCheckout</key>
        <value/>
      </item>
      <item>
        <key>checkoutDir_0</key>
        <value>Scripts</value>
      </item>
      <item>
        <key>selectedRepository_0</key>
        <value>9601042</value>
      </item>
    </config>
  </taskDefinition>
  <taskDefinition>
    <id>4</id>
    <userDescription>NuGet  - Push Package To LocalNuGetServer</userDescription>
    <isEnabled>true</isEnabled>
    <pluginKey>com.atlassian.bamboo.plugins.scripttask:task.builder.script</pluginKey>
    <finalising>false</finalising>
    <rootDirectoryType>DEFAULT</rootDirectoryType>
    <repositoryDefiningWorkingDir>-1</repositoryDefiningWorkingDir>
    <config>
      <item>
        <key>argument</key>
        <value>*Racetracks* .\ ${bamboo.LocalNuGetServerUrl} ${bamboo.LocalNuGetServerApiKey}</value>
      </item>
      <item>
        <key>scriptLocation</key>
        <value>FILE</value>
      </item>
      <item>
        <key>environmentVariables</key>
        <value/>
      </item>
      <item>
        <key>runWithPowershell</key>
        <value>true</value>
      </item>
      <item>
        <key>scriptBody</key>
        <value/>
      </item>
      <item>
        <key>script</key>
        <value>Scripts\Push-NuGetPackages.ps1</value>
      </item>
      <item>
        <key>workingSubDirectory</key>
        <value/>
      </item>
    </config>
  </taskDefinition>
  <bambooDelimiterParsingDisabled>true</bambooDelimiterParsingDisabled>
</configuration>
]]></tasks>
      <triggers><![CDATA[<?xml version="1.0" encoding="UTF-8" standalone="no"?>
<configuration xml:space="preserve">
  
<buildStrategies>
    <defined>true</defined>
    <buildStrategy>
      <id>1</id>
      <key>afterSuccessfulPlan</key>
      <name/>
      <config>
        <item>
          <key>deployment.trigger.afterSuccessfulPlan.triggeringBranch</key>
          <value>SSR-MAS</value>
        </item>
        <item>
          <key>bambooDelimiterParsingDisabled</key>
          <value>true</value>
        </item>
        <item>
          <key>custom.triggerrCondition.plansGreen.enabled</key>
          <value>false</value>
        </item>
        <item>
          <key>deployment.trigger.afterSuccessfulPlan.triggeringPlan</key>
          <value>SSR-MAS</value>
        </item>
        <item>
          <key>deployment.trigger.afterSuccessfulPlan.branchSelectionMode</key>
          <value>INHERITED</value>
        </item>
      </config>
    </buildStrategy>
  </buildStrategies>
  <bambooDelimiterParsingDisabled>true</bambooDelimiterParsingDisabled>
</configuration>
]]></triggers>
     </properties>
     <repositoryLinks>
      <link>
       <id>35717123</id>
       <position>0</position>
       <repositoryDataEntityId>9601042</repositoryDataEntityId>
      </link>
     </repositoryLinks>
     <requirementSet>
      <id>34897924</id>
     </requirementSet>
     <notificationSet>
      <id>35684355</id>
     </notificationSet>
    </environment>
   </environments>
  </project>
  <project>
   <properties>
    <id>36208641</id>
    <name>Selkie Services Racetracks Common</name>
    <planKey>SSRC-MAS</planKey>
   </properties>
   <deploymentProjectItems>
    <item type="BAM_ARTIFACT">
     <id>36241409</id>
     <name>Source</name>
     <artifactDefinitionId>34963476</artifactDefinitionId>
    </item>
    <item type="BAM_ARTIFACT">
     <id>36241410</id>
     <name>NuGet Package</name>
     <artifactDefinitionId>34963479</artifactDefinitionId>
    </item>
   </deploymentProjectItems>
   <versionNamingScheme>
    <id>36339713</id>
    <nextVersionName>${bamboo.majorVersionNumber}.${bamboo.minorVersionNumber}.${bamboo.buildNumber}</nextVersionName>
    <autoIncrement>false</autoIncrement>
   </versionNamingScheme>
   <environments>
    <environment>
     <properties>
      <id>36372481</id>
      <name>Development</name>
      <configurationState>TASKED</configurationState>
      <position>0</position>
      <tasks><![CDATA[<?xml version="1.0" encoding="UTF-8" standalone="no"?>
<configuration xml:space="preserve">
  <taskDefinition>
    <id>1</id>
    <userDescription/>
    <isEnabled>true</isEnabled>
    <pluginKey>com.atlassian.bamboo.plugins.bamboo-artifact-downloader-plugin:cleanWorkingDirectoryTask</pluginKey>
    <finalising>false</finalising>
    <rootDirectoryType>DEFAULT</rootDirectoryType>
    <repositoryDefiningWorkingDir>-1</repositoryDefiningWorkingDir>
  </taskDefinition>
  <taskDefinition>
    <id>2</id>
    <userDescription>Download release contents</userDescription>
    <isEnabled>true</isEnabled>
    <pluginKey>com.atlassian.bamboo.plugins.bamboo-artifact-downloader-plugin:artifactdownloadertask</pluginKey>
    <finalising>false</finalising>
    <rootDirectoryType>DEFAULT</rootDirectoryType>
    <repositoryDefiningWorkingDir>-1</repositoryDefiningWorkingDir>
    <config>
      <item>
        <key>artifactName_0</key>
        <value>NuGet Package</value>
      </item>
      <item>
        <key>artifactId_0</key>
        <value>34963479</value>
      </item>
      <item>
        <key>sourcePlanKey</key>
        <value>SSRC-MAS</value>
      </item>
      <item>
        <key>localPath_0</key>
        <value/>
      </item>
    </config>
  </taskDefinition>
  <taskDefinition>
    <id>3</id>
    <userDescription>Get Scripts</userDescription>
    <isEnabled>true</isEnabled>
    <pluginKey>com.atlassian.bamboo.plugins.vcs:task.vcs.checkout</pluginKey>
    <finalising>false</finalising>
    <rootDirectoryType>DEFAULT</rootDirectoryType>
    <repositoryDefiningWorkingDir>-1</repositoryDefiningWorkingDir>
    <config>
      <item>
        <key>cleanCheckout</key>
        <value/>
      </item>
      <item>
        <key>checkoutDir_0</key>
        <value>Scripts</value>
      </item>
      <item>
        <key>selectedRepository_0</key>
        <value>9601042</value>
      </item>
    </config>
  </taskDefinition>
  <taskDefinition>
    <id>4</id>
    <userDescription>NuGet  - Push Package To LocalNuGetServer</userDescription>
    <isEnabled>true</isEnabled>
    <pluginKey>com.atlassian.bamboo.plugins.scripttask:task.builder.script</pluginKey>
    <finalising>false</finalising>
    <rootDirectoryType>DEFAULT</rootDirectoryType>
    <repositoryDefiningWorkingDir>-1</repositoryDefiningWorkingDir>
    <config>
      <item>
        <key>argument</key>
        <value>*Racetracks.Common* .\ ${bamboo.LocalNuGetServerUrl} ${bamboo.LocalNuGetServerApiKey}</value>
      </item>
      <item>
        <key>scriptLocation</key>
        <value>FILE</value>
      </item>
      <item>
        <key>environmentVariables</key>
        <value/>
      </item>
      <item>
        <key>runWithPowershell</key>
        <value>true</value>
      </item>
      <item>
        <key>scriptBody</key>
        <value/>
      </item>
      <item>
        <key>script</key>
        <value>Scripts\Push-NuGetPackages.ps1</value>
      </item>
      <item>
        <key>workingSubDirectory</key>
        <value/>
      </item>
    </config>
  </taskDefinition>
  <bambooDelimiterParsingDisabled>true</bambooDelimiterParsingDisabled>
</configuration>
]]></tasks>
      <triggers><![CDATA[<?xml version="1.0" encoding="UTF-8" standalone="no"?>
<configuration xml:space="preserve">
  
<buildStrategies>
    <defined>true</defined>
    <buildStrategy>
      <id>1</id>
      <key>afterSuccessfulPlan</key>
      <name/>
      <config>
        <item>
          <key>deployment.trigger.afterSuccessfulPlan.triggeringBranch</key>
          <value>SSRC-MAS</value>
        </item>
        <item>
          <key>bambooDelimiterParsingDisabled</key>
          <value>true</value>
        </item>
        <item>
          <key>custom.triggerrCondition.plansGreen.enabled</key>
          <value>false</value>
        </item>
        <item>
          <key>deployment.trigger.afterSuccessfulPlan.triggeringPlan</key>
          <value>SSRC-MAS</value>
        </item>
        <item>
          <key>deployment.trigger.afterSuccessfulPlan.branchSelectionMode</key>
          <value>INHERITED</value>
        </item>
      </config>
    </buildStrategy>
  </buildStrategies>
  <bambooDelimiterParsingDisabled>true</bambooDelimiterParsingDisabled>
</configuration>
]]></triggers>
     </properties>
     <repositoryLinks>
      <link>
       <id>36470785</id>
       <position>0</position>
       <repositoryDataEntityId>9601042</repositoryDataEntityId>
      </link>
     </repositoryLinks>
     <requirementSet>
      <id>36405249</id>
     </requirementSet>
     <notificationSet>
      <id>36438017</id>
     </notificationSet>
    </environment>
   </environments>
  </project>
  <project>
   <properties>
    <id>38174721</id>
    <name>Selkie Services Lines Common</name>
    <planKey>SSLC-MAS</planKey>
   </properties>
   <deploymentProjectItems>
    <item type="BAM_ARTIFACT">
     <id>38207489</id>
     <name>Source</name>
     <artifactDefinitionId>37650437</artifactDefinitionId>
    </item>
    <item type="BAM_ARTIFACT">
     <id>38207490</id>
     <name>NuGet Package</name>
     <artifactDefinitionId>37650440</artifactDefinitionId>
    </item>
   </deploymentProjectItems>
   <versionNamingScheme>
    <id>38240257</id>
    <nextVersionName>${bamboo.majorVersionNumber}.${bamboo.minorVersionNumber}.${bamboo.buildNumber}</nextVersionName>
    <autoIncrement>false</autoIncrement>
   </versionNamingScheme>
   <environments>
    <environment>
     <properties>
      <id>38273025</id>
      <name>Development</name>
      <configurationState>TASKED</configurationState>
      <position>0</position>
      <tasks><![CDATA[<?xml version="1.0" encoding="UTF-8" standalone="no"?>
<configuration xml:space="preserve">
  <taskDefinition>
    <id>1</id>
    <userDescription/>
    <isEnabled>true</isEnabled>
    <pluginKey>com.atlassian.bamboo.plugins.bamboo-artifact-downloader-plugin:cleanWorkingDirectoryTask</pluginKey>
    <finalising>false</finalising>
    <rootDirectoryType>DEFAULT</rootDirectoryType>
    <repositoryDefiningWorkingDir>-1</repositoryDefiningWorkingDir>
  </taskDefinition>
  <taskDefinition>
    <id>2</id>
    <userDescription>Download release contents</userDescription>
    <isEnabled>true</isEnabled>
    <pluginKey>com.atlassian.bamboo.plugins.bamboo-artifact-downloader-plugin:artifactdownloadertask</pluginKey>
    <finalising>false</finalising>
    <rootDirectoryType>DEFAULT</rootDirectoryType>
    <repositoryDefiningWorkingDir>-1</repositoryDefiningWorkingDir>
    <config>
      <item>
        <key>artifactName_0</key>
        <value>NuGet Package</value>
      </item>
      <item>
        <key>artifactId_0</key>
        <value>37650440</value>
      </item>
      <item>
        <key>sourcePlanKey</key>
        <value>SSLC-MAS</value>
      </item>
      <item>
        <key>localPath_0</key>
        <value/>
      </item>
    </config>
  </taskDefinition>
  <taskDefinition>
    <id>4</id>
    <userDescription>Get Scripts</userDescription>
    <isEnabled>true</isEnabled>
    <pluginKey>com.atlassian.bamboo.plugins.vcs:task.vcs.checkout</pluginKey>
    <finalising>false</finalising>
    <rootDirectoryType>DEFAULT</rootDirectoryType>
    <repositoryDefiningWorkingDir>-1</repositoryDefiningWorkingDir>
    <config>
      <item>
        <key>cleanCheckout</key>
        <value/>
      </item>
      <item>
        <key>checkoutDir_0</key>
        <value>Scripts</value>
      </item>
      <item>
        <key>selectedRepository_0</key>
        <value>9601042</value>
      </item>
    </config>
  </taskDefinition>
  <taskDefinition>
    <id>3</id>
    <userDescription>NuGet  - Push Package To LocalNuGetServer</userDescription>
    <isEnabled>true</isEnabled>
    <pluginKey>com.atlassian.bamboo.plugins.scripttask:task.builder.script</pluginKey>
    <finalising>false</finalising>
    <rootDirectoryType>DEFAULT</rootDirectoryType>
    <repositoryDefiningWorkingDir>-1</repositoryDefiningWorkingDir>
    <config>
      <item>
        <key>argument</key>
        <value>*Lines.Common* .\ ${bamboo.LocalNuGetServerUrl} ${bamboo.LocalNuGetServerApiKey}</value>
      </item>
      <item>
        <key>scriptLocation</key>
        <value>FILE</value>
      </item>
      <item>
        <key>environmentVariables</key>
        <value/>
      </item>
      <item>
        <key>runWithPowershell</key>
        <value>true</value>
      </item>
      <item>
        <key>scriptBody</key>
        <value/>
      </item>
      <item>
        <key>script</key>
        <value>Scripts\Push-NuGetPackages.ps1</value>
      </item>
      <item>
        <key>workingSubDirectory</key>
        <value/>
      </item>
    </config>
  </taskDefinition>
  <bambooDelimiterParsingDisabled>true</bambooDelimiterParsingDisabled>
</configuration>
]]></tasks>
      <triggers><![CDATA[<?xml version="1.0" encoding="UTF-8" standalone="no"?>
<configuration xml:space="preserve">
  
<buildStrategies>
    <defined>true</defined>
    <buildStrategy>
      <id>1</id>
      <key>afterSuccessfulPlan</key>
      <name/>
      <config>
        <item>
          <key>deployment.trigger.afterSuccessfulPlan.triggeringBranch</key>
          <value>SSLC-MAS</value>
        </item>
        <item>
          <key>bambooDelimiterParsingDisabled</key>
          <value>true</value>
        </item>
        <item>
          <key>custom.triggerrCondition.plansGreen.enabled</key>
          <value>false</value>
        </item>
        <item>
          <key>deployment.trigger.afterSuccessfulPlan.triggeringPlan</key>
          <value>SSLC-MAS</value>
        </item>
        <item>
          <key>deployment.trigger.afterSuccessfulPlan.branchSelectionMode</key>
          <value>INHERITED</value>
        </item>
      </config>
    </buildStrategy>
  </buildStrategies>
  <bambooDelimiterParsingDisabled>true</bambooDelimiterParsingDisabled>
</configuration>
]]></triggers>
     </properties>
     <repositoryLinks>
      <link>
       <id>38305793</id>
       <position>0</position>
       <repositoryDataEntityId>9601042</repositoryDataEntityId>
      </link>
     </repositoryLinks>
     <requirementSet>
      <id>37486597</id>
     </requirementSet>
     <notificationSet>
      <id>37421059</id>
     </notificationSet>
    </environment>
   </environments>
  </project>
  <project>
   <properties>
    <id>38174722</id>
    <name>Selkie Services Aco Common</name>
    <planKey>SSAC-MAS</planKey>
   </properties>
   <deploymentProjectItems>
    <item type="BAM_ARTIFACT">
     <id>38207491</id>
     <name>Source</name>
     <artifactDefinitionId>37650441</artifactDefinitionId>
    </item>
    <item type="BAM_ARTIFACT">
     <id>38207492</id>
     <name>NuGet Package</name>
     <artifactDefinitionId>37650444</artifactDefinitionId>
    </item>
   </deploymentProjectItems>
   <versionNamingScheme>
    <id>38240258</id>
    <nextVersionName>${bamboo.majorVersionNumber}.${bamboo.minorVersionNumber}.${bamboo.buildNumber}</nextVersionName>
    <autoIncrement>false</autoIncrement>
   </versionNamingScheme>
   <environments>
    <environment>
     <properties>
      <id>38273026</id>
      <name>Development</name>
      <configurationState>TASKED</configurationState>
      <position>0</position>
      <tasks><![CDATA[<?xml version="1.0" encoding="UTF-8" standalone="no"?>
<configuration xml:space="preserve">
  <taskDefinition>
    <id>1</id>
    <userDescription/>
    <isEnabled>true</isEnabled>
    <pluginKey>com.atlassian.bamboo.plugins.bamboo-artifact-downloader-plugin:cleanWorkingDirectoryTask</pluginKey>
    <finalising>false</finalising>
    <rootDirectoryType>DEFAULT</rootDirectoryType>
    <repositoryDefiningWorkingDir>-1</repositoryDefiningWorkingDir>
  </taskDefinition>
  <taskDefinition>
    <id>2</id>
    <userDescription>Download release contents</userDescription>
    <isEnabled>true</isEnabled>
    <pluginKey>com.atlassian.bamboo.plugins.bamboo-artifact-downloader-plugin:artifactdownloadertask</pluginKey>
    <finalising>false</finalising>
    <rootDirectoryType>DEFAULT</rootDirectoryType>
    <repositoryDefiningWorkingDir>-1</repositoryDefiningWorkingDir>
    <config>
      <item>
        <key>artifactName_0</key>
        <value>NuGet Package</value>
      </item>
      <item>
        <key>artifactId_0</key>
        <value>37650444</value>
      </item>
      <item>
        <key>sourcePlanKey</key>
        <value>SSAC-MAS</value>
      </item>
      <item>
        <key>localPath_0</key>
        <value/>
      </item>
    </config>
  </taskDefinition>
  <taskDefinition>
    <id>3</id>
    <userDescription>Get Scripts</userDescription>
    <isEnabled>true</isEnabled>
    <pluginKey>com.atlassian.bamboo.plugins.vcs:task.vcs.checkout</pluginKey>
    <finalising>false</finalising>
    <rootDirectoryType>DEFAULT</rootDirectoryType>
    <repositoryDefiningWorkingDir>-1</repositoryDefiningWorkingDir>
    <config>
      <item>
        <key>cleanCheckout</key>
        <value/>
      </item>
      <item>
        <key>checkoutDir_0</key>
        <value>Scripts</value>
      </item>
      <item>
        <key>selectedRepository_0</key>
        <value>9601042</value>
      </item>
    </config>
  </taskDefinition>
  <taskDefinition>
    <id>4</id>
    <userDescription>NuGet  - Push Package To LocalNuGetServer</userDescription>
    <isEnabled>true</isEnabled>
    <pluginKey>com.atlassian.bamboo.plugins.scripttask:task.builder.script</pluginKey>
    <finalising>false</finalising>
    <rootDirectoryType>DEFAULT</rootDirectoryType>
    <repositoryDefiningWorkingDir>-1</repositoryDefiningWorkingDir>
    <config>
      <item>
        <key>argument</key>
        <value>*Aco.Common* .\ ${bamboo.LocalNuGetServerUrl} ${bamboo.LocalNuGetServerApiKey}</value>
      </item>
      <item>
        <key>scriptLocation</key>
        <value>FILE</value>
      </item>
      <item>
        <key>environmentVariables</key>
        <value/>
      </item>
      <item>
        <key>runWithPowershell</key>
        <value>true</value>
      </item>
      <item>
        <key>scriptBody</key>
        <value/>
      </item>
      <item>
        <key>script</key>
        <value>Scripts\Push-NuGetPackages.ps1</value>
      </item>
      <item>
        <key>workingSubDirectory</key>
        <value/>
      </item>
    </config>
  </taskDefinition>
  <bambooDelimiterParsingDisabled>true</bambooDelimiterParsingDisabled>
</configuration>
]]></tasks>
      <triggers><![CDATA[<?xml version="1.0" encoding="UTF-8" standalone="no"?>
<configuration xml:space="preserve">
  
<buildStrategies>
    <defined>true</defined>
    <buildStrategy>
      <id>1</id>
      <key>afterSuccessfulPlan</key>
      <name/>
      <config>
        <item>
          <key>deployment.trigger.afterSuccessfulPlan.triggeringBranch</key>
          <value>SSAC-MAS</value>
        </item>
        <item>
          <key>bambooDelimiterParsingDisabled</key>
          <value>true</value>
        </item>
        <item>
          <key>custom.triggerrCondition.plansGreen.enabled</key>
          <value>false</value>
        </item>
        <item>
          <key>deployment.trigger.afterSuccessfulPlan.triggeringPlan</key>
          <value>SSAC-MAS</value>
        </item>
        <item>
          <key>deployment.trigger.afterSuccessfulPlan.branchSelectionMode</key>
          <value>INHERITED</value>
        </item>
      </config>
    </buildStrategy>
  </buildStrategies>
  <bambooDelimiterParsingDisabled>true</bambooDelimiterParsingDisabled>
</configuration>
]]></triggers>
     </properties>
     <repositoryLinks>
      <link>
       <id>38305794</id>
       <position>0</position>
       <repositoryDataEntityId>9601042</repositoryDataEntityId>
      </link>
     </repositoryLinks>
     <requirementSet>
      <id>37486600</id>
     </requirementSet>
     <notificationSet>
      <id>37421061</id>
     </notificationSet>
    </environment>
   </environments>
  </project>
 </deploymentProjects>
</bamboo>