<?xml version='1.1' encoding='UTF-8' standalone='yes'?>
<bamboo>
 <date>Sat May 09 23:06:20 AEST 2015</date>
 <version>5.7.2</version>
 <buildDate>02-Dec-2014</buildDate>
 <build>5716</build>
 <serverID>BG3Y-XJ99-GC6Z-FPP1</serverID>
 <loginInfos>
  <loginInfo>
   <userName>thomas</userName>
   <authCount>0</authCount>
   <authTimestamp>1430488800000</authTimestamp>
  </loginInfo>
  <loginInfo>
   <userName>admin</userName>
   <authCount>1</authCount>
   <authTimestamp>1430488800000</authTimestamp>
  </loginInfo>
 </loginInfos>
</bamboo>