<?xml version='1.1' encoding='UTF-8' standalone='yes'?>
<bamboo>
 <date>Sat May 09 23:06:20 AEST 2015</date>
 <version>5.7.2</version>
 <buildDate>02-Dec-2014</buildDate>
 <build>5716</build>
 <serverID>BG3Y-XJ99-GC6Z-FPP1</serverID>
 <mail-servers>
  <smtp-server>
   <name>Bamboo</name>
   <defaultFrom>Thomas.Schroedter@gmx.net</defaultFrom>
   <prefix>[Bamboo]</prefix>
   <removePrecedence>false</removePrecedence>
   <hostname>mail.gmx.com</hostname>
   <smtpPort>587</smtpPort>
   <username>Thomas.Schroedter@gmx.net</username>
   <password>oUUbfiOVuWeuOEWi3C7AXA==</password>
   <tlsRequired>true</tlsRequired>
  </smtp-server>
 </mail-servers>
</bamboo>