<?xml version='1.1' encoding='UTF-8' standalone='yes'?>
<bamboo>
 <date>Sat May 09 23:06:20 AEST 2015</date>
 <version>5.7.2</version>
 <buildDate>02-Dec-2014</buildDate>
 <build>5716</build>
 <serverID>BG3Y-XJ99-GC6Z-FPP1</serverID>
 <pipelines>
  <pipeline>
   <id>131073</id>
   <creationDate>portable AD 2015-02-21 16:50:49.913 +1100</creationDate>
   <modificationDate>portable AD 2015-02-21 16:50:49.913 +1100</modificationDate>
   <type>LOCAL</type>
   <name>Default Agent</name>
   <enabled>true</enabled>
   <capabilities/>
  </pipeline>
 </pipelines>
</bamboo>