<?xml version='1.1' encoding='UTF-8' standalone='yes'?>
<bamboo>
 <date>Mon Aug 10 16:34:30 AEST 2015</date>
 <version>5.9.1</version>
 <buildDate>24-Jun-2015</buildDate>
 <build>5914</build>
 <serverID>BG3Y-XJ99-GC6Z-FPP1</serverID>
 <artifacts>
  <artifact>
   <id>1343496</id>
   <label>NuGet Package</label>
   <sharedArtifact>false</sharedArtifact>
   <globallyStored>false</globallyStored>
   <type>com.atlassian.bamboo.plugin.artifact.handler.local:ServerLocalArtifactHandler</type>
   <size>23520</size>
   <planResultKey>SW-MAS0-JOB1-2</planResultKey>
  </artifact>
  <artifact>
   <id>43024385</id>
   <label>Source</label>
   <sharedArtifact>true</sharedArtifact>
   <globallyStored>true</globallyStored>
   <type>com.atlassian.bamboo.plugin.artifact.handler.local:ServerLocalArtifactHandler</type>
   <size>3190768</size>
   <planResultKey>SSLC-MAS-20</planResultKey>
  </artifact>
  <artifact>
   <id>43024396</id>
   <label>NuGet Package</label>
   <sharedArtifact>true</sharedArtifact>
   <globallyStored>true</globallyStored>
   <type>com.atlassian.bamboo.plugin.artifact.handler.local:ServerLocalArtifactHandler</type>
   <size>6507</size>
   <planResultKey>SSLC-MAS-20</planResultKey>
  </artifact>
  <artifact>
   <id>43024397</id>
   <label>Source</label>
   <sharedArtifact>true</sharedArtifact>
   <globallyStored>false</globallyStored>
   <type>com.atlassian.bamboo.plugin.artifact.handler.local:ServerLocalArtifactHandler</type>
   <size>7830661</size>
   <planResultKey>SSAC-MAS-6</planResultKey>
  </artifact>
  <artifact>
   <id>43024398</id>
   <label>ReSharper Results</label>
   <sharedArtifact>false</sharedArtifact>
   <globallyStored>false</globallyStored>
   <type>com.atlassian.bamboo.plugin.artifact.handler.local:ServerLocalArtifactHandler</type>
   <size>350</size>
   <planResultKey>SSAC-MAS-JOB1-6</planResultKey>
  </artifact>
  <artifact>
   <id>43024399</id>
   <label>Code Coverage</label>
   <sharedArtifact>false</sharedArtifact>
   <globallyStored>false</globallyStored>
   <type>com.atlassian.bamboo.plugin.artifact.handler.local:ServerLocalArtifactHandler</type>
   <size>459695</size>
   <planResultKey>SSAC-MAS-JOB1-6</planResultKey>
  </artifact>
  <artifact>
   <id>43646997</id>
   <label>Source</label>
   <sharedArtifact>true</sharedArtifact>
   <globallyStored>false</globallyStored>
   <type>com.atlassian.bamboo.plugin.artifact.handler.local:ServerLocalArtifactHandler</type>
   <size>10813775</size>
   <planResultKey>SSAC-MAS-7</planResultKey>
  </artifact>
  <artifact>
   <id>43646998</id>
   <label>ReSharper Results</label>
   <sharedArtifact>false</sharedArtifact>
   <globallyStored>false</globallyStored>
   <type>com.atlassian.bamboo.plugin.artifact.handler.local:ServerLocalArtifactHandler</type>
   <size>343</size>
   <planResultKey>SSAC-MAS-JOB1-7</planResultKey>
  </artifact>
  <artifact>
   <id>43646999</id>
   <label>Code Coverage</label>
   <sharedArtifact>false</sharedArtifact>
   <globallyStored>false</globallyStored>
   <type>com.atlassian.bamboo.plugin.artifact.handler.local:ServerLocalArtifactHandler</type>
   <size>459695</size>
   <planResultKey>SSAC-MAS-JOB1-7</planResultKey>
  </artifact>
  <artifact>
   <id>43647000</id>
   <label>NuGet Package</label>
   <sharedArtifact>true</sharedArtifact>
   <globallyStored>false</globallyStored>
   <type>com.atlassian.bamboo.plugin.artifact.handler.local:ServerLocalArtifactHandler</type>
   <size>6403</size>
   <planResultKey>SSAC-MAS-7</planResultKey>
  </artifact>
  <artifact>
   <id>44335121</id>
   <label>Source</label>
   <sharedArtifact>true</sharedArtifact>
   <globallyStored>true</globallyStored>
   <type>com.atlassian.bamboo.plugin.artifact.handler.local:ServerLocalArtifactHandler</type>
   <size>6867454</size>
   <planResultKey>SNE-MN-100</planResultKey>
  </artifact>
  <artifact>
   <id>44335124</id>
   <label>NuGet Package</label>
   <sharedArtifact>true</sharedArtifact>
   <globallyStored>true</globallyStored>
   <type>com.atlassian.bamboo.plugin.artifact.handler.local:ServerLocalArtifactHandler</type>
   <size>9441</size>
   <planResultKey>SNE-MN-100</planResultKey>
  </artifact>
  <artifact>
   <id>44335168</id>
   <label>Source</label>
   <sharedArtifact>true</sharedArtifact>
   <globallyStored>false</globallyStored>
   <type>com.atlassian.bamboo.plugin.artifact.handler.local:ServerLocalArtifactHandler</type>
   <size>3700476</size>
   <planResultKey>SSLC-MAS-22</planResultKey>
  </artifact>
  <artifact>
   <id>44335169</id>
   <label>ReSharper Results</label>
   <sharedArtifact>false</sharedArtifact>
   <globallyStored>false</globallyStored>
   <type>com.atlassian.bamboo.plugin.artifact.handler.local:ServerLocalArtifactHandler</type>
   <size>345</size>
   <planResultKey>SSLC-MAS-JOB1-22</planResultKey>
  </artifact>
  <artifact>
   <id>44335170</id>
   <label>Code Coverage</label>
   <sharedArtifact>false</sharedArtifact>
   <globallyStored>false</globallyStored>
   <type>com.atlassian.bamboo.plugin.artifact.handler.local:ServerLocalArtifactHandler</type>
   <size>446645</size>
   <planResultKey>SSLC-MAS-JOB1-22</planResultKey>
  </artifact>
  <artifact>
   <id>44335171</id>
   <label>NuGet Package</label>
   <sharedArtifact>true</sharedArtifact>
   <globallyStored>false</globallyStored>
   <type>com.atlassian.bamboo.plugin.artifact.handler.local:ServerLocalArtifactHandler</type>
   <size>6512</size>
   <planResultKey>SSLC-MAS-22</planResultKey>
  </artifact>
  <artifact>
   <id>46071857</id>
   <label>Source</label>
   <sharedArtifact>true</sharedArtifact>
   <globallyStored>false</globallyStored>
   <type>com.atlassian.bamboo.plugin.artifact.handler.local:ServerLocalArtifactHandler</type>
   <size>10819037</size>
   <planResultKey>SSAC-MAS-8</planResultKey>
  </artifact>
  <artifact>
   <id>46071858</id>
   <label>ReSharper Results</label>
   <sharedArtifact>false</sharedArtifact>
   <globallyStored>false</globallyStored>
   <type>com.atlassian.bamboo.plugin.artifact.handler.local:ServerLocalArtifactHandler</type>
   <size>343</size>
   <planResultKey>SSAC-MAS-JOB1-8</planResultKey>
  </artifact>
  <artifact>
   <id>46071859</id>
   <label>Code Coverage</label>
   <sharedArtifact>false</sharedArtifact>
   <globallyStored>false</globallyStored>
   <type>com.atlassian.bamboo.plugin.artifact.handler.local:ServerLocalArtifactHandler</type>
   <size>459683</size>
   <planResultKey>SSAC-MAS-JOB1-8</planResultKey>
  </artifact>
  <artifact>
   <id>46071860</id>
   <label>NuGet Package</label>
   <sharedArtifact>true</sharedArtifact>
   <globallyStored>false</globallyStored>
   <type>com.atlassian.bamboo.plugin.artifact.handler.local:ServerLocalArtifactHandler</type>
   <size>6401</size>
   <planResultKey>SSAC-MAS-8</planResultKey>
  </artifact>
  <artifact>
   <id>46071889</id>
   <label>Source</label>
   <sharedArtifact>true</sharedArtifact>
   <globallyStored>false</globallyStored>
   <type>com.atlassian.bamboo.plugin.artifact.handler.local:ServerLocalArtifactHandler</type>
   <size>50932833</size>
   <planResultKey>SW-MAS-218</planResultKey>
  </artifact>
  <artifact>
   <id>46071890</id>
   <label>ReSharper Results</label>
   <sharedArtifact>false</sharedArtifact>
   <globallyStored>false</globallyStored>
   <type>com.atlassian.bamboo.plugin.artifact.handler.local:ServerLocalArtifactHandler</type>
   <size>1502</size>
   <planResultKey>SW-MAS-JOB1-218</planResultKey>
  </artifact>
  <artifact>
   <id>46071891</id>
   <label>Code Coverage</label>
   <sharedArtifact>false</sharedArtifact>
   <globallyStored>false</globallyStored>
   <type>com.atlassian.bamboo.plugin.artifact.handler.local:ServerLocalArtifactHandler</type>
   <size>564118</size>
   <planResultKey>SW-MAS-JOB1-218</planResultKey>
  </artifact>
  <artifact>
   <id>46071892</id>
   <label>NuGet Package</label>
   <sharedArtifact>true</sharedArtifact>
   <globallyStored>false</globallyStored>
   <type>com.atlassian.bamboo.plugin.artifact.handler.local:ServerLocalArtifactHandler</type>
   <size>11149</size>
   <planResultKey>SW-MAS-218</planResultKey>
  </artifact>
  <artifact>
   <id>46071932</id>
   <label>Source</label>
   <sharedArtifact>true</sharedArtifact>
   <globallyStored>false</globallyStored>
   <type>com.atlassian.bamboo.plugin.artifact.handler.local:ServerLocalArtifactHandler</type>
   <size>8649042</size>
   <planResultKey>SXE-MAS-89</planResultKey>
  </artifact>
  <artifact>
   <id>46071933</id>
   <label>ReSharper Results</label>
   <sharedArtifact>false</sharedArtifact>
   <globallyStored>false</globallyStored>
   <type>com.atlassian.bamboo.plugin.artifact.handler.local:ServerLocalArtifactHandler</type>
   <size>340</size>
   <planResultKey>SXE-MAS-JOB1-89</planResultKey>
  </artifact>
  <artifact>
   <id>46071934</id>
   <label>Code Coverage</label>
   <sharedArtifact>false</sharedArtifact>
   <globallyStored>false</globallyStored>
   <type>com.atlassian.bamboo.plugin.artifact.handler.local:ServerLocalArtifactHandler</type>
   <size>417718</size>
   <planResultKey>SXE-MAS-JOB1-89</planResultKey>
  </artifact>
  <artifact>
   <id>46071935</id>
   <label>NuGet Package</label>
   <sharedArtifact>true</sharedArtifact>
   <globallyStored>false</globallyStored>
   <type>com.atlassian.bamboo.plugin.artifact.handler.local:ServerLocalArtifactHandler</type>
   <size>6334</size>
   <planResultKey>SXE-MAS-89</planResultKey>
  </artifact>
  <artifact>
   <id>49512449</id>
   <label>Source</label>
   <sharedArtifact>true</sharedArtifact>
   <globallyStored>false</globallyStored>
   <type>com.atlassian.bamboo.plugin.artifact.handler.local:ServerLocalArtifactHandler</type>
   <size>12607545</size>
   <planResultKey>SSRC-MAS-51</planResultKey>
  </artifact>
  <artifact>
   <id>49512450</id>
   <label>ReSharper Results</label>
   <sharedArtifact>false</sharedArtifact>
   <globallyStored>false</globallyStored>
   <type>com.atlassian.bamboo.plugin.artifact.handler.local:ServerLocalArtifactHandler</type>
   <size>350</size>
   <planResultKey>SSRC-MAS-JOB1-51</planResultKey>
  </artifact>
  <artifact>
   <id>49512451</id>
   <label>NuGet Package</label>
   <sharedArtifact>true</sharedArtifact>
   <globallyStored>false</globallyStored>
   <type>com.atlassian.bamboo.plugin.artifact.handler.local:ServerLocalArtifactHandler</type>
   <size>6880</size>
   <planResultKey>SSRC-MAS-51</planResultKey>
  </artifact>
  <artifact>
   <id>49512458</id>
   <label>Source</label>
   <sharedArtifact>true</sharedArtifact>
   <globallyStored>false</globallyStored>
   <type>com.atlassian.bamboo.plugin.artifact.handler.local:ServerLocalArtifactHandler</type>
   <size>2731705</size>
   <planResultKey>SSLC-MAS-23</planResultKey>
  </artifact>
  <artifact>
   <id>49512459</id>
   <label>ReSharper Results</label>
   <sharedArtifact>false</sharedArtifact>
   <globallyStored>false</globallyStored>
   <type>com.atlassian.bamboo.plugin.artifact.handler.local:ServerLocalArtifactHandler</type>
   <size>345</size>
   <planResultKey>SSLC-MAS-JOB1-23</planResultKey>
  </artifact>
  <artifact>
   <id>49512496</id>
   <label>Source</label>
   <sharedArtifact>true</sharedArtifact>
   <globallyStored>false</globallyStored>
   <type>com.atlassian.bamboo.plugin.artifact.handler.local:ServerLocalArtifactHandler</type>
   <size>50901654</size>
   <planResultKey>SW-MAS-219</planResultKey>
  </artifact>
  <artifact>
   <id>49512497</id>
   <label>ReSharper Results</label>
   <sharedArtifact>false</sharedArtifact>
   <globallyStored>false</globallyStored>
   <type>com.atlassian.bamboo.plugin.artifact.handler.local:ServerLocalArtifactHandler</type>
   <size>1502</size>
   <planResultKey>SW-MAS-JOB1-219</planResultKey>
  </artifact>
  <artifact>
   <id>49512498</id>
   <label>Code Coverage</label>
   <sharedArtifact>false</sharedArtifact>
   <globallyStored>false</globallyStored>
   <type>com.atlassian.bamboo.plugin.artifact.handler.local:ServerLocalArtifactHandler</type>
   <size>564118</size>
   <planResultKey>SW-MAS-JOB1-219</planResultKey>
  </artifact>
  <artifact>
   <id>49512499</id>
   <label>NuGet Package</label>
   <sharedArtifact>true</sharedArtifact>
   <globallyStored>false</globallyStored>
   <type>com.atlassian.bamboo.plugin.artifact.handler.local:ServerLocalArtifactHandler</type>
   <size>11148</size>
   <planResultKey>SW-MAS-219</planResultKey>
  </artifact>
  <artifact>
   <id>50135057</id>
   <label>Source</label>
   <sharedArtifact>true</sharedArtifact>
   <globallyStored>false</globallyStored>
   <type>com.atlassian.bamboo.plugin.artifact.handler.local:ServerLocalArtifactHandler</type>
   <size>50917724</size>
   <planResultKey>SW-MAS-220</planResultKey>
  </artifact>
  <artifact>
   <id>50135058</id>
   <label>ReSharper Results</label>
   <sharedArtifact>false</sharedArtifact>
   <globallyStored>false</globallyStored>
   <type>com.atlassian.bamboo.plugin.artifact.handler.local:ServerLocalArtifactHandler</type>
   <size>1502</size>
   <planResultKey>SW-MAS-JOB1-220</planResultKey>
  </artifact>
  <artifact>
   <id>50135059</id>
   <label>Code Coverage</label>
   <sharedArtifact>false</sharedArtifact>
   <globallyStored>false</globallyStored>
   <type>com.atlassian.bamboo.plugin.artifact.handler.local:ServerLocalArtifactHandler</type>
   <size>569867</size>
   <planResultKey>SW-MAS-JOB1-220</planResultKey>
  </artifact>
  <artifact>
   <id>50135060</id>
   <label>NuGet Package</label>
   <sharedArtifact>true</sharedArtifact>
   <globallyStored>false</globallyStored>
   <type>com.atlassian.bamboo.plugin.artifact.handler.local:ServerLocalArtifactHandler</type>
   <size>11222</size>
   <planResultKey>SW-MAS-220</planResultKey>
  </artifact>
  <artifact>
   <id>52396037</id>
   <label>Source</label>
   <sharedArtifact>true</sharedArtifact>
   <globallyStored>false</globallyStored>
   <type>com.atlassian.bamboo.plugin.artifact.handler.local:ServerLocalArtifactHandler</type>
   <size>8726311</size>
   <planResultKey>SXE-MAS-90</planResultKey>
  </artifact>
  <artifact>
   <id>52396038</id>
   <label>ReSharper Results</label>
   <sharedArtifact>false</sharedArtifact>
   <globallyStored>false</globallyStored>
   <type>com.atlassian.bamboo.plugin.artifact.handler.local:ServerLocalArtifactHandler</type>
   <size>340</size>
   <planResultKey>SXE-MAS-JOB1-90</planResultKey>
  </artifact>
  <artifact>
   <id>52396039</id>
   <label>Code Coverage</label>
   <sharedArtifact>false</sharedArtifact>
   <globallyStored>false</globallyStored>
   <type>com.atlassian.bamboo.plugin.artifact.handler.local:ServerLocalArtifactHandler</type>
   <size>417716</size>
   <planResultKey>SXE-MAS-JOB1-90</planResultKey>
  </artifact>
  <artifact>
   <id>52396040</id>
   <label>NuGet Package</label>
   <sharedArtifact>true</sharedArtifact>
   <globallyStored>false</globallyStored>
   <type>com.atlassian.bamboo.plugin.artifact.handler.local:ServerLocalArtifactHandler</type>
   <size>6341</size>
   <planResultKey>SXE-MAS-90</planResultKey>
  </artifact>
  <artifact>
   <id>53018637</id>
   <label>Source</label>
   <sharedArtifact>true</sharedArtifact>
   <globallyStored>false</globallyStored>
   <type>com.atlassian.bamboo.plugin.artifact.handler.local:ServerLocalArtifactHandler</type>
   <size>4456586</size>
   <planResultKey>SNE-MN-105</planResultKey>
  </artifact>
  <artifact>
   <id>53018638</id>
   <label>ReSharper Results</label>
   <sharedArtifact>false</sharedArtifact>
   <globallyStored>false</globallyStored>
   <type>com.atlassian.bamboo.plugin.artifact.handler.local:ServerLocalArtifactHandler</type>
   <size>928</size>
   <planResultKey>SNE-MN-JOB1-105</planResultKey>
  </artifact>
  <artifact>
   <id>53018639</id>
   <label>NuGet Package</label>
   <sharedArtifact>true</sharedArtifact>
   <globallyStored>false</globallyStored>
   <type>com.atlassian.bamboo.plugin.artifact.handler.local:ServerLocalArtifactHandler</type>
   <size>9664</size>
   <planResultKey>SNE-MN-105</planResultKey>
  </artifact>
  <artifact>
   <id>53018640</id>
   <label>Source</label>
   <sharedArtifact>true</sharedArtifact>
   <globallyStored>false</globallyStored>
   <type>com.atlassian.bamboo.plugin.artifact.handler.local:ServerLocalArtifactHandler</type>
   <size>4456586</size>
   <planResultKey>SNE-MN-106</planResultKey>
  </artifact>
  <artifact>
   <id>53018641</id>
   <label>ReSharper Results</label>
   <sharedArtifact>false</sharedArtifact>
   <globallyStored>false</globallyStored>
   <type>com.atlassian.bamboo.plugin.artifact.handler.local:ServerLocalArtifactHandler</type>
   <size>928</size>
   <planResultKey>SNE-MN-JOB1-106</planResultKey>
  </artifact>
  <artifact>
   <id>53018642</id>
   <label>NuGet Package</label>
   <sharedArtifact>true</sharedArtifact>
   <globallyStored>false</globallyStored>
   <type>com.atlassian.bamboo.plugin.artifact.handler.local:ServerLocalArtifactHandler</type>
   <size>9664</size>
   <planResultKey>SNE-MN-106</planResultKey>
  </artifact>
  <artifact>
   <id>53477377</id>
   <label>Source</label>
   <sharedArtifact>true</sharedArtifact>
   <globallyStored>false</globallyStored>
   <type>com.atlassian.bamboo.plugin.artifact.handler.local:ServerLocalArtifactHandler</type>
   <size>6876803</size>
   <planResultKey>SNE-MN-107</planResultKey>
  </artifact>
  <artifact>
   <id>53477378</id>
   <label>ReSharper Results</label>
   <sharedArtifact>false</sharedArtifact>
   <globallyStored>false</globallyStored>
   <type>com.atlassian.bamboo.plugin.artifact.handler.local:ServerLocalArtifactHandler</type>
   <size>928</size>
   <planResultKey>SNE-MN-JOB1-107</planResultKey>
  </artifact>
  <artifact>
   <id>53477379</id>
   <label>Code Coverage</label>
   <sharedArtifact>false</sharedArtifact>
   <globallyStored>false</globallyStored>
   <type>com.atlassian.bamboo.plugin.artifact.handler.local:ServerLocalArtifactHandler</type>
   <size>609853</size>
   <planResultKey>SNE-MN-JOB1-107</planResultKey>
  </artifact>
  <artifact>
   <id>53477380</id>
   <label>NuGet Package</label>
   <sharedArtifact>true</sharedArtifact>
   <globallyStored>false</globallyStored>
   <type>com.atlassian.bamboo.plugin.artifact.handler.local:ServerLocalArtifactHandler</type>
   <size>9450</size>
   <planResultKey>SNE-MN-107</planResultKey>
  </artifact>
  <artifact>
   <id>53477438</id>
   <label>Source</label>
   <sharedArtifact>true</sharedArtifact>
   <globallyStored>false</globallyStored>
   <type>com.atlassian.bamboo.plugin.artifact.handler.local:ServerLocalArtifactHandler</type>
   <size>30941382</size>
   <planResultKey>SC-MAS-165</planResultKey>
  </artifact>
  <artifact>
   <id>53477439</id>
   <label>ReSharper Results</label>
   <sharedArtifact>false</sharedArtifact>
   <globallyStored>false</globallyStored>
   <type>com.atlassian.bamboo.plugin.artifact.handler.local:ServerLocalArtifactHandler</type>
   <size>1368</size>
   <planResultKey>SC-MAS-JOB1-165</planResultKey>
  </artifact>
  <artifact>
   <id>53477440</id>
   <label>Code Coverage</label>
   <sharedArtifact>false</sharedArtifact>
   <globallyStored>false</globallyStored>
   <type>com.atlassian.bamboo.plugin.artifact.handler.local:ServerLocalArtifactHandler</type>
   <size>417716</size>
   <planResultKey>SC-MAS-JOB1-165</planResultKey>
  </artifact>
  <artifact>
   <id>53477441</id>
   <label>NuGet Package</label>
   <sharedArtifact>true</sharedArtifact>
   <globallyStored>false</globallyStored>
   <type>com.atlassian.bamboo.plugin.artifact.handler.local:ServerLocalArtifactHandler</type>
   <size>13292</size>
   <planResultKey>SC-MAS-165</planResultKey>
  </artifact>
  <artifact>
   <id>54198273</id>
   <label>Source</label>
   <sharedArtifact>true</sharedArtifact>
   <globallyStored>false</globallyStored>
   <type>com.atlassian.bamboo.plugin.artifact.handler.local:ServerLocalArtifactHandler</type>
   <size>30941089</size>
   <planResultKey>SC-MAS-166</planResultKey>
  </artifact>
  <artifact>
   <id>54198274</id>
   <label>ReSharper Results</label>
   <sharedArtifact>false</sharedArtifact>
   <globallyStored>false</globallyStored>
   <type>com.atlassian.bamboo.plugin.artifact.handler.local:ServerLocalArtifactHandler</type>
   <size>1372</size>
   <planResultKey>SC-MAS-JOB1-166</planResultKey>
  </artifact>
  <artifact>
   <id>54198275</id>
   <label>Code Coverage</label>
   <sharedArtifact>false</sharedArtifact>
   <globallyStored>false</globallyStored>
   <type>com.atlassian.bamboo.plugin.artifact.handler.local:ServerLocalArtifactHandler</type>
   <size>417718</size>
   <planResultKey>SC-MAS-JOB1-166</planResultKey>
  </artifact>
  <artifact>
   <id>54198276</id>
   <label>NuGet Package</label>
   <sharedArtifact>true</sharedArtifact>
   <globallyStored>false</globallyStored>
   <type>com.atlassian.bamboo.plugin.artifact.handler.local:ServerLocalArtifactHandler</type>
   <size>13308</size>
   <planResultKey>SC-MAS-166</planResultKey>
  </artifact>
  <artifact>
   <id>54886401</id>
   <label>Source</label>
   <sharedArtifact>true</sharedArtifact>
   <globallyStored>false</globallyStored>
   <type>com.atlassian.bamboo.plugin.artifact.handler.local:ServerLocalArtifactHandler</type>
   <size>47904025</size>
   <planResultKey>SG-MAS-85</planResultKey>
  </artifact>
  <artifact>
   <id>54886402</id>
   <label>ReSharper Results</label>
   <sharedArtifact>false</sharedArtifact>
   <globallyStored>false</globallyStored>
   <type>com.atlassian.bamboo.plugin.artifact.handler.local:ServerLocalArtifactHandler</type>
   <size>24244</size>
   <planResultKey>SG-MAS-JOB1-85</planResultKey>
  </artifact>
  <artifact>
   <id>54886403</id>
   <label>Code Coverage</label>
   <sharedArtifact>false</sharedArtifact>
   <globallyStored>false</globallyStored>
   <type>com.atlassian.bamboo.plugin.artifact.handler.local:ServerLocalArtifactHandler</type>
   <size>1781248</size>
   <planResultKey>SG-MAS-JOB1-85</planResultKey>
  </artifact>
  <artifact>
   <id>54886404</id>
   <label>NuGet Package</label>
   <sharedArtifact>true</sharedArtifact>
   <globallyStored>false</globallyStored>
   <type>com.atlassian.bamboo.plugin.artifact.handler.local:ServerLocalArtifactHandler</type>
   <size>20256</size>
   <planResultKey>SG-MAS-85</planResultKey>
  </artifact>
  <artifact>
   <id>54886417</id>
   <label>Source</label>
   <sharedArtifact>true</sharedArtifact>
   <globallyStored>false</globallyStored>
   <type>com.atlassian.bamboo.plugin.artifact.handler.local:ServerLocalArtifactHandler</type>
   <size>48138127</size>
   <planResultKey>SG-MAS-86</planResultKey>
  </artifact>
  <artifact>
   <id>54886418</id>
   <label>ReSharper Results</label>
   <sharedArtifact>false</sharedArtifact>
   <globallyStored>false</globallyStored>
   <type>com.atlassian.bamboo.plugin.artifact.handler.local:ServerLocalArtifactHandler</type>
   <size>25855</size>
   <planResultKey>SG-MAS-JOB1-86</planResultKey>
  </artifact>
  <artifact>
   <id>54886419</id>
   <label>Code Coverage</label>
   <sharedArtifact>false</sharedArtifact>
   <globallyStored>false</globallyStored>
   <type>com.atlassian.bamboo.plugin.artifact.handler.local:ServerLocalArtifactHandler</type>
   <size>1847369</size>
   <planResultKey>SG-MAS-JOB1-86</planResultKey>
  </artifact>
  <artifact>
   <id>54886420</id>
   <label>NuGet Package</label>
   <sharedArtifact>true</sharedArtifact>
   <globallyStored>false</globallyStored>
   <type>com.atlassian.bamboo.plugin.artifact.handler.local:ServerLocalArtifactHandler</type>
   <size>20819</size>
   <planResultKey>SG-MAS-86</planResultKey>
  </artifact>
  <artifact>
   <id>54886425</id>
   <label>Source</label>
   <sharedArtifact>true</sharedArtifact>
   <globallyStored>false</globallyStored>
   <type>com.atlassian.bamboo.plugin.artifact.handler.local:ServerLocalArtifactHandler</type>
   <size>23499007</size>
   <planResultKey>SR-MAS-79</planResultKey>
  </artifact>
  <artifact>
   <id>54886426</id>
   <label>ReSharper Results</label>
   <sharedArtifact>false</sharedArtifact>
   <globallyStored>false</globallyStored>
   <type>com.atlassian.bamboo.plugin.artifact.handler.local:ServerLocalArtifactHandler</type>
   <size>20521</size>
   <planResultKey>SR-MAS-JOB1-79</planResultKey>
  </artifact>
  <artifact>
   <id>54886427</id>
   <label>Source</label>
   <sharedArtifact>true</sharedArtifact>
   <globallyStored>false</globallyStored>
   <type>com.atlassian.bamboo.plugin.artifact.handler.local:ServerLocalArtifactHandler</type>
   <size>43543855</size>
   <planResultKey>SR-MAS-80</planResultKey>
  </artifact>
  <artifact>
   <id>54886428</id>
   <label>ReSharper Results</label>
   <sharedArtifact>false</sharedArtifact>
   <globallyStored>false</globallyStored>
   <type>com.atlassian.bamboo.plugin.artifact.handler.local:ServerLocalArtifactHandler</type>
   <size>19195</size>
   <planResultKey>SR-MAS-JOB1-80</planResultKey>
  </artifact>
  <artifact>
   <id>54886429</id>
   <label>Code Coverage</label>
   <sharedArtifact>false</sharedArtifact>
   <globallyStored>false</globallyStored>
   <type>com.atlassian.bamboo.plugin.artifact.handler.local:ServerLocalArtifactHandler</type>
   <size>1830498</size>
   <planResultKey>SR-MAS-JOB1-80</planResultKey>
  </artifact>
  <artifact>
   <id>54886430</id>
   <label>NuGet Package</label>
   <sharedArtifact>true</sharedArtifact>
   <globallyStored>false</globallyStored>
   <type>com.atlassian.bamboo.plugin.artifact.handler.local:ServerLocalArtifactHandler</type>
   <size>23326</size>
   <planResultKey>SR-MAS-80</planResultKey>
  </artifact>
  <artifact>
   <id>54886431</id>
   <label>Source</label>
   <sharedArtifact>true</sharedArtifact>
   <globallyStored>false</globallyStored>
   <type>com.atlassian.bamboo.plugin.artifact.handler.local:ServerLocalArtifactHandler</type>
   <size>95936134</size>
   <planResultKey>SACO-MAS-280</planResultKey>
  </artifact>
  <artifact>
   <id>54886432</id>
   <label>ReSharper Results</label>
   <sharedArtifact>false</sharedArtifact>
   <globallyStored>false</globallyStored>
   <type>com.atlassian.bamboo.plugin.artifact.handler.local:ServerLocalArtifactHandler</type>
   <size>18951</size>
   <planResultKey>SACO-MAS-JOB1-280</planResultKey>
  </artifact>
  <artifact>
   <id>54886433</id>
   <label>Code Coverage</label>
   <sharedArtifact>false</sharedArtifact>
   <globallyStored>false</globallyStored>
   <type>com.atlassian.bamboo.plugin.artifact.handler.local:ServerLocalArtifactHandler</type>
   <size>2208507</size>
   <planResultKey>SACO-MAS-JOB1-280</planResultKey>
  </artifact>
  <artifact>
   <id>54886434</id>
   <label>NuGet Package</label>
   <sharedArtifact>true</sharedArtifact>
   <globallyStored>false</globallyStored>
   <type>com.atlassian.bamboo.plugin.artifact.handler.local:ServerLocalArtifactHandler</type>
   <size>43393</size>
   <planResultKey>SACO-MAS-280</planResultKey>
  </artifact>
  <artifact>
   <id>54886435</id>
   <label>Source</label>
   <sharedArtifact>true</sharedArtifact>
   <globallyStored>true</globallyStored>
   <type>com.atlassian.bamboo.plugin.artifact.handler.local:ServerLocalArtifactHandler</type>
   <size>130230783</size>
   <planResultKey>SSA-MAS-91</planResultKey>
  </artifact>
  <artifact>
   <id>54886438</id>
   <label>NuGet Package</label>
   <sharedArtifact>true</sharedArtifact>
   <globallyStored>true</globallyStored>
   <type>com.atlassian.bamboo.plugin.artifact.handler.local:ServerLocalArtifactHandler</type>
   <size>10773</size>
   <planResultKey>SSA-MAS-91</planResultKey>
  </artifact>
  <artifact>
   <id>56918017</id>
   <label>Source</label>
   <sharedArtifact>true</sharedArtifact>
   <globallyStored>false</globallyStored>
   <type>com.atlassian.bamboo.plugin.artifact.handler.local:ServerLocalArtifactHandler</type>
   <size>12637361</size>
   <planResultKey>SSRC-MAS-52</planResultKey>
  </artifact>
  <artifact>
   <id>56918018</id>
   <label>ReSharper Results</label>
   <sharedArtifact>false</sharedArtifact>
   <globallyStored>false</globallyStored>
   <type>com.atlassian.bamboo.plugin.artifact.handler.local:ServerLocalArtifactHandler</type>
   <size>350</size>
   <planResultKey>SSRC-MAS-JOB1-52</planResultKey>
  </artifact>
  <artifact>
   <id>56918019</id>
   <label>NuGet Package</label>
   <sharedArtifact>true</sharedArtifact>
   <globallyStored>false</globallyStored>
   <type>com.atlassian.bamboo.plugin.artifact.handler.local:ServerLocalArtifactHandler</type>
   <size>6887</size>
   <planResultKey>SSRC-MAS-52</planResultKey>
  </artifact>
  <artifact>
   <id>56918021</id>
   <label>Source</label>
   <sharedArtifact>true</sharedArtifact>
   <globallyStored>false</globallyStored>
   <type>com.atlassian.bamboo.plugin.artifact.handler.local:ServerLocalArtifactHandler</type>
   <size>12630363</size>
   <planResultKey>SSRC-MAS-53</planResultKey>
  </artifact>
  <artifact>
   <id>56918022</id>
   <label>ReSharper Results</label>
   <sharedArtifact>false</sharedArtifact>
   <globallyStored>false</globallyStored>
   <type>com.atlassian.bamboo.plugin.artifact.handler.local:ServerLocalArtifactHandler</type>
   <size>350</size>
   <planResultKey>SSRC-MAS-JOB1-53</planResultKey>
  </artifact>
  <artifact>
   <id>56918023</id>
   <label>NuGet Package</label>
   <sharedArtifact>true</sharedArtifact>
   <globallyStored>false</globallyStored>
   <type>com.atlassian.bamboo.plugin.artifact.handler.local:ServerLocalArtifactHandler</type>
   <size>6890</size>
   <planResultKey>SSRC-MAS-53</planResultKey>
  </artifact>
  <artifact>
   <id>57868353</id>
   <label>Source</label>
   <sharedArtifact>true</sharedArtifact>
   <globallyStored>false</globallyStored>
   <type>com.atlassian.bamboo.plugin.artifact.handler.local:ServerLocalArtifactHandler</type>
   <size>30979834</size>
   <planResultKey>SC-MAS-167</planResultKey>
  </artifact>
  <artifact>
   <id>57868354</id>
   <label>ReSharper Results</label>
   <sharedArtifact>false</sharedArtifact>
   <globallyStored>false</globallyStored>
   <type>com.atlassian.bamboo.plugin.artifact.handler.local:ServerLocalArtifactHandler</type>
   <size>1368</size>
   <planResultKey>SC-MAS-JOB1-167</planResultKey>
  </artifact>
  <artifact>
   <id>57868355</id>
   <label>Code Coverage</label>
   <sharedArtifact>false</sharedArtifact>
   <globallyStored>false</globallyStored>
   <type>com.atlassian.bamboo.plugin.artifact.handler.local:ServerLocalArtifactHandler</type>
   <size>417716</size>
   <planResultKey>SC-MAS-JOB1-167</planResultKey>
  </artifact>
  <artifact>
   <id>57868356</id>
   <label>NuGet Package</label>
   <sharedArtifact>true</sharedArtifact>
   <globallyStored>false</globallyStored>
   <type>com.atlassian.bamboo.plugin.artifact.handler.local:ServerLocalArtifactHandler</type>
   <size>21138</size>
   <planResultKey>SC-MAS-167</planResultKey>
  </artifact>
  <artifact>
   <id>57868357</id>
   <label>Source</label>
   <sharedArtifact>true</sharedArtifact>
   <globallyStored>false</globallyStored>
   <type>com.atlassian.bamboo.plugin.artifact.handler.local:ServerLocalArtifactHandler</type>
   <size>48163800</size>
   <planResultKey>SG-MAS-87</planResultKey>
  </artifact>
  <artifact>
   <id>57868358</id>
   <label>ReSharper Results</label>
   <sharedArtifact>false</sharedArtifact>
   <globallyStored>false</globallyStored>
   <type>com.atlassian.bamboo.plugin.artifact.handler.local:ServerLocalArtifactHandler</type>
   <size>25855</size>
   <planResultKey>SG-MAS-JOB1-87</planResultKey>
  </artifact>
  <artifact>
   <id>57868359</id>
   <label>Code Coverage</label>
   <sharedArtifact>false</sharedArtifact>
   <globallyStored>false</globallyStored>
   <type>com.atlassian.bamboo.plugin.artifact.handler.local:ServerLocalArtifactHandler</type>
   <size>1847369</size>
   <planResultKey>SG-MAS-JOB1-87</planResultKey>
  </artifact>
  <artifact>
   <id>57868360</id>
   <label>NuGet Package</label>
   <sharedArtifact>true</sharedArtifact>
   <globallyStored>false</globallyStored>
   <type>com.atlassian.bamboo.plugin.artifact.handler.local:ServerLocalArtifactHandler</type>
   <size>20821</size>
   <planResultKey>SG-MAS-87</planResultKey>
  </artifact>
  <artifact>
   <id>57868361</id>
   <label>Source</label>
   <sharedArtifact>true</sharedArtifact>
   <globallyStored>false</globallyStored>
   <type>com.atlassian.bamboo.plugin.artifact.handler.local:ServerLocalArtifactHandler</type>
   <size>95947219</size>
   <planResultKey>SACO-MAS-281</planResultKey>
  </artifact>
  <artifact>
   <id>57868362</id>
   <label>ReSharper Results</label>
   <sharedArtifact>false</sharedArtifact>
   <globallyStored>false</globallyStored>
   <type>com.atlassian.bamboo.plugin.artifact.handler.local:ServerLocalArtifactHandler</type>
   <size>18951</size>
   <planResultKey>SACO-MAS-JOB1-281</planResultKey>
  </artifact>
  <artifact>
   <id>57868363</id>
   <label>Code Coverage</label>
   <sharedArtifact>false</sharedArtifact>
   <globallyStored>false</globallyStored>
   <type>com.atlassian.bamboo.plugin.artifact.handler.local:ServerLocalArtifactHandler</type>
   <size>2208507</size>
   <planResultKey>SACO-MAS-JOB1-281</planResultKey>
  </artifact>
  <artifact>
   <id>57868364</id>
   <label>NuGet Package</label>
   <sharedArtifact>true</sharedArtifact>
   <globallyStored>false</globallyStored>
   <type>com.atlassian.bamboo.plugin.artifact.handler.local:ServerLocalArtifactHandler</type>
   <size>43399</size>
   <planResultKey>SACO-MAS-281</planResultKey>
  </artifact>
  <artifact>
   <id>57868365</id>
   <label>Source</label>
   <sharedArtifact>true</sharedArtifact>
   <globallyStored>false</globallyStored>
   <type>com.atlassian.bamboo.plugin.artifact.handler.local:ServerLocalArtifactHandler</type>
   <size>43698438</size>
   <planResultKey>SR-MAS-81</planResultKey>
  </artifact>
  <artifact>
   <id>57868366</id>
   <label>ReSharper Results</label>
   <sharedArtifact>false</sharedArtifact>
   <globallyStored>false</globallyStored>
   <type>com.atlassian.bamboo.plugin.artifact.handler.local:ServerLocalArtifactHandler</type>
   <size>19195</size>
   <planResultKey>SR-MAS-JOB1-81</planResultKey>
  </artifact>
  <artifact>
   <id>57868367</id>
   <label>Code Coverage</label>
   <sharedArtifact>false</sharedArtifact>
   <globallyStored>false</globallyStored>
   <type>com.atlassian.bamboo.plugin.artifact.handler.local:ServerLocalArtifactHandler</type>
   <size>1830498</size>
   <planResultKey>SR-MAS-JOB1-81</planResultKey>
  </artifact>
  <artifact>
   <id>57868368</id>
   <label>NuGet Package</label>
   <sharedArtifact>true</sharedArtifact>
   <globallyStored>false</globallyStored>
   <type>com.atlassian.bamboo.plugin.artifact.handler.local:ServerLocalArtifactHandler</type>
   <size>23320</size>
   <planResultKey>SR-MAS-81</planResultKey>
  </artifact>
  <artifact>
   <id>57868369</id>
   <label>Source</label>
   <sharedArtifact>true</sharedArtifact>
   <globallyStored>false</globallyStored>
   <type>com.atlassian.bamboo.plugin.artifact.handler.local:ServerLocalArtifactHandler</type>
   <size>130323236</size>
   <planResultKey>SSA-MAS-92</planResultKey>
  </artifact>
  <artifact>
   <id>57868370</id>
   <label>ReSharper Results</label>
   <sharedArtifact>false</sharedArtifact>
   <globallyStored>false</globallyStored>
   <type>com.atlassian.bamboo.plugin.artifact.handler.local:ServerLocalArtifactHandler</type>
   <size>3050</size>
   <planResultKey>SSA-MAS-JOB1-92</planResultKey>
  </artifact>
  <artifact>
   <id>57868371</id>
   <label>Code Coverage</label>
   <sharedArtifact>false</sharedArtifact>
   <globallyStored>false</globallyStored>
   <type>com.atlassian.bamboo.plugin.artifact.handler.local:ServerLocalArtifactHandler</type>
   <size>616757</size>
   <planResultKey>SSA-MAS-JOB1-92</planResultKey>
  </artifact>
  <artifact>
   <id>57868372</id>
   <label>NuGet Package</label>
   <sharedArtifact>true</sharedArtifact>
   <globallyStored>false</globallyStored>
   <type>com.atlassian.bamboo.plugin.artifact.handler.local:ServerLocalArtifactHandler</type>
   <size>10776</size>
   <planResultKey>SSA-MAS-92</planResultKey>
  </artifact>
  <artifact>
   <id>57868373</id>
   <label>Source</label>
   <sharedArtifact>true</sharedArtifact>
   <globallyStored>false</globallyStored>
   <type>com.atlassian.bamboo.plugin.artifact.handler.local:ServerLocalArtifactHandler</type>
   <size>254587170</size>
   <planResultKey>SWPF-MAS-16</planResultKey>
  </artifact>
  <artifact>
   <id>57868374</id>
   <label>ReSharper Results</label>
   <sharedArtifact>false</sharedArtifact>
   <globallyStored>false</globallyStored>
   <type>com.atlassian.bamboo.plugin.artifact.handler.local:ServerLocalArtifactHandler</type>
   <size>34593</size>
   <planResultKey>SWPF-MAS-JOB1-16</planResultKey>
  </artifact>
  <artifact>
   <id>57868375</id>
   <label>Code Coverage</label>
   <sharedArtifact>false</sharedArtifact>
   <globallyStored>false</globallyStored>
   <type>com.atlassian.bamboo.plugin.artifact.handler.local:ServerLocalArtifactHandler</type>
   <size>3070550</size>
   <planResultKey>SWPF-MAS-JOB1-16</planResultKey>
  </artifact>
  <artifact>
   <id>57868376</id>
   <label>Source</label>
   <sharedArtifact>true</sharedArtifact>
   <globallyStored>false</globallyStored>
   <type>com.atlassian.bamboo.plugin.artifact.handler.local:ServerLocalArtifactHandler</type>
   <size>253121239</size>
   <planResultKey>SWPF-MAS-17</planResultKey>
  </artifact>
  <artifact>
   <id>57868377</id>
   <label>Code Coverage</label>
   <sharedArtifact>false</sharedArtifact>
   <globallyStored>false</globallyStored>
   <type>com.atlassian.bamboo.plugin.artifact.handler.local:ServerLocalArtifactHandler</type>
   <size>3059355</size>
   <planResultKey>SWPF-MAS-JOB1-17</planResultKey>
  </artifact>
  <artifact>
   <id>59179009</id>
   <label>Source</label>
   <sharedArtifact>true</sharedArtifact>
   <globallyStored>false</globallyStored>
   <type>com.atlassian.bamboo.plugin.artifact.handler.local:ServerLocalArtifactHandler</type>
   <size>63910716</size>
   <planResultKey>SE-MAS-154</planResultKey>
  </artifact>
  <artifact>
   <id>59179010</id>
   <label>ReSharper Results</label>
   <sharedArtifact>false</sharedArtifact>
   <globallyStored>false</globallyStored>
   <type>com.atlassian.bamboo.plugin.artifact.handler.local:ServerLocalArtifactHandler</type>
   <size>1174</size>
   <planResultKey>SE-MAS-JOB1-154</planResultKey>
  </artifact>
  <artifact>
   <id>59179011</id>
   <label>Code Coverage</label>
   <sharedArtifact>false</sharedArtifact>
   <globallyStored>false</globallyStored>
   <type>com.atlassian.bamboo.plugin.artifact.handler.local:ServerLocalArtifactHandler</type>
   <size>488214</size>
   <planResultKey>SE-MAS-JOB1-154</planResultKey>
  </artifact>
  <artifact>
   <id>59179012</id>
   <label>NuGet Package</label>
   <sharedArtifact>true</sharedArtifact>
   <globallyStored>false</globallyStored>
   <type>com.atlassian.bamboo.plugin.artifact.handler.local:ServerLocalArtifactHandler</type>
   <size>13956</size>
   <planResultKey>SE-MAS-154</planResultKey>
  </artifact>
  <artifact>
   <id>59736065</id>
   <label>Source</label>
   <sharedArtifact>true</sharedArtifact>
   <globallyStored>false</globallyStored>
   <type>com.atlassian.bamboo.plugin.artifact.handler.local:ServerLocalArtifactHandler</type>
   <size>63851208</size>
   <planResultKey>SE-MAS-155</planResultKey>
  </artifact>
  <artifact>
   <id>59736066</id>
   <label>ReSharper Results</label>
   <sharedArtifact>false</sharedArtifact>
   <globallyStored>false</globallyStored>
   <type>com.atlassian.bamboo.plugin.artifact.handler.local:ServerLocalArtifactHandler</type>
   <size>1174</size>
   <planResultKey>SE-MAS-JOB1-155</planResultKey>
  </artifact>
  <artifact>
   <id>59736067</id>
   <label>Code Coverage</label>
   <sharedArtifact>false</sharedArtifact>
   <globallyStored>false</globallyStored>
   <type>com.atlassian.bamboo.plugin.artifact.handler.local:ServerLocalArtifactHandler</type>
   <size>488209</size>
   <planResultKey>SE-MAS-JOB1-155</planResultKey>
  </artifact>
  <artifact>
   <id>59736068</id>
   <label>NuGet Package</label>
   <sharedArtifact>true</sharedArtifact>
   <globallyStored>false</globallyStored>
   <type>com.atlassian.bamboo.plugin.artifact.handler.local:ServerLocalArtifactHandler</type>
   <size>13955</size>
   <planResultKey>SE-MAS-155</planResultKey>
  </artifact>
  <artifact>
   <id>59736069</id>
   <label>Source</label>
   <sharedArtifact>true</sharedArtifact>
   <globallyStored>false</globallyStored>
   <type>com.atlassian.bamboo.plugin.artifact.handler.local:ServerLocalArtifactHandler</type>
   <size>75076820</size>
   <planResultKey>SSC-MAS-117</planResultKey>
  </artifact>
  <artifact>
   <id>59736070</id>
   <label>ReSharper Results</label>
   <sharedArtifact>false</sharedArtifact>
   <globallyStored>false</globallyStored>
   <type>com.atlassian.bamboo.plugin.artifact.handler.local:ServerLocalArtifactHandler</type>
   <size>2057</size>
   <planResultKey>SSC-MAS-JOB1-117</planResultKey>
  </artifact>
  <artifact>
   <id>59736071</id>
   <label>Code Coverage</label>
   <sharedArtifact>false</sharedArtifact>
   <globallyStored>false</globallyStored>
   <type>com.atlassian.bamboo.plugin.artifact.handler.local:ServerLocalArtifactHandler</type>
   <size>591125</size>
   <planResultKey>SSC-MAS-JOB1-117</planResultKey>
  </artifact>
  <artifact>
   <id>59736072</id>
   <label>NuGet Package</label>
   <sharedArtifact>true</sharedArtifact>
   <globallyStored>false</globallyStored>
   <type>com.atlassian.bamboo.plugin.artifact.handler.local:ServerLocalArtifactHandler</type>
   <size>11106</size>
   <planResultKey>SSC-MAS-117</planResultKey>
  </artifact>
  <artifact>
   <id>59736084</id>
   <label>Source</label>
   <sharedArtifact>true</sharedArtifact>
   <globallyStored>false</globallyStored>
   <type>com.atlassian.bamboo.plugin.artifact.handler.local:ServerLocalArtifactHandler</type>
   <size>96000294</size>
   <planResultKey>SACO-MAS-282</planResultKey>
  </artifact>
  <artifact>
   <id>59736085</id>
   <label>ReSharper Results</label>
   <sharedArtifact>false</sharedArtifact>
   <globallyStored>false</globallyStored>
   <type>com.atlassian.bamboo.plugin.artifact.handler.local:ServerLocalArtifactHandler</type>
   <size>18951</size>
   <planResultKey>SACO-MAS-JOB1-282</planResultKey>
  </artifact>
  <artifact>
   <id>59736086</id>
   <label>Code Coverage</label>
   <sharedArtifact>false</sharedArtifact>
   <globallyStored>false</globallyStored>
   <type>com.atlassian.bamboo.plugin.artifact.handler.local:ServerLocalArtifactHandler</type>
   <size>2208507</size>
   <planResultKey>SACO-MAS-JOB1-282</planResultKey>
  </artifact>
  <artifact>
   <id>59736087</id>
   <label>NuGet Package</label>
   <sharedArtifact>true</sharedArtifact>
   <globallyStored>false</globallyStored>
   <type>com.atlassian.bamboo.plugin.artifact.handler.local:ServerLocalArtifactHandler</type>
   <size>43399</size>
   <planResultKey>SACO-MAS-282</planResultKey>
  </artifact>
  <artifact>
   <id>59736088</id>
   <label>Source</label>
   <sharedArtifact>true</sharedArtifact>
   <globallyStored>false</globallyStored>
   <type>com.atlassian.bamboo.plugin.artifact.handler.local:ServerLocalArtifactHandler</type>
   <size>130434848</size>
   <planResultKey>SSA-MAS-93</planResultKey>
  </artifact>
  <artifact>
   <id>59736089</id>
   <label>ReSharper Results</label>
   <sharedArtifact>false</sharedArtifact>
   <globallyStored>false</globallyStored>
   <type>com.atlassian.bamboo.plugin.artifact.handler.local:ServerLocalArtifactHandler</type>
   <size>3050</size>
   <planResultKey>SSA-MAS-JOB1-93</planResultKey>
  </artifact>
  <artifact>
   <id>59736090</id>
   <label>Code Coverage</label>
   <sharedArtifact>false</sharedArtifact>
   <globallyStored>false</globallyStored>
   <type>com.atlassian.bamboo.plugin.artifact.handler.local:ServerLocalArtifactHandler</type>
   <size>616757</size>
   <planResultKey>SSA-MAS-JOB1-93</planResultKey>
  </artifact>
  <artifact>
   <id>59736091</id>
   <label>NuGet Package</label>
   <sharedArtifact>true</sharedArtifact>
   <globallyStored>false</globallyStored>
   <type>com.atlassian.bamboo.plugin.artifact.handler.local:ServerLocalArtifactHandler</type>
   <size>10775</size>
   <planResultKey>SSA-MAS-93</planResultKey>
  </artifact>
  <artifact>
   <id>59736092</id>
   <label>Source</label>
   <sharedArtifact>true</sharedArtifact>
   <globallyStored>false</globallyStored>
   <type>com.atlassian.bamboo.plugin.artifact.handler.local:ServerLocalArtifactHandler</type>
   <size>66359891</size>
   <planResultKey>SSC-MAS-118</planResultKey>
  </artifact>
  <artifact>
   <id>59736093</id>
   <label>ReSharper Results</label>
   <sharedArtifact>false</sharedArtifact>
   <globallyStored>false</globallyStored>
   <type>com.atlassian.bamboo.plugin.artifact.handler.local:ServerLocalArtifactHandler</type>
   <size>2057</size>
   <planResultKey>SSC-MAS-JOB1-118</planResultKey>
  </artifact>
  <artifact>
   <id>59736094</id>
   <label>Code Coverage</label>
   <sharedArtifact>false</sharedArtifact>
   <globallyStored>false</globallyStored>
   <type>com.atlassian.bamboo.plugin.artifact.handler.local:ServerLocalArtifactHandler</type>
   <size>588206</size>
   <planResultKey>SSC-MAS-JOB1-118</planResultKey>
  </artifact>
  <artifact>
   <id>59736095</id>
   <label>NuGet Package</label>
   <sharedArtifact>true</sharedArtifact>
   <globallyStored>false</globallyStored>
   <type>com.atlassian.bamboo.plugin.artifact.handler.local:ServerLocalArtifactHandler</type>
   <size>11043</size>
   <planResultKey>SSC-MAS-118</planResultKey>
  </artifact>
  <artifact>
   <id>59736096</id>
   <label>Source</label>
   <sharedArtifact>true</sharedArtifact>
   <globallyStored>false</globallyStored>
   <type>com.atlassian.bamboo.plugin.artifact.handler.local:ServerLocalArtifactHandler</type>
   <size>66028422</size>
   <planResultKey>SSL-MAST-179</planResultKey>
  </artifact>
  <artifact>
   <id>59736097</id>
   <label>ReSharper Results</label>
   <sharedArtifact>false</sharedArtifact>
   <globallyStored>false</globallyStored>
   <type>com.atlassian.bamboo.plugin.artifact.handler.local:ServerLocalArtifactHandler</type>
   <size>2156</size>
   <planResultKey>SSL-MAST-JOB1-179</planResultKey>
  </artifact>
  <artifact>
   <id>59736100</id>
   <label>Source</label>
   <sharedArtifact>true</sharedArtifact>
   <globallyStored>false</globallyStored>
   <type>com.atlassian.bamboo.plugin.artifact.handler.local:ServerLocalArtifactHandler</type>
   <size>49746741</size>
   <planResultKey>SSM-MAS-66</planResultKey>
  </artifact>
  <artifact>
   <id>59736101</id>
   <label>ReSharper Results</label>
   <sharedArtifact>false</sharedArtifact>
   <globallyStored>false</globallyStored>
   <type>com.atlassian.bamboo.plugin.artifact.handler.local:ServerLocalArtifactHandler</type>
   <size>3891</size>
   <planResultKey>SSM-MAS-JOB1-66</planResultKey>
  </artifact>
  <artifact>
   <id>59736102</id>
   <label>Source</label>
   <sharedArtifact>true</sharedArtifact>
   <globallyStored>false</globallyStored>
   <type>com.atlassian.bamboo.plugin.artifact.handler.local:ServerLocalArtifactHandler</type>
   <size>128659689</size>
   <planResultKey>SSL-MAST-180</planResultKey>
  </artifact>
  <artifact>
   <id>59736103</id>
   <label>ReSharper Results</label>
   <sharedArtifact>false</sharedArtifact>
   <globallyStored>false</globallyStored>
   <type>com.atlassian.bamboo.plugin.artifact.handler.local:ServerLocalArtifactHandler</type>
   <size>1846</size>
   <planResultKey>SSL-MAST-JOB1-180</planResultKey>
  </artifact>
  <artifact>
   <id>59736104</id>
   <label>Code Coverage</label>
   <sharedArtifact>false</sharedArtifact>
   <globallyStored>false</globallyStored>
   <type>com.atlassian.bamboo.plugin.artifact.handler.local:ServerLocalArtifactHandler</type>
   <size>632295</size>
   <planResultKey>SSL-MAST-JOB1-180</planResultKey>
  </artifact>
  <artifact>
   <id>59736105</id>
   <label>NuGet Package</label>
   <sharedArtifact>true</sharedArtifact>
   <globallyStored>false</globallyStored>
   <type>com.atlassian.bamboo.plugin.artifact.handler.local:ServerLocalArtifactHandler</type>
   <size>12829</size>
   <planResultKey>SSL-MAST-180</planResultKey>
  </artifact>
  <artifact>
   <id>59736112</id>
   <label>Source</label>
   <sharedArtifact>true</sharedArtifact>
   <globallyStored>false</globallyStored>
   <type>com.atlassian.bamboo.plugin.artifact.handler.local:ServerLocalArtifactHandler</type>
   <size>55967191</size>
   <planResultKey>SSR-MAS-114</planResultKey>
  </artifact>
  <artifact>
   <id>59736113</id>
   <label>ReSharper Results</label>
   <sharedArtifact>false</sharedArtifact>
   <globallyStored>false</globallyStored>
   <type>com.atlassian.bamboo.plugin.artifact.handler.local:ServerLocalArtifactHandler</type>
   <size>8957</size>
   <planResultKey>SSR-MAS-JOB1-114</planResultKey>
  </artifact>
  <artifact>
   <id>59736114</id>
   <label>Source</label>
   <sharedArtifact>true</sharedArtifact>
   <globallyStored>false</globallyStored>
   <type>com.atlassian.bamboo.plugin.artifact.handler.local:ServerLocalArtifactHandler</type>
   <size>136017477</size>
   <planResultKey>SSR-MAS-115</planResultKey>
  </artifact>
  <artifact>
   <id>59736115</id>
   <label>ReSharper Results</label>
   <sharedArtifact>false</sharedArtifact>
   <globallyStored>false</globallyStored>
   <type>com.atlassian.bamboo.plugin.artifact.handler.local:ServerLocalArtifactHandler</type>
   <size>7745</size>
   <planResultKey>SSR-MAS-JOB1-115</planResultKey>
  </artifact>
  <artifact>
   <id>59736116</id>
   <label>Code Coverage</label>
   <sharedArtifact>false</sharedArtifact>
   <globallyStored>false</globallyStored>
   <type>com.atlassian.bamboo.plugin.artifact.handler.local:ServerLocalArtifactHandler</type>
   <size>1146798</size>
   <planResultKey>SSR-MAS-JOB1-115</planResultKey>
  </artifact>
  <artifact>
   <id>59736117</id>
   <label>NuGet Package</label>
   <sharedArtifact>true</sharedArtifact>
   <globallyStored>false</globallyStored>
   <type>com.atlassian.bamboo.plugin.artifact.handler.local:ServerLocalArtifactHandler</type>
   <size>18117</size>
   <planResultKey>SSR-MAS-115</planResultKey>
  </artifact>
  <artifact>
   <id>59736118</id>
   <label>Source</label>
   <sharedArtifact>true</sharedArtifact>
   <globallyStored>false</globallyStored>
   <type>com.atlassian.bamboo.plugin.artifact.handler.local:ServerLocalArtifactHandler</type>
   <size>129942563</size>
   <planResultKey>SSA-MAS-94</planResultKey>
  </artifact>
  <artifact>
   <id>59736119</id>
   <label>ReSharper Results</label>
   <sharedArtifact>false</sharedArtifact>
   <globallyStored>false</globallyStored>
   <type>com.atlassian.bamboo.plugin.artifact.handler.local:ServerLocalArtifactHandler</type>
   <size>3050</size>
   <planResultKey>SSA-MAS-JOB1-94</planResultKey>
  </artifact>
  <artifact>
   <id>59736120</id>
   <label>Code Coverage</label>
   <sharedArtifact>false</sharedArtifact>
   <globallyStored>false</globallyStored>
   <type>com.atlassian.bamboo.plugin.artifact.handler.local:ServerLocalArtifactHandler</type>
   <size>615767</size>
   <planResultKey>SSA-MAS-JOB1-94</planResultKey>
  </artifact>
  <artifact>
   <id>59736121</id>
   <label>NuGet Package</label>
   <sharedArtifact>true</sharedArtifact>
   <globallyStored>false</globallyStored>
   <type>com.atlassian.bamboo.plugin.artifact.handler.local:ServerLocalArtifactHandler</type>
   <size>10697</size>
   <planResultKey>SSA-MAS-94</planResultKey>
  </artifact>
  <artifact>
   <id>60358657</id>
   <label>Source</label>
   <sharedArtifact>true</sharedArtifact>
   <globallyStored>false</globallyStored>
   <type>com.atlassian.bamboo.plugin.artifact.handler.local:ServerLocalArtifactHandler</type>
   <size>140901791</size>
   <planResultKey>SSM-MAS-67</planResultKey>
  </artifact>
  <artifact>
   <id>60358658</id>
   <label>ReSharper Results</label>
   <sharedArtifact>false</sharedArtifact>
   <globallyStored>false</globallyStored>
   <type>com.atlassian.bamboo.plugin.artifact.handler.local:ServerLocalArtifactHandler</type>
   <size>3579</size>
   <planResultKey>SSM-MAS-JOB1-67</planResultKey>
  </artifact>
  <artifact>
   <id>60358659</id>
   <label>Code Coverage</label>
   <sharedArtifact>false</sharedArtifact>
   <globallyStored>false</globallyStored>
   <type>com.atlassian.bamboo.plugin.artifact.handler.local:ServerLocalArtifactHandler</type>
   <size>822616</size>
   <planResultKey>SSM-MAS-JOB1-67</planResultKey>
  </artifact>
  <artifact>
   <id>60751873</id>
   <label>Source</label>
   <sharedArtifact>true</sharedArtifact>
   <globallyStored>false</globallyStored>
   <type>com.atlassian.bamboo.plugin.artifact.handler.local:ServerLocalArtifactHandler</type>
   <size>63910672</size>
   <planResultKey>SE-MAS-156</planResultKey>
  </artifact>
  <artifact>
   <id>60751874</id>
   <label>ReSharper Results</label>
   <sharedArtifact>false</sharedArtifact>
   <globallyStored>false</globallyStored>
   <type>com.atlassian.bamboo.plugin.artifact.handler.local:ServerLocalArtifactHandler</type>
   <size>1174</size>
   <planResultKey>SE-MAS-JOB1-156</planResultKey>
  </artifact>
  <artifact>
   <id>60751875</id>
   <label>Code Coverage</label>
   <sharedArtifact>false</sharedArtifact>
   <globallyStored>false</globallyStored>
   <type>com.atlassian.bamboo.plugin.artifact.handler.local:ServerLocalArtifactHandler</type>
   <size>488202</size>
   <planResultKey>SE-MAS-JOB1-156</planResultKey>
  </artifact>
  <artifact>
   <id>60751876</id>
   <label>NuGet Package</label>
   <sharedArtifact>true</sharedArtifact>
   <globallyStored>false</globallyStored>
   <type>com.atlassian.bamboo.plugin.artifact.handler.local:ServerLocalArtifactHandler</type>
   <size>13952</size>
   <planResultKey>SE-MAS-156</planResultKey>
  </artifact>
  <artifact>
   <id>60751877</id>
   <label>Source</label>
   <sharedArtifact>true</sharedArtifact>
   <globallyStored>false</globallyStored>
   <type>com.atlassian.bamboo.plugin.artifact.handler.local:ServerLocalArtifactHandler</type>
   <size>66461265</size>
   <planResultKey>SSC-MAS-119</planResultKey>
  </artifact>
  <artifact>
   <id>60751878</id>
   <label>ReSharper Results</label>
   <sharedArtifact>false</sharedArtifact>
   <globallyStored>false</globallyStored>
   <type>com.atlassian.bamboo.plugin.artifact.handler.local:ServerLocalArtifactHandler</type>
   <size>2057</size>
   <planResultKey>SSC-MAS-JOB1-119</planResultKey>
  </artifact>
  <artifact>
   <id>60751879</id>
   <label>Code Coverage</label>
   <sharedArtifact>false</sharedArtifact>
   <globallyStored>false</globallyStored>
   <type>com.atlassian.bamboo.plugin.artifact.handler.local:ServerLocalArtifactHandler</type>
   <size>588206</size>
   <planResultKey>SSC-MAS-JOB1-119</planResultKey>
  </artifact>
  <artifact>
   <id>60751880</id>
   <label>NuGet Package</label>
   <sharedArtifact>true</sharedArtifact>
   <globallyStored>false</globallyStored>
   <type>com.atlassian.bamboo.plugin.artifact.handler.local:ServerLocalArtifactHandler</type>
   <size>11041</size>
   <planResultKey>SSC-MAS-119</planResultKey>
  </artifact>
  <artifact>
   <id>60751881</id>
   <label>Source</label>
   <sharedArtifact>true</sharedArtifact>
   <globallyStored>false</globallyStored>
   <type>com.atlassian.bamboo.plugin.artifact.handler.local:ServerLocalArtifactHandler</type>
   <size>128895972</size>
   <planResultKey>SSL-MAST-181</planResultKey>
  </artifact>
  <artifact>
   <id>60751882</id>
   <label>ReSharper Results</label>
   <sharedArtifact>false</sharedArtifact>
   <globallyStored>false</globallyStored>
   <type>com.atlassian.bamboo.plugin.artifact.handler.local:ServerLocalArtifactHandler</type>
   <size>1846</size>
   <planResultKey>SSL-MAST-JOB1-181</planResultKey>
  </artifact>
  <artifact>
   <id>60751883</id>
   <label>Code Coverage</label>
   <sharedArtifact>false</sharedArtifact>
   <globallyStored>false</globallyStored>
   <type>com.atlassian.bamboo.plugin.artifact.handler.local:ServerLocalArtifactHandler</type>
   <size>632295</size>
   <planResultKey>SSL-MAST-JOB1-181</planResultKey>
  </artifact>
  <artifact>
   <id>60751884</id>
   <label>NuGet Package</label>
   <sharedArtifact>true</sharedArtifact>
   <globallyStored>false</globallyStored>
   <type>com.atlassian.bamboo.plugin.artifact.handler.local:ServerLocalArtifactHandler</type>
   <size>12829</size>
   <planResultKey>SSL-MAST-181</planResultKey>
  </artifact>
  <artifact>
   <id>60751885</id>
   <label>Source</label>
   <sharedArtifact>true</sharedArtifact>
   <globallyStored>false</globallyStored>
   <type>com.atlassian.bamboo.plugin.artifact.handler.local:ServerLocalArtifactHandler</type>
   <size>140971692</size>
   <planResultKey>SSM-MAS-68</planResultKey>
  </artifact>
  <artifact>
   <id>60751886</id>
   <label>ReSharper Results</label>
   <sharedArtifact>false</sharedArtifact>
   <globallyStored>false</globallyStored>
   <type>com.atlassian.bamboo.plugin.artifact.handler.local:ServerLocalArtifactHandler</type>
   <size>3579</size>
   <planResultKey>SSM-MAS-JOB1-68</planResultKey>
  </artifact>
  <artifact>
   <id>60751887</id>
   <label>Code Coverage</label>
   <sharedArtifact>false</sharedArtifact>
   <globallyStored>false</globallyStored>
   <type>com.atlassian.bamboo.plugin.artifact.handler.local:ServerLocalArtifactHandler</type>
   <size>822616</size>
   <planResultKey>SSM-MAS-JOB1-68</planResultKey>
  </artifact>
  <artifact>
   <id>60751888</id>
   <label>Source</label>
   <sharedArtifact>true</sharedArtifact>
   <globallyStored>false</globallyStored>
   <type>com.atlassian.bamboo.plugin.artifact.handler.local:ServerLocalArtifactHandler</type>
   <size>136072694</size>
   <planResultKey>SSR-MAS-116</planResultKey>
  </artifact>
  <artifact>
   <id>60751889</id>
   <label>ReSharper Results</label>
   <sharedArtifact>false</sharedArtifact>
   <globallyStored>false</globallyStored>
   <type>com.atlassian.bamboo.plugin.artifact.handler.local:ServerLocalArtifactHandler</type>
   <size>7745</size>
   <planResultKey>SSR-MAS-JOB1-116</planResultKey>
  </artifact>
  <artifact>
   <id>60751890</id>
   <label>Code Coverage</label>
   <sharedArtifact>false</sharedArtifact>
   <globallyStored>false</globallyStored>
   <type>com.atlassian.bamboo.plugin.artifact.handler.local:ServerLocalArtifactHandler</type>
   <size>1146798</size>
   <planResultKey>SSR-MAS-JOB1-116</planResultKey>
  </artifact>
  <artifact>
   <id>60751891</id>
   <label>NuGet Package</label>
   <sharedArtifact>true</sharedArtifact>
   <globallyStored>false</globallyStored>
   <type>com.atlassian.bamboo.plugin.artifact.handler.local:ServerLocalArtifactHandler</type>
   <size>18121</size>
   <planResultKey>SSR-MAS-116</planResultKey>
  </artifact>
  <artifact>
   <id>61341697</id>
   <label>Source</label>
   <sharedArtifact>true</sharedArtifact>
   <globallyStored>false</globallyStored>
   <type>com.atlassian.bamboo.plugin.artifact.handler.local:ServerLocalArtifactHandler</type>
   <size>252970159</size>
   <planResultKey>SWPF-MAS-18</planResultKey>
  </artifact>
  <artifact>
   <id>61341698</id>
   <label>Code Coverage</label>
   <sharedArtifact>false</sharedArtifact>
   <globallyStored>false</globallyStored>
   <type>com.atlassian.bamboo.plugin.artifact.handler.local:ServerLocalArtifactHandler</type>
   <size>3001946</size>
   <planResultKey>SWPF-MAS-JOB1-18</planResultKey>
  </artifact>
 </artifacts>
</bamboo>