<?xml version='1.1' encoding='UTF-8' standalone='yes'?>
<bamboo>
 <date>Mon Aug 10 16:34:30 AEST 2015</date>
 <version>5.9.1</version>
 <buildDate>24-Jun-2015</buildDate>
 <build>5914</build>
 <serverID>BG3Y-XJ99-GC6Z-FPP1</serverID>
 <labels>
  <label>
   <id>7503873</id>
   <creationDate>portable AD 2015-03-03 10:55:26.620 +1100</creationDate>
   <modificationDate>portable AD 2015-03-03 10:55:26.620 +1100</modificationDate>
   <name>:unmark-favourite</name>
   <namespace>thomas</namespace>
  </label>
 </labels>
</bamboo>