<?xml version='1.1' encoding='UTF-8' standalone='yes'?>
<bamboo>
 <date>Mon Aug 10 16:34:30 AEST 2015</date>
 <version>5.9.1</version>
 <buildDate>24-Jun-2015</buildDate>
 <build>5914</build>
 <serverID>BG3Y-XJ99-GC6Z-FPP1</serverID>
 <localUsers>
  <localUser>
   <id>1</id>
   <name>thomas</name>
   <password>{PKCS5S2}e38+gNHDFjtFS1C1BVLpKRT8JetobsSN2BLcV0JisfqKFiWXFTXzNl2emm3Ux4pl</password>
   <fullName>Thomas Schroedter</fullName>
   <email>Thomas.Schroedter@gmx.net</email>
  </localUser>
  <localUser>
   <id>47251457</id>
   <name>admin</name>
   <password>{PKCS5S2}anokvOPyJtFYQ2AItC4xe3VrWINcV6/v6UNS4n3g0QVhY25MIBwd0uSSz9nP1sdJ</password>
   <fullName>admin</fullName>
   <email>Thomas.Schroedter@gmx.net</email>
  </localUser>
 </localUsers>
</bamboo>