<?xml version='1.1' encoding='UTF-8' standalone='yes'?>
<bamboo>
 <date>Mon Aug 10 16:34:30 AEST 2015</date>
 <version>5.9.1</version>
 <buildDate>24-Jun-2015</buildDate>
 <build>5914</build>
 <serverID>BG3Y-XJ99-GC6Z-FPP1</serverID>
 <mail-servers>
  <smtp-server>
   <name>Bamboo</name>
   <defaultFrom>Thomas.Schroedter@gmx.net</defaultFrom>
   <prefix>[Bamboo]</prefix>
   <removePrecedence>false</removePrecedence>
   <hostname>mail.gmx.com</hostname>
   <smtpPort>587</smtpPort>
   <username>Thomas.Schroedter@gmx.net</username>
   <password>oUUbfiOVuWeuOEWi3C7AXA==</password>
   <tlsRequired>true</tlsRequired>
  </smtp-server>
 </mail-servers>
</bamboo>