<?xml version='1.1' encoding='UTF-8' standalone='yes'?>
<bamboo>
 <date>Mon Aug 10 16:34:30 AEST 2015</date>
 <version>5.9.1</version>
 <buildDate>24-Jun-2015</buildDate>
 <build>5914</build>
 <serverID>BG3Y-XJ99-GC6Z-FPP1</serverID>
 <vcsBranches>
  <vcsBranch>
   <name>master</name>
   <chainId>5013509</chainId>
  </vcsBranch>
  <vcsBranch>
   <name>master</name>
   <chainId>6553601</chainId>
  </vcsBranch>
  <vcsBranch>
   <name>master</name>
   <chainId>393217</chainId>
  </vcsBranch>
  <vcsBranch>
   <name>master</name>
   <chainId>7569412</chainId>
  </vcsBranch>
  <vcsBranch>
   <name>master</name>
   <chainId>16547844</chainId>
  </vcsBranch>
  <vcsBranch>
   <name>master</name>
   <chainId>17661953</chainId>
  </vcsBranch>
  <vcsBranch>
   <name>master</name>
   <chainId>23953412</chainId>
  </vcsBranch>
  <vcsBranch>
   <name>master</name>
   <chainId>26836993</chainId>
  </vcsBranch>
  <vcsBranch>
   <name>master</name>
   <chainId>27721729</chainId>
  </vcsBranch>
  <vcsBranch>
   <name>master</name>
   <chainId>7569415</chainId>
  </vcsBranch>
  <vcsBranch>
   <name>master</name>
   <chainId>34865154</chainId>
  </vcsBranch>
  <vcsBranch>
   <name>master</name>
   <chainId>37388292</chainId>
  </vcsBranch>
  <vcsBranch>
   <name>master</name>
   <chainId>37388295</chainId>
  </vcsBranch>
  <vcsBranch>
   <name>master</name>
   <chainId>55967745</chainId>
  </vcsBranch>
 </vcsBranches>
</bamboo>