<?xml version='1.1' encoding='UTF-8' standalone='yes'?>
<bamboo>
 <date>Wed Feb 17 15:32:36 AEDT 2016</date>
 <version>5.9.7</version>
 <buildDate>14-Oct-2015</buildDate>
 <build>5920</build>
 <serverID>BG3Y-XJ99-GC6Z-FPP1</serverID>
 <labels>
  <label>
   <id>7503873</id>
   <creationDate>portable AD 2015-03-03 10:55:26.620 +1100</creationDate>
   <modificationDate>portable AD 2015-03-03 10:55:26.620 +1100</modificationDate>
   <name>:unmark-favourite</name>
   <namespace>thomas</namespace>
  </label>
 </labels>
</bamboo>