<?xml version='1.1' encoding='UTF-8' standalone='yes'?>
<bamboo>
 <date>Wed Feb 17 15:32:36 AEDT 2016</date>
 <version>5.9.7</version>
 <buildDate>14-Oct-2015</buildDate>
 <build>5920</build>
 <serverID>BG3Y-XJ99-GC6Z-FPP1</serverID>
 <loginInfos>
  <loginInfo>
   <userName>thomas</userName>
   <authCount>0</authCount>
   <authTimestamp>1430488800000</authTimestamp>
  </loginInfo>
  <loginInfo>
   <userName>admin</userName>
   <authCount>0</authCount>
   <authTimestamp>1430488800000</authTimestamp>
  </loginInfo>
  <loginInfo>
   <userName>Thomas.Schroedter@gmx.net</userName>
   <authCount>1</authCount>
   <authTimestamp>1434549600000</authTimestamp>
  </loginInfo>
 </loginInfos>
</bamboo>