<?xml version='1.1' encoding='UTF-8' standalone='yes'?>
<bamboo>
 <date>Wed Feb 17 15:32:36 AEDT 2016</date>
 <version>5.9.7</version>
 <buildDate>14-Oct-2015</buildDate>
 <build>5920</build>
 <serverID>BG3Y-XJ99-GC6Z-FPP1</serverID>
 <propertyEntries>
  <propertyEntry>
   <entityName>LOC_admin</entityName>
   <entityId>47251457</entityId>
   <entityKey>bamboo.user.contact.jabber</entityKey>
   <keyType>5</keyType>
   <doubleValue>0.0</doubleValue>
   <stringValue><![CDATA[]]></stringValue>
   <textValue><![CDATA[]]></textValue>
   <longValue>0</longValue>
   <intValue>0</intValue>
   <booleanValue>false</booleanValue>
  </propertyEntry>
  <propertyEntry>
   <entityName>LOC_admin</entityName>
   <entityId>47251457</entityId>
   <entityKey>bamboo.user.contact.preference</entityKey>
   <keyType>5</keyType>
   <doubleValue>0.0</doubleValue>
   <stringValue><![CDATA[both]]></stringValue>
   <textValue><![CDATA[]]></textValue>
   <longValue>0</longValue>
   <intValue>0</intValue>
   <booleanValue>false</booleanValue>
  </propertyEntry>
  <propertyEntry>
   <entityName>LOC_admin</entityName>
   <entityId>47251457</entityId>
   <entityKey>bamboo.user.contact.transportPreference</entityKey>
   <keyType>5</keyType>
   <doubleValue>0.0</doubleValue>
   <stringValue><![CDATA[multipart]]></stringValue>
   <textValue><![CDATA[]]></textValue>
   <longValue>0</longValue>
   <intValue>0</intValue>
   <booleanValue>false</booleanValue>
  </propertyEntry>
  <propertyEntry>
   <entityName>LOC_admin</entityName>
   <entityId>47251457</entityId>
   <entityKey>bamboo.user.ide.port</entityKey>
   <keyType>5</keyType>
   <doubleValue>0.0</doubleValue>
   <stringValue><![CDATA[51235]]></stringValue>
   <textValue><![CDATA[]]></textValue>
   <longValue>0</longValue>
   <intValue>0</intValue>
   <booleanValue>false</booleanValue>
  </propertyEntry>
  <propertyEntry>
   <entityName>LOC_thomas</entityName>
   <entityId>1</entityId>
   <entityKey>bamboo.user.actions.addJob</entityKey>
   <keyType>5</keyType>
   <doubleValue>0.0</doubleValue>
   <stringValue><![CDATA[true]]></stringValue>
   <textValue><![CDATA[]]></textValue>
   <longValue>0</longValue>
   <intValue>0</intValue>
   <booleanValue>false</booleanValue>
  </propertyEntry>
  <propertyEntry>
   <entityName>LOC_thomas</entityName>
   <entityId>1</entityId>
   <entityKey>bamboo.user.branches.splashscreen.hide</entityKey>
   <keyType>5</keyType>
   <doubleValue>0.0</doubleValue>
   <stringValue><![CDATA[true]]></stringValue>
   <textValue><![CDATA[]]></textValue>
   <longValue>0</longValue>
   <intValue>0</intValue>
   <booleanValue>false</booleanValue>
  </propertyEntry>
  <propertyEntry>
   <entityName>LOC_thomas</entityName>
   <entityId>1</entityId>
   <entityKey>bamboo.user.contact.jabber</entityKey>
   <keyType>5</keyType>
   <doubleValue>0.0</doubleValue>
   <stringValue><![CDATA[]]></stringValue>
   <textValue><![CDATA[]]></textValue>
   <longValue>0</longValue>
   <intValue>0</intValue>
   <booleanValue>false</booleanValue>
  </propertyEntry>
  <propertyEntry>
   <entityName>LOC_thomas</entityName>
   <entityId>1</entityId>
   <entityKey>bamboo.user.ide.port</entityKey>
   <keyType>5</keyType>
   <doubleValue>0.0</doubleValue>
   <stringValue><![CDATA[51235]]></stringValue>
   <textValue><![CDATA[]]></textValue>
   <longValue>0</longValue>
   <intValue>0</intValue>
   <booleanValue>false</booleanValue>
  </propertyEntry>
 </propertyEntries>
</bamboo>