<?xml version='1.1' encoding='UTF-8' standalone='yes'?>
<bamboo>
 <date>Sat Feb 20 15:40:23 AEDT 2016</date>
 <version>5.10.1.1</version>
 <buildDate>08-Feb-2016</buildDate>
 <build>51018</build>
 <serverID>BG3Y-XJ99-GC6Z-FPP1</serverID>
 <dependencies>
  <dependency>
   <id>18284550</id>
   <type>atlassian.dependency.default</type>
   <parent>SE-MAS</parent>
   <child>SSC-MAS</child>
  </dependency>
  <dependency>
   <id>15761414</id>
   <type>atlassian.dependency.default</type>
   <parent>SC-MAS</parent>
   <child>SACO-MAS</child>
  </dependency>
  <dependency>
   <id>15761412</id>
   <type>atlassian.dependency.default</type>
   <parent>SXE-MAS</parent>
   <child>SE-MAS</child>
  </dependency>
  <dependency>
   <id>79331333</id>
   <type>atlassian.dependency.default</type>
   <parent>SA-MAS</parent>
   <child>SWPF-MAS</child>
  </dependency>
  <dependency>
   <id>18284549</id>
   <type>atlassian.dependency.default</type>
   <parent>SC-MAS</parent>
   <child>SG-MAS</child>
  </dependency>
  <dependency>
   <id>33521665</id>
   <type>atlassian.dependency.default</type>
   <parent>SG-MAS</parent>
   <child>SACO-MAS</child>
  </dependency>
  <dependency>
   <id>79331331</id>
   <type>atlassian.dependency.default</type>
   <parent>SA-MAS</parent>
   <child>SSR-MAS</child>
  </dependency>
  <dependency>
   <id>79331337</id>
   <type>atlassian.dependency.default</type>
   <parent>SSR-MAS</parent>
   <child>SSM-MAS</child>
  </dependency>
  <dependency>
   <id>65273857</id>
   <type>atlassian.dependency.default</type>
   <parent>SSC-MAS</parent>
   <child>SSA-MAS</child>
  </dependency>
  <dependency>
   <id>38600709</id>
   <type>atlassian.dependency.default</type>
   <parent>SW-MAS</parent>
   <child>SG-MAS</child>
  </dependency>
  <dependency>
   <id>77004801</id>
   <type>atlassian.dependency.default</type>
   <parent>SR-MAS</parent>
   <child>SSR-MAS</child>
  </dependency>
  <dependency>
   <id>79331332</id>
   <type>atlassian.dependency.default</type>
   <parent>SA-MAS</parent>
   <child>SSM-MAS</child>
  </dependency>
  <dependency>
   <id>29589507</id>
   <type>atlassian.dependency.default</type>
   <parent>SSC-MAS</parent>
   <child>SSM-MAS</child>
  </dependency>
  <dependency>
   <id>79331336</id>
   <type>atlassian.dependency.default</type>
   <parent>SSL-MAST</parent>
   <child>SSM-MAS</child>
  </dependency>
  <dependency>
   <id>38600705</id>
   <type>atlassian.dependency.default</type>
   <parent>SSRC-MAS</parent>
   <child>SSR-MAS</child>
  </dependency>
  <dependency>
   <id>38600707</id>
   <type>atlassian.dependency.default</type>
   <parent>SSAC-MAS</parent>
   <child>SSA-MAS</child>
  </dependency>
  <dependency>
   <id>38600706</id>
   <type>atlassian.dependency.default</type>
   <parent>SSLC-MAS</parent>
   <child>SSL-MAST</child>
  </dependency>
  <dependency>
   <id>29589506</id>
   <type>atlassian.dependency.default</type>
   <parent>SSC-MAS</parent>
   <child>SSR-MAS</child>
  </dependency>
  <dependency>
   <id>79331329</id>
   <type>atlassian.dependency.default</type>
   <parent>SA-MAS</parent>
   <child>SSA-MAS</child>
  </dependency>
  <dependency>
   <id>79331335</id>
   <type>atlassian.dependency.default</type>
   <parent>SSA-MAS</parent>
   <child>SSM-MAS</child>
  </dependency>
  <dependency>
   <id>38600711</id>
   <type>atlassian.dependency.default</type>
   <parent>SW-MAS</parent>
   <child>SC-MAS</child>
  </dependency>
  <dependency>
   <id>18284547</id>
   <type>atlassian.dependency.default</type>
   <parent>SXE-MAS</parent>
   <child>SC-MAS</child>
  </dependency>
  <dependency>
   <id>38600710</id>
   <type>atlassian.dependency.default</type>
   <parent>SW-MAS</parent>
   <child>SSC-MAS</child>
  </dependency>
  <dependency>
   <id>29589505</id>
   <type>atlassian.dependency.default</type>
   <parent>SSC-MAS</parent>
   <child>SSL-MAST</child>
  </dependency>
  <dependency>
   <id>65273858</id>
   <type>atlassian.dependency.default</type>
   <parent>SE-MAS</parent>
   <child>SWPF-MAS</child>
  </dependency>
  <dependency>
   <id>38600708</id>
   <type>atlassian.dependency.default</type>
   <parent>SW-MAS</parent>
   <child>SE-MAS</child>
  </dependency>
  <dependency>
   <id>17104897</id>
   <type>atlassian.dependency.default</type>
   <parent>SG-MAS</parent>
   <child>SR-MAS</child>
  </dependency>
  <dependency>
   <id>79331330</id>
   <type>atlassian.dependency.default</type>
   <parent>SA-MAS</parent>
   <child>SSL-MAST</child>
  </dependency>
  <dependency>
   <id>30867457</id>
   <type>atlassian.dependency.default</type>
   <parent>SACO-MAS</parent>
   <child>SSA-MAS</child>
  </dependency>
  <dependency>
   <id>79331334</id>
   <type>atlassian.dependency.default</type>
   <parent>SA-MAS</parent>
   <child>SSC-MAS</child>
  </dependency>
  <dependency>
   <id>15761413</id>
   <type>atlassian.dependency.default</type>
   <parent>SNE-MN</parent>
   <child>SACO-MAS</child>
  </dependency>
 </dependencies>
</bamboo>