<?xml version='1.1' encoding='UTF-8' standalone='yes'?>
<bamboo>
 <date>Sat Feb 20 15:40:23 AEDT 2016</date>
 <version>5.10.1.1</version>
 <buildDate>08-Feb-2016</buildDate>
 <build>51018</build>
 <serverID>BG3Y-XJ99-GC6Z-FPP1</serverID>
 <mail-servers>
  <smtp-server>
   <name>Bamboo</name>
   <defaultFrom>Thomas.Schroedter@gmx.net</defaultFrom>
   <prefix>[Bamboo]</prefix>
   <removePrecedence>false</removePrecedence>
   <hostname>mail.gmx.com</hostname>
   <smtpPort>587</smtpPort>
   <username>Thomas.Schroedter@gmx.net</username>
   <password>oUUbfiOVuWeuOEWi3C7AXA==</password>
   <tlsRequired>true</tlsRequired>
  </smtp-server>
 </mail-servers>
</bamboo>