<?xml version='1.1' encoding='UTF-8' standalone='yes'?>
<bamboo>
 <date>Sat Feb 20 15:40:23 AEDT 2016</date>
 <version>5.10.1.1</version>
 <buildDate>08-Feb-2016</buildDate>
 <build>51018</build>
 <serverID>BG3Y-XJ99-GC6Z-FPP1</serverID>
 <planBuildNumbers>
  <buildNumbers>
   <id>81264641</id>
   <planId>393217</planId>
   <nextBuildNumber>246</nextBuildNumber>
  </buildNumbers>
  <buildNumbers>
   <id>81264642</id>
   <planId>1048578</planId>
   <nextBuildNumber>5</nextBuildNumber>
  </buildNumbers>
  <buildNumbers>
   <id>81264643</id>
   <planId>5013509</planId>
   <nextBuildNumber>196</nextBuildNumber>
  </buildNumbers>
  <buildNumbers>
   <id>81264644</id>
   <planId>6553601</planId>
   <nextBuildNumber>109</nextBuildNumber>
  </buildNumbers>
  <buildNumbers>
   <id>81264645</id>
   <planId>7569412</planId>
   <nextBuildNumber>93</nextBuildNumber>
  </buildNumbers>
  <buildNumbers>
   <id>81264646</id>
   <planId>7569415</planId>
   <nextBuildNumber>311</nextBuildNumber>
  </buildNumbers>
  <buildNumbers>
   <id>81264647</id>
   <planId>12845057</planId>
   <nextBuildNumber>1</nextBuildNumber>
  </buildNumbers>
  <buildNumbers>
   <id>81264648</id>
   <planId>12845062</planId>
   <nextBuildNumber>194</nextBuildNumber>
  </buildNumbers>
  <buildNumbers>
   <id>81264649</id>
   <planId>16547841</planId>
   <nextBuildNumber>121</nextBuildNumber>
  </buildNumbers>
  <buildNumbers>
   <id>81264650</id>
   <planId>16547844</planId>
   <nextBuildNumber>116</nextBuildNumber>
  </buildNumbers>
  <buildNumbers>
   <id>81264651</id>
   <planId>17661953</planId>
   <nextBuildNumber>151</nextBuildNumber>
  </buildNumbers>
  <buildNumbers>
   <id>81264652</id>
   <planId>23953412</planId>
   <nextBuildNumber>217</nextBuildNumber>
  </buildNumbers>
  <buildNumbers>
   <id>81264653</id>
   <planId>26836993</planId>
   <nextBuildNumber>183</nextBuildNumber>
  </buildNumbers>
  <buildNumbers>
   <id>81264654</id>
   <planId>27721729</planId>
   <nextBuildNumber>118</nextBuildNumber>
  </buildNumbers>
  <buildNumbers>
   <id>81264655</id>
   <planId>29655041</planId>
   <nextBuildNumber>136</nextBuildNumber>
  </buildNumbers>
  <buildNumbers>
   <id>81264656</id>
   <planId>34865154</planId>
   <nextBuildNumber>63</nextBuildNumber>
  </buildNumbers>
  <buildNumbers>
   <id>81264657</id>
   <planId>37388292</planId>
   <nextBuildNumber>35</nextBuildNumber>
  </buildNumbers>
  <buildNumbers>
   <id>81264658</id>
   <planId>37388295</planId>
   <nextBuildNumber>12</nextBuildNumber>
  </buildNumbers>
  <buildNumbers>
   <id>81264659</id>
   <planId>55967745</planId>
   <nextBuildNumber>48</nextBuildNumber>
  </buildNumbers>
  <buildNumbers>
   <id>81264660</id>
   <planId>70057985</planId>
   <nextBuildNumber>13</nextBuildNumber>
  </buildNumbers>
  <buildNumbers>
   <id>81264661</id>
   <planId>78938113</planId>
   <nextBuildNumber>7</nextBuildNumber>
  </buildNumbers>
 </planBuildNumbers>
</bamboo>