<?xml version='1.1' encoding='UTF-8' standalone='yes'?>
<bamboo>
 <date>Sun Mar 29 21:07:03 AEDT 2015</date>
 <version>5.7.2</version>
 <buildDate>02-Dec-2014</buildDate>
 <build>5716</build>
 <serverID>BG3Y-XJ99-GC6Z-FPP1</serverID>
 <planRepositories>
  <planRepository>
   <id>1703937</id>
   <plan>SW-MAS0</plan>
   <repositoryDefinition>1671169</repositoryDefinition>
   <position>0</position>
   <buildTrigger>false</buildTrigger>
  </planRepository>
  <planRepository>
   <id>9633796</id>
   <plan>SNE-MN</plan>
   <repositoryDefinition>9601028</repositoryDefinition>
   <position>0</position>
   <buildTrigger>false</buildTrigger>
  </planRepository>
  <planRepository>
   <id>9633802</id>
   <plan>SC-MAS</plan>
   <repositoryDefinition>9601034</repositoryDefinition>
   <position>0</position>
   <buildTrigger>false</buildTrigger>
  </planRepository>
  <planRepository>
   <id>9633805</id>
   <plan>SACO-MAS</plan>
   <repositoryDefinition>9601037</repositoryDefinition>
   <position>0</position>
   <buildTrigger>false</buildTrigger>
  </planRepository>
  <planRepository>
   <id>9633808</id>
   <plan>SC-MAS0</plan>
   <repositoryDefinition>9601040</repositoryDefinition>
   <position>0</position>
   <buildTrigger>false</buildTrigger>
  </planRepository>
  <planRepository>
   <id>9633809</id>
   <plan>SW-MAS1</plan>
   <repositoryDefinition>9601041</repositoryDefinition>
   <position>0</position>
   <buildTrigger>false</buildTrigger>
  </planRepository>
  <planRepository>
   <id>11436033</id>
   <plan>SACO-MAS</plan>
   <repositoryDefinition>9601042</repositoryDefinition>
   <position>1</position>
   <buildTrigger>false</buildTrigger>
  </planRepository>
  <planRepository>
   <id>11436034</id>
   <plan>SACO-MAS</plan>
   <repositoryDefinition>10780673</repositoryDefinition>
   <position>2</position>
   <buildTrigger>false</buildTrigger>
  </planRepository>
  <planRepository>
   <id>13074433</id>
   <plan>SACO-MAS0</plan>
   <repositoryDefinition>13041665</repositoryDefinition>
   <position>0</position>
   <buildTrigger>false</buildTrigger>
  </planRepository>
  <planRepository>
   <id>13074434</id>
   <plan>SW-MAS</plan>
   <repositoryDefinition>9601042</repositoryDefinition>
   <position>1</position>
   <buildTrigger>false</buildTrigger>
  </planRepository>
  <planRepository>
   <id>13074436</id>
   <plan>SW-MAS</plan>
   <repositoryDefinition>10780673</repositoryDefinition>
   <position>2</position>
   <buildTrigger>false</buildTrigger>
  </planRepository>
  <planRepository>
   <id>13074439</id>
   <plan>SE-MAS</plan>
   <repositoryDefinition>9601042</repositoryDefinition>
   <position>1</position>
   <buildTrigger>false</buildTrigger>
  </planRepository>
  <planRepository>
   <id>13074440</id>
   <plan>SE-MAS</plan>
   <repositoryDefinition>10780673</repositoryDefinition>
   <position>2</position>
   <buildTrigger>false</buildTrigger>
  </planRepository>
  <planRepository>
   <id>13074441</id>
   <plan>SE-MAS</plan>
   <repositoryDefinition>13041667</repositoryDefinition>
   <position>0</position>
   <buildTrigger>false</buildTrigger>
  </planRepository>
  <planRepository>
   <id>13074442</id>
   <plan>SXE-MAS</plan>
   <repositoryDefinition>9601042</repositoryDefinition>
   <position>1</position>
   <buildTrigger>false</buildTrigger>
  </planRepository>
  <planRepository>
   <id>13074443</id>
   <plan>SXE-MAS</plan>
   <repositoryDefinition>10780673</repositoryDefinition>
   <position>2</position>
   <buildTrigger>false</buildTrigger>
  </planRepository>
  <planRepository>
   <id>13074444</id>
   <plan>SNE-MN</plan>
   <repositoryDefinition>9601042</repositoryDefinition>
   <position>1</position>
   <buildTrigger>false</buildTrigger>
  </planRepository>
  <planRepository>
   <id>13074445</id>
   <plan>SNE-MN</plan>
   <repositoryDefinition>10780673</repositoryDefinition>
   <position>2</position>
   <buildTrigger>false</buildTrigger>
  </planRepository>
  <planRepository>
   <id>13074446</id>
   <plan>SC-MAS</plan>
   <repositoryDefinition>9601042</repositoryDefinition>
   <position>1</position>
   <buildTrigger>false</buildTrigger>
  </planRepository>
  <planRepository>
   <id>13074447</id>
   <plan>SC-MAS</plan>
   <repositoryDefinition>10780673</repositoryDefinition>
   <position>2</position>
   <buildTrigger>false</buildTrigger>
  </planRepository>
  <planRepository>
   <id>15663109</id>
   <plan>SW-MAS</plan>
   <repositoryDefinition>15564803</repositoryDefinition>
   <position>0</position>
   <buildTrigger>false</buildTrigger>
  </planRepository>
  <planRepository>
   <id>15663110</id>
   <plan>SXE-MAS</plan>
   <repositoryDefinition>15564804</repositoryDefinition>
   <position>0</position>
   <buildTrigger>false</buildTrigger>
  </planRepository>
  <planRepository>
   <id>16842754</id>
   <plan>SG-MAS</plan>
   <repositoryDefinition>9601042</repositoryDefinition>
   <position>1</position>
   <buildTrigger>false</buildTrigger>
  </planRepository>
  <planRepository>
   <id>16842755</id>
   <plan>SG-MAS</plan>
   <repositoryDefinition>10780673</repositoryDefinition>
   <position>2</position>
   <buildTrigger>false</buildTrigger>
  </planRepository>
  <planRepository>
   <id>16842756</id>
   <plan>SG-MAS</plan>
   <repositoryDefinition>16809986</repositoryDefinition>
   <position>0</position>
   <buildTrigger>false</buildTrigger>
  </planRepository>
  <planRepository>
   <id>16842758</id>
   <plan>SR-MAS</plan>
   <repositoryDefinition>9601042</repositoryDefinition>
   <position>1</position>
   <buildTrigger>false</buildTrigger>
  </planRepository>
  <planRepository>
   <id>16842759</id>
   <plan>SR-MAS</plan>
   <repositoryDefinition>10780673</repositoryDefinition>
   <position>2</position>
   <buildTrigger>false</buildTrigger>
  </planRepository>
  <planRepository>
   <id>16842761</id>
   <plan>SR-MAS</plan>
   <repositoryDefinition>16809989</repositoryDefinition>
   <position>0</position>
   <buildTrigger>false</buildTrigger>
  </planRepository>
  <planRepository>
   <id>17989634</id>
   <plan>SSC-MAS</plan>
   <repositoryDefinition>9601042</repositoryDefinition>
   <position>1</position>
   <buildTrigger>false</buildTrigger>
  </planRepository>
  <planRepository>
   <id>17989635</id>
   <plan>SSC-MAS</plan>
   <repositoryDefinition>10780673</repositoryDefinition>
   <position>2</position>
   <buildTrigger>false</buildTrigger>
  </planRepository>
  <planRepository>
   <id>17989637</id>
   <plan>SSC-MAS</plan>
   <repositoryDefinition>17956867</repositoryDefinition>
   <position>0</position>
   <buildTrigger>false</buildTrigger>
  </planRepository>
 </planRepositories>
</bamboo>