<?xml version='1.1' encoding='UTF-8' standalone='yes'?>
<bamboo>
 <date>Sun Mar 29 21:07:03 AEDT 2015</date>
 <version>5.7.2</version>
 <buildDate>02-Dec-2014</buildDate>
 <build>5716</build>
 <serverID>BG3Y-XJ99-GC6Z-FPP1</serverID>
 <propertyEntries>
  <propertyEntry>
   <entityName>LOC_thomas</entityName>
   <entityId>1</entityId>
   <entityKey>bamboo.user.actions.addJob</entityKey>
   <keyType>5</keyType>
   <doubleValue>0.0</doubleValue>
   <stringValue><![CDATA[true]]></stringValue>
   <textValue><![CDATA[]]></textValue>
   <longValue>0</longValue>
   <intValue>0</intValue>
   <booleanValue>false</booleanValue>
  </propertyEntry>
  <propertyEntry>
   <entityName>LOC_thomas</entityName>
   <entityId>1</entityId>
   <entityKey>bamboo.user.branches.splashscreen.hide</entityKey>
   <keyType>5</keyType>
   <doubleValue>0.0</doubleValue>
   <stringValue><![CDATA[true]]></stringValue>
   <textValue><![CDATA[]]></textValue>
   <longValue>0</longValue>
   <intValue>0</intValue>
   <booleanValue>false</booleanValue>
  </propertyEntry>
 </propertyEntries>
</bamboo>