<?xml version='1.1' encoding='UTF-8' standalone='yes'?>
<bamboo>
 <date>Sun Mar 29 21:07:03 AEDT 2015</date>
 <version>5.7.2</version>
 <buildDate>02-Dec-2014</buildDate>
 <build>5716</build>
 <serverID>BG3Y-XJ99-GC6Z-FPP1</serverID>
 <repositories>
  <repository>
   <id>1671169</id>
   <name>Selkie Windsor</name>
   <pluginKey>com.atlassian.bamboo.plugins.atlassian-bamboo-plugin-git:git</pluginKey>
   <isGlobal>false</isGlobal>
   <xml><![CDATA[<?xml version="1.0" encoding="UTF-8" standalone="no"?>
<configuration xml:space="preserve">
  <filter>
    <pattern>
      <option/>
      <regex/>
    </pattern>
  </filter>
  <changeset>
    <filter>
      <pattern>
        <regex/>
      </pattern>
    </filter>
  </changeset>
  <repository>
    <common>
      <quietPeriod>
        <enabled>false</enabled>
        <period>10</period>
        <maxRetries>5</maxRetries>
      </quietPeriod>
    </common>
    <git>
      <repositoryUrl>C:\Development\Selkie\Windsor</repositoryUrl>
      <branch>development</branch>
      <useShallowClones>true</useShallowClones>
      <useRemoteAgentCache>false</useRemoteAgentCache>
      <useSubmodules>false</useSubmodules>
      <commandTimeout>180</commandTimeout>
      <verbose>
        <logs>false</logs>
      </verbose>
      <fetch>
        <whole>
          <repository>false</repository>
        </whole>
      </fetch>
      <ssh>
        <key/>
        <passphrase/>
      </ssh>
      <username/>
      <password/>
      <authenticationType>NONE</authenticationType>
    </git>
  </repository>
  <selectedWebRepositoryViewer>bamboo.webrepositoryviewer.provided:noRepositoryViewer</selectedWebRepositoryViewer>
  <bambooDelimiterParsingDisabled>true</bambooDelimiterParsingDisabled>
</configuration>
]]></xml>
  </repository>
  <repository>
   <id>3735554</id>
   <name>Selkie Scripts</name>
   <pluginKey>com.atlassian.bamboo.plugins.atlassian-bamboo-plugin-git:git</pluginKey>
   <isGlobal>false</isGlobal>
   <xml><![CDATA[<?xml version="1.0" encoding="UTF-8" standalone="no"?>
<configuration xml:space="preserve">
  <filter>
    <pattern>
      <option>none</option>
      <regex/>
    </pattern>
  </filter>
  <changeset>
    <filter>
      <pattern>
        <regex/>
      </pattern>
    </filter>
  </changeset>
  <repository>
    <common>
      <quietPeriod>
        <enabled>false</enabled>
        <period>10</period>
        <maxRetries>5</maxRetries>
      </quietPeriod>
    </common>
    <git>
      <repositoryUrl>C:\Development\Selkie\Scripts</repositoryUrl>
      <branch>master</branch>
      <useShallowClones>true</useShallowClones>
      <useRemoteAgentCache>false</useRemoteAgentCache>
      <useSubmodules>false</useSubmodules>
      <commandTimeout>180</commandTimeout>
      <verbose>
        <logs>false</logs>
      </verbose>
      <fetch>
        <whole>
          <repository>false</repository>
        </whole>
      </fetch>
      <ssh>
        <key/>
        <passphrase/>
      </ssh>
      <username/>
      <password/>
      <authenticationType>NONE</authenticationType>
    </git>
  </repository>
  <selectedWebRepositoryViewer>bamboo.webrepositoryviewer.provided:noRepositoryViewer</selectedWebRepositoryViewer>
  <bambooDelimiterParsingDisabled>true</bambooDelimiterParsingDisabled>
</configuration>
]]></xml>
   <markedForDeletion>true</markedForDeletion>
  </repository>
  <repository>
   <id>3735555</id>
   <name>Selkie Windsor</name>
   <pluginKey>com.atlassian.bamboo.plugins.atlassian-bamboo-plugin-git:git</pluginKey>
   <isGlobal>false</isGlobal>
   <xml><![CDATA[<?xml version="1.0" encoding="UTF-8" standalone="no"?>
<configuration xml:space="preserve">
  <filter>
    <pattern>
      <option>none</option>
      <regex/>
    </pattern>
  </filter>
  <changeset>
    <filter>
      <pattern>
        <regex/>
      </pattern>
    </filter>
  </changeset>
  <repository>
    <common>
      <quietPeriod>
        <enabled>false</enabled>
        <period>10</period>
        <maxRetries>5</maxRetries>
      </quietPeriod>
    </common>
    <git>
      <repositoryUrl>C:\Development\Selkie\Windsor</repositoryUrl>
      <branch>master</branch>
      <useShallowClones>true</useShallowClones>
      <useRemoteAgentCache>false</useRemoteAgentCache>
      <useSubmodules>false</useSubmodules>
      <commandTimeout>180</commandTimeout>
      <verbose>
        <logs>false</logs>
      </verbose>
      <fetch>
        <whole>
          <repository>false</repository>
        </whole>
      </fetch>
      <ssh>
        <key/>
        <passphrase/>
      </ssh>
      <username/>
      <password/>
      <authenticationType>NONE</authenticationType>
    </git>
  </repository>
  <selectedWebRepositoryViewer>bamboo.webrepositoryviewer.provided:noRepositoryViewer</selectedWebRepositoryViewer>
  <bambooDelimiterParsingDisabled>true</bambooDelimiterParsingDisabled>
</configuration>
]]></xml>
   <markedForDeletion>true</markedForDeletion>
  </repository>
  <repository>
   <id>4489217</id>
   <name>Selkie Tools</name>
   <pluginKey>com.atlassian.bamboo.plugins.atlassian-bamboo-plugin-git:git</pluginKey>
   <isGlobal>false</isGlobal>
   <xml><![CDATA[<?xml version="1.0" encoding="UTF-8" standalone="no"?>
<configuration xml:space="preserve">
  <filter>
    <pattern>
      <option>none</option>
      <regex/>
    </pattern>
  </filter>
  <changeset>
    <filter>
      <pattern>
        <regex/>
      </pattern>
    </filter>
  </changeset>
  <repository>
    <common>
      <quietPeriod>
        <enabled>false</enabled>
        <period>10</period>
        <maxRetries>5</maxRetries>
      </quietPeriod>
    </common>
    <git>
      <repositoryUrl>C:\Development\Selkie\Tools</repositoryUrl>
      <branch>master</branch>
      <useShallowClones>true</useShallowClones>
      <useRemoteAgentCache>false</useRemoteAgentCache>
      <useSubmodules>false</useSubmodules>
      <commandTimeout>180</commandTimeout>
      <verbose>
        <logs>false</logs>
      </verbose>
      <fetch>
        <whole>
          <repository>false</repository>
        </whole>
      </fetch>
      <ssh>
        <key/>
        <passphrase/>
      </ssh>
      <username/>
      <password/>
      <authenticationType>NONE</authenticationType>
    </git>
  </repository>
  <selectedWebRepositoryViewer>bamboo.webrepositoryviewer.provided:noRepositoryViewer</selectedWebRepositoryViewer>
  <bambooDelimiterParsingDisabled>true</bambooDelimiterParsingDisabled>
</configuration>
]]></xml>
   <markedForDeletion>true</markedForDeletion>
  </repository>
  <repository>
   <id>5341189</id>
   <name>Selkie Tools</name>
   <pluginKey>com.atlassian.bamboo.plugins.atlassian-bamboo-plugin-git:git</pluginKey>
   <isGlobal>false</isGlobal>
   <xml><![CDATA[<?xml version="1.0" encoding="UTF-8" standalone="no"?>
<configuration xml:space="preserve">
  <filter>
    <pattern>
      <option>none</option>
      <regex/>
    </pattern>
  </filter>
  <changeset>
    <filter>
      <pattern>
        <regex/>
      </pattern>
    </filter>
  </changeset>
  <repository>
    <common>
      <quietPeriod>
        <enabled>false</enabled>
        <period>10</period>
        <maxRetries>5</maxRetries>
      </quietPeriod>
    </common>
    <git>
      <repositoryUrl>C:\Development\Selkie\Tools</repositoryUrl>
      <branch>master</branch>
      <useShallowClones>true</useShallowClones>
      <useRemoteAgentCache>false</useRemoteAgentCache>
      <useSubmodules>false</useSubmodules>
      <commandTimeout>180</commandTimeout>
      <verbose>
        <logs>false</logs>
      </verbose>
      <fetch>
        <whole>
          <repository>false</repository>
        </whole>
      </fetch>
      <ssh>
        <key/>
        <passphrase/>
      </ssh>
      <username/>
      <password/>
      <authenticationType>NONE</authenticationType>
    </git>
  </repository>
  <selectedWebRepositoryViewer>bamboo.webrepositoryviewer.provided:noRepositoryViewer</selectedWebRepositoryViewer>
  <bambooDelimiterParsingDisabled>true</bambooDelimiterParsingDisabled>
</configuration>
]]></xml>
   <markedForDeletion>true</markedForDeletion>
  </repository>
  <repository>
   <id>5341191</id>
   <name>Selkie Scripts</name>
   <pluginKey>com.atlassian.bamboo.plugins.atlassian-bamboo-plugin-git:git</pluginKey>
   <isGlobal>false</isGlobal>
   <xml><![CDATA[<?xml version="1.0" encoding="UTF-8" standalone="no"?>
<configuration xml:space="preserve">
  <filter>
    <pattern>
      <option>none</option>
      <regex/>
    </pattern>
  </filter>
  <changeset>
    <filter>
      <pattern>
        <regex/>
      </pattern>
    </filter>
  </changeset>
  <repository>
    <common>
      <quietPeriod>
        <enabled>false</enabled>
        <period>10</period>
        <maxRetries>5</maxRetries>
      </quietPeriod>
    </common>
    <git>
      <repositoryUrl>C:\Development\Selkie\Scripts</repositoryUrl>
      <branch>master</branch>
      <useShallowClones>true</useShallowClones>
      <useRemoteAgentCache>false</useRemoteAgentCache>
      <useSubmodules>false</useSubmodules>
      <commandTimeout>180</commandTimeout>
      <verbose>
        <logs>false</logs>
      </verbose>
      <fetch>
        <whole>
          <repository>false</repository>
        </whole>
      </fetch>
      <ssh>
        <key/>
        <passphrase/>
      </ssh>
      <username/>
      <password/>
      <authenticationType>NONE</authenticationType>
    </git>
  </repository>
  <selectedWebRepositoryViewer>bamboo.webrepositoryviewer.provided:noRepositoryViewer</selectedWebRepositoryViewer>
  <bambooDelimiterParsingDisabled>true</bambooDelimiterParsingDisabled>
</configuration>
]]></xml>
   <markedForDeletion>true</markedForDeletion>
  </repository>
  <repository>
   <id>5341192</id>
   <name>Selkie Common</name>
   <pluginKey>com.atlassian.bamboo.plugins.atlassian-bamboo-plugin-git:git</pluginKey>
   <isGlobal>false</isGlobal>
   <xml><![CDATA[<?xml version="1.0" encoding="UTF-8" standalone="no"?>
<configuration xml:space="preserve">
  <filter>
    <pattern>
      <option>none</option>
      <regex/>
    </pattern>
  </filter>
  <changeset>
    <filter>
      <pattern>
        <regex/>
      </pattern>
    </filter>
  </changeset>
  <repository>
    <common>
      <quietPeriod>
        <enabled>false</enabled>
        <period>10</period>
        <maxRetries>5</maxRetries>
      </quietPeriod>
    </common>
    <git>
      <repositoryUrl>C:\Development\Selkie\Common</repositoryUrl>
      <branch>master</branch>
      <useShallowClones>true</useShallowClones>
      <useRemoteAgentCache>false</useRemoteAgentCache>
      <useSubmodules>false</useSubmodules>
      <commandTimeout>180</commandTimeout>
      <verbose>
        <logs>false</logs>
      </verbose>
      <fetch>
        <whole>
          <repository>false</repository>
        </whole>
      </fetch>
      <ssh>
        <key/>
        <passphrase/>
      </ssh>
      <username/>
      <password/>
      <authenticationType>NONE</authenticationType>
    </git>
  </repository>
  <selectedWebRepositoryViewer>bamboo.webrepositoryviewer.provided:noRepositoryViewer</selectedWebRepositoryViewer>
  <bambooDelimiterParsingDisabled>true</bambooDelimiterParsingDisabled>
</configuration>
]]></xml>
   <markedForDeletion>true</markedForDeletion>
  </repository>
  <repository>
   <id>6422529</id>
   <name>Selkie Windsor</name>
   <pluginKey>com.atlassian.bamboo.plugins.atlassian-bamboo-plugin-git:git</pluginKey>
   <isGlobal>false</isGlobal>
   <xml><![CDATA[<?xml version="1.0" encoding="UTF-8" standalone="no"?>
<configuration xml:space="preserve">
  <filter>
    <pattern>
      <option>none</option>
      <regex/>
    </pattern>
  </filter>
  <changeset>
    <filter>
      <pattern>
        <regex/>
      </pattern>
    </filter>
  </changeset>
  <repository>
    <common>
      <quietPeriod>
        <enabled>false</enabled>
        <period>10</period>
        <maxRetries>5</maxRetries>
      </quietPeriod>
    </common>
    <git>
      <repositoryUrl>C:\Development\Selkie\Windsor</repositoryUrl>
      <branch>master</branch>
      <useShallowClones>true</useShallowClones>
      <useRemoteAgentCache>false</useRemoteAgentCache>
      <useSubmodules>false</useSubmodules>
      <commandTimeout>180</commandTimeout>
      <verbose>
        <logs>false</logs>
      </verbose>
      <fetch>
        <whole>
          <repository>false</repository>
        </whole>
      </fetch>
      <ssh>
        <key/>
        <passphrase/>
      </ssh>
      <username/>
      <password/>
      <authenticationType>NONE</authenticationType>
    </git>
  </repository>
  <selectedWebRepositoryViewer>bamboo.webrepositoryviewer.provided:noRepositoryViewer</selectedWebRepositoryViewer>
  <bambooDelimiterParsingDisabled>true</bambooDelimiterParsingDisabled>
</configuration>
]]></xml>
   <markedForDeletion>true</markedForDeletion>
  </repository>
  <repository>
   <id>6422530</id>
   <name>Selkie Tools</name>
   <pluginKey>com.atlassian.bamboo.plugins.atlassian-bamboo-plugin-git:git</pluginKey>
   <isGlobal>false</isGlobal>
   <xml><![CDATA[<?xml version="1.0" encoding="UTF-8" standalone="no"?>
<configuration xml:space="preserve">
  <filter>
    <pattern>
      <option>none</option>
      <regex/>
    </pattern>
  </filter>
  <changeset>
    <filter>
      <pattern>
        <regex/>
      </pattern>
    </filter>
  </changeset>
  <repository>
    <common>
      <quietPeriod>
        <enabled>false</enabled>
        <period>10</period>
        <maxRetries>5</maxRetries>
      </quietPeriod>
    </common>
    <git>
      <repositoryUrl>C:\Development\Selkie\Tools</repositoryUrl>
      <branch>master</branch>
      <useShallowClones>true</useShallowClones>
      <useRemoteAgentCache>false</useRemoteAgentCache>
      <useSubmodules>false</useSubmodules>
      <commandTimeout>180</commandTimeout>
      <verbose>
        <logs>false</logs>
      </verbose>
      <fetch>
        <whole>
          <repository>false</repository>
        </whole>
      </fetch>
      <ssh>
        <key/>
        <passphrase/>
      </ssh>
      <username/>
      <password/>
      <authenticationType>NONE</authenticationType>
    </git>
  </repository>
  <selectedWebRepositoryViewer>bamboo.webrepositoryviewer.provided:noRepositoryViewer</selectedWebRepositoryViewer>
  <bambooDelimiterParsingDisabled>true</bambooDelimiterParsingDisabled>
</configuration>
]]></xml>
   <markedForDeletion>true</markedForDeletion>
  </repository>
  <repository>
   <id>6422532</id>
   <name>Selkie Scripts</name>
   <pluginKey>com.atlassian.bamboo.plugins.atlassian-bamboo-plugin-git:git</pluginKey>
   <isGlobal>false</isGlobal>
   <xml><![CDATA[<?xml version="1.0" encoding="UTF-8" standalone="no"?>
<configuration xml:space="preserve">
  <filter>
    <pattern>
      <option>none</option>
      <regex/>
    </pattern>
  </filter>
  <changeset>
    <filter>
      <pattern>
        <regex/>
      </pattern>
    </filter>
  </changeset>
  <repository>
    <common>
      <quietPeriod>
        <enabled>false</enabled>
        <period>10</period>
        <maxRetries>5</maxRetries>
      </quietPeriod>
    </common>
    <git>
      <repositoryUrl>C:\Development\Selkie\Scripts</repositoryUrl>
      <branch>master</branch>
      <useShallowClones>true</useShallowClones>
      <useRemoteAgentCache>false</useRemoteAgentCache>
      <useSubmodules>false</useSubmodules>
      <commandTimeout>180</commandTimeout>
      <verbose>
        <logs>false</logs>
      </verbose>
      <fetch>
        <whole>
          <repository>false</repository>
        </whole>
      </fetch>
      <ssh>
        <key/>
        <passphrase/>
      </ssh>
      <username/>
      <password/>
      <authenticationType>NONE</authenticationType>
    </git>
  </repository>
  <selectedWebRepositoryViewer>bamboo.webrepositoryviewer.provided:noRepositoryViewer</selectedWebRepositoryViewer>
  <bambooDelimiterParsingDisabled>true</bambooDelimiterParsingDisabled>
</configuration>
]]></xml>
   <markedForDeletion>true</markedForDeletion>
  </repository>
  <repository>
   <id>6422533</id>
   <name>Selkie NUnit Extensions</name>
   <pluginKey>com.atlassian.bamboo.plugins.atlassian-bamboo-plugin-git:git</pluginKey>
   <isGlobal>false</isGlobal>
   <xml><![CDATA[<?xml version="1.0" encoding="UTF-8" standalone="no"?>
<configuration xml:space="preserve">
  <filter>
    <pattern>
      <option>none</option>
      <regex/>
    </pattern>
  </filter>
  <changeset>
    <filter>
      <pattern>
        <regex/>
      </pattern>
    </filter>
  </changeset>
  <repository>
    <common>
      <quietPeriod>
        <enabled>false</enabled>
        <period>10</period>
        <maxRetries>5</maxRetries>
      </quietPeriod>
    </common>
    <git>
      <repositoryUrl>C:\Development\Selkie\NUnit.Extensions</repositoryUrl>
      <branch>master</branch>
      <useShallowClones>true</useShallowClones>
      <useRemoteAgentCache>false</useRemoteAgentCache>
      <useSubmodules>false</useSubmodules>
      <commandTimeout>180</commandTimeout>
      <verbose>
        <logs>false</logs>
      </verbose>
      <fetch>
        <whole>
          <repository>false</repository>
        </whole>
      </fetch>
      <ssh>
        <key/>
        <passphrase/>
      </ssh>
      <username/>
      <password/>
      <authenticationType>NONE</authenticationType>
    </git>
  </repository>
  <selectedWebRepositoryViewer>bamboo.webrepositoryviewer.provided:noRepositoryViewer</selectedWebRepositoryViewer>
  <bambooDelimiterParsingDisabled>true</bambooDelimiterParsingDisabled>
</configuration>
]]></xml>
   <markedForDeletion>true</markedForDeletion>
  </repository>
  <repository>
   <id>7766021</id>
   <name>Selkie Tools</name>
   <pluginKey>com.atlassian.bamboo.plugins.atlassian-bamboo-plugin-git:git</pluginKey>
   <isGlobal>false</isGlobal>
   <xml><![CDATA[<?xml version="1.0" encoding="UTF-8" standalone="no"?>
<configuration xml:space="preserve">
  <filter>
    <pattern>
      <option>none</option>
      <regex/>
    </pattern>
  </filter>
  <changeset>
    <filter>
      <pattern>
        <regex/>
      </pattern>
    </filter>
  </changeset>
  <repository>
    <common>
      <quietPeriod>
        <enabled>false</enabled>
        <period>10</period>
        <maxRetries>5</maxRetries>
      </quietPeriod>
    </common>
    <git>
      <repositoryUrl>C:\Development\Selkie\Tools</repositoryUrl>
      <branch>master</branch>
      <useShallowClones>true</useShallowClones>
      <useRemoteAgentCache>false</useRemoteAgentCache>
      <useSubmodules>false</useSubmodules>
      <commandTimeout>180</commandTimeout>
      <verbose>
        <logs>false</logs>
      </verbose>
      <fetch>
        <whole>
          <repository>false</repository>
        </whole>
      </fetch>
      <ssh>
        <key/>
        <passphrase/>
      </ssh>
      <username/>
      <password/>
      <authenticationType>NONE</authenticationType>
    </git>
  </repository>
  <selectedWebRepositoryViewer>bamboo.webrepositoryviewer.provided:noRepositoryViewer</selectedWebRepositoryViewer>
  <bambooDelimiterParsingDisabled>true</bambooDelimiterParsingDisabled>
</configuration>
]]></xml>
   <markedForDeletion>true</markedForDeletion>
  </repository>
  <repository>
   <id>7766022</id>
   <name>Selkie Scripts</name>
   <pluginKey>com.atlassian.bamboo.plugins.atlassian-bamboo-plugin-git:git</pluginKey>
   <isGlobal>false</isGlobal>
   <xml><![CDATA[<?xml version="1.0" encoding="UTF-8" standalone="no"?>
<configuration xml:space="preserve">
  <filter>
    <pattern>
      <option>none</option>
      <regex/>
    </pattern>
  </filter>
  <changeset>
    <filter>
      <pattern>
        <regex/>
      </pattern>
    </filter>
  </changeset>
  <repository>
    <common>
      <quietPeriod>
        <enabled>false</enabled>
        <period>10</period>
        <maxRetries>5</maxRetries>
      </quietPeriod>
    </common>
    <git>
      <repositoryUrl>C:\Development\Selkie\Scripts</repositoryUrl>
      <branch>master</branch>
      <useShallowClones>true</useShallowClones>
      <useRemoteAgentCache>false</useRemoteAgentCache>
      <useSubmodules>false</useSubmodules>
      <commandTimeout>180</commandTimeout>
      <verbose>
        <logs>false</logs>
      </verbose>
      <fetch>
        <whole>
          <repository>false</repository>
        </whole>
      </fetch>
      <ssh>
        <key/>
        <passphrase/>
      </ssh>
      <username/>
      <password/>
      <authenticationType>NONE</authenticationType>
    </git>
  </repository>
  <selectedWebRepositoryViewer>bamboo.webrepositoryviewer.provided:noRepositoryViewer</selectedWebRepositoryViewer>
  <bambooDelimiterParsingDisabled>true</bambooDelimiterParsingDisabled>
</configuration>
]]></xml>
   <markedForDeletion>true</markedForDeletion>
  </repository>
  <repository>
   <id>7766024</id>
   <name>Selkie XUnit Extensions</name>
   <pluginKey>com.atlassian.bamboo.plugins.atlassian-bamboo-plugin-git:git</pluginKey>
   <isGlobal>false</isGlobal>
   <xml><![CDATA[<?xml version="1.0" encoding="UTF-8" standalone="no"?>
<configuration xml:space="preserve">
  <filter>
    <pattern>
      <option>none</option>
      <regex/>
    </pattern>
  </filter>
  <changeset>
    <filter>
      <pattern>
        <regex/>
      </pattern>
    </filter>
  </changeset>
  <repository>
    <common>
      <quietPeriod>
        <enabled>false</enabled>
        <period>10</period>
        <maxRetries>5</maxRetries>
      </quietPeriod>
    </common>
    <git>
      <repositoryUrl>C:\Development\Selkie\XUnit.Extensions</repositoryUrl>
      <branch>master</branch>
      <useShallowClones>true</useShallowClones>
      <useRemoteAgentCache>false</useRemoteAgentCache>
      <useSubmodules>false</useSubmodules>
      <commandTimeout>180</commandTimeout>
      <verbose>
        <logs>false</logs>
      </verbose>
      <fetch>
        <whole>
          <repository>false</repository>
        </whole>
      </fetch>
      <ssh>
        <key/>
        <passphrase/>
      </ssh>
      <username/>
      <password/>
      <authenticationType>NONE</authenticationType>
    </git>
  </repository>
  <selectedWebRepositoryViewer>bamboo.webrepositoryviewer.provided:noRepositoryViewer</selectedWebRepositoryViewer>
  <bambooDelimiterParsingDisabled>true</bambooDelimiterParsingDisabled>
</configuration>
]]></xml>
   <markedForDeletion>true</markedForDeletion>
  </repository>
  <repository>
   <id>7766025</id>
   <name>Selkie Windsor</name>
   <pluginKey>com.atlassian.bamboo.plugins.atlassian-bamboo-plugin-git:git</pluginKey>
   <isGlobal>false</isGlobal>
   <xml><![CDATA[<?xml version="1.0" encoding="UTF-8" standalone="no"?>
<configuration xml:space="preserve">
  <filter>
    <pattern>
      <option>none</option>
      <regex/>
    </pattern>
  </filter>
  <changeset>
    <filter>
      <pattern>
        <regex/>
      </pattern>
    </filter>
  </changeset>
  <repository>
    <common>
      <quietPeriod>
        <enabled>false</enabled>
        <period>10</period>
        <maxRetries>5</maxRetries>
      </quietPeriod>
    </common>
    <git>
      <repositoryUrl>C:\Development\Selkie\Windsor</repositoryUrl>
      <branch>master</branch>
      <useShallowClones>true</useShallowClones>
      <useRemoteAgentCache>false</useRemoteAgentCache>
      <useSubmodules>false</useSubmodules>
      <commandTimeout>180</commandTimeout>
      <verbose>
        <logs>false</logs>
      </verbose>
      <fetch>
        <whole>
          <repository>false</repository>
        </whole>
      </fetch>
      <ssh>
        <key/>
        <passphrase/>
      </ssh>
      <username/>
      <password/>
      <authenticationType>NONE</authenticationType>
    </git>
  </repository>
  <selectedWebRepositoryViewer>bamboo.webrepositoryviewer.provided:noRepositoryViewer</selectedWebRepositoryViewer>
  <bambooDelimiterParsingDisabled>true</bambooDelimiterParsingDisabled>
</configuration>
]]></xml>
   <markedForDeletion>true</markedForDeletion>
  </repository>
  <repository>
   <id>7766026</id>
   <name>Selkie Tools</name>
   <pluginKey>com.atlassian.bamboo.plugins.atlassian-bamboo-plugin-git:git</pluginKey>
   <isGlobal>false</isGlobal>
   <xml><![CDATA[<?xml version="1.0" encoding="UTF-8" standalone="no"?>
<configuration xml:space="preserve">
  <filter>
    <pattern>
      <option>none</option>
      <regex/>
    </pattern>
  </filter>
  <changeset>
    <filter>
      <pattern>
        <regex/>
      </pattern>
    </filter>
  </changeset>
  <repository>
    <common>
      <quietPeriod>
        <enabled>false</enabled>
        <period>10</period>
        <maxRetries>5</maxRetries>
      </quietPeriod>
    </common>
    <git>
      <repositoryUrl>C:\Development\Selkie\Tools</repositoryUrl>
      <branch>master</branch>
      <useShallowClones>true</useShallowClones>
      <useRemoteAgentCache>false</useRemoteAgentCache>
      <useSubmodules>false</useSubmodules>
      <commandTimeout>180</commandTimeout>
      <verbose>
        <logs>false</logs>
      </verbose>
      <fetch>
        <whole>
          <repository>false</repository>
        </whole>
      </fetch>
      <ssh>
        <key/>
        <passphrase/>
      </ssh>
      <username/>
      <password/>
      <authenticationType>NONE</authenticationType>
    </git>
  </repository>
  <selectedWebRepositoryViewer>bamboo.webrepositoryviewer.provided:noRepositoryViewer</selectedWebRepositoryViewer>
  <bambooDelimiterParsingDisabled>true</bambooDelimiterParsingDisabled>
</configuration>
]]></xml>
   <markedForDeletion>true</markedForDeletion>
  </repository>
  <repository>
   <id>7766027</id>
   <name>Selkie Scripts</name>
   <pluginKey>com.atlassian.bamboo.plugins.atlassian-bamboo-plugin-git:git</pluginKey>
   <isGlobal>false</isGlobal>
   <xml><![CDATA[<?xml version="1.0" encoding="UTF-8" standalone="no"?>
<configuration xml:space="preserve">
  <filter>
    <pattern>
      <option>none</option>
      <regex/>
    </pattern>
  </filter>
  <changeset>
    <filter>
      <pattern>
        <regex/>
      </pattern>
    </filter>
  </changeset>
  <repository>
    <common>
      <quietPeriod>
        <enabled>false</enabled>
        <period>10</period>
        <maxRetries>5</maxRetries>
      </quietPeriod>
    </common>
    <git>
      <repositoryUrl>C:\Development\Selkie\Scripts</repositoryUrl>
      <branch>master</branch>
      <useShallowClones>true</useShallowClones>
      <useRemoteAgentCache>false</useRemoteAgentCache>
      <useSubmodules>false</useSubmodules>
      <commandTimeout>180</commandTimeout>
      <verbose>
        <logs>true</logs>
      </verbose>
      <fetch>
        <whole>
          <repository>false</repository>
        </whole>
      </fetch>
      <ssh>
        <key/>
        <passphrase/>
      </ssh>
      <username/>
      <password/>
      <authenticationType>NONE</authenticationType>
    </git>
  </repository>
  <selectedWebRepositoryViewer>bamboo.webrepositoryviewer.provided:noRepositoryViewer</selectedWebRepositoryViewer>
  <bambooDelimiterParsingDisabled>true</bambooDelimiterParsingDisabled>
</configuration>
]]></xml>
   <markedForDeletion>true</markedForDeletion>
  </repository>
  <repository>
   <id>7766029</id>
   <name>Selkie ACO</name>
   <pluginKey>com.atlassian.bamboo.plugins.atlassian-bamboo-plugin-git:git</pluginKey>
   <isGlobal>false</isGlobal>
   <xml><![CDATA[<?xml version="1.0" encoding="UTF-8" standalone="no"?>
<configuration xml:space="preserve">
  <filter>
    <pattern>
      <option>none</option>
      <regex/>
    </pattern>
  </filter>
  <changeset>
    <filter>
      <pattern>
        <regex/>
      </pattern>
    </filter>
  </changeset>
  <repository>
    <common>
      <quietPeriod>
        <enabled>false</enabled>
        <period>10</period>
        <maxRetries>5</maxRetries>
      </quietPeriod>
    </common>
    <git>
      <repositoryUrl>C:\Development\Selkie\ACO</repositoryUrl>
      <branch>master</branch>
      <useShallowClones>true</useShallowClones>
      <useRemoteAgentCache>false</useRemoteAgentCache>
      <useSubmodules>false</useSubmodules>
      <commandTimeout>180</commandTimeout>
      <verbose>
        <logs>false</logs>
      </verbose>
      <fetch>
        <whole>
          <repository>false</repository>
        </whole>
      </fetch>
      <ssh>
        <key/>
        <passphrase/>
      </ssh>
      <username/>
      <password/>
      <authenticationType>NONE</authenticationType>
    </git>
  </repository>
  <selectedWebRepositoryViewer>bamboo.webrepositoryviewer.provided:noRepositoryViewer</selectedWebRepositoryViewer>
  <bambooDelimiterParsingDisabled>true</bambooDelimiterParsingDisabled>
</configuration>
]]></xml>
   <markedForDeletion>true</markedForDeletion>
  </repository>
  <repository>
   <id>9437185</id>
   <name>Selkie Scripts</name>
   <pluginKey>com.atlassian.bamboo.plugins.atlassian-bamboo-plugin-git:git</pluginKey>
   <isGlobal>false</isGlobal>
   <xml><![CDATA[<?xml version="1.0" encoding="UTF-8" standalone="no"?>
<configuration xml:space="preserve">
  <filter>
    <pattern>
      <option>none</option>
      <regex/>
    </pattern>
  </filter>
  <changeset>
    <filter>
      <pattern>
        <regex/>
      </pattern>
    </filter>
  </changeset>
  <repository>
    <common>
      <quietPeriod>
        <enabled>false</enabled>
        <period>10</period>
        <maxRetries>5</maxRetries>
      </quietPeriod>
    </common>
    <git>
      <repositoryUrl>C:\Development\Selkie\Scripts</repositoryUrl>
      <branch>master</branch>
      <useShallowClones>true</useShallowClones>
      <useRemoteAgentCache>false</useRemoteAgentCache>
      <useSubmodules>false</useSubmodules>
      <commandTimeout>180</commandTimeout>
      <verbose>
        <logs>false</logs>
      </verbose>
      <fetch>
        <whole>
          <repository>false</repository>
        </whole>
      </fetch>
      <ssh>
        <key/>
        <passphrase/>
      </ssh>
      <username/>
      <password/>
      <authenticationType>NONE</authenticationType>
    </git>
  </repository>
  <selectedWebRepositoryViewer>bamboo.webrepositoryviewer.provided:noRepositoryViewer</selectedWebRepositoryViewer>
  <bambooDelimiterParsingDisabled>true</bambooDelimiterParsingDisabled>
</configuration>
]]></xml>
   <markedForDeletion>true</markedForDeletion>
  </repository>
  <repository>
   <id>9437186</id>
   <name>Selkie Scripts</name>
   <pluginKey>com.atlassian.bamboo.plugins.atlassian-bamboo-plugin-git:git</pluginKey>
   <isGlobal>false</isGlobal>
   <xml><![CDATA[<?xml version="1.0" encoding="UTF-8" standalone="no"?>
<configuration xml:space="preserve">
  <filter>
    <pattern>
      <option>none</option>
      <regex/>
    </pattern>
  </filter>
  <changeset>
    <filter>
      <pattern>
        <regex/>
      </pattern>
    </filter>
  </changeset>
  <repository>
    <common>
      <quietPeriod>
        <enabled>false</enabled>
        <period>10</period>
        <maxRetries>5</maxRetries>
      </quietPeriod>
    </common>
    <git>
      <repositoryUrl>C:\Development\GitServers\Scripts</repositoryUrl>
      <branch>master</branch>
      <useShallowClones>true</useShallowClones>
      <useRemoteAgentCache>false</useRemoteAgentCache>
      <useSubmodules>false</useSubmodules>
      <commandTimeout>180</commandTimeout>
      <verbose>
        <logs>false</logs>
      </verbose>
      <fetch>
        <whole>
          <repository>false</repository>
        </whole>
      </fetch>
      <ssh>
        <key/>
        <passphrase/>
      </ssh>
      <username/>
      <password/>
      <authenticationType>NONE</authenticationType>
    </git>
  </repository>
  <selectedWebRepositoryViewer>bamboo.webrepositoryviewer.provided:noRepositoryViewer</selectedWebRepositoryViewer>
  <bambooDelimiterParsingDisabled>true</bambooDelimiterParsingDisabled>
</configuration>
]]></xml>
   <markedForDeletion>true</markedForDeletion>
  </repository>
  <repository>
   <id>9437187</id>
   <name>Selkie Scripts</name>
   <pluginKey>com.atlassian.bamboo.plugins.atlassian-bamboo-plugin-git:git</pluginKey>
   <isGlobal>false</isGlobal>
   <xml><![CDATA[<?xml version="1.0" encoding="UTF-8" standalone="no"?>
<configuration xml:space="preserve">
  <filter>
    <pattern>
      <option>none</option>
      <regex/>
    </pattern>
  </filter>
  <changeset>
    <filter>
      <pattern>
        <regex/>
      </pattern>
    </filter>
  </changeset>
  <repository>
    <common>
      <quietPeriod>
        <enabled>false</enabled>
        <period>10</period>
        <maxRetries>5</maxRetries>
      </quietPeriod>
    </common>
    <git>
      <repositoryUrl>C:\Development\Selkie\Scripts</repositoryUrl>
      <branch>master</branch>
      <useShallowClones>true</useShallowClones>
      <useRemoteAgentCache>false</useRemoteAgentCache>
      <useSubmodules>false</useSubmodules>
      <commandTimeout>180</commandTimeout>
      <verbose>
        <logs>false</logs>
      </verbose>
      <fetch>
        <whole>
          <repository>false</repository>
        </whole>
      </fetch>
      <ssh>
        <key/>
        <passphrase/>
      </ssh>
      <username/>
      <password/>
      <authenticationType>NONE</authenticationType>
    </git>
  </repository>
  <selectedWebRepositoryViewer>bamboo.webrepositoryviewer.provided:noRepositoryViewer</selectedWebRepositoryViewer>
  <bambooDelimiterParsingDisabled>true</bambooDelimiterParsingDisabled>
</configuration>
]]></xml>
   <markedForDeletion>true</markedForDeletion>
  </repository>
  <repository>
   <id>9601025</id>
   <name>Selkie Windsor</name>
   <pluginKey>com.atlassian.bamboo.plugins.atlassian-bamboo-plugin-git:git</pluginKey>
   <isGlobal>false</isGlobal>
   <xml><![CDATA[<?xml version="1.0" encoding="UTF-8" standalone="no"?>
<configuration xml:space="preserve">
  <filter>
    <pattern>
      <option>none</option>
      <regex/>
    </pattern>
  </filter>
  <changeset>
    <filter>
      <pattern>
        <regex/>
      </pattern>
    </filter>
  </changeset>
  <repository>
    <common>
      <quietPeriod>
        <enabled>false</enabled>
        <period>10</period>
        <maxRetries>5</maxRetries>
      </quietPeriod>
    </common>
    <git>
      <repositoryUrl>http://localhost/Bonobo.Git.Server/SelkieWindsor.git</repositoryUrl>
      <branch>master</branch>
      <useShallowClones>true</useShallowClones>
      <useRemoteAgentCache>false</useRemoteAgentCache>
      <useSubmodules>false</useSubmodules>
      <commandTimeout>180</commandTimeout>
      <verbose>
        <logs>false</logs>
      </verbose>
      <fetch>
        <whole>
          <repository>false</repository>
        </whole>
      </fetch>
      <ssh>
        <key/>
        <passphrase/>
      </ssh>
      <username>bamboo</username>
      <password>YCW7Iv5C7yA=</password>
      <authenticationType>PASSWORD</authenticationType>
    </git>
  </repository>
  <selectedWebRepositoryViewer>bamboo.webrepositoryviewer.provided:noRepositoryViewer</selectedWebRepositoryViewer>
  <bambooDelimiterParsingDisabled>true</bambooDelimiterParsingDisabled>
</configuration>
]]></xml>
   <markedForDeletion>true</markedForDeletion>
  </repository>
  <repository>
   <id>9601026</id>
   <name>Selkie Scripts</name>
   <pluginKey>com.atlassian.bamboo.plugins.atlassian-bamboo-plugin-git:git</pluginKey>
   <isGlobal>false</isGlobal>
   <xml><![CDATA[<?xml version="1.0" encoding="UTF-8" standalone="no"?>
<configuration xml:space="preserve">
  <filter>
    <pattern>
      <option>none</option>
      <regex/>
    </pattern>
  </filter>
  <changeset>
    <filter>
      <pattern>
        <regex/>
      </pattern>
    </filter>
  </changeset>
  <repository>
    <common>
      <quietPeriod>
        <enabled>false</enabled>
        <period>10</period>
        <maxRetries>5</maxRetries>
      </quietPeriod>
    </common>
    <git>
      <repositoryUrl>http://localhost/Bonobo.Git.Server/SelkieScripts.git</repositoryUrl>
      <branch>master</branch>
      <useShallowClones>true</useShallowClones>
      <useRemoteAgentCache>false</useRemoteAgentCache>
      <useSubmodules>false</useSubmodules>
      <commandTimeout>180</commandTimeout>
      <verbose>
        <logs>false</logs>
      </verbose>
      <fetch>
        <whole>
          <repository>false</repository>
        </whole>
      </fetch>
      <ssh>
        <key/>
        <passphrase/>
      </ssh>
      <username>bamboo</username>
      <password>YCW7Iv5C7yA=</password>
      <authenticationType>PASSWORD</authenticationType>
    </git>
  </repository>
  <selectedWebRepositoryViewer>bamboo.webrepositoryviewer.provided:noRepositoryViewer</selectedWebRepositoryViewer>
  <bambooDelimiterParsingDisabled>true</bambooDelimiterParsingDisabled>
</configuration>
]]></xml>
   <markedForDeletion>true</markedForDeletion>
  </repository>
  <repository>
   <id>9601027</id>
   <name>Selkie Tools</name>
   <pluginKey>com.atlassian.bamboo.plugins.atlassian-bamboo-plugin-git:git</pluginKey>
   <isGlobal>false</isGlobal>
   <xml><![CDATA[<?xml version="1.0" encoding="UTF-8" standalone="no"?>
<configuration xml:space="preserve">
  <filter>
    <pattern>
      <option>none</option>
      <regex/>
    </pattern>
  </filter>
  <changeset>
    <filter>
      <pattern>
        <regex/>
      </pattern>
    </filter>
  </changeset>
  <repository>
    <common>
      <quietPeriod>
        <enabled>false</enabled>
        <period>10</period>
        <maxRetries>5</maxRetries>
      </quietPeriod>
    </common>
    <git>
      <repositoryUrl>http://localhost/Bonobo.Git.Server/SelkieTools.git</repositoryUrl>
      <branch>master</branch>
      <useShallowClones>true</useShallowClones>
      <useRemoteAgentCache>false</useRemoteAgentCache>
      <useSubmodules>false</useSubmodules>
      <commandTimeout>180</commandTimeout>
      <verbose>
        <logs>false</logs>
      </verbose>
      <fetch>
        <whole>
          <repository>false</repository>
        </whole>
      </fetch>
      <ssh>
        <key/>
        <passphrase/>
      </ssh>
      <username>bamboo</username>
      <password>YCW7Iv5C7yA=</password>
      <authenticationType>PASSWORD</authenticationType>
    </git>
  </repository>
  <selectedWebRepositoryViewer>bamboo.webrepositoryviewer.provided:noRepositoryViewer</selectedWebRepositoryViewer>
  <bambooDelimiterParsingDisabled>true</bambooDelimiterParsingDisabled>
</configuration>
]]></xml>
   <markedForDeletion>true</markedForDeletion>
  </repository>
  <repository>
   <id>9601028</id>
   <name>Selkie NUnit Extensions</name>
   <pluginKey>com.atlassian.bamboo.plugins.atlassian-bamboo-plugin-git:git</pluginKey>
   <isGlobal>false</isGlobal>
   <xml><![CDATA[<?xml version="1.0" encoding="UTF-8" standalone="no"?>
<configuration xml:space="preserve">
  <filter>
    <pattern>
      <option>none</option>
      <regex/>
    </pattern>
  </filter>
  <changeset>
    <filter>
      <pattern>
        <regex/>
      </pattern>
    </filter>
  </changeset>
  <repository>
    <common>
      <quietPeriod>
        <enabled>false</enabled>
        <period>10</period>
        <maxRetries>5</maxRetries>
      </quietPeriod>
    </common>
    <git>
      <repositoryUrl>http://localhost/Bonobo.Git.Server/SelkieNUnitExtensions.git</repositoryUrl>
      <branch>master</branch>
      <useShallowClones>true</useShallowClones>
      <useRemoteAgentCache>false</useRemoteAgentCache>
      <useSubmodules>false</useSubmodules>
      <commandTimeout>180</commandTimeout>
      <verbose>
        <logs>false</logs>
      </verbose>
      <fetch>
        <whole>
          <repository>false</repository>
        </whole>
      </fetch>
      <ssh>
        <key/>
        <passphrase/>
      </ssh>
      <username>bamboo</username>
      <password>YCW7Iv5C7yA=</password>
      <authenticationType>PASSWORD</authenticationType>
    </git>
  </repository>
  <selectedWebRepositoryViewer>bamboo.webrepositoryviewer.provided:noRepositoryViewer</selectedWebRepositoryViewer>
  <bambooDelimiterParsingDisabled>true</bambooDelimiterParsingDisabled>
</configuration>
]]></xml>
  </repository>
  <repository>
   <id>9601029</id>
   <name>Selkie Scripts</name>
   <pluginKey>com.atlassian.bamboo.plugins.atlassian-bamboo-plugin-git:git</pluginKey>
   <isGlobal>false</isGlobal>
   <xml><![CDATA[<?xml version="1.0" encoding="UTF-8" standalone="no"?>
<configuration xml:space="preserve">
  <filter>
    <pattern>
      <option>none</option>
      <regex/>
    </pattern>
  </filter>
  <changeset>
    <filter>
      <pattern>
        <regex/>
      </pattern>
    </filter>
  </changeset>
  <repository>
    <common>
      <quietPeriod>
        <enabled>false</enabled>
        <period>10</period>
        <maxRetries>5</maxRetries>
      </quietPeriod>
    </common>
    <git>
      <repositoryUrl>http://localhost/Bonobo.Git.Server/SelkieScripts.git</repositoryUrl>
      <branch>master</branch>
      <useShallowClones>true</useShallowClones>
      <useRemoteAgentCache>false</useRemoteAgentCache>
      <useSubmodules>false</useSubmodules>
      <commandTimeout>180</commandTimeout>
      <verbose>
        <logs>false</logs>
      </verbose>
      <fetch>
        <whole>
          <repository>false</repository>
        </whole>
      </fetch>
      <ssh>
        <key/>
        <passphrase/>
      </ssh>
      <username>bamboo</username>
      <password>YCW7Iv5C7yA=</password>
      <authenticationType>PASSWORD</authenticationType>
    </git>
  </repository>
  <selectedWebRepositoryViewer>bamboo.webrepositoryviewer.provided:noRepositoryViewer</selectedWebRepositoryViewer>
  <bambooDelimiterParsingDisabled>true</bambooDelimiterParsingDisabled>
</configuration>
]]></xml>
   <markedForDeletion>true</markedForDeletion>
  </repository>
  <repository>
   <id>9601030</id>
   <name>Selkie Tools</name>
   <pluginKey>com.atlassian.bamboo.plugins.atlassian-bamboo-plugin-git:git</pluginKey>
   <isGlobal>false</isGlobal>
   <xml><![CDATA[<?xml version="1.0" encoding="UTF-8" standalone="no"?>
<configuration xml:space="preserve">
  <filter>
    <pattern>
      <option>none</option>
      <regex/>
    </pattern>
  </filter>
  <changeset>
    <filter>
      <pattern>
        <regex/>
      </pattern>
    </filter>
  </changeset>
  <repository>
    <common>
      <quietPeriod>
        <enabled>false</enabled>
        <period>10</period>
        <maxRetries>5</maxRetries>
      </quietPeriod>
    </common>
    <git>
      <repositoryUrl>http://localhost/Bonobo.Git.Server/SelkieTools.git</repositoryUrl>
      <branch>master</branch>
      <useShallowClones>true</useShallowClones>
      <useRemoteAgentCache>false</useRemoteAgentCache>
      <useSubmodules>false</useSubmodules>
      <commandTimeout>180</commandTimeout>
      <verbose>
        <logs>false</logs>
      </verbose>
      <fetch>
        <whole>
          <repository>false</repository>
        </whole>
      </fetch>
      <ssh>
        <key/>
        <passphrase/>
      </ssh>
      <username>bamboo</username>
      <password>YCW7Iv5C7yA=</password>
      <authenticationType>PASSWORD</authenticationType>
    </git>
  </repository>
  <selectedWebRepositoryViewer>bamboo.webrepositoryviewer.provided:noRepositoryViewer</selectedWebRepositoryViewer>
  <bambooDelimiterParsingDisabled>true</bambooDelimiterParsingDisabled>
</configuration>
]]></xml>
   <markedForDeletion>true</markedForDeletion>
  </repository>
  <repository>
   <id>9601031</id>
   <name>Selkie Scripts</name>
   <pluginKey>com.atlassian.bamboo.plugins.atlassian-bamboo-plugin-git:git</pluginKey>
   <isGlobal>false</isGlobal>
   <xml><![CDATA[<?xml version="1.0" encoding="UTF-8" standalone="no"?>
<configuration xml:space="preserve">
  <filter>
    <pattern>
      <option>none</option>
      <regex/>
    </pattern>
  </filter>
  <changeset>
    <filter>
      <pattern>
        <regex/>
      </pattern>
    </filter>
  </changeset>
  <repository>
    <common>
      <quietPeriod>
        <enabled>false</enabled>
        <period>10</period>
        <maxRetries>5</maxRetries>
      </quietPeriod>
    </common>
    <git>
      <repositoryUrl>http://localhost/Bonobo.Git.Server/SelkieScripts.git</repositoryUrl>
      <branch>master</branch>
      <useShallowClones>true</useShallowClones>
      <useRemoteAgentCache>false</useRemoteAgentCache>
      <useSubmodules>false</useSubmodules>
      <commandTimeout>180</commandTimeout>
      <verbose>
        <logs>false</logs>
      </verbose>
      <fetch>
        <whole>
          <repository>false</repository>
        </whole>
      </fetch>
      <ssh>
        <key/>
        <passphrase/>
      </ssh>
      <username>bamboo</username>
      <password>YCW7Iv5C7yA=</password>
      <authenticationType>PASSWORD</authenticationType>
    </git>
  </repository>
  <selectedWebRepositoryViewer>bamboo.webrepositoryviewer.provided:noRepositoryViewer</selectedWebRepositoryViewer>
  <bambooDelimiterParsingDisabled>true</bambooDelimiterParsingDisabled>
</configuration>
]]></xml>
   <markedForDeletion>true</markedForDeletion>
  </repository>
  <repository>
   <id>9601032</id>
   <name>Selkie Tools</name>
   <pluginKey>com.atlassian.bamboo.plugins.atlassian-bamboo-plugin-git:git</pluginKey>
   <isGlobal>false</isGlobal>
   <xml><![CDATA[<?xml version="1.0" encoding="UTF-8" standalone="no"?>
<configuration xml:space="preserve">
  <filter>
    <pattern>
      <option>none</option>
      <regex/>
    </pattern>
  </filter>
  <changeset>
    <filter>
      <pattern>
        <regex/>
      </pattern>
    </filter>
  </changeset>
  <repository>
    <common>
      <quietPeriod>
        <enabled>false</enabled>
        <period>10</period>
        <maxRetries>5</maxRetries>
      </quietPeriod>
    </common>
    <git>
      <repositoryUrl>http://localhost/Bonobo.Git.Server/SelkieTools.git</repositoryUrl>
      <branch>master</branch>
      <useShallowClones>true</useShallowClones>
      <useRemoteAgentCache>false</useRemoteAgentCache>
      <useSubmodules>false</useSubmodules>
      <commandTimeout>180</commandTimeout>
      <verbose>
        <logs>false</logs>
      </verbose>
      <fetch>
        <whole>
          <repository>false</repository>
        </whole>
      </fetch>
      <ssh>
        <key/>
        <passphrase/>
      </ssh>
      <username>bamboo</username>
      <password>YCW7Iv5C7yA=</password>
      <authenticationType>PASSWORD</authenticationType>
    </git>
  </repository>
  <selectedWebRepositoryViewer>bamboo.webrepositoryviewer.provided:noRepositoryViewer</selectedWebRepositoryViewer>
  <bambooDelimiterParsingDisabled>true</bambooDelimiterParsingDisabled>
</configuration>
]]></xml>
   <markedForDeletion>true</markedForDeletion>
  </repository>
  <repository>
   <id>9601033</id>
   <name>Selkie XUnit Extensions</name>
   <pluginKey>com.atlassian.bamboo.plugins.atlassian-bamboo-plugin-git:git</pluginKey>
   <isGlobal>false</isGlobal>
   <xml><![CDATA[<?xml version="1.0" encoding="UTF-8" standalone="no"?>
<configuration xml:space="preserve">
  <filter>
    <pattern>
      <option>none</option>
      <regex/>
    </pattern>
  </filter>
  <changeset>
    <filter>
      <pattern>
        <regex/>
      </pattern>
    </filter>
  </changeset>
  <repository>
    <common>
      <quietPeriod>
        <enabled>false</enabled>
        <period>10</period>
        <maxRetries>5</maxRetries>
      </quietPeriod>
    </common>
    <git>
      <repositoryUrl>http://localhost/Bonobo.Git.Server/SelkieXUnitExtensions.git</repositoryUrl>
      <branch>master</branch>
      <useShallowClones>true</useShallowClones>
      <useRemoteAgentCache>false</useRemoteAgentCache>
      <useSubmodules>false</useSubmodules>
      <commandTimeout>180</commandTimeout>
      <verbose>
        <logs>false</logs>
      </verbose>
      <fetch>
        <whole>
          <repository>false</repository>
        </whole>
      </fetch>
      <ssh>
        <key/>
        <passphrase/>
      </ssh>
      <username>bamboo</username>
      <password>YCW7Iv5C7yA=</password>
      <authenticationType>PASSWORD</authenticationType>
    </git>
  </repository>
  <selectedWebRepositoryViewer>bamboo.webrepositoryviewer.provided:noRepositoryViewer</selectedWebRepositoryViewer>
  <bambooDelimiterParsingDisabled>true</bambooDelimiterParsingDisabled>
</configuration>
]]></xml>
   <markedForDeletion>true</markedForDeletion>
  </repository>
  <repository>
   <id>9601034</id>
   <name>Selkie Common</name>
   <pluginKey>com.atlassian.bamboo.plugins.atlassian-bamboo-plugin-git:git</pluginKey>
   <isGlobal>false</isGlobal>
   <xml><![CDATA[<?xml version="1.0" encoding="UTF-8" standalone="no"?>
<configuration xml:space="preserve">
  <filter>
    <pattern>
      <option>none</option>
      <regex/>
    </pattern>
  </filter>
  <changeset>
    <filter>
      <pattern>
        <regex/>
      </pattern>
    </filter>
  </changeset>
  <repository>
    <common>
      <quietPeriod>
        <enabled>false</enabled>
        <period>10</period>
        <maxRetries>5</maxRetries>
      </quietPeriod>
    </common>
    <git>
      <repositoryUrl>http://localhost/Bonobo.Git.Server/SelkieCommon.git</repositoryUrl>
      <branch>master</branch>
      <useShallowClones>true</useShallowClones>
      <useRemoteAgentCache>false</useRemoteAgentCache>
      <useSubmodules>false</useSubmodules>
      <commandTimeout>180</commandTimeout>
      <verbose>
        <logs>false</logs>
      </verbose>
      <fetch>
        <whole>
          <repository>false</repository>
        </whole>
      </fetch>
      <ssh>
        <key/>
        <passphrase/>
      </ssh>
      <username>bamboo</username>
      <password>YCW7Iv5C7yA=</password>
      <authenticationType>PASSWORD</authenticationType>
    </git>
  </repository>
  <selectedWebRepositoryViewer>bamboo.webrepositoryviewer.provided:noRepositoryViewer</selectedWebRepositoryViewer>
  <bambooDelimiterParsingDisabled>true</bambooDelimiterParsingDisabled>
</configuration>
]]></xml>
  </repository>
  <repository>
   <id>9601035</id>
   <name>Selkie Scripts</name>
   <pluginKey>com.atlassian.bamboo.plugins.atlassian-bamboo-plugin-git:git</pluginKey>
   <isGlobal>false</isGlobal>
   <xml><![CDATA[<?xml version="1.0" encoding="UTF-8" standalone="no"?>
<configuration xml:space="preserve">
  <filter>
    <pattern>
      <option>none</option>
      <regex/>
    </pattern>
  </filter>
  <changeset>
    <filter>
      <pattern>
        <regex/>
      </pattern>
    </filter>
  </changeset>
  <repository>
    <common>
      <quietPeriod>
        <enabled>false</enabled>
        <period>10</period>
        <maxRetries>5</maxRetries>
      </quietPeriod>
    </common>
    <git>
      <repositoryUrl>http://localhost/Bonobo.Git.Server/SelkieScripts.git</repositoryUrl>
      <branch>master</branch>
      <useShallowClones>true</useShallowClones>
      <useRemoteAgentCache>false</useRemoteAgentCache>
      <useSubmodules>false</useSubmodules>
      <commandTimeout>180</commandTimeout>
      <verbose>
        <logs>false</logs>
      </verbose>
      <fetch>
        <whole>
          <repository>false</repository>
        </whole>
      </fetch>
      <ssh>
        <key/>
        <passphrase/>
      </ssh>
      <username>bamboo</username>
      <password>YCW7Iv5C7yA=</password>
      <authenticationType>PASSWORD</authenticationType>
    </git>
  </repository>
  <selectedWebRepositoryViewer>bamboo.webrepositoryviewer.provided:noRepositoryViewer</selectedWebRepositoryViewer>
  <bambooDelimiterParsingDisabled>true</bambooDelimiterParsingDisabled>
</configuration>
]]></xml>
   <markedForDeletion>true</markedForDeletion>
  </repository>
  <repository>
   <id>9601036</id>
   <name>Selkie Tools</name>
   <pluginKey>com.atlassian.bamboo.plugins.atlassian-bamboo-plugin-git:git</pluginKey>
   <isGlobal>false</isGlobal>
   <xml><![CDATA[<?xml version="1.0" encoding="UTF-8" standalone="no"?>
<configuration xml:space="preserve">
  <filter>
    <pattern>
      <option>none</option>
      <regex/>
    </pattern>
  </filter>
  <changeset>
    <filter>
      <pattern>
        <regex/>
      </pattern>
    </filter>
  </changeset>
  <repository>
    <common>
      <quietPeriod>
        <enabled>false</enabled>
        <period>10</period>
        <maxRetries>5</maxRetries>
      </quietPeriod>
    </common>
    <git>
      <repositoryUrl>http://localhost/Bonobo.Git.Server/SelkieTools.git</repositoryUrl>
      <branch>master</branch>
      <useShallowClones>true</useShallowClones>
      <useRemoteAgentCache>false</useRemoteAgentCache>
      <useSubmodules>false</useSubmodules>
      <commandTimeout>180</commandTimeout>
      <verbose>
        <logs>false</logs>
      </verbose>
      <fetch>
        <whole>
          <repository>false</repository>
        </whole>
      </fetch>
      <ssh>
        <key/>
        <passphrase/>
      </ssh>
      <username>bamboo</username>
      <password>YCW7Iv5C7yA=</password>
      <authenticationType>PASSWORD</authenticationType>
    </git>
  </repository>
  <selectedWebRepositoryViewer>bamboo.webrepositoryviewer.provided:noRepositoryViewer</selectedWebRepositoryViewer>
  <bambooDelimiterParsingDisabled>true</bambooDelimiterParsingDisabled>
</configuration>
]]></xml>
   <markedForDeletion>true</markedForDeletion>
  </repository>
  <repository>
   <id>9601037</id>
   <name>Selkie ACO</name>
   <pluginKey>com.atlassian.bamboo.plugins.atlassian-bamboo-plugin-git:git</pluginKey>
   <isGlobal>false</isGlobal>
   <xml><![CDATA[<?xml version="1.0" encoding="UTF-8" standalone="no"?>
<configuration xml:space="preserve">
  <filter>
    <pattern>
      <option>none</option>
      <regex/>
    </pattern>
  </filter>
  <changeset>
    <filter>
      <pattern>
        <regex/>
      </pattern>
    </filter>
  </changeset>
  <repository>
    <common>
      <quietPeriod>
        <enabled>false</enabled>
        <period>10</period>
        <maxRetries>5</maxRetries>
      </quietPeriod>
    </common>
    <git>
      <repositoryUrl>http://localhost/Bonobo.Git.Server/SelkieACO.git</repositoryUrl>
      <branch>master</branch>
      <useShallowClones>true</useShallowClones>
      <useRemoteAgentCache>false</useRemoteAgentCache>
      <useSubmodules>false</useSubmodules>
      <commandTimeout>180</commandTimeout>
      <verbose>
        <logs>false</logs>
      </verbose>
      <fetch>
        <whole>
          <repository>false</repository>
        </whole>
      </fetch>
      <ssh>
        <key/>
        <passphrase/>
      </ssh>
      <username>bamboo</username>
      <password>YCW7Iv5C7yA=</password>
      <authenticationType>PASSWORD</authenticationType>
    </git>
  </repository>
  <selectedWebRepositoryViewer>bamboo.webrepositoryviewer.provided:noRepositoryViewer</selectedWebRepositoryViewer>
  <bambooDelimiterParsingDisabled>true</bambooDelimiterParsingDisabled>
</configuration>
]]></xml>
  </repository>
  <repository>
   <id>9601038</id>
   <name>Selkie Scripts</name>
   <pluginKey>com.atlassian.bamboo.plugins.atlassian-bamboo-plugin-git:git</pluginKey>
   <isGlobal>false</isGlobal>
   <xml><![CDATA[<?xml version="1.0" encoding="UTF-8" standalone="no"?>
<configuration xml:space="preserve">
  <filter>
    <pattern>
      <option>none</option>
      <regex/>
    </pattern>
  </filter>
  <changeset>
    <filter>
      <pattern>
        <regex/>
      </pattern>
    </filter>
  </changeset>
  <repository>
    <common>
      <quietPeriod>
        <enabled>false</enabled>
        <period>10</period>
        <maxRetries>5</maxRetries>
      </quietPeriod>
    </common>
    <git>
      <repositoryUrl>http://localhost/Bonobo.Git.Server/SelkieScripts.git</repositoryUrl>
      <branch>master</branch>
      <useShallowClones>true</useShallowClones>
      <useRemoteAgentCache>false</useRemoteAgentCache>
      <useSubmodules>false</useSubmodules>
      <commandTimeout>180</commandTimeout>
      <verbose>
        <logs>false</logs>
      </verbose>
      <fetch>
        <whole>
          <repository>false</repository>
        </whole>
      </fetch>
      <ssh>
        <key/>
        <passphrase/>
      </ssh>
      <username>bamboo</username>
      <password>YCW7Iv5C7yA=</password>
      <authenticationType>PASSWORD</authenticationType>
    </git>
  </repository>
  <selectedWebRepositoryViewer>bamboo.webrepositoryviewer.provided:noRepositoryViewer</selectedWebRepositoryViewer>
  <bambooDelimiterParsingDisabled>true</bambooDelimiterParsingDisabled>
</configuration>
]]></xml>
   <markedForDeletion>true</markedForDeletion>
  </repository>
  <repository>
   <id>9601039</id>
   <name>Selkie Tools</name>
   <pluginKey>com.atlassian.bamboo.plugins.atlassian-bamboo-plugin-git:git</pluginKey>
   <isGlobal>false</isGlobal>
   <xml><![CDATA[<?xml version="1.0" encoding="UTF-8" standalone="no"?>
<configuration xml:space="preserve">
  <filter>
    <pattern>
      <option>none</option>
      <regex/>
    </pattern>
  </filter>
  <changeset>
    <filter>
      <pattern>
        <regex/>
      </pattern>
    </filter>
  </changeset>
  <repository>
    <common>
      <quietPeriod>
        <enabled>false</enabled>
        <period>10</period>
        <maxRetries>5</maxRetries>
      </quietPeriod>
    </common>
    <git>
      <repositoryUrl>http://localhost/Bonobo.Git.Server/SelkieTools.git</repositoryUrl>
      <branch>master</branch>
      <useShallowClones>true</useShallowClones>
      <useRemoteAgentCache>false</useRemoteAgentCache>
      <useSubmodules>false</useSubmodules>
      <commandTimeout>180</commandTimeout>
      <verbose>
        <logs>false</logs>
      </verbose>
      <fetch>
        <whole>
          <repository>false</repository>
        </whole>
      </fetch>
      <ssh>
        <key/>
        <passphrase/>
      </ssh>
      <username>bamboo</username>
      <password>YCW7Iv5C7yA=</password>
      <authenticationType>PASSWORD</authenticationType>
    </git>
  </repository>
  <selectedWebRepositoryViewer>bamboo.webrepositoryviewer.provided:noRepositoryViewer</selectedWebRepositoryViewer>
  <bambooDelimiterParsingDisabled>true</bambooDelimiterParsingDisabled>
</configuration>
]]></xml>
   <markedForDeletion>true</markedForDeletion>
  </repository>
  <repository>
   <id>9601040</id>
   <name>Selkie Common</name>
   <pluginKey>com.atlassian.bamboo.plugins.atlassian-bamboo-plugin-git:git</pluginKey>
   <isGlobal>false</isGlobal>
   <xml><![CDATA[<?xml version="1.0" encoding="UTF-8" standalone="no"?>
<configuration xml:space="preserve">
  <filter>
    <pattern>
      <option>none</option>
      <regex/>
    </pattern>
  </filter>
  <changeset>
    <filter>
      <pattern>
        <regex/>
      </pattern>
    </filter>
  </changeset>
  <repository>
    <common>
      <quietPeriod>
        <enabled>false</enabled>
        <period>10</period>
        <maxRetries>5</maxRetries>
      </quietPeriod>
    </common>
    <git>
      <repositoryUrl>http://localhost/Bonobo.Git.Server/SelkieCommon.git</repositoryUrl>
      <branch>development</branch>
      <useShallowClones>true</useShallowClones>
      <useRemoteAgentCache>false</useRemoteAgentCache>
      <useSubmodules>false</useSubmodules>
      <commandTimeout>180</commandTimeout>
      <verbose>
        <logs>false</logs>
      </verbose>
      <fetch>
        <whole>
          <repository>false</repository>
        </whole>
      </fetch>
      <ssh>
        <key/>
        <passphrase/>
      </ssh>
      <username>bamboo</username>
      <password>YCW7Iv5C7yA=</password>
      <authenticationType>PASSWORD</authenticationType>
    </git>
  </repository>
  <selectedWebRepositoryViewer>bamboo.webrepositoryviewer.provided:noRepositoryViewer</selectedWebRepositoryViewer>
  <bambooDelimiterParsingDisabled>true</bambooDelimiterParsingDisabled>
</configuration>
]]></xml>
  </repository>
  <repository>
   <id>9601041</id>
   <name>Selkie Windsor</name>
   <pluginKey>com.atlassian.bamboo.plugins.atlassian-bamboo-plugin-git:git</pluginKey>
   <isGlobal>false</isGlobal>
   <xml><![CDATA[<?xml version="1.0" encoding="UTF-8" standalone="no"?>
<configuration xml:space="preserve">
  <filter>
    <pattern>
      <option>none</option>
      <regex/>
    </pattern>
  </filter>
  <changeset>
    <filter>
      <pattern>
        <regex/>
      </pattern>
    </filter>
  </changeset>
  <repository>
    <common>
      <quietPeriod>
        <enabled>false</enabled>
        <period>10</period>
        <maxRetries>5</maxRetries>
      </quietPeriod>
    </common>
    <git>
      <repositoryUrl>http://localhost/Bonobo.Git.Server/SelkieWindsor.git</repositoryUrl>
      <branch>development</branch>
      <useShallowClones>true</useShallowClones>
      <useRemoteAgentCache>false</useRemoteAgentCache>
      <useSubmodules>false</useSubmodules>
      <commandTimeout>180</commandTimeout>
      <verbose>
        <logs>false</logs>
      </verbose>
      <fetch>
        <whole>
          <repository>false</repository>
        </whole>
      </fetch>
      <ssh>
        <key/>
        <passphrase/>
      </ssh>
      <username>bamboo</username>
      <password>YCW7Iv5C7yA=</password>
      <authenticationType>PASSWORD</authenticationType>
    </git>
  </repository>
  <selectedWebRepositoryViewer>bamboo.webrepositoryviewer.provided:noRepositoryViewer</selectedWebRepositoryViewer>
  <bambooDelimiterParsingDisabled>true</bambooDelimiterParsingDisabled>
</configuration>
]]></xml>
  </repository>
  <repository>
   <id>9601042</id>
   <name>Selkie Scripts</name>
   <pluginKey>com.atlassian.bamboo.plugins.atlassian-bamboo-plugin-git:git</pluginKey>
   <isGlobal>true</isGlobal>
   <xml><![CDATA[<?xml version="1.0" encoding="UTF-8" standalone="no"?>
<configuration xml:space="preserve">
  <filter>
    <pattern>
      <option>none</option>
      <regex/>
    </pattern>
  </filter>
  <changeset>
    <filter>
      <pattern>
        <regex/>
      </pattern>
    </filter>
  </changeset>
  <repository>
    <common>
      <quietPeriod>
        <enabled>false</enabled>
        <period>10</period>
        <maxRetries>5</maxRetries>
      </quietPeriod>
    </common>
    <git>
      <repositoryUrl>http://localhost/Bonobo.Git.Server/SelkieScripts.git</repositoryUrl>
      <branch>master</branch>
      <useShallowClones>true</useShallowClones>
      <useRemoteAgentCache>false</useRemoteAgentCache>
      <useSubmodules>false</useSubmodules>
      <commandTimeout>180</commandTimeout>
      <verbose>
        <logs>false</logs>
      </verbose>
      <fetch>
        <whole>
          <repository>false</repository>
        </whole>
      </fetch>
      <ssh>
        <key/>
        <passphrase/>
      </ssh>
      <username>bamboo</username>
      <password>YCW7Iv5C7yA=</password>
      <authenticationType>PASSWORD</authenticationType>
    </git>
  </repository>
  <selectedWebRepositoryViewer>bamboo.webrepositoryviewer.provided:noRepositoryViewer</selectedWebRepositoryViewer>
  <bambooDelimiterParsingDisabled>true</bambooDelimiterParsingDisabled>
</configuration>
]]></xml>
  </repository>
  <repository>
   <id>9601044</id>
   <name>Selkie Scripts</name>
   <pluginKey>com.atlassian.bamboo.plugins.atlassian-bamboo-plugin-git:git</pluginKey>
   <isGlobal>false</isGlobal>
   <xml><![CDATA[<?xml version="1.0" encoding="UTF-8" standalone="no"?>
<configuration xml:space="preserve">
  <filter>
    <pattern>
      <option>none</option>
      <regex/>
    </pattern>
  </filter>
  <changeset>
    <filter>
      <pattern>
        <regex/>
      </pattern>
    </filter>
  </changeset>
  <repository>
    <common>
      <quietPeriod>
        <enabled>false</enabled>
        <period>10</period>
        <maxRetries>5</maxRetries>
      </quietPeriod>
    </common>
    <git>
      <repositoryUrl>http://localhost/Bonobo.Git.Server/SelkieScripts.git</repositoryUrl>
      <branch>development</branch>
      <useShallowClones>true</useShallowClones>
      <useRemoteAgentCache>false</useRemoteAgentCache>
      <useSubmodules>false</useSubmodules>
      <commandTimeout>180</commandTimeout>
      <verbose>
        <logs>false</logs>
      </verbose>
      <fetch>
        <whole>
          <repository>false</repository>
        </whole>
      </fetch>
      <ssh>
        <key/>
        <passphrase/>
      </ssh>
      <username>bamboo</username>
      <password>YCW7Iv5C7yA=</password>
      <authenticationType>PASSWORD</authenticationType>
    </git>
  </repository>
  <selectedWebRepositoryViewer>bamboo.webrepositoryviewer.provided:noRepositoryViewer</selectedWebRepositoryViewer>
  <bambooDelimiterParsingDisabled>true</bambooDelimiterParsingDisabled>
</configuration>
]]></xml>
   <markedForDeletion>true</markedForDeletion>
  </repository>
  <repository>
   <id>9601045</id>
   <name>Selkie Scripts</name>
   <pluginKey>com.atlassian.bamboo.plugins.atlassian-bamboo-plugin-git:git</pluginKey>
   <isGlobal>false</isGlobal>
   <xml><![CDATA[<?xml version="1.0" encoding="UTF-8" standalone="no"?>
<configuration xml:space="preserve">
  <filter>
    <pattern>
      <option>none</option>
      <regex/>
    </pattern>
  </filter>
  <changeset>
    <filter>
      <pattern>
        <regex/>
      </pattern>
    </filter>
  </changeset>
  <repository>
    <common>
      <quietPeriod>
        <enabled>false</enabled>
        <period>10</period>
        <maxRetries>5</maxRetries>
      </quietPeriod>
    </common>
    <git>
      <repositoryUrl>http://localhost/Bonobo.Git.Server/SelkieScripts.git</repositoryUrl>
      <branch>master</branch>
      <useShallowClones>true</useShallowClones>
      <useRemoteAgentCache>false</useRemoteAgentCache>
      <useSubmodules>false</useSubmodules>
      <commandTimeout>180</commandTimeout>
      <verbose>
        <logs>false</logs>
      </verbose>
      <fetch>
        <whole>
          <repository>false</repository>
        </whole>
      </fetch>
      <ssh>
        <key/>
        <passphrase/>
      </ssh>
      <username>bamboo</username>
      <password>YCW7Iv5C7yA=</password>
      <authenticationType>PASSWORD</authenticationType>
    </git>
  </repository>
  <selectedWebRepositoryViewer>bamboo.webrepositoryviewer.provided:noRepositoryViewer</selectedWebRepositoryViewer>
  <bambooDelimiterParsingDisabled>true</bambooDelimiterParsingDisabled>
</configuration>
]]></xml>
   <markedForDeletion>true</markedForDeletion>
  </repository>
  <repository>
   <id>10780673</id>
   <name>Selkie Tools</name>
   <pluginKey>com.atlassian.bamboo.plugins.atlassian-bamboo-plugin-git:git</pluginKey>
   <isGlobal>true</isGlobal>
   <xml><![CDATA[<?xml version="1.0" encoding="UTF-8" standalone="no"?>
<configuration xml:space="preserve">
  <filter>
    <pattern>
      <option>none</option>
      <regex/>
    </pattern>
  </filter>
  <changeset>
    <filter>
      <pattern>
        <regex/>
      </pattern>
    </filter>
  </changeset>
  <repository>
    <common>
      <quietPeriod>
        <enabled>false</enabled>
        <period>10</period>
        <maxRetries>5</maxRetries>
      </quietPeriod>
    </common>
    <git>
      <repositoryUrl>http://localhost/Bonobo.Git.Server/SelkieTools.git</repositoryUrl>
      <branch>master</branch>
      <useShallowClones>true</useShallowClones>
      <useRemoteAgentCache>false</useRemoteAgentCache>
      <useSubmodules>false</useSubmodules>
      <commandTimeout>180</commandTimeout>
      <verbose>
        <logs>false</logs>
      </verbose>
      <fetch>
        <whole>
          <repository>false</repository>
        </whole>
      </fetch>
      <ssh>
        <key/>
        <passphrase/>
      </ssh>
      <username>bamboo</username>
      <password>YCW7Iv5C7yA=</password>
      <authenticationType>PASSWORD</authenticationType>
    </git>
  </repository>
  <selectedWebRepositoryViewer>bamboo.webrepositoryviewer.provided:noRepositoryViewer</selectedWebRepositoryViewer>
  <bambooDelimiterParsingDisabled>true</bambooDelimiterParsingDisabled>
</configuration>
]]></xml>
  </repository>
  <repository>
   <id>13041665</id>
   <name>Selkie ACO</name>
   <pluginKey>com.atlassian.bamboo.plugins.atlassian-bamboo-plugin-git:git</pluginKey>
   <isGlobal>false</isGlobal>
   <xml><![CDATA[<?xml version="1.0" encoding="UTF-8" standalone="no"?>
<configuration xml:space="preserve">
  <filter>
    <pattern>
      <option>none</option>
      <regex/>
    </pattern>
  </filter>
  <changeset>
    <filter>
      <pattern>
        <regex/>
      </pattern>
    </filter>
  </changeset>
  <repository>
    <common>
      <quietPeriod>
        <enabled>false</enabled>
        <period>10</period>
        <maxRetries>5</maxRetries>
      </quietPeriod>
    </common>
    <git>
      <repositoryUrl>http://localhost/Bonobo.Git.Server/SelkieACO.git</repositoryUrl>
      <branch>development</branch>
      <useShallowClones>true</useShallowClones>
      <useRemoteAgentCache>false</useRemoteAgentCache>
      <useSubmodules>false</useSubmodules>
      <commandTimeout>180</commandTimeout>
      <verbose>
        <logs>false</logs>
      </verbose>
      <fetch>
        <whole>
          <repository>false</repository>
        </whole>
      </fetch>
      <ssh>
        <key/>
        <passphrase/>
      </ssh>
      <username>bamboo</username>
      <password>YCW7Iv5C7yA=</password>
      <authenticationType>PASSWORD</authenticationType>
    </git>
  </repository>
  <selectedWebRepositoryViewer>bamboo.webrepositoryviewer.provided:noRepositoryViewer</selectedWebRepositoryViewer>
  <bambooDelimiterParsingDisabled>true</bambooDelimiterParsingDisabled>
</configuration>
]]></xml>
  </repository>
  <repository>
   <id>13041667</id>
   <name>Selkie EasyNetQ</name>
   <pluginKey>com.atlassian.bamboo.plugins.atlassian-bamboo-plugin-git:git</pluginKey>
   <isGlobal>false</isGlobal>
   <xml><![CDATA[<?xml version="1.0" encoding="UTF-8" standalone="no"?>
<configuration xml:space="preserve">
  <filter>
    <pattern>
      <option>none</option>
      <regex/>
    </pattern>
  </filter>
  <changeset>
    <filter>
      <pattern>
        <regex/>
      </pattern>
    </filter>
  </changeset>
  <repository>
    <common>
      <quietPeriod>
        <enabled>false</enabled>
        <period>10</period>
        <maxRetries>5</maxRetries>
      </quietPeriod>
    </common>
    <git>
      <repositoryUrl>http://localhost/Bonobo.Git.Server/SelkieEasyNetQ.git</repositoryUrl>
      <branch>master</branch>
      <useShallowClones>true</useShallowClones>
      <useRemoteAgentCache>false</useRemoteAgentCache>
      <useSubmodules>false</useSubmodules>
      <commandTimeout>180</commandTimeout>
      <verbose>
        <logs>false</logs>
      </verbose>
      <fetch>
        <whole>
          <repository>false</repository>
        </whole>
      </fetch>
      <ssh>
        <key/>
        <passphrase/>
      </ssh>
      <username>bamboo</username>
      <password>YCW7Iv5C7yA=</password>
      <authenticationType>PASSWORD</authenticationType>
    </git>
  </repository>
  <selectedWebRepositoryViewer>bamboo.webrepositoryviewer.provided:noRepositoryViewer</selectedWebRepositoryViewer>
  <bambooDelimiterParsingDisabled>true</bambooDelimiterParsingDisabled>
</configuration>
]]></xml>
  </repository>
  <repository>
   <id>15564802</id>
   <name>Selkie XUnit Extensions</name>
   <pluginKey>com.atlassian.bamboo.plugins.atlassian-bamboo-plugin-git:git</pluginKey>
   <isGlobal>true</isGlobal>
   <xml><![CDATA[<?xml version="1.0" encoding="UTF-8" standalone="no"?>
<configuration xml:space="preserve">
  <filter>
    <pattern>
      <option>none</option>
      <regex/>
    </pattern>
  </filter>
  <changeset>
    <filter>
      <pattern>
        <regex/>
      </pattern>
    </filter>
  </changeset>
  <repository>
    <common>
      <quietPeriod>
        <enabled>false</enabled>
        <period>10</period>
        <maxRetries>5</maxRetries>
      </quietPeriod>
    </common>
    <git>
      <repositoryUrl>http://localhost/Bonobo.Git.Server/SelkieXUnitExtensions.git</repositoryUrl>
      <branch>master</branch>
      <useShallowClones>true</useShallowClones>
      <useRemoteAgentCache>false</useRemoteAgentCache>
      <useSubmodules>false</useSubmodules>
      <commandTimeout>180</commandTimeout>
      <verbose>
        <logs>false</logs>
      </verbose>
      <fetch>
        <whole>
          <repository>false</repository>
        </whole>
      </fetch>
      <ssh>
        <key/>
        <passphrase/>
      </ssh>
      <username>bamboo</username>
      <password>YCW7Iv5C7yA=</password>
      <authenticationType>PASSWORD</authenticationType>
    </git>
  </repository>
  <selectedWebRepositoryViewer>bamboo.webrepositoryviewer.provided:noRepositoryViewer</selectedWebRepositoryViewer>
  <bambooDelimiterParsingDisabled>true</bambooDelimiterParsingDisabled>
</configuration>
]]></xml>
   <markedForDeletion>true</markedForDeletion>
  </repository>
  <repository>
   <id>15564803</id>
   <name>Selkie Windsor</name>
   <pluginKey>com.atlassian.bamboo.plugins.atlassian-bamboo-plugin-git:git</pluginKey>
   <isGlobal>false</isGlobal>
   <xml><![CDATA[<?xml version="1.0" encoding="UTF-8" standalone="no"?>
<configuration xml:space="preserve">
  <filter>
    <pattern>
      <option>none</option>
      <regex/>
    </pattern>
  </filter>
  <changeset>
    <filter>
      <pattern>
        <regex/>
      </pattern>
    </filter>
  </changeset>
  <repository>
    <common>
      <quietPeriod>
        <enabled>false</enabled>
        <period>10</period>
        <maxRetries>5</maxRetries>
      </quietPeriod>
    </common>
    <git>
      <repositoryUrl>http://localhost/Bonobo.Git.Server/SelkieWindsor.git</repositoryUrl>
      <branch>master</branch>
      <useShallowClones>true</useShallowClones>
      <useRemoteAgentCache>false</useRemoteAgentCache>
      <useSubmodules>false</useSubmodules>
      <commandTimeout>180</commandTimeout>
      <verbose>
        <logs>false</logs>
      </verbose>
      <fetch>
        <whole>
          <repository>false</repository>
        </whole>
      </fetch>
      <ssh>
        <key/>
        <passphrase/>
      </ssh>
      <username>bamboo</username>
      <password>YCW7Iv5C7yA=</password>
      <authenticationType>PASSWORD</authenticationType>
    </git>
  </repository>
  <selectedWebRepositoryViewer>bamboo.webrepositoryviewer.provided:noRepositoryViewer</selectedWebRepositoryViewer>
  <bambooDelimiterParsingDisabled>true</bambooDelimiterParsingDisabled>
</configuration>
]]></xml>
  </repository>
  <repository>
   <id>15564804</id>
   <name>Selkie XUnit Extensions</name>
   <pluginKey>com.atlassian.bamboo.plugins.atlassian-bamboo-plugin-git:git</pluginKey>
   <isGlobal>false</isGlobal>
   <xml><![CDATA[<?xml version="1.0" encoding="UTF-8" standalone="no"?>
<configuration xml:space="preserve">
  <filter>
    <pattern>
      <option>none</option>
      <regex/>
    </pattern>
  </filter>
  <changeset>
    <filter>
      <pattern>
        <regex/>
      </pattern>
    </filter>
  </changeset>
  <repository>
    <common>
      <quietPeriod>
        <enabled>false</enabled>
        <period>10</period>
        <maxRetries>5</maxRetries>
      </quietPeriod>
    </common>
    <git>
      <repositoryUrl>http://localhost/Bonobo.Git.Server/SelkieXUnitExtensions.git</repositoryUrl>
      <branch>master</branch>
      <useShallowClones>true</useShallowClones>
      <useRemoteAgentCache>false</useRemoteAgentCache>
      <useSubmodules>false</useSubmodules>
      <commandTimeout>180</commandTimeout>
      <verbose>
        <logs>false</logs>
      </verbose>
      <fetch>
        <whole>
          <repository>false</repository>
        </whole>
      </fetch>
      <ssh>
        <key/>
        <passphrase/>
      </ssh>
      <username>bamboo</username>
      <password>YCW7Iv5C7yA=</password>
      <authenticationType>PASSWORD</authenticationType>
    </git>
  </repository>
  <selectedWebRepositoryViewer>bamboo.webrepositoryviewer.provided:noRepositoryViewer</selectedWebRepositoryViewer>
  <bambooDelimiterParsingDisabled>true</bambooDelimiterParsingDisabled>
</configuration>
]]></xml>
  </repository>
  <repository>
   <id>16809986</id>
   <name>Selkie Geometry</name>
   <pluginKey>com.atlassian.bamboo.plugins.atlassian-bamboo-plugin-git:git</pluginKey>
   <isGlobal>false</isGlobal>
   <xml><![CDATA[<?xml version="1.0" encoding="UTF-8" standalone="no"?>
<configuration xml:space="preserve">
  <filter>
    <pattern>
      <option>none</option>
      <regex/>
    </pattern>
  </filter>
  <changeset>
    <filter>
      <pattern>
        <regex/>
      </pattern>
    </filter>
  </changeset>
  <repository>
    <common>
      <quietPeriod>
        <enabled>false</enabled>
        <period>10</period>
        <maxRetries>5</maxRetries>
      </quietPeriod>
    </common>
    <git>
      <repositoryUrl>http://localhost/Bonobo.Git.Server/SelkieGeometry.git</repositoryUrl>
      <branch>master</branch>
      <useShallowClones>true</useShallowClones>
      <useRemoteAgentCache>false</useRemoteAgentCache>
      <useSubmodules>false</useSubmodules>
      <commandTimeout>180</commandTimeout>
      <verbose>
        <logs>false</logs>
      </verbose>
      <fetch>
        <whole>
          <repository>false</repository>
        </whole>
      </fetch>
      <ssh>
        <key/>
        <passphrase/>
      </ssh>
      <username>bamboo</username>
      <password>YCW7Iv5C7yA=</password>
      <authenticationType>PASSWORD</authenticationType>
    </git>
  </repository>
  <selectedWebRepositoryViewer>bamboo.webrepositoryviewer.provided:noRepositoryViewer</selectedWebRepositoryViewer>
  <bambooDelimiterParsingDisabled>true</bambooDelimiterParsingDisabled>
</configuration>
]]></xml>
  </repository>
  <repository>
   <id>16809989</id>
   <name>Selkie Racetrack</name>
   <pluginKey>com.atlassian.bamboo.plugins.atlassian-bamboo-plugin-git:git</pluginKey>
   <isGlobal>false</isGlobal>
   <xml><![CDATA[<?xml version="1.0" encoding="UTF-8" standalone="no"?>
<configuration xml:space="preserve">
  <filter>
    <pattern>
      <option>none</option>
      <regex/>
    </pattern>
  </filter>
  <changeset>
    <filter>
      <pattern>
        <regex/>
      </pattern>
    </filter>
  </changeset>
  <repository>
    <common>
      <quietPeriod>
        <enabled>false</enabled>
        <period>10</period>
        <maxRetries>5</maxRetries>
      </quietPeriod>
    </common>
    <git>
      <repositoryUrl>http://localhost/Bonobo.Git.Server/SelkieRacetrack.git</repositoryUrl>
      <branch>master</branch>
      <useShallowClones>true</useShallowClones>
      <useRemoteAgentCache>false</useRemoteAgentCache>
      <useSubmodules>false</useSubmodules>
      <commandTimeout>180</commandTimeout>
      <verbose>
        <logs>false</logs>
      </verbose>
      <fetch>
        <whole>
          <repository>false</repository>
        </whole>
      </fetch>
      <ssh>
        <key/>
        <passphrase/>
      </ssh>
      <username>bamboo</username>
      <password>YCW7Iv5C7yA=</password>
      <authenticationType>PASSWORD</authenticationType>
    </git>
  </repository>
  <selectedWebRepositoryViewer>bamboo.webrepositoryviewer.provided:noRepositoryViewer</selectedWebRepositoryViewer>
  <bambooDelimiterParsingDisabled>true</bambooDelimiterParsingDisabled>
</configuration>
]]></xml>
  </repository>
  <repository>
   <id>17956867</id>
   <name>Selkie Services Common</name>
   <pluginKey>com.atlassian.bamboo.plugins.atlassian-bamboo-plugin-git:git</pluginKey>
   <isGlobal>false</isGlobal>
   <xml><![CDATA[<?xml version="1.0" encoding="UTF-8" standalone="no"?>
<configuration xml:space="preserve">
  <filter>
    <pattern>
      <option>none</option>
      <regex/>
    </pattern>
  </filter>
  <changeset>
    <filter>
      <pattern>
        <regex/>
      </pattern>
    </filter>
  </changeset>
  <repository>
    <common>
      <quietPeriod>
        <enabled>false</enabled>
        <period>10</period>
        <maxRetries>5</maxRetries>
      </quietPeriod>
    </common>
    <git>
      <repositoryUrl>http://localhost/Bonobo.Git.Server/SelkieServicesCommon.git</repositoryUrl>
      <branch>master</branch>
      <useShallowClones>true</useShallowClones>
      <useRemoteAgentCache>false</useRemoteAgentCache>
      <useSubmodules>false</useSubmodules>
      <commandTimeout>180</commandTimeout>
      <verbose>
        <logs>false</logs>
      </verbose>
      <fetch>
        <whole>
          <repository>false</repository>
        </whole>
      </fetch>
      <ssh>
        <key/>
        <passphrase/>
      </ssh>
      <username>bamboo</username>
      <password>YCW7Iv5C7yA=</password>
      <authenticationType>PASSWORD</authenticationType>
    </git>
  </repository>
  <selectedWebRepositoryViewer>bamboo.webrepositoryviewer.provided:noRepositoryViewer</selectedWebRepositoryViewer>
  <bambooDelimiterParsingDisabled>true</bambooDelimiterParsingDisabled>
</configuration>
]]></xml>
  </repository>
 </repositories>
</bamboo>