<?xml version='1.1' encoding='UTF-8' standalone='yes'?>
<bamboo>
 <date>Sun Mar 29 21:07:03 AEDT 2015</date>
 <version>5.7.2</version>
 <buildDate>02-Dec-2014</buildDate>
 <build>5716</build>
 <serverID>BG3Y-XJ99-GC6Z-FPP1</serverID>
 <vcsBranches>
  <vcsBranch>
   <name>master</name>
   <chainId>5013509</chainId>
  </vcsBranch>
  <vcsBranch>
   <name>master</name>
   <chainId>6553601</chainId>
  </vcsBranch>
  <vcsBranch>
   <name>development</name>
   <chainId>5013509</chainId>
  </vcsBranch>
  <vcsBranch>
   <name>master</name>
   <chainId>7569415</chainId>
  </vcsBranch>
  <vcsBranch>
   <name>development</name>
   <chainId>7569415</chainId>
  </vcsBranch>
  <vcsBranch>
   <name>development</name>
   <chainId>393217</chainId>
  </vcsBranch>
  <vcsBranch>
   <name>master</name>
   <chainId>393217</chainId>
  </vcsBranch>
  <vcsBranch>
   <name>master</name>
   <chainId>7569412</chainId>
  </vcsBranch>
  <vcsBranch>
   <name>master</name>
   <chainId>16547844</chainId>
  </vcsBranch>
  <vcsBranch>
   <name>master</name>
   <chainId>17661953</chainId>
  </vcsBranch>
 </vcsBranches>
</bamboo>