<?xml version='1.0' encoding='UTF-8'?>
<backup xmlns="http://www.atlassian.com/ao" xmlns:xsi="http://www.w3.org/2001/XMLSchema-instance">
  <database>
    <meta key="database.name" value="HSQL Database Engine"/>
    <meta key="database.version" value="1.8.0"/>
    <meta key="database.minorVersion" value="8"/>
    <meta key="database.majorVersion" value="1"/>
    <meta key="driver.name" value="HSQL Database Engine Driver"/>
    <meta key="driver.version" value="1.8.0"/>
  </database>
  <table name="AO_38321B_CUSTOM_CONTENT_LINK">
    <column name="CONTENT_KEY" primaryKey="false" autoIncrement="false" sqlType="12" precision="255"/>
    <column name="ID" primaryKey="true" autoIncrement="true" sqlType="4" precision="10"/>
    <column name="LINK_LABEL" primaryKey="false" autoIncrement="false" sqlType="12" precision="255"/>
    <column name="LINK_URL" primaryKey="false" autoIncrement="false" sqlType="12" precision="255"/>
    <column name="SEQUENCE" primaryKey="false" autoIncrement="false" sqlType="4" precision="10"/>
  </table>
  <table name="AO_7A45FB_AOTRACKING_ENTRY">
    <column name="ACTIVE" primaryKey="false" autoIncrement="false" sqlType="16" precision="1"/>
    <column name="PLAN_ID" primaryKey="false" autoIncrement="false" sqlType="-5" precision="19"/>
    <column name="TRACKING_ID" primaryKey="true" autoIncrement="true" sqlType="4" precision="10"/>
  </table>
  <table name="AO_7A45FB_AOTRACKING_RESULT">
    <column name="BUILD_NUMBER" primaryKey="false" autoIncrement="false" sqlType="4" precision="10"/>
    <column name="LINKED_TRACKING_ENTRY_ID" primaryKey="false" autoIncrement="false" sqlType="4" precision="10"/>
    <column name="RESULT_ID" primaryKey="true" autoIncrement="true" sqlType="4" precision="10"/>
    <column name="RESULT_SUMMARY_ID" primaryKey="false" autoIncrement="false" sqlType="-5" precision="19"/>
    <foreignKey fromTable="AO_7A45FB_AOTRACKING_RESULT" fromColumn="LINKED_TRACKING_ENTRY_ID" toTable="AO_7A45FB_AOTRACKING_ENTRY" toColumn="TRACKING_ID"/>
  </table>
  <table name="AO_7A45FB_AOTRACKING_USER">
    <column name="LINKED_TRACKING_ENTRY_ID" primaryKey="false" autoIncrement="false" sqlType="4" precision="10"/>
    <column name="USERNAME" primaryKey="false" autoIncrement="false" sqlType="12" precision="255"/>
    <column name="USER_ID" primaryKey="true" autoIncrement="true" sqlType="4" precision="10"/>
    <column name="USER_WHO_UPDATED" primaryKey="false" autoIncrement="false" sqlType="12" precision="255"/>
    <foreignKey fromTable="AO_7A45FB_AOTRACKING_USER" fromColumn="LINKED_TRACKING_ENTRY_ID" toTable="AO_7A45FB_AOTRACKING_ENTRY" toColumn="TRACKING_ID"/>
  </table>
  <table name="AO_A0B856_WEB_HOOK_LISTENER_AO">
    <column name="ENABLED" primaryKey="false" autoIncrement="false" sqlType="16" precision="1"/>
    <column name="EVENTS" primaryKey="false" autoIncrement="false" sqlType="-1" precision="2147483647"/>
    <column name="ID" primaryKey="true" autoIncrement="true" sqlType="4" precision="10"/>
    <column name="LAST_UPDATED" primaryKey="false" autoIncrement="false" sqlType="93" precision="29"/>
    <column name="LAST_UPDATED_USER" primaryKey="false" autoIncrement="false" sqlType="12" precision="255"/>
    <column name="NAME" primaryKey="false" autoIncrement="false" sqlType="-1" precision="2147483647"/>
    <column name="PARAMETERS" primaryKey="false" autoIncrement="false" sqlType="-1" precision="2147483647"/>
    <column name="REGISTRATION_METHOD" primaryKey="false" autoIncrement="false" sqlType="12" precision="255"/>
    <column name="URL" primaryKey="false" autoIncrement="false" sqlType="-1" precision="2147483647"/>
  </table>
  <data tableName="AO_38321B_CUSTOM_CONTENT_LINK">
    <column name="CONTENT_KEY"/>
    <column name="ID"/>
    <column name="LINK_LABEL"/>
    <column name="LINK_URL"/>
    <column name="SEQUENCE"/>
  </data>
  <data tableName="AO_7A45FB_AOTRACKING_ENTRY">
    <column name="ACTIVE"/>
    <column name="PLAN_ID"/>
    <column name="TRACKING_ID"/>
    <row>
      <boolean>false</boolean>
      <integer>393217</integer>
      <integer>1</integer>
    </row>
    <row>
      <boolean>false</boolean>
      <integer>393217</integer>
      <integer>2</integer>
    </row>
    <row>
      <boolean>false</boolean>
      <integer>393217</integer>
      <integer>3</integer>
    </row>
    <row>
      <boolean>false</boolean>
      <integer>1048578</integer>
      <integer>4</integer>
    </row>
    <row>
      <boolean>false</boolean>
      <integer>393217</integer>
      <integer>5</integer>
    </row>
    <row>
      <boolean>false</boolean>
      <integer>393217</integer>
      <integer>6</integer>
    </row>
    <row>
      <boolean>false</boolean>
      <integer>393217</integer>
      <integer>7</integer>
    </row>
    <row>
      <boolean>false</boolean>
      <integer>393217</integer>
      <integer>8</integer>
    </row>
    <row>
      <boolean>false</boolean>
      <integer>393217</integer>
      <integer>9</integer>
    </row>
    <row>
      <boolean>false</boolean>
      <integer>393217</integer>
      <integer>10</integer>
    </row>
    <row>
      <boolean>false</boolean>
      <integer>393217</integer>
      <integer>11</integer>
    </row>
    <row>
      <boolean>false</boolean>
      <integer>393217</integer>
      <integer>12</integer>
    </row>
    <row>
      <boolean>false</boolean>
      <integer>393217</integer>
      <integer>13</integer>
    </row>
    <row>
      <boolean>false</boolean>
      <integer>393217</integer>
      <integer>14</integer>
    </row>
    <row>
      <boolean>false</boolean>
      <integer>393217</integer>
      <integer>15</integer>
    </row>
    <row>
      <boolean>false</boolean>
      <integer>393217</integer>
      <integer>16</integer>
    </row>
    <row>
      <boolean>false</boolean>
      <integer>393217</integer>
      <integer>17</integer>
    </row>
    <row>
      <boolean>false</boolean>
      <integer>5013509</integer>
      <integer>19</integer>
    </row>
    <row>
      <boolean>false</boolean>
      <integer>5013509</integer>
      <integer>20</integer>
    </row>
    <row>
      <boolean>false</boolean>
      <integer>6553601</integer>
      <integer>21</integer>
    </row>
    <row>
      <boolean>false</boolean>
      <integer>6553601</integer>
      <integer>22</integer>
    </row>
    <row>
      <boolean>false</boolean>
      <integer>6553601</integer>
      <integer>23</integer>
    </row>
    <row>
      <boolean>false</boolean>
      <integer>6553601</integer>
      <integer>24</integer>
    </row>
    <row>
      <boolean>false</boolean>
      <integer>6553601</integer>
      <integer>25</integer>
    </row>
    <row>
      <boolean>false</boolean>
      <integer>393217</integer>
      <integer>26</integer>
    </row>
    <row>
      <boolean>false</boolean>
      <integer>393217</integer>
      <integer>27</integer>
    </row>
    <row>
      <boolean>false</boolean>
      <integer>7569412</integer>
      <integer>29</integer>
    </row>
    <row>
      <boolean>false</boolean>
      <integer>5013509</integer>
      <integer>30</integer>
    </row>
    <row>
      <boolean>false</boolean>
      <integer>7569412</integer>
      <integer>31</integer>
    </row>
    <row>
      <boolean>false</boolean>
      <integer>7569415</integer>
      <integer>32</integer>
    </row>
    <row>
      <boolean>false</boolean>
      <integer>7569415</integer>
      <integer>33</integer>
    </row>
    <row>
      <boolean>false</boolean>
      <integer>7569415</integer>
      <integer>34</integer>
    </row>
    <row>
      <boolean>false</boolean>
      <integer>7569415</integer>
      <integer>35</integer>
    </row>
    <row>
      <boolean>false</boolean>
      <integer>7569415</integer>
      <integer>36</integer>
    </row>
    <row>
      <boolean>false</boolean>
      <integer>7569415</integer>
      <integer>37</integer>
    </row>
    <row>
      <boolean>false</boolean>
      <integer>7569415</integer>
      <integer>38</integer>
    </row>
    <row>
      <boolean>false</boolean>
      <integer>7569415</integer>
      <integer>39</integer>
    </row>
    <row>
      <boolean>false</boolean>
      <integer>7569415</integer>
      <integer>40</integer>
    </row>
    <row>
      <boolean>false</boolean>
      <integer>7569415</integer>
      <integer>41</integer>
    </row>
    <row>
      <boolean>false</boolean>
      <integer>5013509</integer>
      <integer>42</integer>
    </row>
    <row>
      <boolean>false</boolean>
      <integer>393217</integer>
      <integer>43</integer>
    </row>
    <row>
      <boolean>false</boolean>
      <integer>393217</integer>
      <integer>44</integer>
    </row>
    <row>
      <boolean>false</boolean>
      <integer>7569415</integer>
      <integer>45</integer>
    </row>
    <row>
      <boolean>false</boolean>
      <integer>5013509</integer>
      <integer>46</integer>
    </row>
    <row>
      <boolean>false</boolean>
      <integer>7569415</integer>
      <integer>48</integer>
    </row>
    <row>
      <boolean>false</boolean>
      <integer>7569412</integer>
      <integer>49</integer>
    </row>
    <row>
      <boolean>false</boolean>
      <integer>12845062</integer>
      <integer>50</integer>
    </row>
    <row>
      <boolean>false</boolean>
      <integer>393217</integer>
      <integer>51</integer>
    </row>
    <row>
      <boolean>false</boolean>
      <integer>7569412</integer>
      <integer>52</integer>
    </row>
    <row>
      <boolean>false</boolean>
      <integer>393217</integer>
      <integer>53</integer>
    </row>
    <row>
      <boolean>false</boolean>
      <integer>6553601</integer>
      <integer>54</integer>
    </row>
    <row>
      <boolean>false</boolean>
      <integer>7569415</integer>
      <integer>55</integer>
    </row>
    <row>
      <boolean>false</boolean>
      <integer>12845062</integer>
      <integer>56</integer>
    </row>
    <row>
      <boolean>false</boolean>
      <integer>393217</integer>
      <integer>57</integer>
    </row>
    <row>
      <boolean>false</boolean>
      <integer>6553601</integer>
      <integer>58</integer>
    </row>
    <row>
      <boolean>false</boolean>
      <integer>5013509</integer>
      <integer>59</integer>
    </row>
    <row>
      <boolean>false</boolean>
      <integer>16547841</integer>
      <integer>60</integer>
    </row>
    <row>
      <boolean>false</boolean>
      <integer>16547844</integer>
      <integer>61</integer>
    </row>
    <row>
      <boolean>false</boolean>
      <integer>17661953</integer>
      <integer>62</integer>
    </row>
    <row>
      <boolean>false</boolean>
      <integer>17661953</integer>
      <integer>63</integer>
    </row>
    <row>
      <boolean>false</boolean>
      <integer>17661953</integer>
      <integer>64</integer>
    </row>
    <row>
      <boolean>false</boolean>
      <integer>17661953</integer>
      <integer>65</integer>
    </row>
    <row>
      <boolean>false</boolean>
      <integer>17661953</integer>
      <integer>66</integer>
    </row>
    <row>
      <boolean>false</boolean>
      <integer>7569415</integer>
      <integer>67</integer>
    </row>
    <row>
      <boolean>false</boolean>
      <integer>17661953</integer>
      <integer>68</integer>
    </row>
    <row>
      <boolean>false</boolean>
      <integer>5013509</integer>
      <integer>69</integer>
    </row>
    <row>
      <boolean>false</boolean>
      <integer>7569415</integer>
      <integer>70</integer>
    </row>
    <row>
      <boolean>false</boolean>
      <integer>6553601</integer>
      <integer>71</integer>
    </row>
    <row>
      <boolean>false</boolean>
      <integer>23953412</integer>
      <integer>72</integer>
    </row>
    <row>
      <boolean>false</boolean>
      <integer>23953412</integer>
      <integer>73</integer>
    </row>
    <row>
      <boolean>false</boolean>
      <integer>23953412</integer>
      <integer>74</integer>
    </row>
    <row>
      <boolean>false</boolean>
      <integer>23953412</integer>
      <integer>75</integer>
    </row>
    <row>
      <boolean>false</boolean>
      <integer>26836993</integer>
      <integer>76</integer>
    </row>
    <row>
      <boolean>false</boolean>
      <integer>27721729</integer>
      <integer>77</integer>
    </row>
    <row>
      <boolean>false</boolean>
      <integer>29655041</integer>
      <integer>78</integer>
    </row>
    <row>
      <boolean>false</boolean>
      <integer>27721729</integer>
      <integer>79</integer>
    </row>
    <row>
      <boolean>false</boolean>
      <integer>17661953</integer>
      <integer>80</integer>
    </row>
    <row>
      <boolean>false</boolean>
      <integer>16547841</integer>
      <integer>81</integer>
    </row>
    <row>
      <boolean>false</boolean>
      <integer>29655041</integer>
      <integer>82</integer>
    </row>
    <row>
      <boolean>false</boolean>
      <integer>29655041</integer>
      <integer>83</integer>
    </row>
    <row>
      <boolean>false</boolean>
      <integer>23953412</integer>
      <integer>84</integer>
    </row>
    <row>
      <boolean>false</boolean>
      <integer>29655041</integer>
      <integer>85</integer>
    </row>
    <row>
      <boolean>false</boolean>
      <integer>23953412</integer>
      <integer>86</integer>
    </row>
    <row>
      <boolean>false</boolean>
      <integer>23953412</integer>
      <integer>87</integer>
    </row>
    <row>
      <boolean>false</boolean>
      <integer>23953412</integer>
      <integer>88</integer>
    </row>
    <row>
      <boolean>false</boolean>
      <integer>12845062</integer>
      <integer>89</integer>
    </row>
    <row>
      <boolean>false</boolean>
      <integer>7569415</integer>
      <integer>90</integer>
    </row>
    <row>
      <boolean>false</boolean>
      <integer>5013509</integer>
      <integer>91</integer>
    </row>
    <row>
      <boolean>false</boolean>
      <integer>7569415</integer>
      <integer>92</integer>
    </row>
    <row>
      <boolean>false</boolean>
      <integer>16547841</integer>
      <integer>93</integer>
    </row>
    <row>
      <boolean>false</boolean>
      <integer>5013509</integer>
      <integer>94</integer>
    </row>
    <row>
      <boolean>false</boolean>
      <integer>5013509</integer>
      <integer>95</integer>
    </row>
    <row>
      <boolean>false</boolean>
      <integer>5013509</integer>
      <integer>96</integer>
    </row>
    <row>
      <boolean>false</boolean>
      <integer>12845062</integer>
      <integer>97</integer>
    </row>
    <row>
      <boolean>false</boolean>
      <integer>7569412</integer>
      <integer>98</integer>
    </row>
    <row>
      <boolean>false</boolean>
      <integer>29655041</integer>
      <integer>99</integer>
    </row>
  </data>
  <data tableName="AO_7A45FB_AOTRACKING_RESULT">
    <column name="BUILD_NUMBER"/>
    <column name="LINKED_TRACKING_ENTRY_ID"/>
    <column name="RESULT_ID"/>
    <column name="RESULT_SUMMARY_ID"/>
    <row>
      <integer>94</integer>
      <integer>71</integer>
      <integer>346</integer>
      <integer>22773761</integer>
    </row>
    <row>
      <integer>83</integer>
      <integer>86</integer>
      <integer>422</integer>
      <integer>34537580</integer>
    </row>
    <row>
      <integer>84</integer>
      <integer>86</integer>
      <integer>423</integer>
      <integer>34537584</integer>
    </row>
    <row>
      <integer>85</integer>
      <integer>86</integer>
      <integer>424</integer>
      <integer>34537588</integer>
    </row>
    <row>
      <integer>86</integer>
      <integer>86</integer>
      <integer>425</integer>
      <integer>34537592</integer>
    </row>
    <row>
      <integer>87</integer>
      <integer>86</integer>
      <integer>426</integer>
      <integer>34537596</integer>
    </row>
    <row>
      <integer>88</integer>
      <integer>86</integer>
      <integer>427</integer>
      <integer>34537600</integer>
    </row>
    <row>
      <integer>89</integer>
      <integer>86</integer>
      <integer>428</integer>
      <integer>34537604</integer>
    </row>
    <row>
      <integer>90</integer>
      <integer>86</integer>
      <integer>429</integer>
      <integer>34537607</integer>
    </row>
    <row>
      <integer>91</integer>
      <integer>86</integer>
      <integer>430</integer>
      <integer>34537610</integer>
    </row>
    <row>
      <integer>92</integer>
      <integer>86</integer>
      <integer>431</integer>
      <integer>34537613</integer>
    </row>
    <row>
      <integer>93</integer>
      <integer>86</integer>
      <integer>432</integer>
      <integer>34537616</integer>
    </row>
    <row>
      <integer>94</integer>
      <integer>86</integer>
      <integer>433</integer>
      <integer>34537619</integer>
    </row>
    <row>
      <integer>95</integer>
      <integer>86</integer>
      <integer>434</integer>
      <integer>34537622</integer>
    </row>
    <row>
      <integer>96</integer>
      <integer>86</integer>
      <integer>435</integer>
      <integer>34537625</integer>
    </row>
    <row>
      <integer>97</integer>
      <integer>86</integer>
      <integer>436</integer>
      <integer>34537628</integer>
    </row>
    <row>
      <integer>98</integer>
      <integer>86</integer>
      <integer>437</integer>
      <integer>34537631</integer>
    </row>
    <row>
      <integer>99</integer>
      <integer>86</integer>
      <integer>438</integer>
      <integer>34537634</integer>
    </row>
    <row>
      <integer>100</integer>
      <integer>86</integer>
      <integer>439</integer>
      <integer>34537637</integer>
    </row>
    <row>
      <integer>102</integer>
      <integer>87</integer>
      <integer>440</integer>
      <integer>34537643</integer>
    </row>
    <row>
      <integer>108</integer>
      <integer>88</integer>
      <integer>441</integer>
      <integer>34537661</integer>
    </row>
    <row>
      <integer>109</integer>
      <integer>88</integer>
      <integer>442</integer>
      <integer>34537664</integer>
    </row>
    <row>
      <integer>110</integer>
      <integer>88</integer>
      <integer>443</integer>
      <integer>34537667</integer>
    </row>
    <row>
      <integer>113</integer>
      <integer>89</integer>
      <integer>444</integer>
      <integer>34537682</integer>
    </row>
    <row>
      <integer>73</integer>
      <integer>80</integer>
      <integer>445</integer>
      <integer>34537688</integer>
    </row>
    <row>
      <integer>74</integer>
      <integer>80</integer>
      <integer>446</integer>
      <integer>34537694</integer>
    </row>
    <row>
      <integer>209</integer>
      <integer>90</integer>
      <integer>447</integer>
      <integer>34537730</integer>
    </row>
    <row>
      <integer>210</integer>
      <integer>90</integer>
      <integer>448</integer>
      <integer>34537733</integer>
    </row>
    <row>
      <integer>211</integer>
      <integer>90</integer>
      <integer>449</integer>
      <integer>34537736</integer>
    </row>
    <row>
      <integer>212</integer>
      <integer>90</integer>
      <integer>450</integer>
      <integer>34537739</integer>
    </row>
    <row>
      <integer>213</integer>
      <integer>90</integer>
      <integer>451</integer>
      <integer>34537742</integer>
    </row>
    <row>
      <integer>214</integer>
      <integer>90</integer>
      <integer>452</integer>
      <integer>34537745</integer>
    </row>
    <row>
      <integer>215</integer>
      <integer>90</integer>
      <integer>453</integer>
      <integer>34537748</integer>
    </row>
    <row>
      <integer>216</integer>
      <integer>90</integer>
      <integer>454</integer>
      <integer>34537751</integer>
    </row>
    <row>
      <integer>217</integer>
      <integer>90</integer>
      <integer>455</integer>
      <integer>34537754</integer>
    </row>
    <row>
      <integer>218</integer>
      <integer>90</integer>
      <integer>456</integer>
      <integer>34537757</integer>
    </row>
    <row>
      <integer>219</integer>
      <integer>90</integer>
      <integer>457</integer>
      <integer>34537760</integer>
    </row>
    <row>
      <integer>220</integer>
      <integer>90</integer>
      <integer>458</integer>
      <integer>34537763</integer>
    </row>
    <row>
      <integer>221</integer>
      <integer>90</integer>
      <integer>459</integer>
      <integer>34537766</integer>
    </row>
    <row>
      <integer>222</integer>
      <integer>90</integer>
      <integer>460</integer>
      <integer>34537769</integer>
    </row>
    <row>
      <integer>223</integer>
      <integer>90</integer>
      <integer>461</integer>
      <integer>34537772</integer>
    </row>
    <row>
      <integer>224</integer>
      <integer>90</integer>
      <integer>462</integer>
      <integer>34537775</integer>
    </row>
    <row>
      <integer>225</integer>
      <integer>90</integer>
      <integer>463</integer>
      <integer>34537778</integer>
    </row>
    <row>
      <integer>226</integer>
      <integer>90</integer>
      <integer>464</integer>
      <integer>34537781</integer>
    </row>
    <row>
      <integer>121</integer>
      <integer>91</integer>
      <integer>465</integer>
      <integer>34537790</integer>
    </row>
    <row>
      <integer>122</integer>
      <integer>91</integer>
      <integer>466</integer>
      <integer>34537793</integer>
    </row>
    <row>
      <integer>123</integer>
      <integer>91</integer>
      <integer>467</integer>
      <integer>34537796</integer>
    </row>
    <row>
      <integer>124</integer>
      <integer>91</integer>
      <integer>468</integer>
      <integer>34537799</integer>
    </row>
    <row>
      <integer>125</integer>
      <integer>91</integer>
      <integer>469</integer>
      <integer>34537802</integer>
    </row>
    <row>
      <integer>126</integer>
      <integer>91</integer>
      <integer>470</integer>
      <integer>34537805</integer>
    </row>
    <row>
      <integer>127</integer>
      <integer>91</integer>
      <integer>471</integer>
      <integer>34537808</integer>
    </row>
    <row>
      <integer>128</integer>
      <integer>91</integer>
      <integer>472</integer>
      <integer>34537811</integer>
    </row>
    <row>
      <integer>129</integer>
      <integer>91</integer>
      <integer>473</integer>
      <integer>34537814</integer>
    </row>
    <row>
      <integer>228</integer>
      <integer>92</integer>
      <integer>474</integer>
      <integer>34537817</integer>
    </row>
    <row>
      <integer>229</integer>
      <integer>92</integer>
      <integer>475</integer>
      <integer>34537820</integer>
    </row>
    <row>
      <integer>47</integer>
      <integer>93</integer>
      <integer>476</integer>
      <integer>34537826</integer>
    </row>
    <row>
      <integer>131</integer>
      <integer>94</integer>
      <integer>477</integer>
      <integer>34537829</integer>
    </row>
    <row>
      <integer>48</integer>
      <integer>93</integer>
      <integer>478</integer>
      <integer>34537835</integer>
    </row>
    <row>
      <integer>133</integer>
      <integer>95</integer>
      <integer>479</integer>
      <integer>34537838</integer>
    </row>
    <row>
      <integer>49</integer>
      <integer>93</integer>
      <integer>480</integer>
      <integer>34537844</integer>
    </row>
    <row>
      <integer>135</integer>
      <integer>96</integer>
      <integer>481</integer>
      <integer>34537847</integer>
    </row>
    <row>
      <integer>50</integer>
      <integer>93</integer>
      <integer>482</integer>
      <integer>34537853</integer>
    </row>
    <row>
      <integer>230</integer>
      <integer>92</integer>
      <integer>483</integer>
      <integer>34537856</integer>
    </row>
    <row>
      <integer>116</integer>
      <integer>97</integer>
      <integer>484</integer>
      <integer>34537859</integer>
    </row>
    <row>
      <integer>75</integer>
      <integer>98</integer>
      <integer>485</integer>
      <integer>34537946</integer>
    </row>
    <row>
      <integer>30</integer>
      <integer>99</integer>
      <integer>486</integer>
      <integer>34537964</integer>
    </row>
  </data>
  <data tableName="AO_7A45FB_AOTRACKING_USER">
    <column name="LINKED_TRACKING_ENTRY_ID"/>
    <column name="USERNAME"/>
    <column name="USER_ID"/>
    <column name="USER_WHO_UPDATED"/>
    <row>
      <integer>30</integer>
      <string>thomas</string>
      <integer>1</integer>
      <string xsi:nil="true"/>
    </row>
    <row>
      <integer>42</integer>
      <string>thomas</string>
      <integer>2</integer>
      <string xsi:nil="true"/>
    </row>
    <row>
      <integer>45</integer>
      <string>thomas</string>
      <integer>3</integer>
      <string xsi:nil="true"/>
    </row>
    <row>
      <integer>46</integer>
      <string>thomas</string>
      <integer>4</integer>
      <string xsi:nil="true"/>
    </row>
    <row>
      <integer>51</integer>
      <string>thomas</string>
      <integer>6</integer>
      <string xsi:nil="true"/>
    </row>
    <row>
      <integer>52</integer>
      <string>thomas</string>
      <integer>7</integer>
      <string xsi:nil="true"/>
    </row>
    <row>
      <integer>53</integer>
      <string>thomas</string>
      <integer>8</integer>
      <string xsi:nil="true"/>
    </row>
    <row>
      <integer>55</integer>
      <string>thomas</string>
      <integer>9</integer>
      <string xsi:nil="true"/>
    </row>
    <row>
      <integer>57</integer>
      <string>thomas</string>
      <integer>10</integer>
      <string xsi:nil="true"/>
    </row>
    <row>
      <integer>58</integer>
      <string>thomas</string>
      <integer>11</integer>
      <string xsi:nil="true"/>
    </row>
    <row>
      <integer>63</integer>
      <string>thomas</string>
      <integer>12</integer>
      <string xsi:nil="true"/>
    </row>
    <row>
      <integer>64</integer>
      <string>thomas</string>
      <integer>13</integer>
      <string xsi:nil="true"/>
    </row>
    <row>
      <integer>66</integer>
      <string>thomas</string>
      <integer>14</integer>
      <string xsi:nil="true"/>
    </row>
    <row>
      <integer>67</integer>
      <string>thomas</string>
      <integer>15</integer>
      <string xsi:nil="true"/>
    </row>
    <row>
      <integer>68</integer>
      <string>thomas</string>
      <integer>16</integer>
      <string xsi:nil="true"/>
    </row>
    <row>
      <integer>69</integer>
      <string>thomas</string>
      <integer>17</integer>
      <string xsi:nil="true"/>
    </row>
    <row>
      <integer>73</integer>
      <string>thomas</string>
      <integer>18</integer>
      <string xsi:nil="true"/>
    </row>
    <row>
      <integer>74</integer>
      <string>thomas</string>
      <integer>19</integer>
      <string xsi:nil="true"/>
    </row>
    <row>
      <integer>79</integer>
      <string>thomas</string>
      <integer>20</integer>
      <string xsi:nil="true"/>
    </row>
    <row>
      <integer>80</integer>
      <string>thomas</string>
      <integer>21</integer>
      <string xsi:nil="true"/>
    </row>
    <row>
      <integer>81</integer>
      <string>thomas</string>
      <integer>22</integer>
      <string xsi:nil="true"/>
    </row>
    <row>
      <integer>82</integer>
      <string>thomas</string>
      <integer>23</integer>
      <string xsi:nil="true"/>
    </row>
    <row>
      <integer>83</integer>
      <string>thomas</string>
      <integer>24</integer>
      <string xsi:nil="true"/>
    </row>
    <row>
      <integer>84</integer>
      <string>thomas</string>
      <integer>25</integer>
      <string xsi:nil="true"/>
    </row>
    <row>
      <integer>85</integer>
      <string>thomas</string>
      <integer>26</integer>
      <string xsi:nil="true"/>
    </row>
    <row>
      <integer>86</integer>
      <string>thomas</string>
      <integer>27</integer>
      <string xsi:nil="true"/>
    </row>
    <row>
      <integer>87</integer>
      <string>thomas</string>
      <integer>28</integer>
      <string xsi:nil="true"/>
    </row>
    <row>
      <integer>89</integer>
      <string>thomas</string>
      <integer>29</integer>
      <string xsi:nil="true"/>
    </row>
    <row>
      <integer>91</integer>
      <string>thomas</string>
      <integer>30</integer>
      <string xsi:nil="true"/>
    </row>
    <row>
      <integer>92</integer>
      <string>thomas</string>
      <integer>31</integer>
      <string xsi:nil="true"/>
    </row>
    <row>
      <integer>94</integer>
      <string>thomas</string>
      <integer>32</integer>
      <string xsi:nil="true"/>
    </row>
    <row>
      <integer>96</integer>
      <string>thomas</string>
      <integer>33</integer>
      <string xsi:nil="true"/>
    </row>
    <row>
      <integer>98</integer>
      <string>thomas</string>
      <integer>34</integer>
      <string xsi:nil="true"/>
    </row>
  </data>
  <data tableName="AO_A0B856_WEB_HOOK_LISTENER_AO">
    <column name="ENABLED"/>
    <column name="EVENTS"/>
    <column name="ID"/>
    <column name="LAST_UPDATED"/>
    <column name="LAST_UPDATED_USER"/>
    <column name="NAME"/>
    <column name="PARAMETERS"/>
    <column name="REGISTRATION_METHOD"/>
    <column name="URL"/>
  </data>
</backup>