<?xml version='1.1' encoding='UTF-8' standalone='yes'?>
<bamboo>
 <date>Sun May 03 17:59:56 AEST 2015</date>
 <version>5.7.2</version>
 <buildDate>02-Dec-2014</buildDate>
 <build>5716</build>
 <serverID>BG3Y-XJ99-GC6Z-FPP1</serverID>
 <artifactDefinitions>
  <definition>
   <id>3112965</id>
   <name>NuGet Package</name>
   <location>Source/NuGet.Selkie.Windsor</location>
   <copyPattern>Selkie.*.nupkg</copyPattern>
   <sharedArtifact>true</sharedArtifact>
   <producerJob>SW-MAS-GRB</producerJob>
  </definition>
  <definition>
   <id>5865473</id>
   <name>NuGet Package</name>
   <location>Source/NuGet.Selkie.Common</location>
   <copyPattern>Selkie.*.nupkg</copyPattern>
   <sharedArtifact>true</sharedArtifact>
   <producerJob>SC-MAS-GRB</producerJob>
  </definition>
  <definition>
   <id>5865474</id>
   <name>NuGet Package</name>
   <location>Source/NuGet.Selkie.NUnit.Extensions</location>
   <copyPattern>Selkie.NUnit.Extensions.*.nupkg</copyPattern>
   <sharedArtifact>true</sharedArtifact>
   <producerJob>SNE-MN-GRB</producerJob>
  </definition>
  <definition>
   <id>6815747</id>
   <name>Source</name>
   <location>Source</location>
   <copyPattern>**/*</copyPattern>
   <sharedArtifact>true</sharedArtifact>
   <producerJob>SNE-MN-JOB1</producerJob>
  </definition>
  <definition>
   <id>6815748</id>
   <name>Source</name>
   <location>Source</location>
   <copyPattern>**/*</copyPattern>
   <sharedArtifact>true</sharedArtifact>
   <producerJob>SC-MAS-JOB1</producerJob>
  </definition>
  <definition>
   <id>6815749</id>
   <name>Source</name>
   <location>Source</location>
   <copyPattern>**/*</copyPattern>
   <sharedArtifact>true</sharedArtifact>
   <producerJob>SW-MAS-JOB1</producerJob>
  </definition>
  <definition>
   <id>6815753</id>
   <name>Source</name>
   <location>Source</location>
   <copyPattern>**/*</copyPattern>
   <sharedArtifact>true</sharedArtifact>
   <producerJob>SXE-MAS-JOB1</producerJob>
  </definition>
  <definition>
   <id>6815754</id>
   <name>NuGet Package</name>
   <location>Source/NuGet.Selkie.XUnit.Extensions</location>
   <copyPattern>Selkie.XUnit.Extensions.*.nupkg</copyPattern>
   <sharedArtifact>true</sharedArtifact>
   <producerJob>SXE-MAS-GRB</producerJob>
  </definition>
  <definition>
   <id>6815756</id>
   <name>Source</name>
   <location>Source</location>
   <copyPattern>**/*</copyPattern>
   <sharedArtifact>true</sharedArtifact>
   <producerJob>SACO-MAS-JOB1</producerJob>
  </definition>
  <definition>
   <id>6815758</id>
   <name>NuGet Package</name>
   <location>Source/NuGet.Selkie.ACO</location>
   <copyPattern>Selkie.*.nupkg</copyPattern>
   <sharedArtifact>true</sharedArtifact>
   <producerJob>SACO-MAS-GRB</producerJob>
  </definition>
  <definition>
   <id>12779521</id>
   <name>ReSharper Results</name>
   <location>Source</location>
   <copyPattern>ReSharperResults.xml</copyPattern>
   <sharedArtifact>false</sharedArtifact>
   <producerJob>SC-MAS-JOB1</producerJob>
  </definition>
  <definition>
   <id>12779522</id>
   <name>ReSharper Results</name>
   <location>Source</location>
   <copyPattern>ReSharperResults.xml</copyPattern>
   <sharedArtifact>false</sharedArtifact>
   <producerJob>SACO-MAS-JOB1</producerJob>
  </definition>
  <definition>
   <id>12779523</id>
   <name>ReSharper Results</name>
   <location>Source</location>
   <copyPattern>ReSharperResults.xml</copyPattern>
   <sharedArtifact>false</sharedArtifact>
   <producerJob>SW-MAS-JOB1</producerJob>
  </definition>
  <definition>
   <id>12779524</id>
   <name>ReSharper Results</name>
   <location>Source</location>
   <copyPattern>ReSharperResults.xml</copyPattern>
   <sharedArtifact>false</sharedArtifact>
   <producerJob>SNE-MN-JOB1</producerJob>
  </definition>
  <definition>
   <id>12779525</id>
   <name>ReSharper Results</name>
   <location>Source</location>
   <copyPattern>ReSharperResults.xml</copyPattern>
   <sharedArtifact>false</sharedArtifact>
   <producerJob>SXE-MAS-JOB1</producerJob>
  </definition>
  <definition>
   <id>12779526</id>
   <name>Source</name>
   <location>Source</location>
   <copyPattern>**/*</copyPattern>
   <sharedArtifact>true</sharedArtifact>
   <producerJob>SE-MAS-JOB1</producerJob>
  </definition>
  <definition>
   <id>12779527</id>
   <name>ReSharper Results</name>
   <location>Source</location>
   <copyPattern>ReSharperResults.xml</copyPattern>
   <sharedArtifact>false</sharedArtifact>
   <producerJob>SE-MAS-JOB1</producerJob>
  </definition>
  <definition>
   <id>12779528</id>
   <name>NuGet Package</name>
   <location>Source/NuGet.Selkie.EasyNetQ</location>
   <copyPattern>Selkie.*.nupkg</copyPattern>
   <sharedArtifact>true</sharedArtifact>
   <producerJob>SE-MAS-GRB</producerJob>
  </definition>
  <definition>
   <id>16777217</id>
   <name>Source</name>
   <location>Source</location>
   <copyPattern>**/*</copyPattern>
   <sharedArtifact>true</sharedArtifact>
   <producerJob>SG-MAS-JOB1</producerJob>
  </definition>
  <definition>
   <id>16777218</id>
   <name>ReSharper Results</name>
   <location>Source</location>
   <copyPattern>ReSharperResults.xml</copyPattern>
   <sharedArtifact>false</sharedArtifact>
   <producerJob>SG-MAS-JOB1</producerJob>
  </definition>
  <definition>
   <id>16777219</id>
   <name>NuGet Package</name>
   <location>Source/NuGet.Selkie.Geometry</location>
   <copyPattern>Selkie.*.nupkg</copyPattern>
   <sharedArtifact>true</sharedArtifact>
   <producerJob>SG-MAS-GRB</producerJob>
  </definition>
  <definition>
   <id>16777220</id>
   <name>Source</name>
   <location>Source</location>
   <copyPattern>**/*</copyPattern>
   <sharedArtifact>true</sharedArtifact>
   <producerJob>SR-MAS-JOB1</producerJob>
  </definition>
  <definition>
   <id>16777221</id>
   <name>ReSharper Results</name>
   <location>Source</location>
   <copyPattern>ReSharperResults.xml</copyPattern>
   <sharedArtifact>false</sharedArtifact>
   <producerJob>SR-MAS-JOB1</producerJob>
  </definition>
  <definition>
   <id>16777222</id>
   <name>NuGet Package</name>
   <location>Source/NuGet.Selkie.Racetrack</location>
   <copyPattern>Selkie.*.nupkg</copyPattern>
   <sharedArtifact>true</sharedArtifact>
   <producerJob>SR-MAS-GRB</producerJob>
  </definition>
  <definition>
   <id>17924097</id>
   <name>Source</name>
   <location>Source</location>
   <copyPattern>**/*</copyPattern>
   <sharedArtifact>true</sharedArtifact>
   <producerJob>SSC-MAS-JOB1</producerJob>
  </definition>
  <definition>
   <id>17924098</id>
   <name>ReSharper Results</name>
   <location>Source</location>
   <copyPattern>ReSharperResults.xml</copyPattern>
   <sharedArtifact>false</sharedArtifact>
   <producerJob>SSC-MAS-JOB1</producerJob>
  </definition>
  <definition>
   <id>17924099</id>
   <name>NuGet Package</name>
   <location>Source/NuGet.Selkie.Services.Common</location>
   <copyPattern>Selkie.*.nupkg</copyPattern>
   <sharedArtifact>true</sharedArtifact>
   <producerJob>SSC-MAS-GRB</producerJob>
  </definition>
  <definition>
   <id>24215556</id>
   <name>Source</name>
   <location>Source</location>
   <copyPattern>**/*</copyPattern>
   <sharedArtifact>true</sharedArtifact>
   <producerJob>SSL-MAST-JOB1</producerJob>
  </definition>
  <definition>
   <id>24215557</id>
   <name>ReSharper Results</name>
   <location>Source</location>
   <copyPattern>ReSharperResults.xml</copyPattern>
   <sharedArtifact>false</sharedArtifact>
   <producerJob>SSL-MAST-JOB1</producerJob>
  </definition>
  <definition>
   <id>24215558</id>
   <name>Release</name>
   <copyPattern>Selkie.*.7z</copyPattern>
   <sharedArtifact>true</sharedArtifact>
   <producerJob>SSL-MAST-GRB</producerJob>
  </definition>
  <definition>
   <id>27099137</id>
   <name>Source</name>
   <location>Source</location>
   <copyPattern>**/*</copyPattern>
   <sharedArtifact>true</sharedArtifact>
   <producerJob>SSR-MAS-JOB1</producerJob>
  </definition>
  <definition>
   <id>27099138</id>
   <name>ReSharper Results</name>
   <location>Source</location>
   <copyPattern>ReSharperResults.xml</copyPattern>
   <sharedArtifact>false</sharedArtifact>
   <producerJob>SSR-MAS-JOB1</producerJob>
  </definition>
  <definition>
   <id>27099139</id>
   <name>Release</name>
   <copyPattern>Selkie.*.7z</copyPattern>
   <sharedArtifact>true</sharedArtifact>
   <producerJob>SSR-MAS-GRB</producerJob>
  </definition>
  <definition>
   <id>27983873</id>
   <name>Source</name>
   <location>Source</location>
   <copyPattern>**/*</copyPattern>
   <sharedArtifact>true</sharedArtifact>
   <producerJob>SSM-MAS-JOB1</producerJob>
  </definition>
  <definition>
   <id>27983874</id>
   <name>ReSharper Results</name>
   <location>Source</location>
   <copyPattern>ReSharperResults.xml</copyPattern>
   <sharedArtifact>false</sharedArtifact>
   <producerJob>SSM-MAS-JOB1</producerJob>
  </definition>
  <definition>
   <id>27983875</id>
   <name>Release</name>
   <copyPattern>Selkie.*.7z</copyPattern>
   <sharedArtifact>true</sharedArtifact>
   <producerJob>SSM-MAS-GRB</producerJob>
  </definition>
  <definition>
   <id>29917185</id>
   <name>Source</name>
   <location>Source</location>
   <copyPattern>**/*</copyPattern>
   <sharedArtifact>true</sharedArtifact>
   <producerJob>SSA-MAS-JOB1</producerJob>
  </definition>
  <definition>
   <id>29917186</id>
   <name>ReSharper Results</name>
   <location>Source</location>
   <copyPattern>ReSharperResults.xml</copyPattern>
   <sharedArtifact>false</sharedArtifact>
   <producerJob>SSA-MAS-JOB1</producerJob>
  </definition>
  <definition>
   <id>29917187</id>
   <name>Release</name>
   <copyPattern>Selkie.*.7z</copyPattern>
   <sharedArtifact>true</sharedArtifact>
   <producerJob>SSA-MAS-GRB</producerJob>
  </definition>
  <definition>
   <id>33587201</id>
   <name>Code Coverage</name>
   <location>Source/coverage</location>
   <copyPattern>**/*</copyPattern>
   <sharedArtifact>false</sharedArtifact>
   <producerJob>SSA-MAS-JOB1</producerJob>
  </definition>
  <definition>
   <id>34963458</id>
   <name>Code Coverage</name>
   <location>Source/coverage</location>
   <copyPattern>**.*</copyPattern>
   <sharedArtifact>false</sharedArtifact>
   <producerJob>SSL-MAST-JOB1</producerJob>
  </definition>
  <definition>
   <id>34963459</id>
   <name>Code Coverage</name>
   <location>Source/coverage</location>
   <copyPattern>**/*</copyPattern>
   <sharedArtifact>false</sharedArtifact>
   <producerJob>SG-MAS-JOB1</producerJob>
  </definition>
  <definition>
   <id>34963460</id>
   <name>Code Coverage</name>
   <location>Source/coverage</location>
   <copyPattern>**/*</copyPattern>
   <sharedArtifact>false</sharedArtifact>
   <producerJob>SACO-MAS-JOB1</producerJob>
  </definition>
  <definition>
   <id>34963461</id>
   <name>Code Coverage</name>
   <location>Source/coverage</location>
   <copyPattern>**/*</copyPattern>
   <sharedArtifact>false</sharedArtifact>
   <producerJob>SC-MAS-JOB1</producerJob>
  </definition>
  <definition>
   <id>34963462</id>
   <name>Code Coverage</name>
   <location>Source/coverage</location>
   <copyPattern>**/*</copyPattern>
   <sharedArtifact>false</sharedArtifact>
   <producerJob>SE-MAS-JOB1</producerJob>
  </definition>
  <definition>
   <id>34963463</id>
   <name>Code Coverage</name>
   <location>Source/coverage</location>
   <copyPattern>**/*</copyPattern>
   <sharedArtifact>false</sharedArtifact>
   <producerJob>SNE-MN-JOB1</producerJob>
  </definition>
  <definition>
   <id>34963464</id>
   <name>Code Coverage</name>
   <location>Source/coverage</location>
   <copyPattern>**/*</copyPattern>
   <sharedArtifact>false</sharedArtifact>
   <producerJob>SR-MAS-JOB1</producerJob>
  </definition>
  <definition>
   <id>34963465</id>
   <name>Code Coverage</name>
   <location>Source/coverage</location>
   <copyPattern>**/*</copyPattern>
   <sharedArtifact>false</sharedArtifact>
   <producerJob>SSC-MAS-JOB1</producerJob>
  </definition>
  <definition>
   <id>34963466</id>
   <name>Code Coverage</name>
   <location>Source/coverage</location>
   <copyPattern>**/*</copyPattern>
   <sharedArtifact>false</sharedArtifact>
   <producerJob>SSM-MAS-JOB1</producerJob>
  </definition>
  <definition>
   <id>34963467</id>
   <name>Code Coverage</name>
   <location>Source/coverage</location>
   <copyPattern>**/*</copyPattern>
   <sharedArtifact>false</sharedArtifact>
   <producerJob>SSR-MAS-JOB1</producerJob>
  </definition>
  <definition>
   <id>34963468</id>
   <name>Code Coverage</name>
   <location>Source/coverage</location>
   <copyPattern>**/*</copyPattern>
   <sharedArtifact>false</sharedArtifact>
   <producerJob>SW-MAS-JOB1</producerJob>
  </definition>
  <definition>
   <id>34963469</id>
   <name>Code Coverage</name>
   <location>Source/coverage</location>
   <copyPattern>**/*</copyPattern>
   <sharedArtifact>false</sharedArtifact>
   <producerJob>SXE-MAS-JOB1</producerJob>
  </definition>
 </artifactDefinitions>
</bamboo>