<?xml version='1.1' encoding='UTF-8' standalone='yes'?>
<bamboo>
 <date>Sun May 03 17:59:56 AEST 2015</date>
 <version>5.7.2</version>
 <buildDate>02-Dec-2014</buildDate>
 <build>5716</build>
 <serverID>BG3Y-XJ99-GC6Z-FPP1</serverID>
 <bandanaItems>
  <bandanaItem>
   <buildId>0</buildId>
   <key>bamboo.plugin.state</key>
   <serializedData>&lt;com.atlassian.plugin.manager.DefaultPluginPersistentState>
  &lt;map class="java.util.Collections$UnmodifiableMap">
    &lt;m/>
  &lt;/map>
&lt;/com.atlassian.plugin.manager.DefaultPluginPersistentState></serializedData>
  </bandanaItem>
  <bandanaItem>
   <buildId>0</buildId>
   <key>com.atlassian.activeobjects.admin.ActiveObjectsPluginToTablesMapping</key>
   <serializedData>&lt;string>{&amp;quot;AO_A0B856_WEB_HOOK_LISTENER_AO&amp;quot;:{&amp;quot;key&amp;quot;:&amp;quot;com.atlassian.webhooks.atlassian-webhooks-plugin&amp;quot;,&amp;quot;name&amp;quot;:&amp;quot;Atlassian WebHooks Plugin&amp;quot;,&amp;quot;version&amp;quot;:&amp;quot;0.17.6&amp;quot;,&amp;quot;vendorName&amp;quot;:&amp;quot;Atlassian&amp;quot;,&amp;quot;vendorUrl&amp;quot;:&amp;quot;http://www.atlassian.com/&amp;quot;},&amp;quot;AO_7A45FB_AOTRACKING_USER&amp;quot;:{&amp;quot;key&amp;quot;:&amp;quot;com.atlassian.bamboo.brokenbuildtracker&amp;quot;,&amp;quot;name&amp;quot;:&amp;quot;Broken Build Responsibility Tracker&amp;quot;,&amp;quot;version&amp;quot;:&amp;quot;5.7.2&amp;quot;,&amp;quot;vendorName&amp;quot;:&amp;quot;Atlassian Software Systems Pty Ltd&amp;quot;,&amp;quot;vendorUrl&amp;quot;:&amp;quot;http://www.atlassian.com&amp;quot;},&amp;quot;AO_38321B_CUSTOM_CONTENT_LINK&amp;quot;:{&amp;quot;key&amp;quot;:&amp;quot;com.atlassian.plugins.atlassian-nav-links-plugin&amp;quot;,&amp;quot;name&amp;quot;:&amp;quot;Atlassian Navigation Links Plugin&amp;quot;,&amp;quot;version&amp;quot;:&amp;quot;3.3.9&amp;quot;,&amp;quot;vendorName&amp;quot;:&amp;quot;Atlassian&amp;quot;,&amp;quot;vendorUrl&amp;quot;:&amp;quot;http://www.atlassian.com/&amp;quot;},&amp;quot;AO_7A45FB_AOTRACKING_ENTRY&amp;quot;:{&amp;quot;key&amp;quot;:&amp;quot;com.atlassian.bamboo.brokenbuildtracker&amp;quot;,&amp;quot;name&amp;quot;:&amp;quot;Broken Build Responsibility Tracker&amp;quot;,&amp;quot;version&amp;quot;:&amp;quot;5.7.2&amp;quot;,&amp;quot;vendorName&amp;quot;:&amp;quot;Atlassian Software Systems Pty Ltd&amp;quot;,&amp;quot;vendorUrl&amp;quot;:&amp;quot;http://www.atlassian.com&amp;quot;},&amp;quot;AO_7A45FB_AOTRACKING_RESULT&amp;quot;:{&amp;quot;key&amp;quot;:&amp;quot;com.atlassian.bamboo.brokenbuildtracker&amp;quot;,&amp;quot;name&amp;quot;:&amp;quot;Broken Build Responsibility Tracker&amp;quot;,&amp;quot;version&amp;quot;:&amp;quot;5.7.2&amp;quot;,&amp;quot;vendorName&amp;quot;:&amp;quot;Atlassian Software Systems Pty Ltd&amp;quot;,&amp;quot;vendorUrl&amp;quot;:&amp;quot;http://www.atlassian.com&amp;quot;}}&lt;/string></serializedData>
  </bandanaItem>
  <bandanaItem>
   <buildId>0</buildId>
   <key>com.atlassian.bamboo.plugins.bamboo-scp-plugin:build</key>
   <serializedData>&lt;string>2&lt;/string></serializedData>
  </bandanaItem>
  <bandanaItem>
   <buildId>0</buildId>
   <key>com.atlassian.bamboo.plugins.tomcat.bamboo-tomcat-plugin:build</key>
   <serializedData>&lt;string>11&lt;/string></serializedData>
  </bandanaItem>
  <bandanaItem>
   <buildId>0</buildId>
   <key>com.atlassian.upm.atlassian-universal-plugin-manager-plugin:build</key>
   <serializedData>&lt;string>4&lt;/string></serializedData>
  </bandanaItem>
  <bandanaItem>
   <buildId>0</buildId>
   <key>com.atlassian.upm.log.PluginSettingsAuditLogService:log:upm_audit_log_v3</key>
   <serializedData>&lt;net.sf.hibernate.collection.Bag>
  &lt;string>{&amp;quot;userKey&amp;quot;:&amp;quot;thomas&amp;quot;,&amp;quot;date&amp;quot;:1430533606874,&amp;quot;i18nKey&amp;quot;:&amp;quot;upm.auditLog.uninstall.plugin.success&amp;quot;,&amp;quot;entryType&amp;quot;:&amp;quot;PLUGIN_UNINSTALL&amp;quot;,&amp;quot;params&amp;quot;:[&amp;quot;Atlassian Universal Plugin Manager Self-Update Plugin&amp;quot;,&amp;quot;com.atlassian.upm.atlassian-universal-plugin-manager-selfupdate-plugin&amp;quot;,&amp;quot;2.16.2&amp;quot;]}&lt;/string>
  &lt;string>{&amp;quot;userKey&amp;quot;:&amp;quot;anonymous&amp;quot;,&amp;quot;date&amp;quot;:1430533606789,&amp;quot;i18nKey&amp;quot;:&amp;quot;upm.auditLog.install.plugin.success&amp;quot;,&amp;quot;entryType&amp;quot;:&amp;quot;PLUGIN_INSTALL&amp;quot;,&amp;quot;params&amp;quot;:[&amp;quot;Atlassian Universal Plugin Manager Plugin&amp;quot;,&amp;quot;com.atlassian.upm.atlassian-universal-plugin-manager-plugin&amp;quot;,&amp;quot;2.18.4&amp;quot;]}&lt;/string>
  &lt;string>{&amp;quot;userKey&amp;quot;:&amp;quot;Bamboo&amp;quot;,&amp;quot;date&amp;quot;:1430533605615,&amp;quot;i18nKey&amp;quot;:&amp;quot;upm.auditLog.upm.startup&amp;quot;,&amp;quot;entryType&amp;quot;:&amp;quot;UPM_STARTUP&amp;quot;,&amp;quot;params&amp;quot;:[]}&lt;/string>
  &lt;string>{&amp;quot;userKey&amp;quot;:&amp;quot;thomas&amp;quot;,&amp;quot;date&amp;quot;:1430533598709,&amp;quot;i18nKey&amp;quot;:&amp;quot;upm.auditLog.install.plugin.success&amp;quot;,&amp;quot;entryType&amp;quot;:&amp;quot;PLUGIN_INSTALL&amp;quot;,&amp;quot;params&amp;quot;:[&amp;quot;Atlassian Universal Plugin Manager Self-Update Plugin&amp;quot;,&amp;quot;com.atlassian.upm.atlassian-universal-plugin-manager-selfupdate-plugin&amp;quot;,&amp;quot;2.16.2&amp;quot;]}&lt;/string>
  &lt;string>{&amp;quot;userKey&amp;quot;:&amp;quot;thomas&amp;quot;,&amp;quot;date&amp;quot;:1430533156300,&amp;quot;i18nKey&amp;quot;:&amp;quot;upm.auditLog.install.plugin.success&amp;quot;,&amp;quot;entryType&amp;quot;:&amp;quot;PLUGIN_INSTALL&amp;quot;,&amp;quot;params&amp;quot;:[&amp;quot;Bamboo Node.js Support&amp;quot;,&amp;quot;com.atlassian.bamboo.plugins.bamboo-nodejs-plugin&amp;quot;,&amp;quot;1.7&amp;quot;]}&lt;/string>
  &lt;string>{&amp;quot;userKey&amp;quot;:&amp;quot;thomas&amp;quot;,&amp;quot;date&amp;quot;:1430533091244,&amp;quot;i18nKey&amp;quot;:&amp;quot;upm.auditLog.install.plugin.success&amp;quot;,&amp;quot;entryType&amp;quot;:&amp;quot;PLUGIN_INSTALL&amp;quot;,&amp;quot;params&amp;quot;:[&amp;quot;Atlassian Universal Plugin Manager Self-Update Plugin&amp;quot;,&amp;quot;com.atlassian.upm.atlassian-universal-plugin-manager-selfupdate-plugin&amp;quot;,&amp;quot;2.16.2&amp;quot;]}&lt;/string>
  &lt;string>{&amp;quot;userKey&amp;quot;:&amp;quot;thomas&amp;quot;,&amp;quot;date&amp;quot;:1430533010349,&amp;quot;i18nKey&amp;quot;:&amp;quot;upm.auditLog.install.plugin.success&amp;quot;,&amp;quot;entryType&amp;quot;:&amp;quot;PLUGIN_INSTALL&amp;quot;,&amp;quot;params&amp;quot;:[&amp;quot;Bamboo Node.js Support&amp;quot;,&amp;quot;com.atlassian.bamboo.plugins.bamboo-nodejs-plugin&amp;quot;,&amp;quot;1.7&amp;quot;]}&lt;/string>
  &lt;string>{&amp;quot;userKey&amp;quot;:&amp;quot;thomas&amp;quot;,&amp;quot;date&amp;quot;:1430532960550,&amp;quot;i18nKey&amp;quot;:&amp;quot;upm.auditLog.install.plugin.success&amp;quot;,&amp;quot;entryType&amp;quot;:&amp;quot;PLUGIN_INSTALL&amp;quot;,&amp;quot;params&amp;quot;:[&amp;quot;Atlassian Universal Plugin Manager Self-Update Plugin&amp;quot;,&amp;quot;com.atlassian.upm.atlassian-universal-plugin-manager-selfupdate-plugin&amp;quot;,&amp;quot;2.16.2&amp;quot;]}&lt;/string>
  &lt;string>{&amp;quot;userKey&amp;quot;:&amp;quot;thomas&amp;quot;,&amp;quot;date&amp;quot;:1430532911359,&amp;quot;i18nKey&amp;quot;:&amp;quot;upm.auditLog.install.plugin.success&amp;quot;,&amp;quot;entryType&amp;quot;:&amp;quot;PLUGIN_INSTALL&amp;quot;,&amp;quot;params&amp;quot;:[&amp;quot;Atlassian Universal Plugin Manager Self-Update Plugin&amp;quot;,&amp;quot;com.atlassian.upm.atlassian-universal-plugin-manager-selfupdate-plugin&amp;quot;,&amp;quot;2.16.2&amp;quot;]}&lt;/string>
  &lt;string>{&amp;quot;userKey&amp;quot;:&amp;quot;Bamboo&amp;quot;,&amp;quot;date&amp;quot;:1430470229304,&amp;quot;i18nKey&amp;quot;:&amp;quot;upm.auditLog.upm.startup&amp;quot;,&amp;quot;entryType&amp;quot;:&amp;quot;UPM_STARTUP&amp;quot;,&amp;quot;params&amp;quot;:[]}&lt;/string>
  &lt;string>{&amp;quot;userKey&amp;quot;:&amp;quot;Bamboo&amp;quot;,&amp;quot;date&amp;quot;:1430387202040,&amp;quot;i18nKey&amp;quot;:&amp;quot;upm.auditLog.upm.startup&amp;quot;,&amp;quot;entryType&amp;quot;:&amp;quot;UPM_STARTUP&amp;quot;,&amp;quot;params&amp;quot;:[]}&lt;/string>
  &lt;string>{&amp;quot;userKey&amp;quot;:&amp;quot;Bamboo&amp;quot;,&amp;quot;date&amp;quot;:1430299850983,&amp;quot;i18nKey&amp;quot;:&amp;quot;upm.auditLog.upm.startup&amp;quot;,&amp;quot;entryType&amp;quot;:&amp;quot;UPM_STARTUP&amp;quot;,&amp;quot;params&amp;quot;:[]}&lt;/string>
  &lt;string>{&amp;quot;userKey&amp;quot;:&amp;quot;Bamboo&amp;quot;,&amp;quot;date&amp;quot;:1430213643890,&amp;quot;i18nKey&amp;quot;:&amp;quot;upm.auditLog.upm.startup&amp;quot;,&amp;quot;entryType&amp;quot;:&amp;quot;UPM_STARTUP&amp;quot;,&amp;quot;params&amp;quot;:[]}&lt;/string>
  &lt;string>{&amp;quot;userKey&amp;quot;:&amp;quot;Bamboo&amp;quot;,&amp;quot;date&amp;quot;:1430127342726,&amp;quot;i18nKey&amp;quot;:&amp;quot;upm.auditLog.upm.startup&amp;quot;,&amp;quot;entryType&amp;quot;:&amp;quot;UPM_STARTUP&amp;quot;,&amp;quot;params&amp;quot;:[]}&lt;/string>
  &lt;string>{&amp;quot;userKey&amp;quot;:&amp;quot;Bamboo&amp;quot;,&amp;quot;date&amp;quot;:1429947604488,&amp;quot;i18nKey&amp;quot;:&amp;quot;upm.auditLog.upm.startup&amp;quot;,&amp;quot;entryType&amp;quot;:&amp;quot;UPM_STARTUP&amp;quot;,&amp;quot;params&amp;quot;:[]}&lt;/string>
  &lt;string>{&amp;quot;userKey&amp;quot;:&amp;quot;Bamboo&amp;quot;,&amp;quot;date&amp;quot;:1429917140599,&amp;quot;i18nKey&amp;quot;:&amp;quot;upm.auditLog.upm.startup&amp;quot;,&amp;quot;entryType&amp;quot;:&amp;quot;UPM_STARTUP&amp;quot;,&amp;quot;params&amp;quot;:[]}&lt;/string>
  &lt;string>{&amp;quot;userKey&amp;quot;:&amp;quot;Bamboo&amp;quot;,&amp;quot;date&amp;quot;:1429780611878,&amp;quot;i18nKey&amp;quot;:&amp;quot;upm.auditLog.upm.startup&amp;quot;,&amp;quot;entryType&amp;quot;:&amp;quot;UPM_STARTUP&amp;quot;,&amp;quot;params&amp;quot;:[]}&lt;/string>
  &lt;string>{&amp;quot;userKey&amp;quot;:&amp;quot;Bamboo&amp;quot;,&amp;quot;date&amp;quot;:1429696991558,&amp;quot;i18nKey&amp;quot;:&amp;quot;upm.auditLog.upm.startup&amp;quot;,&amp;quot;entryType&amp;quot;:&amp;quot;UPM_STARTUP&amp;quot;,&amp;quot;params&amp;quot;:[]}&lt;/string>
  &lt;string>{&amp;quot;userKey&amp;quot;:&amp;quot;Bamboo&amp;quot;,&amp;quot;date&amp;quot;:1429607317581,&amp;quot;i18nKey&amp;quot;:&amp;quot;upm.auditLog.upm.startup&amp;quot;,&amp;quot;entryType&amp;quot;:&amp;quot;UPM_STARTUP&amp;quot;,&amp;quot;params&amp;quot;:[]}&lt;/string>
  &lt;string>{&amp;quot;userKey&amp;quot;:&amp;quot;Bamboo&amp;quot;,&amp;quot;date&amp;quot;:1429530925245,&amp;quot;i18nKey&amp;quot;:&amp;quot;upm.auditLog.upm.startup&amp;quot;,&amp;quot;entryType&amp;quot;:&amp;quot;UPM_STARTUP&amp;quot;,&amp;quot;params&amp;quot;:[]}&lt;/string>
  &lt;string>{&amp;quot;userKey&amp;quot;:&amp;quot;Bamboo&amp;quot;,&amp;quot;date&amp;quot;:1429441884115,&amp;quot;i18nKey&amp;quot;:&amp;quot;upm.auditLog.upm.startup&amp;quot;,&amp;quot;entryType&amp;quot;:&amp;quot;UPM_STARTUP&amp;quot;,&amp;quot;params&amp;quot;:[]}&lt;/string>
  &lt;string>{&amp;quot;userKey&amp;quot;:&amp;quot;Bamboo&amp;quot;,&amp;quot;date&amp;quot;:1429338874136,&amp;quot;i18nKey&amp;quot;:&amp;quot;upm.auditLog.upm.startup&amp;quot;,&amp;quot;entryType&amp;quot;:&amp;quot;UPM_STARTUP&amp;quot;,&amp;quot;params&amp;quot;:[]}&lt;/string>
  &lt;string>{&amp;quot;userKey&amp;quot;:&amp;quot;Bamboo&amp;quot;,&amp;quot;date&amp;quot;:1429313807106,&amp;quot;i18nKey&amp;quot;:&amp;quot;upm.auditLog.upm.startup&amp;quot;,&amp;quot;entryType&amp;quot;:&amp;quot;UPM_STARTUP&amp;quot;,&amp;quot;params&amp;quot;:[]}&lt;/string>
  &lt;string>{&amp;quot;userKey&amp;quot;:&amp;quot;Bamboo&amp;quot;,&amp;quot;date&amp;quot;:1429261404722,&amp;quot;i18nKey&amp;quot;:&amp;quot;upm.auditLog.upm.startup&amp;quot;,&amp;quot;entryType&amp;quot;:&amp;quot;UPM_STARTUP&amp;quot;,&amp;quot;params&amp;quot;:[]}&lt;/string>
  &lt;string>{&amp;quot;userKey&amp;quot;:&amp;quot;Bamboo&amp;quot;,&amp;quot;date&amp;quot;:1428917143036,&amp;quot;i18nKey&amp;quot;:&amp;quot;upm.auditLog.upm.startup&amp;quot;,&amp;quot;entryType&amp;quot;:&amp;quot;UPM_STARTUP&amp;quot;,&amp;quot;params&amp;quot;:[]}&lt;/string>
  &lt;string>{&amp;quot;userKey&amp;quot;:&amp;quot;Bamboo&amp;quot;,&amp;quot;date&amp;quot;:1428816861574,&amp;quot;i18nKey&amp;quot;:&amp;quot;upm.auditLog.upm.startup&amp;quot;,&amp;quot;entryType&amp;quot;:&amp;quot;UPM_STARTUP&amp;quot;,&amp;quot;params&amp;quot;:[]}&lt;/string>
  &lt;string>{&amp;quot;userKey&amp;quot;:&amp;quot;Bamboo&amp;quot;,&amp;quot;date&amp;quot;:1428709200792,&amp;quot;i18nKey&amp;quot;:&amp;quot;upm.auditLog.upm.startup&amp;quot;,&amp;quot;entryType&amp;quot;:&amp;quot;UPM_STARTUP&amp;quot;,&amp;quot;params&amp;quot;:[]}&lt;/string>
  &lt;string>{&amp;quot;userKey&amp;quot;:&amp;quot;Bamboo&amp;quot;,&amp;quot;date&amp;quot;:1428657157491,&amp;quot;i18nKey&amp;quot;:&amp;quot;upm.auditLog.upm.startup&amp;quot;,&amp;quot;entryType&amp;quot;:&amp;quot;UPM_STARTUP&amp;quot;,&amp;quot;params&amp;quot;:[]}&lt;/string>
  &lt;string>{&amp;quot;userKey&amp;quot;:&amp;quot;Bamboo&amp;quot;,&amp;quot;date&amp;quot;:1428485665743,&amp;quot;i18nKey&amp;quot;:&amp;quot;upm.auditLog.upm.startup&amp;quot;,&amp;quot;entryType&amp;quot;:&amp;quot;UPM_STARTUP&amp;quot;,&amp;quot;params&amp;quot;:[]}&lt;/string>
  &lt;string>{&amp;quot;userKey&amp;quot;:&amp;quot;Bamboo&amp;quot;,&amp;quot;date&amp;quot;:1428400437541,&amp;quot;i18nKey&amp;quot;:&amp;quot;upm.auditLog.upm.startup&amp;quot;,&amp;quot;entryType&amp;quot;:&amp;quot;UPM_STARTUP&amp;quot;,&amp;quot;params&amp;quot;:[]}&lt;/string>
  &lt;string>{&amp;quot;userKey&amp;quot;:&amp;quot;Bamboo&amp;quot;,&amp;quot;date&amp;quot;:1428302033786,&amp;quot;i18nKey&amp;quot;:&amp;quot;upm.auditLog.upm.startup&amp;quot;,&amp;quot;entryType&amp;quot;:&amp;quot;UPM_STARTUP&amp;quot;,&amp;quot;params&amp;quot;:[]}&lt;/string>
  &lt;string>{&amp;quot;userKey&amp;quot;:&amp;quot;Bamboo&amp;quot;,&amp;quot;date&amp;quot;:1428299985863,&amp;quot;i18nKey&amp;quot;:&amp;quot;upm.auditLog.upm.startup&amp;quot;,&amp;quot;entryType&amp;quot;:&amp;quot;UPM_STARTUP&amp;quot;,&amp;quot;params&amp;quot;:[]}&lt;/string>
  &lt;string>{&amp;quot;userKey&amp;quot;:&amp;quot;Bamboo&amp;quot;,&amp;quot;date&amp;quot;:1428295092149,&amp;quot;i18nKey&amp;quot;:&amp;quot;upm.auditLog.upm.startup&amp;quot;,&amp;quot;entryType&amp;quot;:&amp;quot;UPM_STARTUP&amp;quot;,&amp;quot;params&amp;quot;:[]}&lt;/string>
  &lt;string>{&amp;quot;userKey&amp;quot;:&amp;quot;Bamboo&amp;quot;,&amp;quot;date&amp;quot;:1428229172687,&amp;quot;i18nKey&amp;quot;:&amp;quot;upm.auditLog.upm.startup&amp;quot;,&amp;quot;entryType&amp;quot;:&amp;quot;UPM_STARTUP&amp;quot;,&amp;quot;params&amp;quot;:[]}&lt;/string>
  &lt;string>{&amp;quot;userKey&amp;quot;:&amp;quot;Bamboo&amp;quot;,&amp;quot;date&amp;quot;:1428216433361,&amp;quot;i18nKey&amp;quot;:&amp;quot;upm.auditLog.upm.startup&amp;quot;,&amp;quot;entryType&amp;quot;:&amp;quot;UPM_STARTUP&amp;quot;,&amp;quot;params&amp;quot;:[]}&lt;/string>
  &lt;string>{&amp;quot;userKey&amp;quot;:&amp;quot;Bamboo&amp;quot;,&amp;quot;date&amp;quot;:1428133386920,&amp;quot;i18nKey&amp;quot;:&amp;quot;upm.auditLog.upm.startup&amp;quot;,&amp;quot;entryType&amp;quot;:&amp;quot;UPM_STARTUP&amp;quot;,&amp;quot;params&amp;quot;:[]}&lt;/string>
  &lt;string>{&amp;quot;userKey&amp;quot;:&amp;quot;Bamboo&amp;quot;,&amp;quot;date&amp;quot;:1428114049008,&amp;quot;i18nKey&amp;quot;:&amp;quot;upm.auditLog.upm.startup&amp;quot;,&amp;quot;entryType&amp;quot;:&amp;quot;UPM_STARTUP&amp;quot;,&amp;quot;params&amp;quot;:[]}&lt;/string>
  &lt;string>{&amp;quot;userKey&amp;quot;:&amp;quot;Bamboo&amp;quot;,&amp;quot;date&amp;quot;:1428048514016,&amp;quot;i18nKey&amp;quot;:&amp;quot;upm.auditLog.upm.startup&amp;quot;,&amp;quot;entryType&amp;quot;:&amp;quot;UPM_STARTUP&amp;quot;,&amp;quot;params&amp;quot;:[]}&lt;/string>
  &lt;string>{&amp;quot;userKey&amp;quot;:&amp;quot;Bamboo&amp;quot;,&amp;quot;date&amp;quot;:1428015771429,&amp;quot;i18nKey&amp;quot;:&amp;quot;upm.auditLog.upm.startup&amp;quot;,&amp;quot;entryType&amp;quot;:&amp;quot;UPM_STARTUP&amp;quot;,&amp;quot;params&amp;quot;:[]}&lt;/string>
  &lt;string>{&amp;quot;userKey&amp;quot;:&amp;quot;Bamboo&amp;quot;,&amp;quot;date&amp;quot;:1427879381642,&amp;quot;i18nKey&amp;quot;:&amp;quot;upm.auditLog.upm.startup&amp;quot;,&amp;quot;entryType&amp;quot;:&amp;quot;UPM_STARTUP&amp;quot;,&amp;quot;params&amp;quot;:[]}&lt;/string>
  &lt;string>{&amp;quot;userKey&amp;quot;:&amp;quot;Bamboo&amp;quot;,&amp;quot;date&amp;quot;:1427712029277,&amp;quot;i18nKey&amp;quot;:&amp;quot;upm.auditLog.upm.startup&amp;quot;,&amp;quot;entryType&amp;quot;:&amp;quot;UPM_STARTUP&amp;quot;,&amp;quot;params&amp;quot;:[]}&lt;/string>
  &lt;string>{&amp;quot;userKey&amp;quot;:&amp;quot;Bamboo&amp;quot;,&amp;quot;date&amp;quot;:1427705741041,&amp;quot;i18nKey&amp;quot;:&amp;quot;upm.auditLog.upm.startup&amp;quot;,&amp;quot;entryType&amp;quot;:&amp;quot;UPM_STARTUP&amp;quot;,&amp;quot;params&amp;quot;:[]}&lt;/string>
  &lt;string>{&amp;quot;userKey&amp;quot;:&amp;quot;Bamboo&amp;quot;,&amp;quot;date&amp;quot;:1427603724366,&amp;quot;i18nKey&amp;quot;:&amp;quot;upm.auditLog.upm.startup&amp;quot;,&amp;quot;entryType&amp;quot;:&amp;quot;UPM_STARTUP&amp;quot;,&amp;quot;params&amp;quot;:[]}&lt;/string>
  &lt;string>{&amp;quot;userKey&amp;quot;:&amp;quot;Bamboo&amp;quot;,&amp;quot;date&amp;quot;:1427495602951,&amp;quot;i18nKey&amp;quot;:&amp;quot;upm.auditLog.upm.startup&amp;quot;,&amp;quot;entryType&amp;quot;:&amp;quot;UPM_STARTUP&amp;quot;,&amp;quot;params&amp;quot;:[]}&lt;/string>
  &lt;string>{&amp;quot;userKey&amp;quot;:&amp;quot;Bamboo&amp;quot;,&amp;quot;date&amp;quot;:1427448254843,&amp;quot;i18nKey&amp;quot;:&amp;quot;upm.auditLog.upm.startup&amp;quot;,&amp;quot;entryType&amp;quot;:&amp;quot;UPM_STARTUP&amp;quot;,&amp;quot;params&amp;quot;:[]}&lt;/string>
  &lt;string>{&amp;quot;userKey&amp;quot;:&amp;quot;Bamboo&amp;quot;,&amp;quot;date&amp;quot;:1427444726599,&amp;quot;i18nKey&amp;quot;:&amp;quot;upm.auditLog.upm.startup&amp;quot;,&amp;quot;entryType&amp;quot;:&amp;quot;UPM_STARTUP&amp;quot;,&amp;quot;params&amp;quot;:[]}&lt;/string>
  &lt;string>{&amp;quot;userKey&amp;quot;:&amp;quot;Bamboo&amp;quot;,&amp;quot;date&amp;quot;:1427360971009,&amp;quot;i18nKey&amp;quot;:&amp;quot;upm.auditLog.upm.startup&amp;quot;,&amp;quot;entryType&amp;quot;:&amp;quot;UPM_STARTUP&amp;quot;,&amp;quot;params&amp;quot;:[]}&lt;/string>
  &lt;string>{&amp;quot;userKey&amp;quot;:&amp;quot;Bamboo&amp;quot;,&amp;quot;date&amp;quot;:1427098240411,&amp;quot;i18nKey&amp;quot;:&amp;quot;upm.auditLog.upm.startup&amp;quot;,&amp;quot;entryType&amp;quot;:&amp;quot;UPM_STARTUP&amp;quot;,&amp;quot;params&amp;quot;:[]}&lt;/string>
  &lt;string>{&amp;quot;userKey&amp;quot;:&amp;quot;Bamboo&amp;quot;,&amp;quot;date&amp;quot;:1427017591440,&amp;quot;i18nKey&amp;quot;:&amp;quot;upm.auditLog.upm.startup&amp;quot;,&amp;quot;entryType&amp;quot;:&amp;quot;UPM_STARTUP&amp;quot;,&amp;quot;params&amp;quot;:[]}&lt;/string>
  &lt;string>{&amp;quot;userKey&amp;quot;:&amp;quot;Bamboo&amp;quot;,&amp;quot;date&amp;quot;:1426892988859,&amp;quot;i18nKey&amp;quot;:&amp;quot;upm.auditLog.upm.startup&amp;quot;,&amp;quot;entryType&amp;quot;:&amp;quot;UPM_STARTUP&amp;quot;,&amp;quot;params&amp;quot;:[]}&lt;/string>
  &lt;string>{&amp;quot;userKey&amp;quot;:&amp;quot;Bamboo&amp;quot;,&amp;quot;date&amp;quot;:1426371240603,&amp;quot;i18nKey&amp;quot;:&amp;quot;upm.auditLog.upm.startup&amp;quot;,&amp;quot;entryType&amp;quot;:&amp;quot;UPM_STARTUP&amp;quot;,&amp;quot;params&amp;quot;:[]}&lt;/string>
  &lt;string>{&amp;quot;userKey&amp;quot;:&amp;quot;Bamboo&amp;quot;,&amp;quot;date&amp;quot;:1426287957293,&amp;quot;i18nKey&amp;quot;:&amp;quot;upm.auditLog.upm.startup&amp;quot;,&amp;quot;entryType&amp;quot;:&amp;quot;UPM_STARTUP&amp;quot;,&amp;quot;params&amp;quot;:[]}&lt;/string>
  &lt;string>{&amp;quot;userKey&amp;quot;:&amp;quot;Bamboo&amp;quot;,&amp;quot;date&amp;quot;:1426233791168,&amp;quot;i18nKey&amp;quot;:&amp;quot;upm.auditLog.upm.startup&amp;quot;,&amp;quot;entryType&amp;quot;:&amp;quot;UPM_STARTUP&amp;quot;,&amp;quot;params&amp;quot;:[]}&lt;/string>
  &lt;string>{&amp;quot;userKey&amp;quot;:&amp;quot;Bamboo&amp;quot;,&amp;quot;date&amp;quot;:1426148559638,&amp;quot;i18nKey&amp;quot;:&amp;quot;upm.auditLog.upm.startup&amp;quot;,&amp;quot;entryType&amp;quot;:&amp;quot;UPM_STARTUP&amp;quot;,&amp;quot;params&amp;quot;:[]}&lt;/string>
  &lt;string>{&amp;quot;userKey&amp;quot;:&amp;quot;thomas&amp;quot;,&amp;quot;date&amp;quot;:1425893138215,&amp;quot;i18nKey&amp;quot;:&amp;quot;upm.auditLog.install.plugin.success&amp;quot;,&amp;quot;entryType&amp;quot;:&amp;quot;PLUGIN_INSTALL&amp;quot;,&amp;quot;params&amp;quot;:[&amp;quot;Atlassian Universal Plugin Manager Self-Update Plugin&amp;quot;,&amp;quot;com.atlassian.upm.atlassian-universal-plugin-manager-selfupdate-plugin&amp;quot;,&amp;quot;2.16.2&amp;quot;]}&lt;/string>
  &lt;string>{&amp;quot;userKey&amp;quot;:&amp;quot;thomas&amp;quot;,&amp;quot;date&amp;quot;:1425893045502,&amp;quot;i18nKey&amp;quot;:&amp;quot;upm.auditLog.install.plugin.success&amp;quot;,&amp;quot;entryType&amp;quot;:&amp;quot;PLUGIN_INSTALL&amp;quot;,&amp;quot;params&amp;quot;:[&amp;quot;Atlassian Universal Plugin Manager Self-Update Plugin&amp;quot;,&amp;quot;com.atlassian.upm.atlassian-universal-plugin-manager-selfupdate-plugin&amp;quot;,&amp;quot;2.16.2&amp;quot;]}&lt;/string>
  &lt;string>{&amp;quot;userKey&amp;quot;:&amp;quot;thomas&amp;quot;,&amp;quot;date&amp;quot;:1425893006836,&amp;quot;i18nKey&amp;quot;:&amp;quot;upm.auditLog.install.plugin.success&amp;quot;,&amp;quot;entryType&amp;quot;:&amp;quot;PLUGIN_INSTALL&amp;quot;,&amp;quot;params&amp;quot;:[&amp;quot;Atlassian Universal Plugin Manager Self-Update Plugin&amp;quot;,&amp;quot;com.atlassian.upm.atlassian-universal-plugin-manager-selfupdate-plugin&amp;quot;,&amp;quot;2.16.2&amp;quot;]}&lt;/string>
  &lt;string>{&amp;quot;userKey&amp;quot;:&amp;quot;thomas&amp;quot;,&amp;quot;date&amp;quot;:1425698587509,&amp;quot;i18nKey&amp;quot;:&amp;quot;upm.auditLog.install.plugin.failure&amp;quot;,&amp;quot;entryType&amp;quot;:&amp;quot;PLUGIN_INSTALL&amp;quot;,&amp;quot;params&amp;quot;:[&amp;quot;https://marketplace.atlassian.com/download/plugins/com.atlassian.upm.atlassian-universal-plugin-manager-plugin/version/138581&amp;quot;]}&lt;/string>
  &lt;string>{&amp;quot;userKey&amp;quot;:&amp;quot;Bamboo&amp;quot;,&amp;quot;date&amp;quot;:1425683559089,&amp;quot;i18nKey&amp;quot;:&amp;quot;upm.auditLog.upm.startup&amp;quot;,&amp;quot;entryType&amp;quot;:&amp;quot;UPM_STARTUP&amp;quot;,&amp;quot;params&amp;quot;:[]}&lt;/string>
  &lt;string>{&amp;quot;userKey&amp;quot;:&amp;quot;Bamboo&amp;quot;,&amp;quot;date&amp;quot;:1425631288951,&amp;quot;i18nKey&amp;quot;:&amp;quot;upm.auditLog.upm.startup&amp;quot;,&amp;quot;entryType&amp;quot;:&amp;quot;UPM_STARTUP&amp;quot;,&amp;quot;params&amp;quot;:[]}&lt;/string>
  &lt;string>{&amp;quot;userKey&amp;quot;:&amp;quot;Bamboo&amp;quot;,&amp;quot;date&amp;quot;:1425541974854,&amp;quot;i18nKey&amp;quot;:&amp;quot;upm.auditLog.upm.startup&amp;quot;,&amp;quot;entryType&amp;quot;:&amp;quot;UPM_STARTUP&amp;quot;,&amp;quot;params&amp;quot;:[]}&lt;/string>
  &lt;string>{&amp;quot;userKey&amp;quot;:&amp;quot;Bamboo&amp;quot;,&amp;quot;date&amp;quot;:1425458572527,&amp;quot;i18nKey&amp;quot;:&amp;quot;upm.auditLog.upm.startup&amp;quot;,&amp;quot;entryType&amp;quot;:&amp;quot;UPM_STARTUP&amp;quot;,&amp;quot;params&amp;quot;:[]}&lt;/string>
  &lt;string>{&amp;quot;userKey&amp;quot;:&amp;quot;Bamboo&amp;quot;,&amp;quot;date&amp;quot;:1425367556657,&amp;quot;i18nKey&amp;quot;:&amp;quot;upm.auditLog.upm.startup&amp;quot;,&amp;quot;entryType&amp;quot;:&amp;quot;UPM_STARTUP&amp;quot;,&amp;quot;params&amp;quot;:[]}&lt;/string>
  &lt;string>{&amp;quot;userKey&amp;quot;:&amp;quot;Bamboo&amp;quot;,&amp;quot;date&amp;quot;:1425362140031,&amp;quot;i18nKey&amp;quot;:&amp;quot;upm.auditLog.upm.startup&amp;quot;,&amp;quot;entryType&amp;quot;:&amp;quot;UPM_STARTUP&amp;quot;,&amp;quot;params&amp;quot;:[]}&lt;/string&gt;
  &lt;string>{&amp;quot;userKey&amp;quot;:&amp;quot;Bamboo&amp;quot;,&amp;quot;date&amp;quot;:1425330527569,&amp;quot;i18nKey&amp;quot;:&amp;quot;upm.auditLog.upm.startup&amp;quot;,&amp;quot;entryType&amp;quot;:&amp;quot;UPM_STARTUP&amp;quot;,&amp;quot;params&amp;quot;:[]}&lt;/string>
  &lt;string>{&amp;quot;userKey&amp;quot;:&amp;quot;thomas&amp;quot;,&amp;quot;date&amp;quot;:1425275228516,&amp;quot;i18nKey&amp;quot;:&amp;quot;upm.auditLog.install.plugin.success&amp;quot;,&amp;quot;entryType&amp;quot;:&amp;quot;PLUGIN_INSTALL&amp;quot;,&amp;quot;params&amp;quot;:[&amp;quot;Atlassian Universal Plugin Manager Self-Update Plugin&amp;quot;,&amp;quot;com.atlassian.upm.atlassian-universal-plugin-manager-selfupdate-plugin&amp;quot;,&amp;quot;2.16.2&amp;quot;]}&lt;/string>
  &lt;string>{&amp;quot;userKey&amp;quot;:&amp;quot;thomas&amp;quot;,&amp;quot;date&amp;quot;:1425275201411,&amp;quot;i18nKey&amp;quot;:&amp;quot;upm.auditLog.install.plugin.success&amp;quot;,&amp;quot;entryType&amp;quot;:&amp;quot;PLUGIN_INSTALL&amp;quot;,&amp;quot;params&amp;quot;:[&amp;quot;Atlassian Universal Plugin Manager Self-Update Plugin&amp;quot;,&amp;quot;com.atlassian.upm.atlassian-universal-plugin-manager-selfupdate-plugin&amp;quot;,&amp;quot;2.16.2&amp;quot;]}&lt;/string>
  &lt;string>{&amp;quot;userKey&amp;quot;:&amp;quot;thomas&amp;quot;,&amp;quot;date&amp;quot;:1425275189467,&amp;quot;i18nKey&amp;quot;:&amp;quot;upm.auditLog.install.plugin.success&amp;quot;,&amp;quot;entryType&amp;quot;:&amp;quot;PLUGIN_INSTALL&amp;quot;,&amp;quot;params&amp;quot;:[&amp;quot;Atlassian Universal Plugin Manager Self-Update Plugin&amp;quot;,&amp;quot;com.atlassian.upm.atlassian-universal-plugin-manager-selfupdate-plugin&amp;quot;,&amp;quot;2.16.2&amp;quot;]}&lt;/string>
  &lt;string>{&amp;quot;userKey&amp;quot;:&amp;quot;Bamboo&amp;quot;,&amp;quot;date&amp;quot;:1425267555695,&amp;quot;i18nKey&amp;quot;:&amp;quot;upm.auditLog.upm.startup&amp;quot;,&amp;quot;entryType&amp;quot;:&amp;quot;UPM_STARTUP&amp;quot;,&amp;quot;params&amp;quot;:[]}&lt;/string>
  &lt;string>{&amp;quot;userKey&amp;quot;:&amp;quot;Bamboo&amp;quot;,&amp;quot;date&amp;quot;:1425242614611,&amp;quot;i18nKey&amp;quot;:&amp;quot;upm.auditLog.upm.startup&amp;quot;,&amp;quot;entryType&amp;quot;:&amp;quot;UPM_STARTUP&amp;quot;,&amp;quot;params&amp;quot;:[]}&lt;/string>
  &lt;string>{&amp;quot;userKey&amp;quot;:&amp;quot;Bamboo&amp;quot;,&amp;quot;date&amp;quot;:1425078111657,&amp;quot;i18nKey&amp;quot;:&amp;quot;upm.auditLog.upm.startup&amp;quot;,&amp;quot;entryType&amp;quot;:&amp;quot;UPM_STARTUP&amp;quot;,&amp;quot;params&amp;quot;:[]}&lt;/string>
  &lt;string>{&amp;quot;userKey&amp;quot;:&amp;quot;Bamboo&amp;quot;,&amp;quot;date&amp;quot;:1425030564853,&amp;quot;i18nKey&amp;quot;:&amp;quot;upm.auditLog.upm.startup&amp;quot;,&amp;quot;entryType&amp;quot;:&amp;quot;UPM_STARTUP&amp;quot;,&amp;quot;params&amp;quot;:[]}&lt;/string>
  &lt;string>{&amp;quot;userKey&amp;quot;:&amp;quot;Bamboo&amp;quot;,&amp;quot;date&amp;quot;:1424855718090,&amp;quot;i18nKey&amp;quot;:&amp;quot;upm.auditLog.upm.startup&amp;quot;,&amp;quot;entryType&amp;quot;:&amp;quot;UPM_STARTUP&amp;quot;,&amp;quot;params&amp;quot;:[]}&lt;/string>
  &lt;string>{&amp;quot;userKey&amp;quot;:&amp;quot;Bamboo&amp;quot;,&amp;quot;date&amp;quot;:1424776495959,&amp;quot;i18nKey&amp;quot;:&amp;quot;upm.auditLog.upm.startup&amp;quot;,&amp;quot;entryType&amp;quot;:&amp;quot;UPM_STARTUP&amp;quot;,&amp;quot;params&amp;quot;:[]}&lt;/string>
  &lt;string>{&amp;quot;userKey&amp;quot;:&amp;quot;Bamboo&amp;quot;,&amp;quot;date&amp;quot;:1424574887991,&amp;quot;i18nKey&amp;quot;:&amp;quot;upm.auditLog.upm.startup&amp;quot;,&amp;quot;entryType&amp;quot;:&amp;quot;UPM_STARTUP&amp;quot;,&amp;quot;params&amp;quot;:[]}&lt;/string>
  &lt;string>{&amp;quot;userKey&amp;quot;:&amp;quot;Bamboo&amp;quot;,&amp;quot;date&amp;quot;:1424497906605,&amp;quot;i18nKey&amp;quot;:&amp;quot;upm.auditLog.upm.startup&amp;quot;,&amp;quot;entryType&amp;quot;:&amp;quot;UPM_STARTUP&amp;quot;,&amp;quot;params&amp;quot;:[]}&lt;/string>
&lt;/net.sf.hibernate.collection.Bag></serializedData>
  </bandanaItem>
  <bandanaItem>
   <buildId>0</buildId>
   <key>com.atlassian.upm:notifications:dismissal-plugin.request</key>
   <serializedData>&lt;net.sf.hibernate.collection.Bag/></serializedData>
  </bandanaItem>
  <bandanaItem>
   <buildId>0</buildId>
   <key>com.atlassian.upm:notifications:dismissal-evaluation.expired</key>
   <serializedData>&lt;net.sf.hibernate.collection.Bag/></serializedData>
  </bandanaItem>
  <bandanaItem>
   <buildId>0</buildId>
   <key>com.atlassian.upm:notifications:dismissal-edition.mismatch</key>
   <serializedData>&lt;net.sf.hibernate.collection.Bag/></serializedData>
  </bandanaItem>
  <bandanaItem>
   <buildId>0</buildId>
   <key>com.atlassian.upm:notifications:dismissal-maintenance.expired</key>
   <serializedData>&lt;net.sf.hibernate.collection.Bag/></serializedData>
  </bandanaItem>
  <bandanaItem>
   <buildId>0</buildId>
   <key>com.atlassian.upm:notifications:dismissal-new.licenses</key>
   <serializedData>&lt;net.sf.hibernate.collection.Bag/></serializedData>
  </bandanaItem>
  <bandanaItem>
   <buildId>0</buildId>
   <key>com.atlassian.upm:notifications:dismissal-updated.licenses</key>
   <serializedData>&lt;net.sf.hibernate.collection.Bag/></serializedData>
  </bandanaItem>
  <bandanaItem>
   <buildId>0</buildId>
   <key>com.atlassian.upm:notifications:dismissal-auto.updated.plugin</key>
   <serializedData>&lt;net.sf.hibernate.collection.Bag/></serializedData>
  </bandanaItem>
  <bandanaItem>
   <buildId>0</buildId>
   <key>com.atlassian.upm:notifications:dismissal-auto.updated.upm</key>
   <serializedData>&lt;net.sf.hibernate.collection.Bag/></serializedData>
  </bandanaItem>
  <bandanaItem>
   <buildId>0</buildId>
   <key>com.atlassian.upm.request.PluginSettingsPluginRequestStore:requests:requests_v2</key>
   <serializedData>&lt;net.sf.hibernate.collection.Bag/></serializedData>
  </bandanaItem>
  <bandanaItem>
   <buildId>0</buildId>
   <key>com.atlassian.plugins.custom_apps.hasCustomOrder</key>
   <serializedData>&lt;string>false&lt;/string></serializedData>
  </bandanaItem>
  <bandanaItem>
   <buildId>0</buildId>
   <key>com.atlassian.plugins.atlassian-nav-links-plugin:build</key>
   <serializedData>&lt;string>1&lt;/string></serializedData>
  </bandanaItem>
  <bandanaItem>
   <buildId>0</buildId>
   <key>com.atlassian.upm:notifications:notification-plugin.request</key>
   <serializedData>&lt;net.sf.hibernate.collection.Bag/></serializedData>
  </bandanaItem>
  <bandanaItem>
   <buildId>0</buildId>
   <key>com.atlassian.upm:notifications:notification-edition.mismatch</key>
   <serializedData>&lt;net.sf.hibernate.collection.Bag/></serializedData>
  </bandanaItem>
  <bandanaItem>
   <buildId>0</buildId>
   <key>com.atlassian.upm:notifications:notification-evaluation.expired</key>
   <serializedData>&lt;net.sf.hibernate.collection.Bag/></serializedData>
  </bandanaItem>
  <bandanaItem>
   <buildId>0</buildId>
   <key>com.atlassian.upm:notifications:notification-evaluation.nearlyexpired</key>
   <serializedData>&lt;net.sf.hibernate.collection.Bag/></serializedData>
  </bandanaItem>
  <bandanaItem>
   <buildId>0</buildId>
   <key>com.atlassian.upm:notifications:notification-maintenance.expired</key>
   <serializedData>&lt;net.sf.hibernate.collection.Bag/></serializedData>
  </bandanaItem>
  <bandanaItem>
   <buildId>0</buildId>
   <key>com.atlassian.upm:notifications:notification-maintenance.nearlyexpired</key>
   <serializedData>&lt;net.sf.hibernate.collection.Bag/></serializedData>
  </bandanaItem>
  <bandanaItem>
   <buildId>0</buildId>
   <key>com.atlassian.upm:notifications:notification-update</key>
   <serializedData>&lt;net.sf.hibernate.collection.Bag/></serializedData>
  </bandanaItem>
  <bandanaItem>
   <buildId>393217</buildId>
   <key>bamboo.chain.branch.next.key</key>
   <serializedData>&lt;long>2&lt;/long></serializedData>
  </bandanaItem>
  <bandanaItem>
   <buildId>0</buildId>
   <key>expiry.build.lastRun</key>
   <serializedData>&lt;date>1430604236163&lt;/date></serializedData>
  </bandanaItem>
  <bandanaItem>
   <buildId>0</buildId>
   <key>expiry.build.lastFinished</key>
   <serializedData>&lt;date>1430604278922&lt;/date></serializedData>
  </bandanaItem>
  <bandanaItem>
   <buildId>0</buildId>
   <key>expiry.build.successful</key>
   <serializedData>&lt;boolean>true&lt;/boolean></serializedData>
  </bandanaItem>
  <bandanaItem>
   <buildId>0</buildId>
   <key>com.atlassian.upm.impl.PluginSettingsPluginUpdateRequestStoreplugin-update-requests</key>
   <serializedData>&lt;net.sf.hibernate.collection.Bag/></serializedData>
  </bandanaItem>
  <bandanaItem>
   <buildId>0</buildId>
   <key>com.atlassian.upm.notification.ManualUpdateRequiredNotificationServi4132bc4b6b94205656e44360bcb38069</key>
   <serializedData>&lt;net.sf.hibernate.collection.Bag/></serializedData>
  </bandanaItem>
  <bandanaItem>
   <buildId>0</buildId>
   <key>com.atlassian.upm.core.Sys:upm-settings:updated-upm-version</key>
   <serializedData>&lt;string>2.16.2&lt;/string></serializedData>
  </bandanaItem>
  <bandanaItem>
   <buildId>5013509</buildId>
   <key>bamboo.chain.branch.next.key</key>
   <serializedData>&lt;long>1&lt;/long></serializedData>
  </bandanaItem>
  <bandanaItem>
   <buildId>7569415</buildId>
   <key>bamboo.chain.branch.next.key</key>
   <serializedData>&lt;long>1&lt;/long></serializedData>
  </bandanaItem>
  <bandanaItem>
   <buildId>0</buildId>
   <key>expiry.deployment.lastRun</key>
   <serializedData>&lt;date>1430604228543&lt;/date></serializedData>
  </bandanaItem>
  <bandanaItem>
   <buildId>0</buildId>
   <key>expiry.deployment.lastFinished</key>
   <serializedData>&lt;date>1430604236162&lt;/date></serializedData>
  </bandanaItem>
  <bandanaItem>
   <buildId>0</buildId>
   <key>expiry.deployment.successful</key>
   <serializedData>&lt;boolean>true&lt;/boolean></serializedData>
  </bandanaItem>
  <bandanaItem>
   <buildId>0</buildId>
   <key>com.atlassian.upm.license.internal.impl.PluginSettingsLicenseTokenStore:license-tokens</key>
   <serializedData>&lt;net.sf.hibernate.collection.Bag/></serializedData>
  </bandanaItem>
 </bandanaItems>
</bamboo>