<?xml version='1.1' encoding='UTF-8' standalone='yes'?>
<bamboo>
 <date>Sun May 03 17:59:56 AEST 2015</date>
 <version>5.7.2</version>
 <buildDate>02-Dec-2014</buildDate>
 <build>5716</build>
 <serverID>BG3Y-XJ99-GC6Z-FPP1</serverID>
 <labels>
  <label>
   <id>7503873</id>
   <creationDate>portable AD 2015-03-03 10:55:26.620 +1100</creationDate>
   <modificationDate>portable AD 2015-03-03 10:55:26.620 +1100</modificationDate>
   <name>:unmark-favourite</name>
   <namespace>thomas</namespace>
  </label>
 </labels>
</bamboo>