<?xml version='1.1' encoding='UTF-8' standalone='yes'?>
<bamboo>
 <date>Sun May 03 17:59:56 AEST 2015</date>
 <version>5.7.2</version>
 <buildDate>02-Dec-2014</buildDate>
 <build>5716</build>
 <serverID>BG3Y-XJ99-GC6Z-FPP1</serverID>
 <planVcsHistory>
  <vcsHistoryItem>
   <id>1310728</id>
   <planKey>SW-MAS0</planKey>
   <buildNumber>0</buildNumber>
   <revisionKey>e8e8777466f0e7d1357cc126f3d539caec83d701</revisionKey>
   <repositoryId>1671169</repositoryId>
   <customXmlData><![CDATA[]]></customXmlData>
  </vcsHistoryItem>
  <vcsHistoryItem>
   <id>1310729</id>
   <planKey>SW-MAS0</planKey>
   <buildNumber>1</buildNumber>
   <revisionKey>e8e8777466f0e7d1357cc126f3d539caec83d701</revisionKey>
   <repositoryId>1671169</repositoryId>
   <customXmlData><![CDATA[]]></customXmlData>
  </vcsHistoryItem>
  <vcsHistoryItem>
   <id>1310731</id>
   <planKey>SW-MAS0</planKey>
   <buildNumber>2</buildNumber>
   <revisionKey>5324e53288997161a4f9236c862da2946317de8b</revisionKey>
   <repositoryId>1671169</repositoryId>
   <customXmlData><![CDATA[]]></customXmlData>
  </vcsHistoryItem>
  <vcsHistoryItem>
   <id>2785320</id>
   <planKey>SW-MAS0</planKey>
   <buildNumber>3</buildNumber>
   <revisionKey>9bc49eaf377573453d479c1705d7b23945585448</revisionKey>
   <repositoryId>1671169</repositoryId>
   <customXmlData><![CDATA[]]></customXmlData>
  </vcsHistoryItem>
  <vcsHistoryItem>
   <id>2785322</id>
   <planKey>SW-MAS0</planKey>
   <buildNumber>4</buildNumber>
   <revisionKey>3ba7d62ee9fb08f8497b0bbcedd2dfb8e3b04d0a</revisionKey>
   <repositoryId>1671169</repositoryId>
   <customXmlData><![CDATA[]]></customXmlData>
  </vcsHistoryItem>
  <vcsHistoryItem>
   <id>8159308</id>
   <planKey>SW-MAS</planKey>
   <buildNumber>150</buildNumber>
   <revisionKey>d1d96ce65617114558ab61d3b80d269d1b3b32d3</revisionKey>
   <repositoryId>3735554</repositoryId>
   <customXmlData><![CDATA[]]></customXmlData>
  </vcsHistoryItem>
  <vcsHistoryItem>
   <id>8159309</id>
   <planKey>SW-MAS</planKey>
   <buildNumber>150</buildNumber>
   <revisionKey>22602a84a8c121067a6e825e1ce982db9284762b</revisionKey>
   <repositoryId>3735555</repositoryId>
   <customXmlData><![CDATA[]]></customXmlData>
  </vcsHistoryItem>
  <vcsHistoryItem>
   <id>8159310</id>
   <planKey>SW-MAS</planKey>
   <buildNumber>150</buildNumber>
   <revisionKey>f4624c622df0905b3e59a442dde44029764110ff</revisionKey>
   <repositoryId>4489217</repositoryId>
   <customXmlData><![CDATA[]]></customXmlData>
  </vcsHistoryItem>
  <vcsHistoryItem>
   <id>8159311</id>
   <planKey>SXE-MAS</planKey>
   <buildNumber>25</buildNumber>
   <revisionKey>d1d96ce65617114558ab61d3b80d269d1b3b32d3</revisionKey>
   <repositoryId>7766022</repositoryId>
   <customXmlData><![CDATA[]]></customXmlData>
  </vcsHistoryItem>
  <vcsHistoryItem>
   <id>8159312</id>
   <planKey>SXE-MAS</planKey>
   <buildNumber>25</buildNumber>
   <revisionKey>475481d7f7c900b02713956a9205b585253c7da1</revisionKey>
   <repositoryId>7766024</repositoryId>
   <customXmlData><![CDATA[]]></customXmlData>
  </vcsHistoryItem>
  <vcsHistoryItem>
   <id>8159313</id>
   <planKey>SXE-MAS</planKey>
   <buildNumber>25</buildNumber>
   <revisionKey>f4624c622df0905b3e59a442dde44029764110ff</revisionKey>
   <repositoryId>7766021</repositoryId>
   <customXmlData><![CDATA[]]></customXmlData>
  </vcsHistoryItem>
  <vcsHistoryItem>
   <id>8159318</id>
   <planKey>SNE-MN</planKey>
   <buildNumber>71</buildNumber>
   <revisionKey>d1d96ce65617114558ab61d3b80d269d1b3b32d3</revisionKey>
   <repositoryId>6422532</repositoryId>
   <customXmlData><![CDATA[]]></customXmlData>
  </vcsHistoryItem>
  <vcsHistoryItem>
   <id>8159319</id>
   <planKey>SNE-MN</planKey>
   <buildNumber>71</buildNumber>
   <revisionKey>c578ab4a8ea5b3e4401721e13fdd640139f92bc4</revisionKey>
   <repositoryId>6422533</repositoryId>
   <customXmlData><![CDATA[]]></customXmlData>
  </vcsHistoryItem>
  <vcsHistoryItem>
   <id>8159320</id>
   <planKey>SNE-MN</planKey>
   <buildNumber>71</buildNumber>
   <revisionKey>f4624c622df0905b3e59a442dde44029764110ff</revisionKey>
   <repositoryId>6422530</repositoryId>
   <customXmlData><![CDATA[]]></customXmlData>
  </vcsHistoryItem>
  <vcsHistoryItem>
   <id>8159321</id>
   <planKey>SC-MAS</planKey>
   <buildNumber>49</buildNumber>
   <revisionKey>d1d96ce65617114558ab61d3b80d269d1b3b32d3</revisionKey>
   <repositoryId>5341191</repositoryId>
   <customXmlData><![CDATA[]]></customXmlData>
  </vcsHistoryItem>
  <vcsHistoryItem>
   <id>8159322</id>
   <planKey>SC-MAS</planKey>
   <buildNumber>49</buildNumber>
   <revisionKey>73628f8ab0e7d309cba1064536f909dcb5d6ca16</revisionKey>
   <repositoryId>5341192</repositoryId>
   <customXmlData><![CDATA[]]></customXmlData>
  </vcsHistoryItem>
  <vcsHistoryItem>
   <id>8159323</id>
   <planKey>SC-MAS</planKey>
   <buildNumber>49</buildNumber>
   <revisionKey>f4624c622df0905b3e59a442dde44029764110ff</revisionKey>
   <repositoryId>5341189</repositoryId>
   <customXmlData><![CDATA[]]></customXmlData>
  </vcsHistoryItem>
  <vcsHistoryItem>
   <id>8159324</id>
   <planKey>SC-MAS</planKey>
   <buildNumber>49</buildNumber>
   <revisionKey>22602a84a8c121067a6e825e1ce982db9284762b</revisionKey>
   <repositoryId>6422529</repositoryId>
   <customXmlData><![CDATA[]]></customXmlData>
  </vcsHistoryItem>
  <vcsHistoryItem>
   <id>8159345</id>
   <planKey>SACO-MAS</planKey>
   <buildNumber>26</buildNumber>
   <revisionKey>552f6af3c5ee3d5b8e8fb12d126907089aea8f5c</revisionKey>
   <repositoryId>7766027</repositoryId>
   <customXmlData><![CDATA[]]></customXmlData>
  </vcsHistoryItem>
  <vcsHistoryItem>
   <id>8978433</id>
   <planKey>SACO-MAS</planKey>
   <buildNumber>27</buildNumber>
   <revisionKey>552f6af3c5ee3d5b8e8fb12d126907089aea8f5c</revisionKey>
   <repositoryId>7766027</repositoryId>
   <customXmlData><![CDATA[]]></customXmlData>
  </vcsHistoryItem>
  <vcsHistoryItem>
   <id>8978437</id>
   <planKey>SACO-MAS</planKey>
   <buildNumber>28</buildNumber>
   <revisionKey>552f6af3c5ee3d5b8e8fb12d126907089aea8f5c</revisionKey>
   <repositoryId>7766027</repositoryId>
   <customXmlData><![CDATA[]]></customXmlData>
  </vcsHistoryItem>
  <vcsHistoryItem>
   <id>8978441</id>
   <planKey>SACO-MAS</planKey>
   <buildNumber>29</buildNumber>
   <revisionKey>6ff7fbf39e4946b18400f2f59c3986df0ffd0032</revisionKey>
   <repositoryId>7766027</repositoryId>
   <customXmlData><![CDATA[]]></customXmlData>
  </vcsHistoryItem>
  <vcsHistoryItem>
   <id>8978445</id>
   <planKey>SACO-MAS</planKey>
   <buildNumber>30</buildNumber>
   <revisionKey>46721878931f733fbd5b3693a6124920499bd2ac</revisionKey>
   <repositoryId>7766027</repositoryId>
   <customXmlData><![CDATA[]]></customXmlData>
  </vcsHistoryItem>
  <vcsHistoryItem>
   <id>8978449</id>
   <planKey>SACO-MAS</planKey>
   <buildNumber>30</buildNumber>
   <revisionKey>46721878931f733fbd5b3693a6124920499bd2ac</revisionKey>
   <repositoryId>9437185</repositoryId>
   <customXmlData><![CDATA[]]></customXmlData>
  </vcsHistoryItem>
  <vcsHistoryItem>
   <id>8978453</id>
   <planKey>SACO-MAS</planKey>
   <buildNumber>31</buildNumber>
   <revisionKey>46721878931f733fbd5b3693a6124920499bd2ac</revisionKey>
   <repositoryId>9437185</repositoryId>
   <customXmlData><![CDATA[]]></customXmlData>
  </vcsHistoryItem>
  <vcsHistoryItem>
   <id>8978457</id>
   <planKey>SACO-MAS</planKey>
   <buildNumber>32</buildNumber>
   <revisionKey>6119fb5a501dcb7b284dfa1c156cf6c84247cb7d</revisionKey>
   <repositoryId>9437185</repositoryId>
   <customXmlData><![CDATA[]]></customXmlData>
  </vcsHistoryItem>
  <vcsHistoryItem>
   <id>8978461</id>
   <planKey>SACO-MAS</planKey>
   <buildNumber>33</buildNumber>
   <revisionKey>6119fb5a501dcb7b284dfa1c156cf6c84247cb7d</revisionKey>
   <repositoryId>9437185</repositoryId>
   <customXmlData><![CDATA[]]></customXmlData>
  </vcsHistoryItem>
  <vcsHistoryItem>
   <id>8978462</id>
   <planKey>SACO-MAS</planKey>
   <buildNumber>33</buildNumber>
   <revisionKey>6119fb5a501dcb7b284dfa1c156cf6c84247cb7d</revisionKey>
   <repositoryId>9437186</repositoryId>
   <customXmlData><![CDATA[]]></customXmlData>
  </vcsHistoryItem>
  <vcsHistoryItem>
   <id>8978466</id>
   <planKey>SACO-MAS</planKey>
   <buildNumber>34</buildNumber>
   <revisionKey>6119fb5a501dcb7b284dfa1c156cf6c84247cb7d</revisionKey>
   <repositoryId>9437186</repositoryId>
   <customXmlData><![CDATA[]]></customXmlData>
  </vcsHistoryItem>
  <vcsHistoryItem>
   <id>8978470</id>
   <planKey>SACO-MAS</planKey>
   <buildNumber>35</buildNumber>
   <revisionKey>6119fb5a501dcb7b284dfa1c156cf6c84247cb7d</revisionKey>
   <repositoryId>9437186</repositoryId>
   <customXmlData><![CDATA[]]></customXmlData>
  </vcsHistoryItem>
  <vcsHistoryItem>
   <id>8978474</id>
   <planKey>SACO-MAS</planKey>
   <buildNumber>36</buildNumber>
   <revisionKey>92fe67fd49a349e7c913ae2c235f124775b96a7c</revisionKey>
   <repositoryId>9437186</repositoryId>
   <customXmlData><![CDATA[]]></customXmlData>
  </vcsHistoryItem>
  <vcsHistoryItem>
   <id>8978481</id>
   <planKey>SACO-MAS</planKey>
   <buildNumber>39</buildNumber>
   <revisionKey>8686a9239e43661e68deefcd9fcd99bda40ec7d2</revisionKey>
   <repositoryId>7766029</repositoryId>
   <customXmlData><![CDATA[]]></customXmlData>
  </vcsHistoryItem>
  <vcsHistoryItem>
   <id>8978482</id>
   <planKey>SACO-MAS</planKey>
   <buildNumber>39</buildNumber>
   <revisionKey>f4624c622df0905b3e59a442dde44029764110ff</revisionKey>
   <repositoryId>7766026</repositoryId>
   <customXmlData><![CDATA[]]></customXmlData>
  </vcsHistoryItem>
  <vcsHistoryItem>
   <id>8978483</id>
   <planKey>SACO-MAS</planKey>
   <buildNumber>39</buildNumber>
   <revisionKey>22602a84a8c121067a6e825e1ce982db9284762b</revisionKey>
   <repositoryId>7766025</repositoryId>
   <customXmlData><![CDATA[]]></customXmlData>
  </vcsHistoryItem>
  <vcsHistoryItem>
   <id>8978484</id>
   <planKey>SACO-MAS</planKey>
   <buildNumber>39</buildNumber>
   <revisionKey>6119fb5a501dcb7b284dfa1c156cf6c84247cb7d</revisionKey>
   <repositoryId>9437187</repositoryId>
   <customXmlData><![CDATA[]]></customXmlData>
  </vcsHistoryItem>
  <vcsHistoryItem>
   <id>9895937</id>
   <planKey>SW-MAS</planKey>
   <buildNumber>153</buildNumber>
   <revisionKey>6119fb5a501dcb7b284dfa1c156cf6c84247cb7d</revisionKey>
   <repositoryId>9601026</repositoryId>
   <customXmlData><![CDATA[]]></customXmlData>
  </vcsHistoryItem>
  <vcsHistoryItem>
   <id>9895939</id>
   <planKey>SW-MAS</planKey>
   <buildNumber>153</buildNumber>
   <revisionKey>f4624c622df0905b3e59a442dde44029764110ff</revisionKey>
   <repositoryId>9601027</repositoryId>
   <customXmlData><![CDATA[]]></customXmlData>
  </vcsHistoryItem>
  <vcsHistoryItem>
   <id>9895952</id>
   <planKey>SACO-MAS</planKey>
   <buildNumber>39</buildNumber>
   <revisionKey>6119fb5a501dcb7b284dfa1c156cf6c84247cb7d</revisionKey>
   <repositoryId>9601038</repositoryId>
   <customXmlData><![CDATA[]]></customXmlData>
  </vcsHistoryItem>
  <vcsHistoryItem>
   <id>9895954</id>
   <planKey>SACO-MAS</planKey>
   <buildNumber>40</buildNumber>
   <revisionKey>6119fb5a501dcb7b284dfa1c156cf6c84247cb7d</revisionKey>
   <repositoryId>9601038</repositoryId>
   <customXmlData><![CDATA[]]></customXmlData>
  </vcsHistoryItem>
  <vcsHistoryItem>
   <id>9895965</id>
   <planKey>SACO-MAS</planKey>
   <buildNumber>41</buildNumber>
   <revisionKey>6119fb5a501dcb7b284dfa1c156cf6c84247cb7d</revisionKey>
   <repositoryId>9601038</repositoryId>
   <customXmlData><![CDATA[]]></customXmlData>
  </vcsHistoryItem>
  <vcsHistoryItem>
   <id>9895968</id>
   <planKey>SACO-MAS</planKey>
   <buildNumber>42</buildNumber>
   <revisionKey>f6a3ef0b7e98cc0174c30f5e9888d0f8370f6de5</revisionKey>
   <repositoryId>9601038</repositoryId>
   <customXmlData><![CDATA[]]></customXmlData>
  </vcsHistoryItem>
  <vcsHistoryItem>
   <id>9895972</id>
   <planKey>SACO-MAS</planKey>
   <buildNumber>42</buildNumber>
   <revisionKey>f6a3ef0b7e98cc0174c30f5e9888d0f8370f6de5</revisionKey>
   <repositoryId>9601044</repositoryId>
   <customXmlData><![CDATA[]]></customXmlData>
  </vcsHistoryItem>
  <vcsHistoryItem>
   <id>9895974</id>
   <planKey>SACO-MAS</planKey>
   <buildNumber>43</buildNumber>
   <revisionKey>f6a3ef0b7e98cc0174c30f5e9888d0f8370f6de5</revisionKey>
   <repositoryId>9601044</repositoryId>
   <customXmlData><![CDATA[]]></customXmlData>
  </vcsHistoryItem>
  <vcsHistoryItem>
   <id>9896008</id>
   <planKey>SACO-MAS</planKey>
   <buildNumber>52</buildNumber>
   <revisionKey>f6a3ef0b7e98cc0174c30f5e9888d0f8370f6de5</revisionKey>
   <repositoryId>9601045</repositoryId>
   <customXmlData><![CDATA[]]></customXmlData>
  </vcsHistoryItem>
  <vcsHistoryItem>
   <id>9896009</id>
   <planKey>SACO-MAS</planKey>
   <buildNumber>52</buildNumber>
   <revisionKey>f4624c622df0905b3e59a442dde44029764110ff</revisionKey>
   <repositoryId>9601039</repositoryId>
   <customXmlData><![CDATA[]]></customXmlData>
  </vcsHistoryItem>
  <vcsHistoryItem>
   <id>11042818</id>
   <planKey>SACO-MAS</planKey>
   <buildNumber>53</buildNumber>
   <revisionKey>f6a3ef0b7e98cc0174c30f5e9888d0f8370f6de5</revisionKey>
   <repositoryId>9601045</repositoryId>
   <customXmlData><![CDATA[]]></customXmlData>
  </vcsHistoryItem>
  <vcsHistoryItem>
   <id>11042819</id>
   <planKey>SACO-MAS</planKey>
   <buildNumber>53</buildNumber>
   <revisionKey>f4624c622df0905b3e59a442dde44029764110ff</revisionKey>
   <repositoryId>9601039</repositoryId>
   <customXmlData><![CDATA[]]></customXmlData>
  </vcsHistoryItem>
  <vcsHistoryItem>
   <id>11042821</id>
   <planKey>SACO-MAS</planKey>
   <buildNumber>54</buildNumber>
   <revisionKey>f6a3ef0b7e98cc0174c30f5e9888d0f8370f6de5</revisionKey>
   <repositoryId>9601045</repositoryId>
   <customXmlData><![CDATA[]]></customXmlData>
  </vcsHistoryItem>
  <vcsHistoryItem>
   <id>11042822</id>
   <planKey>SACO-MAS</planKey>
   <buildNumber>54</buildNumber>
   <revisionKey>f4624c622df0905b3e59a442dde44029764110ff</revisionKey>
   <repositoryId>9601039</repositoryId>
   <customXmlData><![CDATA[]]></customXmlData>
  </vcsHistoryItem>
  <vcsHistoryItem>
   <id>12320905</id>
   <planKey>SW-MAS</planKey>
   <buildNumber>154</buildNumber>
   <revisionKey>c89dbf918f68e430f97d40438f27468d0cbf527d</revisionKey>
   <repositoryId>9601026</repositoryId>
   <customXmlData><![CDATA[]]></customXmlData>
  </vcsHistoryItem>
  <vcsHistoryItem>
   <id>12320906</id>
   <planKey>SW-MAS</planKey>
   <buildNumber>154</buildNumber>
   <revisionKey>f4624c622df0905b3e59a442dde44029764110ff</revisionKey>
   <repositoryId>9601027</repositoryId>
   <customXmlData><![CDATA[]]></customXmlData>
  </vcsHistoryItem>
  <vcsHistoryItem>
   <id>12320992</id>
   <planKey>SC-MAS</planKey>
   <buildNumber>68</buildNumber>
   <revisionKey>94255c07118a53c1faa27b7e76ec9ddd8ee119cc</revisionKey>
   <repositoryId>9601035</repositoryId>
   <customXmlData><![CDATA[]]></customXmlData>
  </vcsHistoryItem>
  <vcsHistoryItem>
   <id>12320993</id>
   <planKey>SC-MAS</planKey>
   <buildNumber>68</buildNumber>
   <revisionKey>f4624c622df0905b3e59a442dde44029764110ff</revisionKey>
   <repositoryId>9601036</repositoryId>
   <customXmlData><![CDATA[]]></customXmlData>
  </vcsHistoryItem>
  <vcsHistoryItem>
   <id>12320995</id>
   <planKey>SNE-MN</planKey>
   <buildNumber>74</buildNumber>
   <revisionKey>94255c07118a53c1faa27b7e76ec9ddd8ee119cc</revisionKey>
   <repositoryId>9601029</repositoryId>
   <customXmlData><![CDATA[]]></customXmlData>
  </vcsHistoryItem>
  <vcsHistoryItem>
   <id>12320996</id>
   <planKey>SNE-MN</planKey>
   <buildNumber>74</buildNumber>
   <revisionKey>f4624c622df0905b3e59a442dde44029764110ff</revisionKey>
   <repositoryId>9601030</repositoryId>
   <customXmlData><![CDATA[]]></customXmlData>
  </vcsHistoryItem>
  <vcsHistoryItem>
   <id>12321016</id>
   <planKey>SXE-MAS</planKey>
   <buildNumber>30</buildNumber>
   <revisionKey>94255c07118a53c1faa27b7e76ec9ddd8ee119cc</revisionKey>
   <repositoryId>9601031</repositoryId>
   <customXmlData><![CDATA[]]></customXmlData>
  </vcsHistoryItem>
  <vcsHistoryItem>
   <id>12321017</id>
   <planKey>SXE-MAS</planKey>
   <buildNumber>30</buildNumber>
   <revisionKey>f4624c622df0905b3e59a442dde44029764110ff</revisionKey>
   <repositoryId>9601032</repositoryId>
   <customXmlData><![CDATA[]]></customXmlData>
  </vcsHistoryItem>
  <vcsHistoryItem>
   <id>12321037</id>
   <planKey>SXE-MAS</planKey>
   <buildNumber>31</buildNumber>
   <revisionKey>94255c07118a53c1faa27b7e76ec9ddd8ee119cc</revisionKey>
   <repositoryId>9601031</repositoryId>
   <customXmlData><![CDATA[]]></customXmlData>
  </vcsHistoryItem>
  <vcsHistoryItem>
   <id>12321038</id>
   <planKey>SXE-MAS</planKey>
   <buildNumber>31</buildNumber>
   <revisionKey>f4624c622df0905b3e59a442dde44029764110ff</revisionKey>
   <repositoryId>9601032</repositoryId>
   <customXmlData><![CDATA[]]></customXmlData>
  </vcsHistoryItem>
  <vcsHistoryItem>
   <id>12321050</id>
   <planKey>SXE-MAS</planKey>
   <buildNumber>32</buildNumber>
   <revisionKey>4e7926e4f98d6140a8c2ae92bc9f8863a2b4d4bc</revisionKey>
   <repositoryId>9601031</repositoryId>
   <customXmlData><![CDATA[]]></customXmlData>
  </vcsHistoryItem>
  <vcsHistoryItem>
   <id>12321051</id>
   <planKey>SXE-MAS</planKey>
   <buildNumber>32</buildNumber>
   <revisionKey>f4624c622df0905b3e59a442dde44029764110ff</revisionKey>
   <repositoryId>9601032</repositoryId>
   <customXmlData><![CDATA[]]></customXmlData>
  </vcsHistoryItem>
  <vcsHistoryItem>
   <id>12321053</id>
   <planKey>SXE-MAS</planKey>
   <buildNumber>33</buildNumber>
   <revisionKey>4e7926e4f98d6140a8c2ae92bc9f8863a2b4d4bc</revisionKey>
   <repositoryId>9601031</repositoryId>
   <customXmlData><![CDATA[]]></customXmlData>
  </vcsHistoryItem>
  <vcsHistoryItem>
   <id>12321054</id>
   <planKey>SXE-MAS</planKey>
   <buildNumber>33</buildNumber>
   <revisionKey>f4624c622df0905b3e59a442dde44029764110ff</revisionKey>
   <repositoryId>9601032</repositoryId>
   <customXmlData><![CDATA[]]></customXmlData>
  </vcsHistoryItem>
  <vcsHistoryItem>
   <id>12321056</id>
   <planKey>SXE-MAS</planKey>
   <buildNumber>34</buildNumber>
   <revisionKey>4e7926e4f98d6140a8c2ae92bc9f8863a2b4d4bc</revisionKey>
   <repositoryId>9601031</repositoryId>
   <customXmlData><![CDATA[]]></customXmlData>
  </vcsHistoryItem>
  <vcsHistoryItem>
   <id>12321057</id>
   <planKey>SXE-MAS</planKey>
   <buildNumber>34</buildNumber>
   <revisionKey>f4624c622df0905b3e59a442dde44029764110ff</revisionKey>
   <repositoryId>9601032</repositoryId>
   <customXmlData><![CDATA[]]></customXmlData>
  </vcsHistoryItem>
  <vcsHistoryItem>
   <id>12321059</id>
   <planKey>SXE-MAS</planKey>
   <buildNumber>35</buildNumber>
   <revisionKey>4e7926e4f98d6140a8c2ae92bc9f8863a2b4d4bc</revisionKey>
   <repositoryId>9601031</repositoryId>
   <customXmlData><![CDATA[]]></customXmlData>
  </vcsHistoryItem>
  <vcsHistoryItem>
   <id>12321060</id>
   <planKey>SXE-MAS</planKey>
   <buildNumber>35</buildNumber>
   <revisionKey>f4624c622df0905b3e59a442dde44029764110ff</revisionKey>
   <repositoryId>9601032</repositoryId>
   <customXmlData><![CDATA[]]></customXmlData>
  </vcsHistoryItem>
  <vcsHistoryItem>
   <id>12321062</id>
   <planKey>SXE-MAS</planKey>
   <buildNumber>36</buildNumber>
   <revisionKey>4e7926e4f98d6140a8c2ae92bc9f8863a2b4d4bc</revisionKey>
   <repositoryId>9601031</repositoryId>
   <customXmlData><![CDATA[]]></customXmlData>
  </vcsHistoryItem>
  <vcsHistoryItem>
   <id>12321063</id>
   <planKey>SXE-MAS</planKey>
   <buildNumber>36</buildNumber>
   <revisionKey>f4624c622df0905b3e59a442dde44029764110ff</revisionKey>
   <repositoryId>9601032</repositoryId>
   <customXmlData><![CDATA[]]></customXmlData>
  </vcsHistoryItem>
  <vcsHistoryItem>
   <id>12321065</id>
   <planKey>SXE-MAS</planKey>
   <buildNumber>37</buildNumber>
   <revisionKey>4e7926e4f98d6140a8c2ae92bc9f8863a2b4d4bc</revisionKey>
   <repositoryId>9601031</repositoryId>
   <customXmlData><![CDATA[]]></customXmlData>
  </vcsHistoryItem>
  <vcsHistoryItem>
   <id>12321066</id>
   <planKey>SXE-MAS</planKey>
   <buildNumber>37</buildNumber>
   <revisionKey>f4624c622df0905b3e59a442dde44029764110ff</revisionKey>
   <repositoryId>9601032</repositoryId>
   <customXmlData><![CDATA[]]></customXmlData>
  </vcsHistoryItem>
  <vcsHistoryItem>
   <id>12321068</id>
   <planKey>SXE-MAS</planKey>
   <buildNumber>38</buildNumber>
   <revisionKey>3971ab6b758bb5fceeb89a1f96f0e5f937e2e618</revisionKey>
   <repositoryId>9601031</repositoryId>
   <customXmlData><![CDATA[]]></customXmlData>
  </vcsHistoryItem>
  <vcsHistoryItem>
   <id>12321069</id>
   <planKey>SXE-MAS</planKey>
   <buildNumber>38</buildNumber>
   <revisionKey>f4624c622df0905b3e59a442dde44029764110ff</revisionKey>
   <repositoryId>9601032</repositoryId>
   <customXmlData><![CDATA[]]></customXmlData>
  </vcsHistoryItem>
  <vcsHistoryItem>
   <id>12321072</id>
   <planKey>SXE-MAS</planKey>
   <buildNumber>39</buildNumber>
   <revisionKey>3971ab6b758bb5fceeb89a1f96f0e5f937e2e618</revisionKey>
   <repositoryId>9601031</repositoryId>
   <customXmlData><![CDATA[]]></customXmlData>
  </vcsHistoryItem>
  <vcsHistoryItem>
   <id>12321073</id>
   <planKey>SXE-MAS</planKey>
   <buildNumber>39</buildNumber>
   <revisionKey>f4624c622df0905b3e59a442dde44029764110ff</revisionKey>
   <repositoryId>9601032</repositoryId>
   <customXmlData><![CDATA[]]></customXmlData>
  </vcsHistoryItem>
  <vcsHistoryItem>
   <id>12321100</id>
   <planKey>SNE-MN</planKey>
   <buildNumber>75</buildNumber>
   <revisionKey>bbcb4ee24f68cff07104f56a029aec54df50927f</revisionKey>
   <repositoryId>9601029</repositoryId>
   <customXmlData><![CDATA[]]></customXmlData>
  </vcsHistoryItem>
  <vcsHistoryItem>
   <id>12321101</id>
   <planKey>SNE-MN</planKey>
   <buildNumber>75</buildNumber>
   <revisionKey>f4624c622df0905b3e59a442dde44029764110ff</revisionKey>
   <repositoryId>9601030</repositoryId>
   <customXmlData><![CDATA[]]></customXmlData>
  </vcsHistoryItem>
  <vcsHistoryItem>
   <id>14024813</id>
   <planKey>SXE-MAS</planKey>
   <buildNumber>46</buildNumber>
   <revisionKey>2feb165841540aa658d83d62ae3a45c8c5bb6464</revisionKey>
   <repositoryId>9601033</repositoryId>
   <customXmlData><![CDATA[]]></customXmlData>
  </vcsHistoryItem>
  <vcsHistoryItem>
   <id>15204353</id>
   <planKey>SW-MAS</planKey>
   <buildNumber>181</buildNumber>
   <revisionKey>22602a84a8c121067a6e825e1ce982db9284762b</revisionKey>
   <repositoryId>9601025</repositoryId>
   <customXmlData><![CDATA[]]></customXmlData>
  </vcsHistoryItem>
  <vcsHistoryItem>
   <id>15204434</id>
   <planKey>SXE-MAS</planKey>
   <buildNumber>46</buildNumber>
   <revisionKey>2feb165841540aa658d83d62ae3a45c8c5bb6464</revisionKey>
   <repositoryId>15564802</repositoryId>
   <customXmlData><![CDATA[]]></customXmlData>
  </vcsHistoryItem>
  <vcsHistoryItem>
   <id>15204435</id>
   <planKey>SXE-MAS</planKey>
   <buildNumber>47</buildNumber>
   <revisionKey>2feb165841540aa658d83d62ae3a45c8c5bb6464</revisionKey>
   <repositoryId>15564802</repositoryId>
   <customXmlData><![CDATA[]]></customXmlData>
  </vcsHistoryItem>
  <vcsHistoryItem>
   <id>15204438</id>
   <planKey>SXE-MAS</planKey>
   <buildNumber>48</buildNumber>
   <revisionKey>1da0447716c4d4f0996a2d8c7d60bdcc9ed81a24</revisionKey>
   <repositoryId>15564802</repositoryId>
   <customXmlData><![CDATA[]]></customXmlData>
  </vcsHistoryItem>
  <vcsHistoryItem>
   <id>15204441</id>
   <planKey>SXE-MAS</planKey>
   <buildNumber>49</buildNumber>
   <revisionKey>2feb165841540aa658d83d62ae3a45c8c5bb6464</revisionKey>
   <repositoryId>15564802</repositoryId>
   <customXmlData><![CDATA[]]></customXmlData>
  </vcsHistoryItem>
  <vcsHistoryItem>
   <id>15204444</id>
   <planKey>SXE-MAS</planKey>
   <buildNumber>50</buildNumber>
   <revisionKey>2446b084a99798b845d062e224b544364b90df1e</revisionKey>
   <repositoryId>15564802</repositoryId>
   <customXmlData><![CDATA[]]></customXmlData>
  </vcsHistoryItem>
  <vcsHistoryItem>
   <id>15204448</id>
   <planKey>SE-MAS</planKey>
   <buildNumber>70</buildNumber>
   <revisionKey>2446b084a99798b845d062e224b544364b90df1e</revisionKey>
   <repositoryId>15564802</repositoryId>
   <customXmlData><![CDATA[]]></customXmlData>
  </vcsHistoryItem>
  <vcsHistoryItem>
   <id>30244913</id>
   <planKey>SACO-MAS</planKey>
   <buildNumber>200</buildNumber>
   <revisionKey>07d160314ba3e5fcf2f0a1405b8b26319022b1fe</revisionKey>
   <repositoryId>9601037</repositoryId>
   <customXmlData><![CDATA[]]></customXmlData>
  </vcsHistoryItem>
  <vcsHistoryItem>
   <id>30244931</id>
   <planKey>SACO-MAS</planKey>
   <buildNumber>201</buildNumber>
   <revisionKey>9122b5d4be7dfcb210d85adabb48c342934f0f31</revisionKey>
   <repositoryId>9601037</repositoryId>
   <customXmlData><![CDATA[]]></customXmlData>
  </vcsHistoryItem>
  <vcsHistoryItem>
   <id>34701534</id>
   <planKey>SSL-MAST</planKey>
   <buildNumber>112</buildNumber>
   <revisionKey>0ba7cd87f258cf8f2ab4da94e8401e03d1f68e46</revisionKey>
   <repositoryId>10780673</repositoryId>
   <customXmlData><![CDATA[]]></customXmlData>
  </vcsHistoryItem>
  <vcsHistoryItem>
   <id>34701537</id>
   <planKey>SSR-MAS</planKey>
   <buildNumber>11</buildNumber>
   <revisionKey>0ba7cd87f258cf8f2ab4da94e8401e03d1f68e46</revisionKey>
   <repositoryId>10780673</repositoryId>
   <customXmlData><![CDATA[]]></customXmlData>
  </vcsHistoryItem>
  <vcsHistoryItem>
   <id>34701540</id>
   <planKey>SSM-MAS</planKey>
   <buildNumber>11</buildNumber>
   <revisionKey>0ba7cd87f258cf8f2ab4da94e8401e03d1f68e46</revisionKey>
   <repositoryId>10780673</repositoryId>
   <customXmlData><![CDATA[]]></customXmlData>
  </vcsHistoryItem>
  <vcsHistoryItem>
   <id>34701600</id>
   <planKey>SSA-MAS</planKey>
   <buildNumber>25</buildNumber>
   <revisionKey>0ba7cd87f258cf8f2ab4da94e8401e03d1f68e46</revisionKey>
   <repositoryId>10780673</repositoryId>
   <customXmlData><![CDATA[]]></customXmlData>
  </vcsHistoryItem>
  <vcsHistoryItem>
   <id>34701684</id>
   <planKey>SSA-MAS</planKey>
   <buildNumber>26</buildNumber>
   <revisionKey>0ba7cd87f258cf8f2ab4da94e8401e03d1f68e46</revisionKey>
   <repositoryId>10780673</repositoryId>
   <customXmlData><![CDATA[]]></customXmlData>
  </vcsHistoryItem>
  <vcsHistoryItem>
   <id>34701702</id>
   <planKey>SSA-MAS</planKey>
   <buildNumber>27</buildNumber>
   <revisionKey>0ba7cd87f258cf8f2ab4da94e8401e03d1f68e46</revisionKey>
   <repositoryId>10780673</repositoryId>
   <customXmlData><![CDATA[]]></customXmlData>
  </vcsHistoryItem>
  <vcsHistoryItem>
   <id>34701703</id>
   <planKey>SNE-MN</planKey>
   <buildNumber>97</buildNumber>
   <revisionKey>4e3fe5d2cbb6330788047c74806aae71bda27ebc</revisionKey>
   <repositoryId>9601028</repositoryId>
   <customXmlData><![CDATA[]]></customXmlData>
  </vcsHistoryItem>
  <vcsHistoryItem>
   <id>34701704</id>
   <planKey>SNE-MN</planKey>
   <buildNumber>97</buildNumber>
   <revisionKey>6052a878af03be3991cac5de4773a5287e33c048</revisionKey>
   <repositoryId>9601042</repositoryId>
   <customXmlData><![CDATA[]]></customXmlData>
  </vcsHistoryItem>
  <vcsHistoryItem>
   <id>34701705</id>
   <planKey>SNE-MN</planKey>
   <buildNumber>97</buildNumber>
   <revisionKey>0ba7cd87f258cf8f2ab4da94e8401e03d1f68e46</revisionKey>
   <repositoryId>10780673</repositoryId>
   <customXmlData><![CDATA[]]></customXmlData>
  </vcsHistoryItem>
  <vcsHistoryItem>
   <id>34701709</id>
   <planKey>SR-MAS</planKey>
   <buildNumber>48</buildNumber>
   <revisionKey>05a8b714802343624984b5ac708d64e7ff1303f7</revisionKey>
   <repositoryId>16809989</repositoryId>
   <customXmlData><![CDATA[]]></customXmlData>
  </vcsHistoryItem>
  <vcsHistoryItem>
   <id>34701710</id>
   <planKey>SR-MAS</planKey>
   <buildNumber>48</buildNumber>
   <revisionKey>6052a878af03be3991cac5de4773a5287e33c048</revisionKey>
   <repositoryId>9601042</repositoryId>
   <customXmlData><![CDATA[]]></customXmlData>
  </vcsHistoryItem>
  <vcsHistoryItem>
   <id>34701711</id>
   <planKey>SR-MAS</planKey>
   <buildNumber>48</buildNumber>
   <revisionKey>0ba7cd87f258cf8f2ab4da94e8401e03d1f68e46</revisionKey>
   <repositoryId>10780673</repositoryId>
   <customXmlData><![CDATA[]]></customXmlData>
  </vcsHistoryItem>
  <vcsHistoryItem>
   <id>34701717</id>
   <planKey>SSM-MAS</planKey>
   <buildNumber>12</buildNumber>
   <revisionKey>0ba7cd87f258cf8f2ab4da94e8401e03d1f68e46</revisionKey>
   <repositoryId>10780673</repositoryId>
   <customXmlData><![CDATA[]]></customXmlData>
  </vcsHistoryItem>
  <vcsHistoryItem>
   <id>34701720</id>
   <planKey>SSR-MAS</planKey>
   <buildNumber>12</buildNumber>
   <revisionKey>0ba7cd87f258cf8f2ab4da94e8401e03d1f68e46</revisionKey>
   <repositoryId>10780673</repositoryId>
   <customXmlData><![CDATA[]]></customXmlData>
  </vcsHistoryItem>
  <vcsHistoryItem>
   <id>34701723</id>
   <planKey>SSL-MAST</planKey>
   <buildNumber>113</buildNumber>
   <revisionKey>0ba7cd87f258cf8f2ab4da94e8401e03d1f68e46</revisionKey>
   <repositoryId>10780673</repositoryId>
   <customXmlData><![CDATA[]]></customXmlData>
  </vcsHistoryItem>
  <vcsHistoryItem>
   <id>34701726</id>
   <planKey>SSA-MAS</planKey>
   <buildNumber>28</buildNumber>
   <revisionKey>0ba7cd87f258cf8f2ab4da94e8401e03d1f68e46</revisionKey>
   <repositoryId>10780673</repositoryId>
   <customXmlData><![CDATA[]]></customXmlData>
  </vcsHistoryItem>
  <vcsHistoryItem>
   <id>34701729</id>
   <planKey>SSL-MAST</planKey>
   <buildNumber>114</buildNumber>
   <revisionKey>0ba7cd87f258cf8f2ab4da94e8401e03d1f68e46</revisionKey>
   <repositoryId>10780673</repositoryId>
   <customXmlData><![CDATA[]]></customXmlData>
  </vcsHistoryItem>
  <vcsHistoryItem>
   <id>34701732</id>
   <planKey>SSM-MAS</planKey>
   <buildNumber>13</buildNumber>
   <revisionKey>0ba7cd87f258cf8f2ab4da94e8401e03d1f68e46</revisionKey>
   <repositoryId>10780673</repositoryId>
   <customXmlData><![CDATA[]]></customXmlData>
  </vcsHistoryItem>
  <vcsHistoryItem>
   <id>34701735</id>
   <planKey>SSR-MAS</planKey>
   <buildNumber>13</buildNumber>
   <revisionKey>0ba7cd87f258cf8f2ab4da94e8401e03d1f68e46</revisionKey>
   <repositoryId>10780673</repositoryId>
   <customXmlData><![CDATA[]]></customXmlData>
  </vcsHistoryItem>
  <vcsHistoryItem>
   <id>34701736</id>
   <planKey>SW-MAS</planKey>
   <buildNumber>204</buildNumber>
   <revisionKey>77e621179e1996d551fd44516e97cee7ef3885f3</revisionKey>
   <repositoryId>15564803</repositoryId>
   <customXmlData><![CDATA[]]></customXmlData>
  </vcsHistoryItem>
  <vcsHistoryItem>
   <id>34701737</id>
   <planKey>SW-MAS</planKey>
   <buildNumber>204</buildNumber>
   <revisionKey>6052a878af03be3991cac5de4773a5287e33c048</revisionKey>
   <repositoryId>9601042</repositoryId>
   <customXmlData><![CDATA[]]></customXmlData>
  </vcsHistoryItem>
  <vcsHistoryItem>
   <id>34701738</id>
   <planKey>SW-MAS</planKey>
   <buildNumber>204</buildNumber>
   <revisionKey>0ba7cd87f258cf8f2ab4da94e8401e03d1f68e46</revisionKey>
   <repositoryId>10780673</repositoryId>
   <customXmlData><![CDATA[]]></customXmlData>
  </vcsHistoryItem>
  <vcsHistoryItem>
   <id>34701751</id>
   <planKey>SG-MAS</planKey>
   <buildNumber>53</buildNumber>
   <revisionKey>66af6ef56575658d2bd11a1b5eafe605f09f3853</revisionKey>
   <repositoryId>16809986</repositoryId>
   <customXmlData><![CDATA[]]></customXmlData>
  </vcsHistoryItem>
  <vcsHistoryItem>
   <id>34701752</id>
   <planKey>SG-MAS</planKey>
   <buildNumber>53</buildNumber>
   <revisionKey>6052a878af03be3991cac5de4773a5287e33c048</revisionKey>
   <repositoryId>9601042</repositoryId>
   <customXmlData><![CDATA[]]></customXmlData>
  </vcsHistoryItem>
  <vcsHistoryItem>
   <id>34701753</id>
   <planKey>SG-MAS</planKey>
   <buildNumber>53</buildNumber>
   <revisionKey>0ba7cd87f258cf8f2ab4da94e8401e03d1f68e46</revisionKey>
   <repositoryId>10780673</repositoryId>
   <customXmlData><![CDATA[]]></customXmlData>
  </vcsHistoryItem>
  <vcsHistoryItem>
   <id>34701754</id>
   <planKey>SSC-MAS</planKey>
   <buildNumber>78</buildNumber>
   <revisionKey>bf5a6a46e1c3981864d2739662bec6c78fe64d00</revisionKey>
   <repositoryId>17956867</repositoryId>
   <customXmlData><![CDATA[]]></customXmlData>
  </vcsHistoryItem>
  <vcsHistoryItem>
   <id>34701755</id>
   <planKey>SSC-MAS</planKey>
   <buildNumber>78</buildNumber>
   <revisionKey>6052a878af03be3991cac5de4773a5287e33c048</revisionKey>
   <repositoryId>9601042</repositoryId>
   <customXmlData><![CDATA[]]></customXmlData>
  </vcsHistoryItem>
  <vcsHistoryItem>
   <id>34701756</id>
   <planKey>SSC-MAS</planKey>
   <buildNumber>78</buildNumber>
   <revisionKey>0ba7cd87f258cf8f2ab4da94e8401e03d1f68e46</revisionKey>
   <repositoryId>10780673</repositoryId>
   <customXmlData><![CDATA[]]></customXmlData>
  </vcsHistoryItem>
  <vcsHistoryItem>
   <id>34701760</id>
   <planKey>SXE-MAS</planKey>
   <buildNumber>76</buildNumber>
   <revisionKey>1c3b6b92186cc669f3396d76dda338cba9cfaed2</revisionKey>
   <repositoryId>15564804</repositoryId>
   <customXmlData><![CDATA[]]></customXmlData>
  </vcsHistoryItem>
  <vcsHistoryItem>
   <id>34701761</id>
   <planKey>SXE-MAS</planKey>
   <buildNumber>76</buildNumber>
   <revisionKey>863ef8ef676070bdcdba0d141be22e1a4e139302</revisionKey>
   <repositoryId>9601042</repositoryId>
   <customXmlData><![CDATA[]]></customXmlData>
  </vcsHistoryItem>
  <vcsHistoryItem>
   <id>34701762</id>
   <planKey>SXE-MAS</planKey>
   <buildNumber>76</buildNumber>
   <revisionKey>0ba7cd87f258cf8f2ab4da94e8401e03d1f68e46</revisionKey>
   <repositoryId>10780673</repositoryId>
   <customXmlData><![CDATA[]]></customXmlData>
  </vcsHistoryItem>
  <vcsHistoryItem>
   <id>34701763</id>
   <planKey>SC-MAS</planKey>
   <buildNumber>139</buildNumber>
   <revisionKey>086a1c896bb21f67309547fc73c4badd957c6941</revisionKey>
   <repositoryId>9601034</repositoryId>
   <customXmlData><![CDATA[]]></customXmlData>
  </vcsHistoryItem>
  <vcsHistoryItem>
   <id>34701764</id>
   <planKey>SC-MAS</planKey>
   <buildNumber>139</buildNumber>
   <revisionKey>863ef8ef676070bdcdba0d141be22e1a4e139302</revisionKey>
   <repositoryId>9601042</repositoryId>
   <customXmlData><![CDATA[]]></customXmlData>
  </vcsHistoryItem>
  <vcsHistoryItem>
   <id>34701765</id>
   <planKey>SC-MAS</planKey>
   <buildNumber>139</buildNumber>
   <revisionKey>0ba7cd87f258cf8f2ab4da94e8401e03d1f68e46</revisionKey>
   <repositoryId>10780673</repositoryId>
   <customXmlData><![CDATA[]]></customXmlData>
  </vcsHistoryItem>
  <vcsHistoryItem>
   <id>34701766</id>
   <planKey>SE-MAS</planKey>
   <buildNumber>119</buildNumber>
   <revisionKey>264f3379627a63db727de9acfbce28cf15e302ab</revisionKey>
   <repositoryId>13041667</repositoryId>
   <customXmlData><![CDATA[]]></customXmlData>
  </vcsHistoryItem>
  <vcsHistoryItem>
   <id>34701767</id>
   <planKey>SE-MAS</planKey>
   <buildNumber>119</buildNumber>
   <revisionKey>863ef8ef676070bdcdba0d141be22e1a4e139302</revisionKey>
   <repositoryId>9601042</repositoryId>
   <customXmlData><![CDATA[]]></customXmlData>
  </vcsHistoryItem>
  <vcsHistoryItem>
   <id>34701768</id>
   <planKey>SE-MAS</planKey>
   <buildNumber>119</buildNumber>
   <revisionKey>0ba7cd87f258cf8f2ab4da94e8401e03d1f68e46</revisionKey>
   <repositoryId>10780673</repositoryId>
   <customXmlData><![CDATA[]]></customXmlData>
  </vcsHistoryItem>
  <vcsHistoryItem>
   <id>34701769</id>
   <planKey>SACO-MAS</planKey>
   <buildNumber>234</buildNumber>
   <revisionKey>18e930102f3a4dfee4d68a7e5a7068d4bd05ae0a</revisionKey>
   <repositoryId>30769153</repositoryId>
   <customXmlData><![CDATA[]]></customXmlData>
  </vcsHistoryItem>
  <vcsHistoryItem>
   <id>34701770</id>
   <planKey>SACO-MAS</planKey>
   <buildNumber>234</buildNumber>
   <revisionKey>863ef8ef676070bdcdba0d141be22e1a4e139302</revisionKey>
   <repositoryId>9601042</repositoryId>
   <customXmlData><![CDATA[]]></customXmlData>
  </vcsHistoryItem>
  <vcsHistoryItem>
   <id>34701771</id>
   <planKey>SACO-MAS</planKey>
   <buildNumber>234</buildNumber>
   <revisionKey>0ba7cd87f258cf8f2ab4da94e8401e03d1f68e46</revisionKey>
   <repositoryId>10780673</repositoryId>
   <customXmlData><![CDATA[]]></customXmlData>
  </vcsHistoryItem>
  <vcsHistoryItem>
   <id>34701774</id>
   <planKey>SSA-MAS</planKey>
   <buildNumber>29</buildNumber>
   <revisionKey>0ba7cd87f258cf8f2ab4da94e8401e03d1f68e46</revisionKey>
   <repositoryId>10780673</repositoryId>
   <customXmlData><![CDATA[]]></customXmlData>
  </vcsHistoryItem>
  <vcsHistoryItem>
   <id>34701777</id>
   <planKey>SSA-MAS</planKey>
   <buildNumber>31</buildNumber>
   <revisionKey>ec5cf27dc3ccd95e66f74bb9789fb9b5aa93a7ad</revisionKey>
   <repositoryId>30769154</repositoryId>
   <customXmlData><![CDATA[]]></customXmlData>
  </vcsHistoryItem>
  <vcsHistoryItem>
   <id>34701778</id>
   <planKey>SSA-MAS</planKey>
   <buildNumber>31</buildNumber>
   <revisionKey>e9d06da40bfe7bf952e8dd56f12f00dfa7332d56</revisionKey>
   <repositoryId>9601042</repositoryId>
   <customXmlData><![CDATA[]]></customXmlData>
  </vcsHistoryItem>
  <vcsHistoryItem>
   <id>34701779</id>
   <planKey>SSL-MAST</planKey>
   <buildNumber>115</buildNumber>
   <revisionKey>ee17e82848b801ea53714b27a00fa79de7c0bef3</revisionKey>
   <repositoryId>24281092</repositoryId>
   <customXmlData><![CDATA[]]></customXmlData>
  </vcsHistoryItem>
  <vcsHistoryItem>
   <id>34701780</id>
   <planKey>SSL-MAST</planKey>
   <buildNumber>115</buildNumber>
   <revisionKey>e9d06da40bfe7bf952e8dd56f12f00dfa7332d56</revisionKey>
   <repositoryId>9601042</repositoryId>
   <customXmlData><![CDATA[]]></customXmlData>
  </vcsHistoryItem>
  <vcsHistoryItem>
   <id>34701781</id>
   <planKey>SSM-MAS</planKey>
   <buildNumber>14</buildNumber>
   <revisionKey>a55ab59cbe8b59db207170da492a5c1c74911d51</revisionKey>
   <repositoryId>28049410</repositoryId>
   <customXmlData><![CDATA[]]></customXmlData>
  </vcsHistoryItem>
  <vcsHistoryItem>
   <id>34701782</id>
   <planKey>SSM-MAS</planKey>
   <buildNumber>14</buildNumber>
   <revisionKey>e9d06da40bfe7bf952e8dd56f12f00dfa7332d56</revisionKey>
   <repositoryId>9601042</repositoryId>
   <customXmlData><![CDATA[]]></customXmlData>
  </vcsHistoryItem>
  <vcsHistoryItem>
   <id>34701783</id>
   <planKey>SSR-MAS</planKey>
   <buildNumber>14</buildNumber>
   <revisionKey>d27b7e06939173e7b3788e8a60e03e2a9ff3029b</revisionKey>
   <repositoryId>27164674</repositoryId>
   <customXmlData><![CDATA[]]></customXmlData>
  </vcsHistoryItem>
  <vcsHistoryItem>
   <id>34701784</id>
   <planKey>SSR-MAS</planKey>
   <buildNumber>14</buildNumber>
   <revisionKey>e9d06da40bfe7bf952e8dd56f12f00dfa7332d56</revisionKey>
   <repositoryId>9601042</repositoryId>
   <customXmlData><![CDATA[]]></customXmlData>
  </vcsHistoryItem>
  <vcsHistoryItem>
   <id>34701785</id>
   <planKey>SW-MAS</planKey>
   <buildNumber>205</buildNumber>
   <revisionKey>77e621179e1996d551fd44516e97cee7ef3885f3</revisionKey>
   <repositoryId>15564803</repositoryId>
   <customXmlData><![CDATA[]]></customXmlData>
  </vcsHistoryItem>
  <vcsHistoryItem>
   <id>34701786</id>
   <planKey>SW-MAS</planKey>
   <buildNumber>205</buildNumber>
   <revisionKey>bb7fbc980f6344e13c24ead7b9214a5fea2143eb</revisionKey>
   <repositoryId>9601042</repositoryId>
   <customXmlData><![CDATA[]]></customXmlData>
  </vcsHistoryItem>
  <vcsHistoryItem>
   <id>34701787</id>
   <planKey>SXE-MAS</planKey>
   <buildNumber>77</buildNumber>
   <revisionKey>1c3b6b92186cc669f3396d76dda338cba9cfaed2</revisionKey>
   <repositoryId>15564804</repositoryId>
   <customXmlData><![CDATA[]]></customXmlData>
  </vcsHistoryItem>
  <vcsHistoryItem>
   <id>34701788</id>
   <planKey>SXE-MAS</planKey>
   <buildNumber>77</buildNumber>
   <revisionKey>bb7fbc980f6344e13c24ead7b9214a5fea2143eb</revisionKey>
   <repositoryId>9601042</repositoryId>
   <customXmlData><![CDATA[]]></customXmlData>
  </vcsHistoryItem>
  <vcsHistoryItem>
   <id>34701789</id>
   <planKey>SW-MAS</planKey>
   <buildNumber>206</buildNumber>
   <revisionKey>77e621179e1996d551fd44516e97cee7ef3885f3</revisionKey>
   <repositoryId>15564803</repositoryId>
   <customXmlData><![CDATA[]]></customXmlData>
  </vcsHistoryItem>
  <vcsHistoryItem>
   <id>34701790</id>
   <planKey>SW-MAS</planKey>
   <buildNumber>206</buildNumber>
   <revisionKey>bb7fbc980f6344e13c24ead7b9214a5fea2143eb</revisionKey>
   <repositoryId>9601042</repositoryId>
   <customXmlData><![CDATA[]]></customXmlData>
  </vcsHistoryItem>
  <vcsHistoryItem>
   <id>34701791</id>
   <planKey>SXE-MAS</planKey>
   <buildNumber>78</buildNumber>
   <revisionKey>1c3b6b92186cc669f3396d76dda338cba9cfaed2</revisionKey>
   <repositoryId>15564804</repositoryId>
   <customXmlData><![CDATA[]]></customXmlData>
  </vcsHistoryItem>
  <vcsHistoryItem>
   <id>34701792</id>
   <planKey>SXE-MAS</planKey>
   <buildNumber>78</buildNumber>
   <revisionKey>bb7fbc980f6344e13c24ead7b9214a5fea2143eb</revisionKey>
   <repositoryId>9601042</repositoryId>
   <customXmlData><![CDATA[]]></customXmlData>
  </vcsHistoryItem>
  <vcsHistoryItem>
   <id>34701793</id>
   <planKey>SC-MAS</planKey>
   <buildNumber>140</buildNumber>
   <revisionKey>086a1c896bb21f67309547fc73c4badd957c6941</revisionKey>
   <repositoryId>9601034</repositoryId>
   <customXmlData><![CDATA[]]></customXmlData>
  </vcsHistoryItem>
  <vcsHistoryItem>
   <id>34701794</id>
   <planKey>SC-MAS</planKey>
   <buildNumber>140</buildNumber>
   <revisionKey>bb7fbc980f6344e13c24ead7b9214a5fea2143eb</revisionKey>
   <repositoryId>9601042</repositoryId>
   <customXmlData><![CDATA[]]></customXmlData>
  </vcsHistoryItem>
  <vcsHistoryItem>
   <id>34701795</id>
   <planKey>SE-MAS</planKey>
   <buildNumber>120</buildNumber>
   <revisionKey>264f3379627a63db727de9acfbce28cf15e302ab</revisionKey>
   <repositoryId>13041667</repositoryId>
   <customXmlData><![CDATA[]]></customXmlData>
  </vcsHistoryItem>
  <vcsHistoryItem>
   <id>34701796</id>
   <planKey>SE-MAS</planKey>
   <buildNumber>120</buildNumber>
   <revisionKey>bb7fbc980f6344e13c24ead7b9214a5fea2143eb</revisionKey>
   <repositoryId>9601042</repositoryId>
   <customXmlData><![CDATA[]]></customXmlData>
  </vcsHistoryItem>
  <vcsHistoryItem>
   <id>34701797</id>
   <planKey>SG-MAS</planKey>
   <buildNumber>54</buildNumber>
   <revisionKey>66af6ef56575658d2bd11a1b5eafe605f09f3853</revisionKey>
   <repositoryId>16809986</repositoryId>
   <customXmlData><![CDATA[]]></customXmlData>
  </vcsHistoryItem>
  <vcsHistoryItem>
   <id>34701798</id>
   <planKey>SG-MAS</planKey>
   <buildNumber>54</buildNumber>
   <revisionKey>bb7fbc980f6344e13c24ead7b9214a5fea2143eb</revisionKey>
   <repositoryId>9601042</repositoryId>
   <customXmlData><![CDATA[]]></customXmlData>
  </vcsHistoryItem>
  <vcsHistoryItem>
   <id>34701799</id>
   <planKey>SSC-MAS</planKey>
   <buildNumber>79</buildNumber>
   <revisionKey>bf5a6a46e1c3981864d2739662bec6c78fe64d00</revisionKey>
   <repositoryId>17956867</repositoryId>
   <customXmlData><![CDATA[]]></customXmlData>
  </vcsHistoryItem>
  <vcsHistoryItem>
   <id>34701800</id>
   <planKey>SSC-MAS</planKey>
   <buildNumber>79</buildNumber>
   <revisionKey>bb7fbc980f6344e13c24ead7b9214a5fea2143eb</revisionKey>
   <repositoryId>9601042</repositoryId>
   <customXmlData><![CDATA[]]></customXmlData>
  </vcsHistoryItem>
  <vcsHistoryItem>
   <id>34701801</id>
   <planKey>SR-MAS</planKey>
   <buildNumber>49</buildNumber>
   <revisionKey>05a8b714802343624984b5ac708d64e7ff1303f7</revisionKey>
   <repositoryId>16809989</repositoryId>
   <customXmlData><![CDATA[]]></customXmlData>
  </vcsHistoryItem>
  <vcsHistoryItem>
   <id>34701802</id>
   <planKey>SR-MAS</planKey>
   <buildNumber>49</buildNumber>
   <revisionKey>bb7fbc980f6344e13c24ead7b9214a5fea2143eb</revisionKey>
   <repositoryId>9601042</repositoryId>
   <customXmlData><![CDATA[]]></customXmlData>
  </vcsHistoryItem>
  <vcsHistoryItem>
   <id>34701803</id>
   <planKey>SACO-MAS</planKey>
   <buildNumber>235</buildNumber>
   <revisionKey>18e930102f3a4dfee4d68a7e5a7068d4bd05ae0a</revisionKey>
   <repositoryId>30769153</repositoryId>
   <customXmlData><![CDATA[]]></customXmlData>
  </vcsHistoryItem>
  <vcsHistoryItem>
   <id>34701804</id>
   <planKey>SACO-MAS</planKey>
   <buildNumber>235</buildNumber>
   <revisionKey>bb7fbc980f6344e13c24ead7b9214a5fea2143eb</revisionKey>
   <repositoryId>9601042</repositoryId>
   <customXmlData><![CDATA[]]></customXmlData>
  </vcsHistoryItem>
  <vcsHistoryItem>
   <id>34701805</id>
   <planKey>SSR-MAS</planKey>
   <buildNumber>15</buildNumber>
   <revisionKey>d27b7e06939173e7b3788e8a60e03e2a9ff3029b</revisionKey>
   <repositoryId>27164674</repositoryId>
   <customXmlData><![CDATA[]]></customXmlData>
  </vcsHistoryItem>
  <vcsHistoryItem>
   <id>34701806</id>
   <planKey>SSR-MAS</planKey>
   <buildNumber>15</buildNumber>
   <revisionKey>bb7fbc980f6344e13c24ead7b9214a5fea2143eb</revisionKey>
   <repositoryId>9601042</repositoryId>
   <customXmlData><![CDATA[]]></customXmlData>
  </vcsHistoryItem>
  <vcsHistoryItem>
   <id>34701807</id>
   <planKey>SSL-MAST</planKey>
   <buildNumber>116</buildNumber>
   <revisionKey>ee17e82848b801ea53714b27a00fa79de7c0bef3</revisionKey>
   <repositoryId>24281092</repositoryId>
   <customXmlData><![CDATA[]]></customXmlData>
  </vcsHistoryItem>
  <vcsHistoryItem>
   <id>34701808</id>
   <planKey>SSL-MAST</planKey>
   <buildNumber>116</buildNumber>
   <revisionKey>bb7fbc980f6344e13c24ead7b9214a5fea2143eb</revisionKey>
   <repositoryId>9601042</repositoryId>
   <customXmlData><![CDATA[]]></customXmlData>
  </vcsHistoryItem>
  <vcsHistoryItem>
   <id>34701809</id>
   <planKey>SSM-MAS</planKey>
   <buildNumber>15</buildNumber>
   <revisionKey>a55ab59cbe8b59db207170da492a5c1c74911d51</revisionKey>
   <repositoryId>28049410</repositoryId>
   <customXmlData><![CDATA[]]></customXmlData>
  </vcsHistoryItem>
  <vcsHistoryItem>
   <id>34701810</id>
   <planKey>SSM-MAS</planKey>
   <buildNumber>15</buildNumber>
   <revisionKey>bb7fbc980f6344e13c24ead7b9214a5fea2143eb</revisionKey>
   <repositoryId>9601042</repositoryId>
   <customXmlData><![CDATA[]]></customXmlData>
  </vcsHistoryItem>
  <vcsHistoryItem>
   <id>34701811</id>
   <planKey>SSA-MAS</planKey>
   <buildNumber>32</buildNumber>
   <revisionKey>ec5cf27dc3ccd95e66f74bb9789fb9b5aa93a7ad</revisionKey>
   <repositoryId>30769154</repositoryId>
   <customXmlData><![CDATA[]]></customXmlData>
  </vcsHistoryItem>
  <vcsHistoryItem>
   <id>34701812</id>
   <planKey>SSA-MAS</planKey>
   <buildNumber>32</buildNumber>
   <revisionKey>bb7fbc980f6344e13c24ead7b9214a5fea2143eb</revisionKey>
   <repositoryId>9601042</repositoryId>
   <customXmlData><![CDATA[]]></customXmlData>
  </vcsHistoryItem>
  <vcsHistoryItem>
   <id>34701813</id>
   <planKey>SNE-MN</planKey>
   <buildNumber>98</buildNumber>
   <revisionKey>1f5d8430ceb399c9d18f9d9d2f28adea7c215134</revisionKey>
   <repositoryId>9601028</repositoryId>
   <customXmlData><![CDATA[]]></customXmlData>
  </vcsHistoryItem>
  <vcsHistoryItem>
   <id>34701814</id>
   <planKey>SNE-MN</planKey>
   <buildNumber>98</buildNumber>
   <revisionKey>bb7fbc980f6344e13c24ead7b9214a5fea2143eb</revisionKey>
   <repositoryId>9601042</repositoryId>
   <customXmlData><![CDATA[]]></customXmlData>
  </vcsHistoryItem>
  <vcsHistoryItem>
   <id>34701815</id>
   <planKey>SACO-MAS</planKey>
   <buildNumber>236</buildNumber>
   <revisionKey>18e930102f3a4dfee4d68a7e5a7068d4bd05ae0a</revisionKey>
   <repositoryId>30769153</repositoryId>
   <customXmlData><![CDATA[]]></customXmlData>
  </vcsHistoryItem>
  <vcsHistoryItem>
   <id>34701816</id>
   <planKey>SACO-MAS</planKey>
   <buildNumber>236</buildNumber>
   <revisionKey>bb7fbc980f6344e13c24ead7b9214a5fea2143eb</revisionKey>
   <repositoryId>9601042</repositoryId>
   <customXmlData><![CDATA[]]></customXmlData>
  </vcsHistoryItem>
  <vcsHistoryItem>
   <id>34701817</id>
   <planKey>SXE-MAS</planKey>
   <buildNumber>79</buildNumber>
   <revisionKey>f684fc7d7da9866331c98a2819917c329e2db732</revisionKey>
   <repositoryId>15564804</repositoryId>
   <customXmlData><![CDATA[]]></customXmlData>
  </vcsHistoryItem>
  <vcsHistoryItem>
   <id>34701818</id>
   <planKey>SXE-MAS</planKey>
   <buildNumber>79</buildNumber>
   <revisionKey>bb7fbc980f6344e13c24ead7b9214a5fea2143eb</revisionKey>
   <repositoryId>9601042</repositoryId>
   <customXmlData><![CDATA[]]></customXmlData>
  </vcsHistoryItem>
  <vcsHistoryItem>
   <id>34701819</id>
   <planKey>SC-MAS</planKey>
   <buildNumber>141</buildNumber>
   <revisionKey>086a1c896bb21f67309547fc73c4badd957c6941</revisionKey>
   <repositoryId>9601034</repositoryId>
   <customXmlData><![CDATA[]]></customXmlData>
  </vcsHistoryItem>
  <vcsHistoryItem>
   <id>34701820</id>
   <planKey>SC-MAS</planKey>
   <buildNumber>141</buildNumber>
   <revisionKey>bb7fbc980f6344e13c24ead7b9214a5fea2143eb</revisionKey>
   <repositoryId>9601042</repositoryId>
   <customXmlData><![CDATA[]]></customXmlData>
  </vcsHistoryItem>
  <vcsHistoryItem>
   <id>34701821</id>
   <planKey>SE-MAS</planKey>
   <buildNumber>121</buildNumber>
   <revisionKey>264f3379627a63db727de9acfbce28cf15e302ab</revisionKey>
   <repositoryId>13041667</repositoryId>
   <customXmlData><![CDATA[]]></customXmlData>
  </vcsHistoryItem>
  <vcsHistoryItem>
   <id>34701822</id>
   <planKey>SE-MAS</planKey>
   <buildNumber>121</buildNumber>
   <revisionKey>bb7fbc980f6344e13c24ead7b9214a5fea2143eb</revisionKey>
   <repositoryId>9601042</repositoryId>
   <customXmlData><![CDATA[]]></customXmlData>
  </vcsHistoryItem>
  <vcsHistoryItem>
   <id>34701823</id>
   <planKey>SW-MAS</planKey>
   <buildNumber>207</buildNumber>
   <revisionKey>75b835b85b5ba6ad93985191abdff278f19a3cfa</revisionKey>
   <repositoryId>15564803</repositoryId>
   <customXmlData><![CDATA[]]></customXmlData>
  </vcsHistoryItem>
  <vcsHistoryItem>
   <id>34701824</id>
   <planKey>SW-MAS</planKey>
   <buildNumber>207</buildNumber>
   <revisionKey>bb7fbc980f6344e13c24ead7b9214a5fea2143eb</revisionKey>
   <repositoryId>9601042</repositoryId>
   <customXmlData><![CDATA[]]></customXmlData>
  </vcsHistoryItem>
  <vcsHistoryItem>
   <id>34701825</id>
   <planKey>SXE-MAS</planKey>
   <buildNumber>80</buildNumber>
   <revisionKey>f684fc7d7da9866331c98a2819917c329e2db732</revisionKey>
   <repositoryId>15564804</repositoryId>
   <customXmlData><![CDATA[]]></customXmlData>
  </vcsHistoryItem>
  <vcsHistoryItem>
   <id>34701826</id>
   <planKey>SXE-MAS</planKey>
   <buildNumber>80</buildNumber>
   <revisionKey>bb7fbc980f6344e13c24ead7b9214a5fea2143eb</revisionKey>
   <repositoryId>9601042</repositoryId>
   <customXmlData><![CDATA[]]></customXmlData>
  </vcsHistoryItem>
  <vcsHistoryItem>
   <id>34701827</id>
   <planKey>SC-MAS</planKey>
   <buildNumber>142</buildNumber>
   <revisionKey>086a1c896bb21f67309547fc73c4badd957c6941</revisionKey>
   <repositoryId>9601034</repositoryId>
   <customXmlData><![CDATA[]]></customXmlData>
  </vcsHistoryItem>
  <vcsHistoryItem>
   <id>34701828</id>
   <planKey>SC-MAS</planKey>
   <buildNumber>142</buildNumber>
   <revisionKey>bb7fbc980f6344e13c24ead7b9214a5fea2143eb</revisionKey>
   <repositoryId>9601042</repositoryId>
   <customXmlData><![CDATA[]]></customXmlData>
  </vcsHistoryItem>
  <vcsHistoryItem>
   <id>34701829</id>
   <planKey>SE-MAS</planKey>
   <buildNumber>122</buildNumber>
   <revisionKey>af0a4a6da645361046a287c4089e5e55f5302262</revisionKey>
   <repositoryId>13041667</repositoryId>
   <customXmlData><![CDATA[]]></customXmlData>
  </vcsHistoryItem>
  <vcsHistoryItem>
   <id>34701830</id>
   <planKey>SE-MAS</planKey>
   <buildNumber>122</buildNumber>
   <revisionKey>bb7fbc980f6344e13c24ead7b9214a5fea2143eb</revisionKey>
   <repositoryId>9601042</repositoryId>
   <customXmlData><![CDATA[]]></customXmlData>
  </vcsHistoryItem>
  <vcsHistoryItem>
   <id>34701831</id>
   <planKey>SG-MAS</planKey>
   <buildNumber>55</buildNumber>
   <revisionKey>66af6ef56575658d2bd11a1b5eafe605f09f3853</revisionKey>
   <repositoryId>16809986</repositoryId>
   <customXmlData><![CDATA[]]></customXmlData>
  </vcsHistoryItem>
  <vcsHistoryItem>
   <id>34701832</id>
   <planKey>SG-MAS</planKey>
   <buildNumber>55</buildNumber>
   <revisionKey>bb7fbc980f6344e13c24ead7b9214a5fea2143eb</revisionKey>
   <repositoryId>9601042</repositoryId>
   <customXmlData><![CDATA[]]></customXmlData>
  </vcsHistoryItem>
  <vcsHistoryItem>
   <id>34701833</id>
   <planKey>SSC-MAS</planKey>
   <buildNumber>80</buildNumber>
   <revisionKey>bf5a6a46e1c3981864d2739662bec6c78fe64d00</revisionKey>
   <repositoryId>17956867</repositoryId>
   <customXmlData><![CDATA[]]></customXmlData>
  </vcsHistoryItem>
  <vcsHistoryItem>
   <id>34701834</id>
   <planKey>SSC-MAS</planKey>
   <buildNumber>80</buildNumber>
   <revisionKey>bb7fbc980f6344e13c24ead7b9214a5fea2143eb</revisionKey>
   <repositoryId>9601042</repositoryId>
   <customXmlData><![CDATA[]]></customXmlData>
  </vcsHistoryItem>
 </planVcsHistory>
</bamboo>