<?xml version='1.1' encoding='UTF-8' standalone='yes'?>
<bamboo>
 <date>Sun Mar 08 21:51:00 AEDT 2015</date>
 <version>5.7.2</version>
 <buildDate>02-Dec-2014</buildDate>
 <build>5716</build>
 <serverID>BG3Y-XJ99-GC6Z-FPP1</serverID>
 <images>
  <image>
   <id>294913</id>
   <awsId>ami-59e8f230</awsId>
   <configurationName>S3 x86_64 (linux)</configurationName>
   <configurationDescription>Default Elastic Image Configuration shipped with Bamboo</configurationDescription>
   <instanceType>M1_LARGE</instanceType>
   <shippedWithBamboo>true</shippedWithBamboo>
   <product>Linux/UNIX</product>
   <region>US_EAST_1</region>
   <rootDeviceType>S3</rootDeviceType>
   <architecture>x86_64</architecture>
   <platform>linux</platform>
   <capabilities>
    <capability key="system.builder.ant.Ant 1.8" value="/opt/ant-1.8"/>
    <capability key="system.builder.ant.Ant 1.9" value="/opt/ant-1.9"/>
    <capability key="system.builder.grailsBuilder.Grails 1.2" value="/opt/grails-1.2"/>
    <capability key="system.builder.grailsBuilder.Grails 1.3" value="/opt/grails-1.3"/>
    <capability key="system.builder.grailsBuilder.Grails 2.0" value="/opt/grails-2.0"/>
    <capability key="system.builder.grailsBuilder.Grails 2.1" value="/opt/grails-2.1"/>
    <capability key="system.builder.grailsBuilder.Grails 2.2" value="/opt/grails-2.2"/>
    <capability key="system.builder.grailsBuilder.Grails 2.3" value="/opt/grails-2.3"/>
    <capability key="system.builder.grailsBuilder.Grails 2.4" value="/opt/grails-2.4"/>
    <capability key="system.builder.mvn2.Maven 2" value="/opt/maven-2.2"/>
    <capability key="system.builder.mvn2.Maven 2.0" value="/opt/maven-2.0"/>
    <capability key="system.builder.mvn2.Maven 2.1" value="/opt/maven-2.1"/>
    <capability key="system.builder.mvn2.Maven 2.2" value="/opt/maven-2.2"/>
    <capability key="system.builder.mvn3.Maven 3.0" value="/opt/maven-3.0"/>
    <capability key="system.builder.mvn3.Maven 3.1" value="/opt/maven-3.1"/>
    <capability key="system.builder.mvn3.Maven 3.2" value="/opt/maven-3.2"/>
    <capability key="system.builder.node.Node.js 0.10" value="/opt/node-0.10/bin/node"/>
    <capability key="system.builder.phpunit.PHPUnit 3.4" value="/usr/bin/phpunit-3.4"/>
    <capability key="system.builder.phpunit.PHPUnit 3.7" value="/usr/bin/phpunit-3.7"/>
    <capability key="system.git.executable" value="/usr/bin/git"/>
    <capability key="system.hg.executable" value="/usr/bin/hg"/>
    <capability key="system.jdk.JDK 1.5" value="/opt/jdk-5"/>
    <capability key="system.jdk.JDK 1.6" value="/opt/jdk-6"/>
    <capability key="system.jdk.JDK 1.7" value="/opt/jdk-7"/>
   </capabilities>
  </image>
  <image>
   <id>294914</id>
   <awsId>ami-47e8f22e</awsId>
   <configurationName>S3 i386 (linux)</configurationName>
   <configurationDescription>Default Elastic Image Configuration shipped with Bamboo</configurationDescription>
   <instanceType>C1_MEDIUM</instanceType>
   <shippedWithBamboo>true</shippedWithBamboo>
   <product>Linux/UNIX</product>
   <region>US_EAST_1</region>
   <rootDeviceType>S3</rootDeviceType>
   <architecture>i386</architecture>
   <platform>linux</platform>
   <capabilities>
    <capability key="system.builder.ant.Ant 1.8" value="/opt/ant-1.8"/>
    <capability key="system.builder.ant.Ant 1.9" value="/opt/ant-1.9"/>
    <capability key="system.builder.grailsBuilder.Grails 1.2" value="/opt/grails-1.2"/>
    <capability key="system.builder.grailsBuilder.Grails 1.3" value="/opt/grails-1.3"/>
    <capability key="system.builder.grailsBuilder.Grails 2.0" value="/opt/grails-2.0"/>
    <capability key="system.builder.grailsBuilder.Grails 2.1" value="/opt/grails-2.1"/>
    <capability key="system.builder.grailsBuilder.Grails 2.2" value="/opt/grails-2.2"/>
    <capability key="system.builder.grailsBuilder.Grails 2.3" value="/opt/grails-2.3"/>
    <capability key="system.builder.grailsBuilder.Grails 2.4" value="/opt/grails-2.4"/>
    <capability key="system.builder.mvn2.Maven 2" value="/opt/maven-2.2"/>
    <capability key="system.builder.mvn2.Maven 2.0" value="/opt/maven-2.0"/>
    <capability key="system.builder.mvn2.Maven 2.1" value="/opt/maven-2.1"/>
    <capability key="system.builder.mvn2.Maven 2.2" value="/opt/maven-2.2"/>
    <capability key="system.builder.mvn3.Maven 3.0" value="/opt/maven-3.0"/>
    <capability key="system.builder.mvn3.Maven 3.1" value="/opt/maven-3.1"/>
    <capability key="system.builder.mvn3.Maven 3.2" value="/opt/maven-3.2"/>
    <capability key="system.builder.node.Node.js 0.10" value="/opt/node-0.10/bin/node"/>
    <capability key="system.builder.phpunit.PHPUnit 3.4" value="/usr/bin/phpunit-3.4"/>
    <capability key="system.builder.phpunit.PHPUnit 3.7" value="/usr/bin/phpunit-3.7"/>
    <capability key="system.git.executable" value="/usr/bin/git"/>
    <capability key="system.hg.executable" value="/usr/bin/hg"/>
    <capability key="system.jdk.JDK 1.5" value="/opt/jdk-5"/>
    <capability key="system.jdk.JDK 1.6" value="/opt/jdk-6"/>
    <capability key="system.jdk.JDK 1.7" value="/opt/jdk-7"/>
   </capabilities>
  </image>
  <image>
   <id>294915</id>
   <awsId>ami-976edafe</awsId>
   <configurationName>EBS x86_64 (windows)</configurationName>
   <configurationDescription>Default Elastic Image Configuration shipped with Bamboo</configurationDescription>
   <instanceType>M1_LARGE</instanceType>
   <shippedWithBamboo>true</shippedWithBamboo>
   <product>Windows</product>
   <region>US_EAST_1</region>
   <rootDeviceType>EBS</rootDeviceType>
   <architecture>x86_64</architecture>
   <platform>windows</platform>
   <capabilities>
    <capability key="system.builder.ant.Ant" value="c:\opt\ant-1.8"/>
    <capability key="system.builder.msbuild.MSBuild v2.0 (32bit)" value="C:\Windows\Microsoft.NET\Framework\v2.0.50727\MSBuild.exe"/>
    <capability key="system.builder.msbuild.MSBuild v2.0 (64bit)" value="C:\Windows\Microsoft.NET\Framework64\v2.0.50727\MSBuild.exe"/>
    <capability key="system.builder.msbuild.MSBuild v3.5 (32bit)" value="C:\Windows\Microsoft.NET\Framework\v3.5\MSBuild.exe"/>
    <capability key="system.builder.msbuild.MSBuild v3.5 (64bit)" value="C:\Windows\Microsoft.NET\Framework64\v3.5\MSBuild.exe"/>
    <capability key="system.builder.msbuild.MSBuild v4.0 (32bit)" value="C:\Windows\Microsoft.NET\Framework\v4.0.30319\MSBuild.exe"/>
    <capability key="system.builder.msbuild.MSBuild v4.0 (64bit)" value="C:\Windows\Microsoft.NET\Framework64\v4.0.30319\MSBuild.exe"/>
    <capability key="system.builder.mvn2.Maven 2.0" value="c:\opt\maven-2.0"/>
    <capability key="system.builder.mvn2.Maven 2.1" value="c:\opt\maven-2.1"/>
    <capability key="system.builder.mvn2.Maven 2.2" value="c:\opt\maven-2.2"/>
    <capability key="system.builder.mvn3.Maven 3.0" value="c:\opt\maven-3.0"/>
    <capability key="system.builder.nant.Nant" value="c:\opt\nant-0.91"/>
    <capability key="system.git.executable" value="c:\Program Files (x86)\Git\bin\git.exe"/>
    <capability key="system.hg.executable" value="c:\Program Files\TortoiseHg\hg.exe"/>
    <capability key="system.jdk.JDK 1.6" value="c:\Program Files\Java\jdk1.6.0"/>
    <capability key="system.jdk.JDK 1.7" value="c:\Program Files\Java\jdk1.7.0"/>
   </capabilities>
  </image>
  <image>
   <id>294916</id>
   <awsId>ami-5be8f232</awsId>
   <configurationName>EBS x86_64 (linux)</configurationName>
   <configurationDescription>Default Elastic Image Configuration shipped with Bamboo</configurationDescription>
   <instanceType>M1_LARGE</instanceType>
   <shippedWithBamboo>true</shippedWithBamboo>
   <product>Linux/UNIX</product>
   <region>US_EAST_1</region>
   <rootDeviceType>EBS</rootDeviceType>
   <architecture>x86_64</architecture>
   <platform>linux</platform>
   <capabilities>
    <capability key="system.builder.ant.Ant 1.8" value="/opt/ant-1.8"/>
    <capability key="system.builder.ant.Ant 1.9" value="/opt/ant-1.9"/>
    <capability key="system.builder.grailsBuilder.Grails 1.2" value="/opt/grails-1.2"/>
    <capability key="system.builder.grailsBuilder.Grails 1.3" value="/opt/grails-1.3"/>
    <capability key="system.builder.grailsBuilder.Grails 2.0" value="/opt/grails-2.0"/>
    <capability key="system.builder.grailsBuilder.Grails 2.1" value="/opt/grails-2.1"/>
    <capability key="system.builder.grailsBuilder.Grails 2.2" value="/opt/grails-2.2"/>
    <capability key="system.builder.grailsBuilder.Grails 2.3" value="/opt/grails-2.3"/>
    <capability key="system.builder.grailsBuilder.Grails 2.4" value="/opt/grails-2.4"/>
    <capability key="system.builder.mvn2.Maven 2" value="/opt/maven-2.2"/>
    <capability key="system.builder.mvn2.Maven 2.0" value="/opt/maven-2.0"/>
    <capability key="system.builder.mvn2.Maven 2.1" value="/opt/maven-2.1"/>
    <capability key="system.builder.mvn2.Maven 2.2" value="/opt/maven-2.2"/>
    <capability key="system.builder.mvn3.Maven 3.0" value="/opt/maven-3.0"/>
    <capability key="system.builder.mvn3.Maven 3.1" value="/opt/maven-3.1"/>
    <capability key="system.builder.mvn3.Maven 3.2" value="/opt/maven-3.2"/>
    <capability key="system.builder.node.Node.js 0.10" value="/opt/node-0.10/bin/node"/>
    <capability key="system.builder.phpunit.PHPUnit 3.4" value="/usr/bin/phpunit-3.4"/>
    <capability key="system.builder.phpunit.PHPUnit 3.7" value="/usr/bin/phpunit-3.7"/>
    <capability key="system.git.executable" value="/usr/bin/git"/>
    <capability key="system.hg.executable" value="/usr/bin/hg"/>
    <capability key="system.jdk.JDK 1.5" value="/opt/jdk-5"/>
    <capability key="system.jdk.JDK 1.6" value="/opt/jdk-6"/>
    <capability key="system.jdk.JDK 1.7" value="/opt/jdk-7"/>
   </capabilities>
  </image>
  <image>
   <id>294917</id>
   <awsId>ami-25f7ed4c</awsId>
   <configurationName>EBS x86_64 (linux)</configurationName>
   <configurationDescription>Default Elastic Image Configuration shipped with Bamboo</configurationDescription>
   <instanceType>M1_LARGE</instanceType>
   <shippedWithBamboo>true</shippedWithBamboo>
   <product>Linux/UNIX</product>
   <region>US_EAST_1</region>
   <rootDeviceType>EBS</rootDeviceType>
   <architecture>x86_64</architecture>
   <platform>linux</platform>
   <capabilities>
    <capability key="system.builder.ant.Ant 1.8" value="/opt/ant-1.8"/>
    <capability key="system.builder.ant.Ant 1.9" value="/opt/ant-1.9"/>
    <capability key="system.builder.grailsBuilder.Grails 1.2" value="/opt/grails-1.2"/>
    <capability key="system.builder.grailsBuilder.Grails 1.3" value="/opt/grails-1.3"/>
    <capability key="system.builder.grailsBuilder.Grails 2.0" value="/opt/grails-2.0"/>
    <capability key="system.builder.grailsBuilder.Grails 2.1" value="/opt/grails-2.1"/>
    <capability key="system.builder.grailsBuilder.Grails 2.2" value="/opt/grails-2.2"/>
    <capability key="system.builder.grailsBuilder.Grails 2.3" value="/opt/grails-2.3"/>
    <capability key="system.builder.grailsBuilder.Grails 2.4" value="/opt/grails-2.4"/>
    <capability key="system.builder.mvn2.Maven 2" value="/opt/maven-2.2"/>
    <capability key="system.builder.mvn2.Maven 2.0" value="/opt/maven-2.0"/>
    <capability key="system.builder.mvn2.Maven 2.1" value="/opt/maven-2.1"/>
    <capability key="system.builder.mvn2.Maven 2.2" value="/opt/maven-2.2"/>
    <capability key="system.builder.mvn3.Maven 3.0" value="/opt/maven-3.0"/>
    <capability key="system.builder.mvn3.Maven 3.1" value="/opt/maven-3.1"/>
    <capability key="system.builder.mvn3.Maven 3.2" value="/opt/maven-3.2"/>
    <capability key="system.builder.node.Node.js 0.10" value="/opt/node-0.10/bin/node"/>
    <capability key="system.builder.phpunit.PHPUnit 3.4" value="/usr/bin/phpunit-3.4"/>
    <capability key="system.builder.phpunit.PHPUnit 3.7" value="/usr/bin/phpunit-3.7"/>
    <capability key="system.git.executable" value="/usr/bin/git"/>
    <capability key="system.hg.executable" value="/usr/bin/hg"/>
    <capability key="system.jdk.JDK 1.5" value="/opt/jdk-5"/>
    <capability key="system.jdk.JDK 1.6" value="/opt/jdk-6"/>
    <capability key="system.jdk.JDK 1.7" value="/opt/jdk-7"/>
   </capabilities>
  </image>
  <image>
   <id>294918</id>
   <awsId>ami-b9ebf1d0</awsId>
   <configurationName>EBS i386 (linux)</configurationName>
   <configurationDescription>Default Elastic Image Configuration shipped with Bamboo</configurationDescription>
   <instanceType>C1_MEDIUM</instanceType>
   <shippedWithBamboo>true</shippedWithBamboo>
   <product>Linux/UNIX</product>
   <region>US_EAST_1</region>
   <rootDeviceType>EBS</rootDeviceType>
   <architecture>i386</architecture>
   <platform>linux</platform>
   <capabilities>
    <capability key="system.builder.ant.Ant 1.8" value="/opt/ant-1.8"/>
    <capability key="system.builder.ant.Ant 1.9" value="/opt/ant-1.9"/>
    <capability key="system.builder.grailsBuilder.Grails 1.2" value="/opt/grails-1.2"/>
    <capability key="system.builder.grailsBuilder.Grails 1.3" value="/opt/grails-1.3"/>
    <capability key="system.builder.grailsBuilder.Grails 2.0" value="/opt/grails-2.0"/>
    <capability key="system.builder.grailsBuilder.Grails 2.1" value="/opt/grails-2.1"/>
    <capability key="system.builder.grailsBuilder.Grails 2.2" value="/opt/grails-2.2"/>
    <capability key="system.builder.grailsBuilder.Grails 2.3" value="/opt/grails-2.3"/>
    <capability key="system.builder.grailsBuilder.Grails 2.4" value="/opt/grails-2.4"/>
    <capability key="system.builder.mvn2.Maven 2" value="/opt/maven-2.2"/>
    <capability key="system.builder.mvn2.Maven 2.0" value="/opt/maven-2.0"/>
    <capability key="system.builder.mvn2.Maven 2.1" value="/opt/maven-2.1"/>
    <capability key="system.builder.mvn2.Maven 2.2" value="/opt/maven-2.2"/>
    <capability key="system.builder.mvn3.Maven 3.0" value="/opt/maven-3.0"/>
    <capability key="system.builder.mvn3.Maven 3.1" value="/opt/maven-3.1"/>
    <capability key="system.builder.mvn3.Maven 3.2" value="/opt/maven-3.2"/>
    <capability key="system.builder.node.Node.js 0.10" value="/opt/node-0.10/bin/node"/>
    <capability key="system.builder.phpunit.PHPUnit 3.4" value="/usr/bin/phpunit-3.4"/>
    <capability key="system.builder.phpunit.PHPUnit 3.7" value="/usr/bin/phpunit-3.7"/>
    <capability key="system.git.executable" value="/usr/bin/git"/>
    <capability key="system.hg.executable" value="/usr/bin/hg"/>
    <capability key="system.jdk.JDK 1.5" value="/opt/jdk-5"/>
    <capability key="system.jdk.JDK 1.6" value="/opt/jdk-6"/>
    <capability key="system.jdk.JDK 1.7" value="/opt/jdk-7"/>
   </capabilities>
  </image>
 </images>
</bamboo>