<?xml version='1.1' encoding='UTF-8' standalone='yes'?>
<bamboo>
 <date>Sun Mar 08 21:51:00 AEDT 2015</date>
 <version>5.7.2</version>
 <buildDate>02-Dec-2014</buildDate>
 <build>5716</build>
 <serverID>BG3Y-XJ99-GC6Z-FPP1</serverID>
 <planRepositories>
  <planRepository>
   <id>1703937</id>
   <plan>SW-MAS0</plan>
   <repositoryDefinition>1671169</repositoryDefinition>
   <position>0</position>
   <buildTrigger>false</buildTrigger>
  </planRepository>
  <planRepository>
   <id>9633793</id>
   <plan>SW-MAS</plan>
   <repositoryDefinition>9601025</repositoryDefinition>
   <position>0</position>
   <buildTrigger>false</buildTrigger>
  </planRepository>
  <planRepository>
   <id>9633796</id>
   <plan>SNE-MN</plan>
   <repositoryDefinition>9601028</repositoryDefinition>
   <position>0</position>
   <buildTrigger>false</buildTrigger>
  </planRepository>
  <planRepository>
   <id>9633797</id>
   <plan>SNE-MN</plan>
   <repositoryDefinition>9601029</repositoryDefinition>
   <position>1</position>
   <buildTrigger>false</buildTrigger>
  </planRepository>
  <planRepository>
   <id>9633798</id>
   <plan>SNE-MN</plan>
   <repositoryDefinition>9601030</repositoryDefinition>
   <position>2</position>
   <buildTrigger>false</buildTrigger>
  </planRepository>
  <planRepository>
   <id>9633799</id>
   <plan>SXE-MAS</plan>
   <repositoryDefinition>9601031</repositoryDefinition>
   <position>1</position>
   <buildTrigger>false</buildTrigger>
  </planRepository>
  <planRepository>
   <id>9633800</id>
   <plan>SXE-MAS</plan>
   <repositoryDefinition>9601032</repositoryDefinition>
   <position>2</position>
   <buildTrigger>false</buildTrigger>
  </planRepository>
  <planRepository>
   <id>9633801</id>
   <plan>SXE-MAS</plan>
   <repositoryDefinition>9601033</repositoryDefinition>
   <position>0</position>
   <buildTrigger>false</buildTrigger>
  </planRepository>
  <planRepository>
   <id>9633802</id>
   <plan>SC-MAS</plan>
   <repositoryDefinition>9601034</repositoryDefinition>
   <position>0</position>
   <buildTrigger>false</buildTrigger>
  </planRepository>
  <planRepository>
   <id>9633803</id>
   <plan>SC-MAS</plan>
   <repositoryDefinition>9601035</repositoryDefinition>
   <position>1</position>
   <buildTrigger>false</buildTrigger>
  </planRepository>
  <planRepository>
   <id>9633804</id>
   <plan>SC-MAS</plan>
   <repositoryDefinition>9601036</repositoryDefinition>
   <position>2</position>
   <buildTrigger>false</buildTrigger>
  </planRepository>
  <planRepository>
   <id>9633805</id>
   <plan>SACO-MAS</plan>
   <repositoryDefinition>9601037</repositoryDefinition>
   <position>0</position>
   <buildTrigger>false</buildTrigger>
  </planRepository>
  <planRepository>
   <id>9633808</id>
   <plan>SC-MAS0</plan>
   <repositoryDefinition>9601040</repositoryDefinition>
   <position>0</position>
   <buildTrigger>false</buildTrigger>
  </planRepository>
  <planRepository>
   <id>9633809</id>
   <plan>SW-MAS1</plan>
   <repositoryDefinition>9601041</repositoryDefinition>
   <position>0</position>
   <buildTrigger>false</buildTrigger>
  </planRepository>
  <planRepository>
   <id>9633811</id>
   <plan>SS-MAS</plan>
   <repositoryDefinition>9601043</repositoryDefinition>
   <position>0</position>
   <buildTrigger>false</buildTrigger>
  </planRepository>
  <planRepository>
   <id>9633815</id>
   <plan>ST-MAS</plan>
   <repositoryDefinition>9601046</repositoryDefinition>
   <position>0</position>
   <buildTrigger>false</buildTrigger>
  </planRepository>
  <planRepository>
   <id>11436033</id>
   <plan>SACO-MAS</plan>
   <repositoryDefinition>9601042</repositoryDefinition>
   <position>1</position>
   <buildTrigger>false</buildTrigger>
  </planRepository>
  <planRepository>
   <id>11436034</id>
   <plan>SACO-MAS</plan>
   <repositoryDefinition>10780673</repositoryDefinition>
   <position>2</position>
   <buildTrigger>false</buildTrigger>
  </planRepository>
  <planRepository>
   <id>13074433</id>
   <plan>SACO-MAS0</plan>
   <repositoryDefinition>13041665</repositoryDefinition>
   <position>0</position>
   <buildTrigger>false</buildTrigger>
  </planRepository>
  <planRepository>
   <id>13074434</id>
   <plan>SW-MAS</plan>
   <repositoryDefinition>9601042</repositoryDefinition>
   <position>1</position>
   <buildTrigger>false</buildTrigger>
  </planRepository>
  <planRepository>
   <id>13074436</id>
   <plan>SW-MAS</plan>
   <repositoryDefinition>10780673</repositoryDefinition>
   <position>2</position>
   <buildTrigger>false</buildTrigger>
  </planRepository>
 </planRepositories>
</bamboo>