<?xml version='1.1' encoding='UTF-8' standalone='yes'?>
<bamboo>
 <date>Sun Mar 08 21:51:00 AEDT 2015</date>
 <version>5.7.2</version>
 <buildDate>02-Dec-2014</buildDate>
 <build>5716</build>
 <serverID>BG3Y-XJ99-GC6Z-FPP1</serverID>
 <planVcsHistory>
  <vcsHistoryItem>
   <id>1310728</id>
   <planKey>SW-MAS0</planKey>
   <buildNumber>0</buildNumber>
   <revisionKey>e8e8777466f0e7d1357cc126f3d539caec83d701</revisionKey>
   <repositoryId>1671169</repositoryId>
   <customXmlData><![CDATA[]]></customXmlData>
  </vcsHistoryItem>
  <vcsHistoryItem>
   <id>1310729</id>
   <planKey>SW-MAS0</planKey>
   <buildNumber>1</buildNumber>
   <revisionKey>e8e8777466f0e7d1357cc126f3d539caec83d701</revisionKey>
   <repositoryId>1671169</repositoryId>
   <customXmlData><![CDATA[]]></customXmlData>
  </vcsHistoryItem>
  <vcsHistoryItem>
   <id>1310730</id>
   <planKey>SW-MAS0</planKey>
   <buildNumber>1</buildNumber>
   <revisionKey>90c93dfc7224fc4d76229945cb57b769a2740280</revisionKey>
   <repositoryId>327681</repositoryId>
   <customXmlData><![CDATA[]]></customXmlData>
  </vcsHistoryItem>
  <vcsHistoryItem>
   <id>1310731</id>
   <planKey>SW-MAS0</planKey>
   <buildNumber>2</buildNumber>
   <revisionKey>5324e53288997161a4f9236c862da2946317de8b</revisionKey>
   <repositoryId>1671169</repositoryId>
   <customXmlData><![CDATA[]]></customXmlData>
  </vcsHistoryItem>
  <vcsHistoryItem>
   <id>1310732</id>
   <planKey>SW-MAS0</planKey>
   <buildNumber>2</buildNumber>
   <revisionKey>90c93dfc7224fc4d76229945cb57b769a2740280</revisionKey>
   <repositoryId>327681</repositoryId>
   <customXmlData><![CDATA[]]></customXmlData>
  </vcsHistoryItem>
  <vcsHistoryItem>
   <id>2785311</id>
   <planKey>SW-MAS</planKey>
   <buildNumber>85</buildNumber>
   <revisionKey>aad00f9d01a68f4f7a41e2375d06ea8a11016d07</revisionKey>
   <repositoryId>327681</repositoryId>
   <customXmlData><![CDATA[]]></customXmlData>
  </vcsHistoryItem>
  <vcsHistoryItem>
   <id>2785312</id>
   <planKey>SW-MAS</planKey>
   <buildNumber>86</buildNumber>
   <revisionKey>aad00f9d01a68f4f7a41e2375d06ea8a11016d07</revisionKey>
   <repositoryId>327681</repositoryId>
   <customXmlData><![CDATA[]]></customXmlData>
  </vcsHistoryItem>
  <vcsHistoryItem>
   <id>2785313</id>
   <planKey>SW-MAS</planKey>
   <buildNumber>87</buildNumber>
   <revisionKey>aad00f9d01a68f4f7a41e2375d06ea8a11016d07</revisionKey>
   <repositoryId>327681</repositoryId>
   <customXmlData><![CDATA[]]></customXmlData>
  </vcsHistoryItem>
  <vcsHistoryItem>
   <id>2785314</id>
   <planKey>SW-MAS</planKey>
   <buildNumber>88</buildNumber>
   <revisionKey>9bc49eaf377573453d479c1705d7b23945585448</revisionKey>
   <repositoryId>327681</repositoryId>
   <customXmlData><![CDATA[]]></customXmlData>
  </vcsHistoryItem>
  <vcsHistoryItem>
   <id>2785315</id>
   <planKey>SW-MAS</planKey>
   <buildNumber>89</buildNumber>
   <revisionKey>9bc49eaf377573453d479c1705d7b23945585448</revisionKey>
   <repositoryId>327681</repositoryId>
   <customXmlData><![CDATA[]]></customXmlData>
  </vcsHistoryItem>
  <vcsHistoryItem>
   <id>2785316</id>
   <planKey>SW-MAS</planKey>
   <buildNumber>90</buildNumber>
   <revisionKey>9bc49eaf377573453d479c1705d7b23945585448</revisionKey>
   <repositoryId>327681</repositoryId>
   <customXmlData><![CDATA[]]></customXmlData>
  </vcsHistoryItem>
  <vcsHistoryItem>
   <id>2785317</id>
   <planKey>SW-MAS</planKey>
   <buildNumber>91</buildNumber>
   <revisionKey>9bc49eaf377573453d479c1705d7b23945585448</revisionKey>
   <repositoryId>327681</repositoryId>
   <customXmlData><![CDATA[]]></customXmlData>
  </vcsHistoryItem>
  <vcsHistoryItem>
   <id>2785318</id>
   <planKey>SW-MAS</planKey>
   <buildNumber>92</buildNumber>
   <revisionKey>9bc49eaf377573453d479c1705d7b23945585448</revisionKey>
   <repositoryId>327681</repositoryId>
   <customXmlData><![CDATA[]]></customXmlData>
  </vcsHistoryItem>
  <vcsHistoryItem>
   <id>2785319</id>
   <planKey>SW-MAS</planKey>
   <buildNumber>93</buildNumber>
   <revisionKey>9bc49eaf377573453d479c1705d7b23945585448</revisionKey>
   <repositoryId>327681</repositoryId>
   <customXmlData><![CDATA[]]></customXmlData>
  </vcsHistoryItem>
  <vcsHistoryItem>
   <id>2785320</id>
   <planKey>SW-MAS0</planKey>
   <buildNumber>3</buildNumber>
   <revisionKey>9bc49eaf377573453d479c1705d7b23945585448</revisionKey>
   <repositoryId>1671169</repositoryId>
   <customXmlData><![CDATA[]]></customXmlData>
  </vcsHistoryItem>
  <vcsHistoryItem>
   <id>2785321</id>
   <planKey>SW-MAS0</planKey>
   <buildNumber>3</buildNumber>
   <revisionKey>9bc49eaf377573453d479c1705d7b23945585448</revisionKey>
   <repositoryId>327681</repositoryId>
   <customXmlData><![CDATA[]]></customXmlData>
  </vcsHistoryItem>
  <vcsHistoryItem>
   <id>2785322</id>
   <planKey>SW-MAS0</planKey>
   <buildNumber>4</buildNumber>
   <revisionKey>3ba7d62ee9fb08f8497b0bbcedd2dfb8e3b04d0a</revisionKey>
   <repositoryId>1671169</repositoryId>
   <customXmlData><![CDATA[]]></customXmlData>
  </vcsHistoryItem>
  <vcsHistoryItem>
   <id>2785323</id>
   <planKey>SW-MAS0</planKey>
   <buildNumber>4</buildNumber>
   <revisionKey>9bc49eaf377573453d479c1705d7b23945585448</revisionKey>
   <repositoryId>327681</repositoryId>
   <customXmlData><![CDATA[]]></customXmlData>
  </vcsHistoryItem>
  <vcsHistoryItem>
   <id>2785324</id>
   <planKey>SW-MAS</planKey>
   <buildNumber>94</buildNumber>
   <revisionKey>3ba7d62ee9fb08f8497b0bbcedd2dfb8e3b04d0a</revisionKey>
   <repositoryId>327681</repositoryId>
   <customXmlData><![CDATA[]]></customXmlData>
  </vcsHistoryItem>
  <vcsHistoryItem>
   <id>4718657</id>
   <planKey>SC-MAS</planKey>
   <buildNumber>1</buildNumber>
   <revisionKey>8ae35e0ed8f115a1af51599da20a728db1ac8d7b</revisionKey>
   <repositoryId>5341190</repositoryId>
   <customXmlData><![CDATA[]]></customXmlData>
  </vcsHistoryItem>
  <vcsHistoryItem>
   <id>7045275</id>
   <planKey>SXE-MAS</planKey>
   <buildNumber>1</buildNumber>
   <revisionKey>c578ab4a8ea5b3e4401721e13fdd640139f92bc4</revisionKey>
   <repositoryId>7766023</repositoryId>
   <customXmlData><![CDATA[]]></customXmlData>
  </vcsHistoryItem>
  <vcsHistoryItem>
   <id>7045361</id>
   <planKey>SACO-MAS</planKey>
   <buildNumber>1</buildNumber>
   <revisionKey>73628f8ab0e7d309cba1064536f909dcb5d6ca16</revisionKey>
   <repositoryId>7766028</repositoryId>
   <customXmlData><![CDATA[]]></customXmlData>
  </vcsHistoryItem>
  <vcsHistoryItem>
   <id>8159308</id>
   <planKey>SW-MAS</planKey>
   <buildNumber>150</buildNumber>
   <revisionKey>d1d96ce65617114558ab61d3b80d269d1b3b32d3</revisionKey>
   <repositoryId>3735554</repositoryId>
   <customXmlData><![CDATA[]]></customXmlData>
  </vcsHistoryItem>
  <vcsHistoryItem>
   <id>8159309</id>
   <planKey>SW-MAS</planKey>
   <buildNumber>150</buildNumber>
   <revisionKey>22602a84a8c121067a6e825e1ce982db9284762b</revisionKey>
   <repositoryId>3735555</repositoryId>
   <customXmlData><![CDATA[]]></customXmlData>
  </vcsHistoryItem>
  <vcsHistoryItem>
   <id>8159310</id>
   <planKey>SW-MAS</planKey>
   <buildNumber>150</buildNumber>
   <revisionKey>f4624c622df0905b3e59a442dde44029764110ff</revisionKey>
   <repositoryId>4489217</repositoryId>
   <customXmlData><![CDATA[]]></customXmlData>
  </vcsHistoryItem>
  <vcsHistoryItem>
   <id>8159311</id>
   <planKey>SXE-MAS</planKey>
   <buildNumber>25</buildNumber>
   <revisionKey>d1d96ce65617114558ab61d3b80d269d1b3b32d3</revisionKey>
   <repositoryId>7766022</repositoryId>
   <customXmlData><![CDATA[]]></customXmlData>
  </vcsHistoryItem>
  <vcsHistoryItem>
   <id>8159312</id>
   <planKey>SXE-MAS</planKey>
   <buildNumber>25</buildNumber>
   <revisionKey>475481d7f7c900b02713956a9205b585253c7da1</revisionKey>
   <repositoryId>7766024</repositoryId>
   <customXmlData><![CDATA[]]></customXmlData>
  </vcsHistoryItem>
  <vcsHistoryItem>
   <id>8159313</id>
   <planKey>SXE-MAS</planKey>
   <buildNumber>25</buildNumber>
   <revisionKey>f4624c622df0905b3e59a442dde44029764110ff</revisionKey>
   <repositoryId>7766021</repositoryId>
   <customXmlData><![CDATA[]]></customXmlData>
  </vcsHistoryItem>
  <vcsHistoryItem>
   <id>8159318</id>
   <planKey>SNE-MN</planKey>
   <buildNumber>71</buildNumber>
   <revisionKey>d1d96ce65617114558ab61d3b80d269d1b3b32d3</revisionKey>
   <repositoryId>6422532</repositoryId>
   <customXmlData><![CDATA[]]></customXmlData>
  </vcsHistoryItem>
  <vcsHistoryItem>
   <id>8159319</id>
   <planKey>SNE-MN</planKey>
   <buildNumber>71</buildNumber>
   <revisionKey>c578ab4a8ea5b3e4401721e13fdd640139f92bc4</revisionKey>
   <repositoryId>6422533</repositoryId>
   <customXmlData><![CDATA[]]></customXmlData>
  </vcsHistoryItem>
  <vcsHistoryItem>
   <id>8159320</id>
   <planKey>SNE-MN</planKey>
   <buildNumber>71</buildNumber>
   <revisionKey>f4624c622df0905b3e59a442dde44029764110ff</revisionKey>
   <repositoryId>6422530</repositoryId>
   <customXmlData><![CDATA[]]></customXmlData>
  </vcsHistoryItem>
  <vcsHistoryItem>
   <id>8159321</id>
   <planKey>SC-MAS</planKey>
   <buildNumber>49</buildNumber>
   <revisionKey>d1d96ce65617114558ab61d3b80d269d1b3b32d3</revisionKey>
   <repositoryId>5341191</repositoryId>
   <customXmlData><![CDATA[]]></customXmlData>
  </vcsHistoryItem>
  <vcsHistoryItem>
   <id>8159322</id>
   <planKey>SC-MAS</planKey>
   <buildNumber>49</buildNumber>
   <revisionKey>73628f8ab0e7d309cba1064536f909dcb5d6ca16</revisionKey>
   <repositoryId>5341192</repositoryId>
   <customXmlData><![CDATA[]]></customXmlData>
  </vcsHistoryItem>
  <vcsHistoryItem>
   <id>8159323</id>
   <planKey>SC-MAS</planKey>
   <buildNumber>49</buildNumber>
   <revisionKey>f4624c622df0905b3e59a442dde44029764110ff</revisionKey>
   <repositoryId>5341189</repositoryId>
   <customXmlData><![CDATA[]]></customXmlData>
  </vcsHistoryItem>
  <vcsHistoryItem>
   <id>8159324</id>
   <planKey>SC-MAS</planKey>
   <buildNumber>49</buildNumber>
   <revisionKey>22602a84a8c121067a6e825e1ce982db9284762b</revisionKey>
   <repositoryId>6422529</repositoryId>
   <customXmlData><![CDATA[]]></customXmlData>
  </vcsHistoryItem>
  <vcsHistoryItem>
   <id>8159345</id>
   <planKey>SACO-MAS</planKey>
   <buildNumber>26</buildNumber>
   <revisionKey>552f6af3c5ee3d5b8e8fb12d126907089aea8f5c</revisionKey>
   <repositoryId>7766027</repositoryId>
   <customXmlData><![CDATA[]]></customXmlData>
  </vcsHistoryItem>
  <vcsHistoryItem>
   <id>8978433</id>
   <planKey>SACO-MAS</planKey>
   <buildNumber>27</buildNumber>
   <revisionKey>552f6af3c5ee3d5b8e8fb12d126907089aea8f5c</revisionKey>
   <repositoryId>7766027</repositoryId>
   <customXmlData><![CDATA[]]></customXmlData>
  </vcsHistoryItem>
  <vcsHistoryItem>
   <id>8978437</id>
   <planKey>SACO-MAS</planKey>
   <buildNumber>28</buildNumber>
   <revisionKey>552f6af3c5ee3d5b8e8fb12d126907089aea8f5c</revisionKey>
   <repositoryId>7766027</repositoryId>
   <customXmlData><![CDATA[]]></customXmlData>
  </vcsHistoryItem>
  <vcsHistoryItem>
   <id>8978441</id>
   <planKey>SACO-MAS</planKey>
   <buildNumber>29</buildNumber>
   <revisionKey>6ff7fbf39e4946b18400f2f59c3986df0ffd0032</revisionKey>
   <repositoryId>7766027</repositoryId>
   <customXmlData><![CDATA[]]></customXmlData>
  </vcsHistoryItem>
  <vcsHistoryItem>
   <id>8978445</id>
   <planKey>SACO-MAS</planKey>
   <buildNumber>30</buildNumber>
   <revisionKey>46721878931f733fbd5b3693a6124920499bd2ac</revisionKey>
   <repositoryId>7766027</repositoryId>
   <customXmlData><![CDATA[]]></customXmlData>
  </vcsHistoryItem>
  <vcsHistoryItem>
   <id>8978449</id>
   <planKey>SACO-MAS</planKey>
   <buildNumber>30</buildNumber>
   <revisionKey>46721878931f733fbd5b3693a6124920499bd2ac</revisionKey>
   <repositoryId>9437185</repositoryId>
   <customXmlData><![CDATA[]]></customXmlData>
  </vcsHistoryItem>
  <vcsHistoryItem>
   <id>8978453</id>
   <planKey>SACO-MAS</planKey>
   <buildNumber>31</buildNumber>
   <revisionKey>46721878931f733fbd5b3693a6124920499bd2ac</revisionKey>
   <repositoryId>9437185</repositoryId>
   <customXmlData><![CDATA[]]></customXmlData>
  </vcsHistoryItem>
  <vcsHistoryItem>
   <id>8978457</id>
   <planKey>SACO-MAS</planKey>
   <buildNumber>32</buildNumber>
   <revisionKey>6119fb5a501dcb7b284dfa1c156cf6c84247cb7d</revisionKey>
   <repositoryId>9437185</repositoryId>
   <customXmlData><![CDATA[]]></customXmlData>
  </vcsHistoryItem>
  <vcsHistoryItem>
   <id>8978461</id>
   <planKey>SACO-MAS</planKey>
   <buildNumber>33</buildNumber>
   <revisionKey>6119fb5a501dcb7b284dfa1c156cf6c84247cb7d</revisionKey>
   <repositoryId>9437185</repositoryId>
   <customXmlData><![CDATA[]]></customXmlData>
  </vcsHistoryItem>
  <vcsHistoryItem>
   <id>8978462</id>
   <planKey>SACO-MAS</planKey>
   <buildNumber>33</buildNumber>
   <revisionKey>6119fb5a501dcb7b284dfa1c156cf6c84247cb7d</revisionKey>
   <repositoryId>9437186</repositoryId>
   <customXmlData><![CDATA[]]></customXmlData>
  </vcsHistoryItem>
  <vcsHistoryItem>
   <id>8978466</id>
   <planKey>SACO-MAS</planKey>
   <buildNumber>34</buildNumber>
   <revisionKey>6119fb5a501dcb7b284dfa1c156cf6c84247cb7d</revisionKey>
   <repositoryId>9437186</repositoryId>
   <customXmlData><![CDATA[]]></customXmlData>
  </vcsHistoryItem>
  <vcsHistoryItem>
   <id>8978470</id>
   <planKey>SACO-MAS</planKey>
   <buildNumber>35</buildNumber>
   <revisionKey>6119fb5a501dcb7b284dfa1c156cf6c84247cb7d</revisionKey>
   <repositoryId>9437186</repositoryId>
   <customXmlData><![CDATA[]]></customXmlData>
  </vcsHistoryItem>
  <vcsHistoryItem>
   <id>8978474</id>
   <planKey>SACO-MAS</planKey>
   <buildNumber>36</buildNumber>
   <revisionKey>92fe67fd49a349e7c913ae2c235f124775b96a7c</revisionKey>
   <repositoryId>9437186</repositoryId>
   <customXmlData><![CDATA[]]></customXmlData>
  </vcsHistoryItem>
  <vcsHistoryItem>
   <id>8978481</id>
   <planKey>SACO-MAS</planKey>
   <buildNumber>39</buildNumber>
   <revisionKey>8686a9239e43661e68deefcd9fcd99bda40ec7d2</revisionKey>
   <repositoryId>7766029</repositoryId>
   <customXmlData><![CDATA[]]></customXmlData>
  </vcsHistoryItem>
  <vcsHistoryItem>
   <id>8978482</id>
   <planKey>SACO-MAS</planKey>
   <buildNumber>39</buildNumber>
   <revisionKey>f4624c622df0905b3e59a442dde44029764110ff</revisionKey>
   <repositoryId>7766026</repositoryId>
   <customXmlData><![CDATA[]]></customXmlData>
  </vcsHistoryItem>
  <vcsHistoryItem>
   <id>8978483</id>
   <planKey>SACO-MAS</planKey>
   <buildNumber>39</buildNumber>
   <revisionKey>22602a84a8c121067a6e825e1ce982db9284762b</revisionKey>
   <repositoryId>7766025</repositoryId>
   <customXmlData><![CDATA[]]></customXmlData>
  </vcsHistoryItem>
  <vcsHistoryItem>
   <id>8978484</id>
   <planKey>SACO-MAS</planKey>
   <buildNumber>39</buildNumber>
   <revisionKey>6119fb5a501dcb7b284dfa1c156cf6c84247cb7d</revisionKey>
   <repositoryId>9437187</repositoryId>
   <customXmlData><![CDATA[]]></customXmlData>
  </vcsHistoryItem>
  <vcsHistoryItem>
   <id>9895937</id>
   <planKey>SW-MAS</planKey>
   <buildNumber>153</buildNumber>
   <revisionKey>6119fb5a501dcb7b284dfa1c156cf6c84247cb7d</revisionKey>
   <repositoryId>9601026</repositoryId>
   <customXmlData><![CDATA[]]></customXmlData>
  </vcsHistoryItem>
  <vcsHistoryItem>
   <id>9895938</id>
   <planKey>SW-MAS</planKey>
   <buildNumber>153</buildNumber>
   <revisionKey>22602a84a8c121067a6e825e1ce982db9284762b</revisionKey>
   <repositoryId>9601025</repositoryId>
   <customXmlData><![CDATA[]]></customXmlData>
  </vcsHistoryItem>
  <vcsHistoryItem>
   <id>9895939</id>
   <planKey>SW-MAS</planKey>
   <buildNumber>153</buildNumber>
   <revisionKey>f4624c622df0905b3e59a442dde44029764110ff</revisionKey>
   <repositoryId>9601027</repositoryId>
   <customXmlData><![CDATA[]]></customXmlData>
  </vcsHistoryItem>
  <vcsHistoryItem>
   <id>9895941</id>
   <planKey>SNE-MN</planKey>
   <buildNumber>72</buildNumber>
   <revisionKey>6119fb5a501dcb7b284dfa1c156cf6c84247cb7d</revisionKey>
   <repositoryId>9601029</repositoryId>
   <customXmlData><![CDATA[]]></customXmlData>
  </vcsHistoryItem>
  <vcsHistoryItem>
   <id>9895942</id>
   <planKey>SNE-MN</planKey>
   <buildNumber>72</buildNumber>
   <revisionKey>c578ab4a8ea5b3e4401721e13fdd640139f92bc4</revisionKey>
   <repositoryId>9601028</repositoryId>
   <customXmlData><![CDATA[]]></customXmlData>
  </vcsHistoryItem>
  <vcsHistoryItem>
   <id>9895943</id>
   <planKey>SNE-MN</planKey>
   <buildNumber>72</buildNumber>
   <revisionKey>f4624c622df0905b3e59a442dde44029764110ff</revisionKey>
   <repositoryId>9601030</repositoryId>
   <customXmlData><![CDATA[]]></customXmlData>
  </vcsHistoryItem>
  <vcsHistoryItem>
   <id>9895945</id>
   <planKey>SXE-MAS</planKey>
   <buildNumber>26</buildNumber>
   <revisionKey>6119fb5a501dcb7b284dfa1c156cf6c84247cb7d</revisionKey>
   <repositoryId>9601031</repositoryId>
   <customXmlData><![CDATA[]]></customXmlData>
  </vcsHistoryItem>
  <vcsHistoryItem>
   <id>9895946</id>
   <planKey>SXE-MAS</planKey>
   <buildNumber>26</buildNumber>
   <revisionKey>475481d7f7c900b02713956a9205b585253c7da1</revisionKey>
   <repositoryId>9601033</repositoryId>
   <customXmlData><![CDATA[]]></customXmlData>
  </vcsHistoryItem>
  <vcsHistoryItem>
   <id>9895947</id>
   <planKey>SXE-MAS</planKey>
   <buildNumber>26</buildNumber>
   <revisionKey>f4624c622df0905b3e59a442dde44029764110ff</revisionKey>
   <repositoryId>9601032</repositoryId>
   <customXmlData><![CDATA[]]></customXmlData>
  </vcsHistoryItem>
  <vcsHistoryItem>
   <id>9895952</id>
   <planKey>SACO-MAS</planKey>
   <buildNumber>39</buildNumber>
   <revisionKey>6119fb5a501dcb7b284dfa1c156cf6c84247cb7d</revisionKey>
   <repositoryId>9601038</repositoryId>
   <customXmlData><![CDATA[]]></customXmlData>
  </vcsHistoryItem>
  <vcsHistoryItem>
   <id>9895954</id>
   <planKey>SACO-MAS</planKey>
   <buildNumber>40</buildNumber>
   <revisionKey>6119fb5a501dcb7b284dfa1c156cf6c84247cb7d</revisionKey>
   <repositoryId>9601038</repositoryId>
   <customXmlData><![CDATA[]]></customXmlData>
  </vcsHistoryItem>
  <vcsHistoryItem>
   <id>9895956</id>
   <planKey>SC-MAS0</planKey>
   <buildNumber>1</buildNumber>
   <revisionKey>73628f8ab0e7d309cba1064536f909dcb5d6ca16</revisionKey>
   <repositoryId>9601040</repositoryId>
   <customXmlData><![CDATA[]]></customXmlData>
  </vcsHistoryItem>
  <vcsHistoryItem>
   <id>9895957</id>
   <planKey>SC-MAS0</planKey>
   <buildNumber>1</buildNumber>
   <revisionKey>6119fb5a501dcb7b284dfa1c156cf6c84247cb7d</revisionKey>
   <repositoryId>9601035</repositoryId>
   <customXmlData><![CDATA[]]></customXmlData>
  </vcsHistoryItem>
  <vcsHistoryItem>
   <id>9895958</id>
   <planKey>SC-MAS0</planKey>
   <buildNumber>1</buildNumber>
   <revisionKey>f4624c622df0905b3e59a442dde44029764110ff</revisionKey>
   <repositoryId>9601036</repositoryId>
   <customXmlData><![CDATA[]]></customXmlData>
  </vcsHistoryItem>
  <vcsHistoryItem>
   <id>9895959</id>
   <planKey>SC-MAS0</planKey>
   <buildNumber>1</buildNumber>
   <revisionKey>73628f8ab0e7d309cba1064536f909dcb5d6ca16</revisionKey>
   <repositoryId>9601034</repositoryId>
   <customXmlData><![CDATA[]]></customXmlData>
  </vcsHistoryItem>
  <vcsHistoryItem>
   <id>9895960</id>
   <planKey>SW-MAS1</planKey>
   <buildNumber>1</buildNumber>
   <revisionKey>22602a84a8c121067a6e825e1ce982db9284762b</revisionKey>
   <repositoryId>9601041</repositoryId>
   <customXmlData><![CDATA[]]></customXmlData>
  </vcsHistoryItem>
  <vcsHistoryItem>
   <id>9895961</id>
   <planKey>SW-MAS1</planKey>
   <buildNumber>1</buildNumber>
   <revisionKey>6119fb5a501dcb7b284dfa1c156cf6c84247cb7d</revisionKey>
   <repositoryId>9601026</repositoryId>
   <customXmlData><![CDATA[]]></customXmlData>
  </vcsHistoryItem>
  <vcsHistoryItem>
   <id>9895962</id>
   <planKey>SW-MAS1</planKey>
   <buildNumber>1</buildNumber>
   <revisionKey>f4624c622df0905b3e59a442dde44029764110ff</revisionKey>
   <repositoryId>9601027</repositoryId>
   <customXmlData><![CDATA[]]></customXmlData>
  </vcsHistoryItem>
  <vcsHistoryItem>
   <id>9895963</id>
   <planKey>SW-MAS1</planKey>
   <buildNumber>1</buildNumber>
   <revisionKey>22602a84a8c121067a6e825e1ce982db9284762b</revisionKey>
   <repositoryId>9601025</repositoryId>
   <customXmlData><![CDATA[]]></customXmlData>
  </vcsHistoryItem>
  <vcsHistoryItem>
   <id>9895965</id>
   <planKey>SACO-MAS</planKey>
   <buildNumber>41</buildNumber>
   <revisionKey>6119fb5a501dcb7b284dfa1c156cf6c84247cb7d</revisionKey>
   <repositoryId>9601038</repositoryId>
   <customXmlData><![CDATA[]]></customXmlData>
  </vcsHistoryItem>
  <vcsHistoryItem>
   <id>9895968</id>
   <planKey>SACO-MAS</planKey>
   <buildNumber>42</buildNumber>
   <revisionKey>f6a3ef0b7e98cc0174c30f5e9888d0f8370f6de5</revisionKey>
   <repositoryId>9601038</repositoryId>
   <customXmlData><![CDATA[]]></customXmlData>
  </vcsHistoryItem>
  <vcsHistoryItem>
   <id>9895972</id>
   <planKey>SACO-MAS</planKey>
   <buildNumber>42</buildNumber>
   <revisionKey>f6a3ef0b7e98cc0174c30f5e9888d0f8370f6de5</revisionKey>
   <repositoryId>9601044</repositoryId>
   <customXmlData><![CDATA[]]></customXmlData>
  </vcsHistoryItem>
  <vcsHistoryItem>
   <id>9895974</id>
   <planKey>SACO-MAS</planKey>
   <buildNumber>43</buildNumber>
   <revisionKey>f6a3ef0b7e98cc0174c30f5e9888d0f8370f6de5</revisionKey>
   <repositoryId>9601044</repositoryId>
   <customXmlData><![CDATA[]]></customXmlData>
  </vcsHistoryItem>
  <vcsHistoryItem>
   <id>9895996</id>
   <planKey>ST-MAS</planKey>
   <buildNumber>2</buildNumber>
   <revisionKey>f4624c622df0905b3e59a442dde44029764110ff</revisionKey>
   <repositoryId>9601046</repositoryId>
   <customXmlData><![CDATA[]]></customXmlData>
  </vcsHistoryItem>
  <vcsHistoryItem>
   <id>9896008</id>
   <planKey>SACO-MAS</planKey>
   <buildNumber>52</buildNumber>
   <revisionKey>f6a3ef0b7e98cc0174c30f5e9888d0f8370f6de5</revisionKey>
   <repositoryId>9601045</repositoryId>
   <customXmlData><![CDATA[]]></customXmlData>
  </vcsHistoryItem>
  <vcsHistoryItem>
   <id>9896009</id>
   <planKey>SACO-MAS</planKey>
   <buildNumber>52</buildNumber>
   <revisionKey>f4624c622df0905b3e59a442dde44029764110ff</revisionKey>
   <repositoryId>9601039</repositoryId>
   <customXmlData><![CDATA[]]></customXmlData>
  </vcsHistoryItem>
  <vcsHistoryItem>
   <id>11042818</id>
   <planKey>SACO-MAS</planKey>
   <buildNumber>53</buildNumber>
   <revisionKey>f6a3ef0b7e98cc0174c30f5e9888d0f8370f6de5</revisionKey>
   <repositoryId>9601045</repositoryId>
   <customXmlData><![CDATA[]]></customXmlData>
  </vcsHistoryItem>
  <vcsHistoryItem>
   <id>11042819</id>
   <planKey>SACO-MAS</planKey>
   <buildNumber>53</buildNumber>
   <revisionKey>f4624c622df0905b3e59a442dde44029764110ff</revisionKey>
   <repositoryId>9601039</repositoryId>
   <customXmlData><![CDATA[]]></customXmlData>
  </vcsHistoryItem>
  <vcsHistoryItem>
   <id>11042821</id>
   <planKey>SACO-MAS</planKey>
   <buildNumber>54</buildNumber>
   <revisionKey>f6a3ef0b7e98cc0174c30f5e9888d0f8370f6de5</revisionKey>
   <repositoryId>9601045</repositoryId>
   <customXmlData><![CDATA[]]></customXmlData>
  </vcsHistoryItem>
  <vcsHistoryItem>
   <id>11042822</id>
   <planKey>SACO-MAS</planKey>
   <buildNumber>54</buildNumber>
   <revisionKey>f4624c622df0905b3e59a442dde44029764110ff</revisionKey>
   <repositoryId>9601039</repositoryId>
   <customXmlData><![CDATA[]]></customXmlData>
  </vcsHistoryItem>
  <vcsHistoryItem>
   <id>12320876</id>
   <planKey>SS-MAS</planKey>
   <buildNumber>13</buildNumber>
   <revisionKey>c89dbf918f68e430f97d40438f27468d0cbf527d</revisionKey>
   <repositoryId>9601043</repositoryId>
   <customXmlData><![CDATA[]]></customXmlData>
  </vcsHistoryItem>
  <vcsHistoryItem>
   <id>12320892</id>
   <planKey>SACO-MAS</planKey>
   <buildNumber>111</buildNumber>
   <revisionKey>3880362857394faa891e810e1415b3af08c0864c</revisionKey>
   <repositoryId>9601037</repositoryId>
   <customXmlData><![CDATA[]]></customXmlData>
  </vcsHistoryItem>
  <vcsHistoryItem>
   <id>12320893</id>
   <planKey>SACO-MAS</planKey>
   <buildNumber>111</buildNumber>
   <revisionKey>c89dbf918f68e430f97d40438f27468d0cbf527d</revisionKey>
   <repositoryId>9601042</repositoryId>
   <customXmlData><![CDATA[]]></customXmlData>
  </vcsHistoryItem>
  <vcsHistoryItem>
   <id>12320894</id>
   <planKey>SACO-MAS</planKey>
   <buildNumber>111</buildNumber>
   <revisionKey>f4624c622df0905b3e59a442dde44029764110ff</revisionKey>
   <repositoryId>10780673</repositoryId>
   <customXmlData><![CDATA[]]></customXmlData>
  </vcsHistoryItem>
  <vcsHistoryItem>
   <id>12320895</id>
   <planKey>SC-MAS</planKey>
   <buildNumber>56</buildNumber>
   <revisionKey>73628f8ab0e7d309cba1064536f909dcb5d6ca16</revisionKey>
   <repositoryId>9601034</repositoryId>
   <customXmlData><![CDATA[]]></customXmlData>
  </vcsHistoryItem>
  <vcsHistoryItem>
   <id>12320896</id>
   <planKey>SC-MAS</planKey>
   <buildNumber>56</buildNumber>
   <revisionKey>c89dbf918f68e430f97d40438f27468d0cbf527d</revisionKey>
   <repositoryId>9601035</repositoryId>
   <customXmlData><![CDATA[]]></customXmlData>
  </vcsHistoryItem>
  <vcsHistoryItem>
   <id>12320897</id>
   <planKey>SC-MAS</planKey>
   <buildNumber>56</buildNumber>
   <revisionKey>f4624c622df0905b3e59a442dde44029764110ff</revisionKey>
   <repositoryId>9601036</repositoryId>
   <customXmlData><![CDATA[]]></customXmlData>
  </vcsHistoryItem>
  <vcsHistoryItem>
   <id>12320898</id>
   <planKey>SC-MAS</planKey>
   <buildNumber>57</buildNumber>
   <revisionKey>73628f8ab0e7d309cba1064536f909dcb5d6ca16</revisionKey>
   <repositoryId>9601034</repositoryId>
   <customXmlData><![CDATA[]]></customXmlData>
  </vcsHistoryItem>
  <vcsHistoryItem>
   <id>12320899</id>
   <planKey>SC-MAS</planKey>
   <buildNumber>57</buildNumber>
   <revisionKey>c89dbf918f68e430f97d40438f27468d0cbf527d</revisionKey>
   <repositoryId>9601035</repositoryId>
   <customXmlData><![CDATA[]]></customXmlData>
  </vcsHistoryItem>
  <vcsHistoryItem>
   <id>12320900</id>
   <planKey>SC-MAS</planKey>
   <buildNumber>57</buildNumber>
   <revisionKey>f4624c622df0905b3e59a442dde44029764110ff</revisionKey>
   <repositoryId>9601036</repositoryId>
   <customXmlData><![CDATA[]]></customXmlData>
  </vcsHistoryItem>
  <vcsHistoryItem>
   <id>12320901</id>
   <planKey>SC-MAS</planKey>
   <buildNumber>58</buildNumber>
   <revisionKey>73628f8ab0e7d309cba1064536f909dcb5d6ca16</revisionKey>
   <repositoryId>9601034</repositoryId>
   <customXmlData><![CDATA[]]></customXmlData>
  </vcsHistoryItem>
  <vcsHistoryItem>
   <id>12320902</id>
   <planKey>SC-MAS</planKey>
   <buildNumber>58</buildNumber>
   <revisionKey>c89dbf918f68e430f97d40438f27468d0cbf527d</revisionKey>
   <repositoryId>9601035</repositoryId>
   <customXmlData><![CDATA[]]></customXmlData>
  </vcsHistoryItem>
  <vcsHistoryItem>
   <id>12320903</id>
   <planKey>SC-MAS</planKey>
   <buildNumber>58</buildNumber>
   <revisionKey>f4624c622df0905b3e59a442dde44029764110ff</revisionKey>
   <repositoryId>9601036</repositoryId>
   <customXmlData><![CDATA[]]></customXmlData>
  </vcsHistoryItem>
  <vcsHistoryItem>
   <id>12320904</id>
   <planKey>SW-MAS</planKey>
   <buildNumber>154</buildNumber>
   <revisionKey>22602a84a8c121067a6e825e1ce982db9284762b</revisionKey>
   <repositoryId>9601025</repositoryId>
   <customXmlData><![CDATA[]]></customXmlData>
  </vcsHistoryItem>
  <vcsHistoryItem>
   <id>12320905</id>
   <planKey>SW-MAS</planKey>
   <buildNumber>154</buildNumber>
   <revisionKey>c89dbf918f68e430f97d40438f27468d0cbf527d</revisionKey>
   <repositoryId>9601026</repositoryId>
   <customXmlData><![CDATA[]]></customXmlData>
  </vcsHistoryItem>
  <vcsHistoryItem>
   <id>12320906</id>
   <planKey>SW-MAS</planKey>
   <buildNumber>154</buildNumber>
   <revisionKey>f4624c622df0905b3e59a442dde44029764110ff</revisionKey>
   <repositoryId>9601027</repositoryId>
   <customXmlData><![CDATA[]]></customXmlData>
  </vcsHistoryItem>
  <vcsHistoryItem>
   <id>12320907</id>
   <planKey>SW-MAS</planKey>
   <buildNumber>155</buildNumber>
   <revisionKey>22602a84a8c121067a6e825e1ce982db9284762b</revisionKey>
   <repositoryId>9601025</repositoryId>
   <customXmlData><![CDATA[]]></customXmlData>
  </vcsHistoryItem>
  <vcsHistoryItem>
   <id>12320908</id>
   <planKey>SW-MAS</planKey>
   <buildNumber>155</buildNumber>
   <revisionKey>c89dbf918f68e430f97d40438f27468d0cbf527d</revisionKey>
   <repositoryId>9601042</repositoryId>
   <customXmlData><![CDATA[]]></customXmlData>
  </vcsHistoryItem>
  <vcsHistoryItem>
   <id>12320909</id>
   <planKey>SW-MAS</planKey>
   <buildNumber>155</buildNumber>
   <revisionKey>f4624c622df0905b3e59a442dde44029764110ff</revisionKey>
   <repositoryId>10780673</repositoryId>
   <customXmlData><![CDATA[]]></customXmlData>
  </vcsHistoryItem>
  <vcsHistoryItem>
   <id>12320910</id>
   <planKey>SW-MAS</planKey>
   <buildNumber>156</buildNumber>
   <revisionKey>22602a84a8c121067a6e825e1ce982db9284762b</revisionKey>
   <repositoryId>9601025</repositoryId>
   <customXmlData><![CDATA[]]></customXmlData>
  </vcsHistoryItem>
  <vcsHistoryItem>
   <id>12320911</id>
   <planKey>SW-MAS</planKey>
   <buildNumber>156</buildNumber>
   <revisionKey>c89dbf918f68e430f97d40438f27468d0cbf527d</revisionKey>
   <repositoryId>9601042</repositoryId>
   <customXmlData><![CDATA[]]></customXmlData>
  </vcsHistoryItem>
  <vcsHistoryItem>
   <id>12320912</id>
   <planKey>SW-MAS</planKey>
   <buildNumber>156</buildNumber>
   <revisionKey>f4624c622df0905b3e59a442dde44029764110ff</revisionKey>
   <repositoryId>10780673</repositoryId>
   <customXmlData><![CDATA[]]></customXmlData>
  </vcsHistoryItem>
  <vcsHistoryItem>
   <id>12320913</id>
   <planKey>SW-MAS</planKey>
   <buildNumber>157</buildNumber>
   <revisionKey>22602a84a8c121067a6e825e1ce982db9284762b</revisionKey>
   <repositoryId>9601025</repositoryId>
   <customXmlData><![CDATA[]]></customXmlData>
  </vcsHistoryItem>
  <vcsHistoryItem>
   <id>12320914</id>
   <planKey>SW-MAS</planKey>
   <buildNumber>157</buildNumber>
   <revisionKey>c89dbf918f68e430f97d40438f27468d0cbf527d</revisionKey>
   <repositoryId>9601042</repositoryId>
   <customXmlData><![CDATA[]]></customXmlData>
  </vcsHistoryItem>
  <vcsHistoryItem>
   <id>12320915</id>
   <planKey>SW-MAS</planKey>
   <buildNumber>157</buildNumber>
   <revisionKey>f4624c622df0905b3e59a442dde44029764110ff</revisionKey>
   <repositoryId>10780673</repositoryId>
   <customXmlData><![CDATA[]]></customXmlData>
  </vcsHistoryItem>
  <vcsHistoryItem>
   <id>12320916</id>
   <planKey>SW-MAS1</planKey>
   <buildNumber>1</buildNumber>
   <revisionKey>f4624c622df0905b3e59a442dde44029764110ff</revisionKey>
   <repositoryId>10780673</repositoryId>
   <customXmlData><![CDATA[]]></customXmlData>
  </vcsHistoryItem>
  <vcsHistoryItem>
   <id>12320917</id>
   <planKey>SW-MAS</planKey>
   <buildNumber>158</buildNumber>
   <revisionKey>22602a84a8c121067a6e825e1ce982db9284762b</revisionKey>
   <repositoryId>9601025</repositoryId>
   <customXmlData><![CDATA[]]></customXmlData>
  </vcsHistoryItem>
  <vcsHistoryItem>
   <id>12320918</id>
   <planKey>SW-MAS</planKey>
   <buildNumber>158</buildNumber>
   <revisionKey>c89dbf918f68e430f97d40438f27468d0cbf527d</revisionKey>
   <repositoryId>9601042</repositoryId>
   <customXmlData><![CDATA[]]></customXmlData>
  </vcsHistoryItem>
  <vcsHistoryItem>
   <id>12320919</id>
   <planKey>SW-MAS</planKey>
   <buildNumber>158</buildNumber>
   <revisionKey>f4624c622df0905b3e59a442dde44029764110ff</revisionKey>
   <repositoryId>10780673</repositoryId>
   <customXmlData><![CDATA[]]></customXmlData>
  </vcsHistoryItem>
  <vcsHistoryItem>
   <id>12320920</id>
   <planKey>SW-MAS</planKey>
   <buildNumber>159</buildNumber>
   <revisionKey>22602a84a8c121067a6e825e1ce982db9284762b</revisionKey>
   <repositoryId>9601025</repositoryId>
   <customXmlData><![CDATA[]]></customXmlData>
  </vcsHistoryItem>
  <vcsHistoryItem>
   <id>12320921</id>
   <planKey>SW-MAS</planKey>
   <buildNumber>159</buildNumber>
   <revisionKey>c89dbf918f68e430f97d40438f27468d0cbf527d</revisionKey>
   <repositoryId>9601042</repositoryId>
   <customXmlData><![CDATA[]]></customXmlData>
  </vcsHistoryItem>
  <vcsHistoryItem>
   <id>12320922</id>
   <planKey>SW-MAS</planKey>
   <buildNumber>159</buildNumber>
   <revisionKey>f4624c622df0905b3e59a442dde44029764110ff</revisionKey>
   <repositoryId>10780673</repositoryId>
   <customXmlData><![CDATA[]]></customXmlData>
  </vcsHistoryItem>
  <vcsHistoryItem>
   <id>12320923</id>
   <planKey>SW-MAS</planKey>
   <buildNumber>160</buildNumber>
   <revisionKey>22602a84a8c121067a6e825e1ce982db9284762b</revisionKey>
   <repositoryId>9601025</repositoryId>
   <customXmlData><![CDATA[]]></customXmlData>
  </vcsHistoryItem>
  <vcsHistoryItem>
   <id>12320924</id>
   <planKey>SW-MAS</planKey>
   <buildNumber>160</buildNumber>
   <revisionKey>c89dbf918f68e430f97d40438f27468d0cbf527d</revisionKey>
   <repositoryId>9601042</repositoryId>
   <customXmlData><![CDATA[]]></customXmlData>
  </vcsHistoryItem>
  <vcsHistoryItem>
   <id>12320925</id>
   <planKey>SW-MAS</planKey>
   <buildNumber>160</buildNumber>
   <revisionKey>f4624c622df0905b3e59a442dde44029764110ff</revisionKey>
   <repositoryId>10780673</repositoryId>
   <customXmlData><![CDATA[]]></customXmlData>
  </vcsHistoryItem>
  <vcsHistoryItem>
   <id>12320926</id>
   <planKey>SW-MAS</planKey>
   <buildNumber>161</buildNumber>
   <revisionKey>22602a84a8c121067a6e825e1ce982db9284762b</revisionKey>
   <repositoryId>9601025</repositoryId>
   <customXmlData><![CDATA[]]></customXmlData>
  </vcsHistoryItem>
  <vcsHistoryItem>
   <id>12320927</id>
   <planKey>SW-MAS</planKey>
   <buildNumber>161</buildNumber>
   <revisionKey>c89dbf918f68e430f97d40438f27468d0cbf527d</revisionKey>
   <repositoryId>9601042</repositoryId>
   <customXmlData><![CDATA[]]></customXmlData>
  </vcsHistoryItem>
  <vcsHistoryItem>
   <id>12320928</id>
   <planKey>SW-MAS</planKey>
   <buildNumber>161</buildNumber>
   <revisionKey>f4624c622df0905b3e59a442dde44029764110ff</revisionKey>
   <repositoryId>10780673</repositoryId>
   <customXmlData><![CDATA[]]></customXmlData>
  </vcsHistoryItem>
  <vcsHistoryItem>
   <id>12320929</id>
   <planKey>SW-MAS</planKey>
   <buildNumber>162</buildNumber>
   <revisionKey>22602a84a8c121067a6e825e1ce982db9284762b</revisionKey>
   <repositoryId>9601025</repositoryId>
   <customXmlData><![CDATA[]]></customXmlData>
  </vcsHistoryItem>
  <vcsHistoryItem>
   <id>12320930</id>
   <planKey>SW-MAS</planKey>
   <buildNumber>162</buildNumber>
   <revisionKey>c89dbf918f68e430f97d40438f27468d0cbf527d</revisionKey>
   <repositoryId>9601042</repositoryId>
   <customXmlData><![CDATA[]]></customXmlData>
  </vcsHistoryItem>
  <vcsHistoryItem>
   <id>12320931</id>
   <planKey>SW-MAS</planKey>
   <buildNumber>162</buildNumber>
   <revisionKey>f4624c622df0905b3e59a442dde44029764110ff</revisionKey>
   <repositoryId>10780673</repositoryId>
   <customXmlData><![CDATA[]]></customXmlData>
  </vcsHistoryItem>
  <vcsHistoryItem>
   <id>12320932</id>
   <planKey>SW-MAS</planKey>
   <buildNumber>163</buildNumber>
   <revisionKey>22602a84a8c121067a6e825e1ce982db9284762b</revisionKey>
   <repositoryId>9601025</repositoryId>
   <customXmlData><![CDATA[]]></customXmlData>
  </vcsHistoryItem>
  <vcsHistoryItem>
   <id>12320933</id>
   <planKey>SW-MAS</planKey>
   <buildNumber>163</buildNumber>
   <revisionKey>c89dbf918f68e430f97d40438f27468d0cbf527d</revisionKey>
   <repositoryId>9601042</repositoryId>
   <customXmlData><![CDATA[]]></customXmlData>
  </vcsHistoryItem>
  <vcsHistoryItem>
   <id>12320934</id>
   <planKey>SW-MAS</planKey>
   <buildNumber>163</buildNumber>
   <revisionKey>f4624c622df0905b3e59a442dde44029764110ff</revisionKey>
   <repositoryId>10780673</repositoryId>
   <customXmlData><![CDATA[]]></customXmlData>
  </vcsHistoryItem>
  <vcsHistoryItem>
   <id>12320935</id>
   <planKey>SW-MAS</planKey>
   <buildNumber>164</buildNumber>
   <revisionKey>22602a84a8c121067a6e825e1ce982db9284762b</revisionKey>
   <repositoryId>9601025</repositoryId>
   <customXmlData><![CDATA[]]></customXmlData>
  </vcsHistoryItem>
  <vcsHistoryItem>
   <id>12320936</id>
   <planKey>SW-MAS</planKey>
   <buildNumber>164</buildNumber>
   <revisionKey>e0fd064f080678b6bfd403e52804090756fd9d75</revisionKey>
   <repositoryId>9601042</repositoryId>
   <customXmlData><![CDATA[]]></customXmlData>
  </vcsHistoryItem>
  <vcsHistoryItem>
   <id>12320937</id>
   <planKey>SW-MAS</planKey>
   <buildNumber>164</buildNumber>
   <revisionKey>f4624c622df0905b3e59a442dde44029764110ff</revisionKey>
   <repositoryId>10780673</repositoryId>
   <customXmlData><![CDATA[]]></customXmlData>
  </vcsHistoryItem>
  <vcsHistoryItem>
   <id>12320938</id>
   <planKey>SS-MAS</planKey>
   <buildNumber>14</buildNumber>
   <revisionKey>e0fd064f080678b6bfd403e52804090756fd9d75</revisionKey>
   <repositoryId>9601043</repositoryId>
   <customXmlData><![CDATA[]]></customXmlData>
  </vcsHistoryItem>
  <vcsHistoryItem>
   <id>12320939</id>
   <planKey>SW-MAS</planKey>
   <buildNumber>165</buildNumber>
   <revisionKey>22602a84a8c121067a6e825e1ce982db9284762b</revisionKey>
   <repositoryId>9601025</repositoryId>
   <customXmlData><![CDATA[]]></customXmlData>
  </vcsHistoryItem>
  <vcsHistoryItem>
   <id>12320940</id>
   <planKey>SW-MAS</planKey>
   <buildNumber>165</buildNumber>
   <revisionKey>e0fd064f080678b6bfd403e52804090756fd9d75</revisionKey>
   <repositoryId>9601042</repositoryId>
   <customXmlData><![CDATA[]]></customXmlData>
  </vcsHistoryItem>
  <vcsHistoryItem>
   <id>12320941</id>
   <planKey>SW-MAS</planKey>
   <buildNumber>165</buildNumber>
   <revisionKey>f4624c622df0905b3e59a442dde44029764110ff</revisionKey>
   <repositoryId>10780673</repositoryId>
   <customXmlData><![CDATA[]]></customXmlData>
  </vcsHistoryItem>
  <vcsHistoryItem>
   <id>12320942</id>
   <planKey>SW-MAS</planKey>
   <buildNumber>166</buildNumber>
   <revisionKey>22602a84a8c121067a6e825e1ce982db9284762b</revisionKey>
   <repositoryId>9601025</repositoryId>
   <customXmlData><![CDATA[]]></customXmlData>
  </vcsHistoryItem>
  <vcsHistoryItem>
   <id>12320943</id>
   <planKey>SW-MAS</planKey>
   <buildNumber>166</buildNumber>
   <revisionKey>e0fd064f080678b6bfd403e52804090756fd9d75</revisionKey>
   <repositoryId>9601042</repositoryId>
   <customXmlData><![CDATA[]]></customXmlData>
  </vcsHistoryItem>
  <vcsHistoryItem>
   <id>12320944</id>
   <planKey>SW-MAS</planKey>
   <buildNumber>166</buildNumber>
   <revisionKey>f4624c622df0905b3e59a442dde44029764110ff</revisionKey>
   <repositoryId>10780673</repositoryId>
   <customXmlData><![CDATA[]]></customXmlData>
  </vcsHistoryItem>
  <vcsHistoryItem>
   <id>12320945</id>
   <planKey>SW-MAS</planKey>
   <buildNumber>167</buildNumber>
   <revisionKey>22602a84a8c121067a6e825e1ce982db9284762b</revisionKey>
   <repositoryId>9601025</repositoryId>
   <customXmlData><![CDATA[]]></customXmlData>
  </vcsHistoryItem>
  <vcsHistoryItem>
   <id>12320946</id>
   <planKey>SW-MAS</planKey>
   <buildNumber>167</buildNumber>
   <revisionKey>e0fd064f080678b6bfd403e52804090756fd9d75</revisionKey>
   <repositoryId>9601042</repositoryId>
   <customXmlData><![CDATA[]]></customXmlData>
  </vcsHistoryItem>
  <vcsHistoryItem>
   <id>12320947</id>
   <planKey>SW-MAS</planKey>
   <buildNumber>167</buildNumber>
   <revisionKey>f4624c622df0905b3e59a442dde44029764110ff</revisionKey>
   <repositoryId>10780673</repositoryId>
   <customXmlData><![CDATA[]]></customXmlData>
  </vcsHistoryItem>
  <vcsHistoryItem>
   <id>12320948</id>
   <planKey>SNE-MN</planKey>
   <buildNumber>73</buildNumber>
   <revisionKey>c578ab4a8ea5b3e4401721e13fdd640139f92bc4</revisionKey>
   <repositoryId>9601028</repositoryId>
   <customXmlData><![CDATA[]]></customXmlData>
  </vcsHistoryItem>
  <vcsHistoryItem>
   <id>12320949</id>
   <planKey>SNE-MN</planKey>
   <buildNumber>73</buildNumber>
   <revisionKey>e0fd064f080678b6bfd403e52804090756fd9d75</revisionKey>
   <repositoryId>9601029</repositoryId>
   <customXmlData><![CDATA[]]></customXmlData>
  </vcsHistoryItem>
  <vcsHistoryItem>
   <id>12320950</id>
   <planKey>SNE-MN</planKey>
   <buildNumber>73</buildNumber>
   <revisionKey>f4624c622df0905b3e59a442dde44029764110ff</revisionKey>
   <repositoryId>9601030</repositoryId>
   <customXmlData><![CDATA[]]></customXmlData>
  </vcsHistoryItem>
  <vcsHistoryItem>
   <id>12320951</id>
   <planKey>SACO-MAS</planKey>
   <buildNumber>112</buildNumber>
   <revisionKey>3880362857394faa891e810e1415b3af08c0864c</revisionKey>
   <repositoryId>9601037</repositoryId>
   <customXmlData><![CDATA[]]></customXmlData>
  </vcsHistoryItem>
  <vcsHistoryItem>
   <id>12320952</id>
   <planKey>SACO-MAS</planKey>
   <buildNumber>112</buildNumber>
   <revisionKey>e0fd064f080678b6bfd403e52804090756fd9d75</revisionKey>
   <repositoryId>9601042</repositoryId>
   <customXmlData><![CDATA[]]></customXmlData>
  </vcsHistoryItem>
  <vcsHistoryItem>
   <id>12320953</id>
   <planKey>SACO-MAS</planKey>
   <buildNumber>112</buildNumber>
   <revisionKey>f4624c622df0905b3e59a442dde44029764110ff</revisionKey>
   <repositoryId>10780673</repositoryId>
   <customXmlData><![CDATA[]]></customXmlData>
  </vcsHistoryItem>
  <vcsHistoryItem>
   <id>12320954</id>
   <planKey>SC-MAS</planKey>
   <buildNumber>59</buildNumber>
   <revisionKey>73628f8ab0e7d309cba1064536f909dcb5d6ca16</revisionKey>
   <repositoryId>9601034</repositoryId>
   <customXmlData><![CDATA[]]></customXmlData>
  </vcsHistoryItem>
  <vcsHistoryItem>
   <id>12320955</id>
   <planKey>SC-MAS</planKey>
   <buildNumber>59</buildNumber>
   <revisionKey>e0fd064f080678b6bfd403e52804090756fd9d75</revisionKey>
   <repositoryId>9601035</repositoryId>
   <customXmlData><![CDATA[]]></customXmlData>
  </vcsHistoryItem>
  <vcsHistoryItem>
   <id>12320956</id>
   <planKey>SC-MAS</planKey>
   <buildNumber>59</buildNumber>
   <revisionKey>f4624c622df0905b3e59a442dde44029764110ff</revisionKey>
   <repositoryId>9601036</repositoryId>
   <customXmlData><![CDATA[]]></customXmlData>
  </vcsHistoryItem>
  <vcsHistoryItem>
   <id>12320957</id>
   <planKey>SC-MAS</planKey>
   <buildNumber>60</buildNumber>
   <revisionKey>73628f8ab0e7d309cba1064536f909dcb5d6ca16</revisionKey>
   <repositoryId>9601034</repositoryId>
   <customXmlData><![CDATA[]]></customXmlData>
  </vcsHistoryItem>
  <vcsHistoryItem>
   <id>12320958</id>
   <planKey>SC-MAS</planKey>
   <buildNumber>60</buildNumber>
   <revisionKey>689b3d041752e4909f4d1278a12793905d5f0c0d</revisionKey>
   <repositoryId>9601035</repositoryId>
   <customXmlData><![CDATA[]]></customXmlData>
  </vcsHistoryItem>
  <vcsHistoryItem>
   <id>12320959</id>
   <planKey>SC-MAS</planKey>
   <buildNumber>60</buildNumber>
   <revisionKey>f4624c622df0905b3e59a442dde44029764110ff</revisionKey>
   <repositoryId>9601036</repositoryId>
   <customXmlData><![CDATA[]]></customXmlData>
  </vcsHistoryItem>
  <vcsHistoryItem>
   <id>12320960</id>
   <planKey>SS-MAS</planKey>
   <buildNumber>15</buildNumber>
   <revisionKey>689b3d041752e4909f4d1278a12793905d5f0c0d</revisionKey>
   <repositoryId>9601043</repositoryId>
   <customXmlData><![CDATA[]]></customXmlData>
  </vcsHistoryItem>
  <vcsHistoryItem>
   <id>12320961</id>
   <planKey>SC-MAS</planKey>
   <buildNumber>61</buildNumber>
   <revisionKey>73628f8ab0e7d309cba1064536f909dcb5d6ca16</revisionKey>
   <repositoryId>9601034</repositoryId>
   <customXmlData><![CDATA[]]></customXmlData>
  </vcsHistoryItem>
  <vcsHistoryItem>
   <id>12320962</id>
   <planKey>SC-MAS</planKey>
   <buildNumber>61</buildNumber>
   <revisionKey>689b3d041752e4909f4d1278a12793905d5f0c0d</revisionKey>
   <repositoryId>9601035</repositoryId>
   <customXmlData><![CDATA[]]></customXmlData>
  </vcsHistoryItem>
  <vcsHistoryItem>
   <id>12320963</id>
   <planKey>SC-MAS</planKey>
   <buildNumber>61</buildNumber>
   <revisionKey>f4624c622df0905b3e59a442dde44029764110ff</revisionKey>
   <repositoryId>9601036</repositoryId>
   <customXmlData><![CDATA[]]></customXmlData>
  </vcsHistoryItem>
  <vcsHistoryItem>
   <id>12320964</id>
   <planKey>SC-MAS</planKey>
   <buildNumber>62</buildNumber>
   <revisionKey>73628f8ab0e7d309cba1064536f909dcb5d6ca16</revisionKey>
   <repositoryId>9601034</repositoryId>
   <customXmlData><![CDATA[]]></customXmlData>
  </vcsHistoryItem>
  <vcsHistoryItem>
   <id>12320965</id>
   <planKey>SC-MAS</planKey>
   <buildNumber>62</buildNumber>
   <revisionKey>ea664a1a1eeff50639e560e9c7bacb6888a9bb78</revisionKey>
   <repositoryId>9601035</repositoryId>
   <customXmlData><![CDATA[]]></customXmlData>
  </vcsHistoryItem>
  <vcsHistoryItem>
   <id>12320966</id>
   <planKey>SC-MAS</planKey>
   <buildNumber>62</buildNumber>
   <revisionKey>f4624c622df0905b3e59a442dde44029764110ff</revisionKey>
   <repositoryId>9601036</repositoryId>
   <customXmlData><![CDATA[]]></customXmlData>
  </vcsHistoryItem>
  <vcsHistoryItem>
   <id>12320967</id>
   <planKey>SC-MAS</planKey>
   <buildNumber>63</buildNumber>
   <revisionKey>73628f8ab0e7d309cba1064536f909dcb5d6ca16</revisionKey>
   <repositoryId>9601034</repositoryId>
   <customXmlData><![CDATA[]]></customXmlData>
  </vcsHistoryItem>
  <vcsHistoryItem>
   <id>12320968</id>
   <planKey>SC-MAS</planKey>
   <buildNumber>63</buildNumber>
   <revisionKey>ea664a1a1eeff50639e560e9c7bacb6888a9bb78</revisionKey>
   <repositoryId>9601035</repositoryId>
   <customXmlData><![CDATA[]]></customXmlData>
  </vcsHistoryItem>
  <vcsHistoryItem>
   <id>12320969</id>
   <planKey>SC-MAS</planKey>
   <buildNumber>63</buildNumber>
   <revisionKey>f4624c622df0905b3e59a442dde44029764110ff</revisionKey>
   <repositoryId>9601036</repositoryId>
   <customXmlData><![CDATA[]]></customXmlData>
  </vcsHistoryItem>
  <vcsHistoryItem>
   <id>12320970</id>
   <planKey>SS-MAS</planKey>
   <buildNumber>16</buildNumber>
   <revisionKey>ea664a1a1eeff50639e560e9c7bacb6888a9bb78</revisionKey>
   <repositoryId>9601043</repositoryId>
   <customXmlData><![CDATA[]]></customXmlData>
  </vcsHistoryItem>
  <vcsHistoryItem>
   <id>12320971</id>
   <planKey>SC-MAS0</planKey>
   <buildNumber>2</buildNumber>
   <revisionKey>73628f8ab0e7d309cba1064536f909dcb5d6ca16</revisionKey>
   <repositoryId>9601040</repositoryId>
   <customXmlData><![CDATA[]]></customXmlData>
  </vcsHistoryItem>
  <vcsHistoryItem>
   <id>12320972</id>
   <planKey>SC-MAS0</planKey>
   <buildNumber>2</buildNumber>
   <revisionKey>ea664a1a1eeff50639e560e9c7bacb6888a9bb78</revisionKey>
   <repositoryId>9601035</repositoryId>
   <customXmlData><![CDATA[]]></customXmlData>
  </vcsHistoryItem>
  <vcsHistoryItem>
   <id>12320973</id>
   <planKey>SC-MAS0</planKey>
   <buildNumber>2</buildNumber>
   <revisionKey>f4624c622df0905b3e59a442dde44029764110ff</revisionKey>
   <repositoryId>9601036</repositoryId>
   <customXmlData><![CDATA[]]></customXmlData>
  </vcsHistoryItem>
  <vcsHistoryItem>
   <id>12320974</id>
   <planKey>SC-MAS0</planKey>
   <buildNumber>2</buildNumber>
   <revisionKey>73628f8ab0e7d309cba1064536f909dcb5d6ca16</revisionKey>
   <repositoryId>9601034</repositoryId>
   <customXmlData><![CDATA[]]></customXmlData>
  </vcsHistoryItem>
  <vcsHistoryItem>
   <id>12320975</id>
   <planKey>SC-MAS</planKey>
   <buildNumber>64</buildNumber>
   <revisionKey>73628f8ab0e7d309cba1064536f909dcb5d6ca16</revisionKey>
   <repositoryId>9601034</repositoryId>
   <customXmlData><![CDATA[]]></customXmlData>
  </vcsHistoryItem>
  <vcsHistoryItem>
   <id>12320976</id>
   <planKey>SC-MAS</planKey>
   <buildNumber>64</buildNumber>
   <revisionKey>ea664a1a1eeff50639e560e9c7bacb6888a9bb78</revisionKey>
   <repositoryId>9601035</repositoryId>
   <customXmlData><![CDATA[]]></customXmlData>
  </vcsHistoryItem>
  <vcsHistoryItem>
   <id>12320977</id>
   <planKey>SC-MAS</planKey>
   <buildNumber>64</buildNumber>
   <revisionKey>f4624c622df0905b3e59a442dde44029764110ff</revisionKey>
   <repositoryId>9601036</repositoryId>
   <customXmlData><![CDATA[]]></customXmlData>
  </vcsHistoryItem>
  <vcsHistoryItem>
   <id>12320978</id>
   <planKey>SC-MAS</planKey>
   <buildNumber>65</buildNumber>
   <revisionKey>73628f8ab0e7d309cba1064536f909dcb5d6ca16</revisionKey>
   <repositoryId>9601034</repositoryId>
   <customXmlData><![CDATA[]]></customXmlData>
  </vcsHistoryItem>
  <vcsHistoryItem>
   <id>12320979</id>
   <planKey>SC-MAS</planKey>
   <buildNumber>65</buildNumber>
   <revisionKey>ea664a1a1eeff50639e560e9c7bacb6888a9bb78</revisionKey>
   <repositoryId>9601035</repositoryId>
   <customXmlData><![CDATA[]]></customXmlData>
  </vcsHistoryItem>
  <vcsHistoryItem>
   <id>12320980</id>
   <planKey>SC-MAS</planKey>
   <buildNumber>65</buildNumber>
   <revisionKey>f4624c622df0905b3e59a442dde44029764110ff</revisionKey>
   <repositoryId>9601036</repositoryId>
   <customXmlData><![CDATA[]]></customXmlData>
  </vcsHistoryItem>
  <vcsHistoryItem>
   <id>12320981</id>
   <planKey>SC-MAS</planKey>
   <buildNumber>66</buildNumber>
   <revisionKey>73628f8ab0e7d309cba1064536f909dcb5d6ca16</revisionKey>
   <repositoryId>9601034</repositoryId>
   <customXmlData><![CDATA[]]></customXmlData>
  </vcsHistoryItem>
  <vcsHistoryItem>
   <id>12320982</id>
   <planKey>SC-MAS</planKey>
   <buildNumber>66</buildNumber>
   <revisionKey>ea664a1a1eeff50639e560e9c7bacb6888a9bb78</revisionKey>
   <repositoryId>9601035</repositoryId>
   <customXmlData><![CDATA[]]></customXmlData>
  </vcsHistoryItem>
  <vcsHistoryItem>
   <id>12320983</id>
   <planKey>SC-MAS</planKey>
   <buildNumber>66</buildNumber>
   <revisionKey>f4624c622df0905b3e59a442dde44029764110ff</revisionKey>
   <repositoryId>9601036</repositoryId>
   <customXmlData><![CDATA[]]></customXmlData>
  </vcsHistoryItem>
  <vcsHistoryItem>
   <id>12320984</id>
   <planKey>SC-MAS</planKey>
   <buildNumber>67</buildNumber>
   <revisionKey>73628f8ab0e7d309cba1064536f909dcb5d6ca16</revisionKey>
   <repositoryId>9601034</repositoryId>
   <customXmlData><![CDATA[]]></customXmlData>
  </vcsHistoryItem>
  <vcsHistoryItem>
   <id>12320985</id>
   <planKey>SC-MAS</planKey>
   <buildNumber>67</buildNumber>
   <revisionKey>94255c07118a53c1faa27b7e76ec9ddd8ee119cc</revisionKey>
   <repositoryId>9601035</repositoryId>
   <customXmlData><![CDATA[]]></customXmlData>
  </vcsHistoryItem>
  <vcsHistoryItem>
   <id>12320986</id>
   <planKey>SC-MAS</planKey>
   <buildNumber>67</buildNumber>
   <revisionKey>f4624c622df0905b3e59a442dde44029764110ff</revisionKey>
   <repositoryId>9601036</repositoryId>
   <customXmlData><![CDATA[]]></customXmlData>
  </vcsHistoryItem>
  <vcsHistoryItem>
   <id>12320987</id>
   <planKey>SS-MAS</planKey>
   <buildNumber>17</buildNumber>
   <revisionKey>94255c07118a53c1faa27b7e76ec9ddd8ee119cc</revisionKey>
   <repositoryId>9601043</repositoryId>
   <customXmlData><![CDATA[]]></customXmlData>
  </vcsHistoryItem>
  <vcsHistoryItem>
   <id>12320988</id>
   <planKey>SACO-MAS</planKey>
   <buildNumber>113</buildNumber>
   <revisionKey>3880362857394faa891e810e1415b3af08c0864c</revisionKey>
   <repositoryId>9601037</repositoryId>
   <customXmlData><![CDATA[]]></customXmlData>
  </vcsHistoryItem>
  <vcsHistoryItem>
   <id>12320989</id>
   <planKey>SACO-MAS</planKey>
   <buildNumber>113</buildNumber>
   <revisionKey>94255c07118a53c1faa27b7e76ec9ddd8ee119cc</revisionKey>
   <repositoryId>9601042</repositoryId>
   <customXmlData><![CDATA[]]></customXmlData>
  </vcsHistoryItem>
  <vcsHistoryItem>
   <id>12320990</id>
   <planKey>SACO-MAS</planKey>
   <buildNumber>113</buildNumber>
   <revisionKey>f4624c622df0905b3e59a442dde44029764110ff</revisionKey>
   <repositoryId>10780673</repositoryId>
   <customXmlData><![CDATA[]]></customXmlData>
  </vcsHistoryItem>
  <vcsHistoryItem>
   <id>12320991</id>
   <planKey>SC-MAS</planKey>
   <buildNumber>68</buildNumber>
   <revisionKey>73628f8ab0e7d309cba1064536f909dcb5d6ca16</revisionKey>
   <repositoryId>9601034</repositoryId>
   <customXmlData><![CDATA[]]></customXmlData>
  </vcsHistoryItem>
  <vcsHistoryItem>
   <id>12320992</id>
   <planKey>SC-MAS</planKey>
   <buildNumber>68</buildNumber>
   <revisionKey>94255c07118a53c1faa27b7e76ec9ddd8ee119cc</revisionKey>
   <repositoryId>9601035</repositoryId>
   <customXmlData><![CDATA[]]></customXmlData>
  </vcsHistoryItem>
  <vcsHistoryItem>
   <id>12320993</id>
   <planKey>SC-MAS</planKey>
   <buildNumber>68</buildNumber>
   <revisionKey>f4624c622df0905b3e59a442dde44029764110ff</revisionKey>
   <repositoryId>9601036</repositoryId>
   <customXmlData><![CDATA[]]></customXmlData>
  </vcsHistoryItem>
  <vcsHistoryItem>
   <id>12320994</id>
   <planKey>SNE-MN</planKey>
   <buildNumber>74</buildNumber>
   <revisionKey>c578ab4a8ea5b3e4401721e13fdd640139f92bc4</revisionKey>
   <repositoryId>9601028</repositoryId>
   <customXmlData><![CDATA[]]></customXmlData>
  </vcsHistoryItem>
  <vcsHistoryItem>
   <id>12320995</id>
   <planKey>SNE-MN</planKey>
   <buildNumber>74</buildNumber>
   <revisionKey>94255c07118a53c1faa27b7e76ec9ddd8ee119cc</revisionKey>
   <repositoryId>9601029</repositoryId>
   <customXmlData><![CDATA[]]></customXmlData>
  </vcsHistoryItem>
  <vcsHistoryItem>
   <id>12320996</id>
   <planKey>SNE-MN</planKey>
   <buildNumber>74</buildNumber>
   <revisionKey>f4624c622df0905b3e59a442dde44029764110ff</revisionKey>
   <repositoryId>9601030</repositoryId>
   <customXmlData><![CDATA[]]></customXmlData>
  </vcsHistoryItem>
  <vcsHistoryItem>
   <id>12320997</id>
   <planKey>SXE-MAS</planKey>
   <buildNumber>27</buildNumber>
   <revisionKey>475481d7f7c900b02713956a9205b585253c7da1</revisionKey>
   <repositoryId>9601033</repositoryId>
   <customXmlData><![CDATA[]]></customXmlData>
  </vcsHistoryItem>
  <vcsHistoryItem>
   <id>12320998</id>
   <planKey>SXE-MAS</planKey>
   <buildNumber>27</buildNumber>
   <revisionKey>94255c07118a53c1faa27b7e76ec9ddd8ee119cc</revisionKey>
   <repositoryId>9601031</repositoryId>
   <customXmlData><![CDATA[]]></customXmlData>
  </vcsHistoryItem>
  <vcsHistoryItem>
   <id>12320999</id>
   <planKey>SXE-MAS</planKey>
   <buildNumber>27</buildNumber>
   <revisionKey>f4624c622df0905b3e59a442dde44029764110ff</revisionKey>
   <repositoryId>9601032</repositoryId>
   <customXmlData><![CDATA[]]></customXmlData>
  </vcsHistoryItem>
 </planVcsHistory>
</bamboo>