<?xml version='1.1' encoding='UTF-8' standalone='yes'?>
<bamboo>
 <date>Sun Mar 15 20:16:26 AEDT 2015</date>
 <version>5.7.2</version>
 <buildDate>02-Dec-2014</buildDate>
 <build>5716</build>
 <serverID>BG3Y-XJ99-GC6Z-FPP1</serverID>
 <artifacts>
  <artifact>
   <id>1343496</id>
   <label>NuGet Package</label>
   <sharedArtifact>false</sharedArtifact>
   <globallyStored>false</globallyStored>
   <type>com.atlassian.bamboo.plugin.artifact.handler.local:ServerLocalArtifactHandler</type>
   <size>23520</size>
   <planResultKey>SW-MAS0-JOB1-2</planResultKey>
  </artifact>
  <artifact>
   <id>2818105</id>
   <label>NuGet Package</label>
   <sharedArtifact>true</sharedArtifact>
   <globallyStored>false</globallyStored>
   <type>com.atlassian.bamboo.plugin.artifact.handler.local:ServerLocalArtifactHandler</type>
   <size>14589</size>
   <planResultKey>SW-MAS0-3</planResultKey>
  </artifact>
  <artifact>
   <id>2818106</id>
   <label>Scripts</label>
   <sharedArtifact>true</sharedArtifact>
   <globallyStored>false</globallyStored>
   <type>com.atlassian.bamboo.plugin.artifact.handler.local:ServerLocalArtifactHandler</type>
   <size>23478</size>
   <planResultKey>SW-MAS0-3</planResultKey>
  </artifact>
  <artifact>
   <id>2818107</id>
   <label>NuGet Package</label>
   <sharedArtifact>true</sharedArtifact>
   <globallyStored>false</globallyStored>
   <type>com.atlassian.bamboo.plugin.artifact.handler.local:ServerLocalArtifactHandler</type>
   <size>14592</size>
   <planResultKey>SW-MAS0-4</planResultKey>
  </artifact>
  <artifact>
   <id>2818108</id>
   <label>Scripts</label>
   <sharedArtifact>true</sharedArtifact>
   <globallyStored>false</globallyStored>
   <type>com.atlassian.bamboo.plugin.artifact.handler.local:ServerLocalArtifactHandler</type>
   <size>22220</size>
   <planResultKey>SW-MAS0-4</planResultKey>
  </artifact>
  <artifact>
   <id>9928725</id>
   <label>Source</label>
   <sharedArtifact>true</sharedArtifact>
   <globallyStored>false</globallyStored>
   <type>com.atlassian.bamboo.plugin.artifact.handler.local:ServerLocalArtifactHandler</type>
   <size>23340704</size>
   <planResultKey>SC-MAS0-1</planResultKey>
  </artifact>
  <artifact>
   <id>9928726</id>
   <label>Scripts</label>
   <sharedArtifact>true</sharedArtifact>
   <globallyStored>false</globallyStored>
   <type>com.atlassian.bamboo.plugin.artifact.handler.local:ServerLocalArtifactHandler</type>
   <size>12194</size>
   <planResultKey>SC-MAS0-1</planResultKey>
  </artifact>
  <artifact>
   <id>9928727</id>
   <label>NuGet Package</label>
   <sharedArtifact>true</sharedArtifact>
   <globallyStored>false</globallyStored>
   <type>com.atlassian.bamboo.plugin.artifact.handler.local:ServerLocalArtifactHandler</type>
   <size>8913</size>
   <planResultKey>SC-MAS0-1</planResultKey>
  </artifact>
  <artifact>
   <id>9928728</id>
   <label>Tools</label>
   <sharedArtifact>true</sharedArtifact>
   <globallyStored>false</globallyStored>
   <type>com.atlassian.bamboo.plugin.artifact.handler.local:ServerLocalArtifactHandler</type>
   <size>36352</size>
   <planResultKey>SC-MAS0-1</planResultKey>
  </artifact>
  <artifact>
   <id>9928729</id>
   <label>Source</label>
   <sharedArtifact>true</sharedArtifact>
   <globallyStored>false</globallyStored>
   <type>com.atlassian.bamboo.plugin.artifact.handler.local:ServerLocalArtifactHandler</type>
   <size>38209366</size>
   <planResultKey>SW-MAS1-1</planResultKey>
  </artifact>
  <artifact>
   <id>9928730</id>
   <label>NuGet Package</label>
   <sharedArtifact>true</sharedArtifact>
   <globallyStored>false</globallyStored>
   <type>com.atlassian.bamboo.plugin.artifact.handler.local:ServerLocalArtifactHandler</type>
   <size>16282</size>
   <planResultKey>SW-MAS1-1</planResultKey>
  </artifact>
  <artifact>
   <id>9928731</id>
   <label>Scripts</label>
   <sharedArtifact>true</sharedArtifact>
   <globallyStored>false</globallyStored>
   <type>com.atlassian.bamboo.plugin.artifact.handler.local:ServerLocalArtifactHandler</type>
   <size>12194</size>
   <planResultKey>SW-MAS1-1</planResultKey>
  </artifact>
  <artifact>
   <id>9928732</id>
   <label>Tools</label>
   <sharedArtifact>true</sharedArtifact>
   <globallyStored>false</globallyStored>
   <type>com.atlassian.bamboo.plugin.artifact.handler.local:ServerLocalArtifactHandler</type>
   <size>36352</size>
   <planResultKey>SW-MAS1-1</planResultKey>
  </artifact>
  <artifact>
   <id>12353653</id>
   <label>Source</label>
   <sharedArtifact>true</sharedArtifact>
   <globallyStored>false</globallyStored>
   <type>com.atlassian.bamboo.plugin.artifact.handler.local:ServerLocalArtifactHandler</type>
   <size>20344179</size>
   <planResultKey>SC-MAS0-2</planResultKey>
  </artifact>
  <artifact>
   <id>12353654</id>
   <label>ReSharper Results</label>
   <sharedArtifact>false</sharedArtifact>
   <globallyStored>false</globallyStored>
   <type>com.atlassian.bamboo.plugin.artifact.handler.local:ServerLocalArtifactHandler</type>
   <size>337</size>
   <planResultKey>SC-MAS0-JOB1-2</planResultKey>
  </artifact>
  <artifact>
   <id>14090311</id>
   <label>Source</label>
   <sharedArtifact>true</sharedArtifact>
   <globallyStored>true</globallyStored>
   <type>com.atlassian.bamboo.plugin.artifact.handler.local:ServerLocalArtifactHandler</type>
   <size>5089111</size>
   <planResultKey>SNE-MN-83</planResultKey>
  </artifact>
  <artifact>
   <id>14090314</id>
   <label>Source</label>
   <sharedArtifact>true</sharedArtifact>
   <globallyStored>false</globallyStored>
   <type>com.atlassian.bamboo.plugin.artifact.handler.local:ServerLocalArtifactHandler</type>
   <size>38176501</size>
   <planResultKey>SW-MAS-180</planResultKey>
  </artifact>
  <artifact>
   <id>14090315</id>
   <label>ReSharper Results</label>
   <sharedArtifact>false</sharedArtifact>
   <globallyStored>false</globallyStored>
   <type>com.atlassian.bamboo.plugin.artifact.handler.local:ServerLocalArtifactHandler</type>
   <size>853</size>
   <planResultKey>SW-MAS-JOB1-180</planResultKey>
  </artifact>
  <artifact>
   <id>14090320</id>
   <label>NuGet Package</label>
   <sharedArtifact>true</sharedArtifact>
   <globallyStored>true</globallyStored>
   <type>com.atlassian.bamboo.plugin.artifact.handler.local:ServerLocalArtifactHandler</type>
   <size>9256</size>
   <planResultKey>SNE-MN-83</planResultKey>
  </artifact>
  <artifact>
   <id>14090322</id>
   <label>NuGet Package</label>
   <sharedArtifact>true</sharedArtifact>
   <globallyStored>false</globallyStored>
   <type>com.atlassian.bamboo.plugin.artifact.handler.local:ServerLocalArtifactHandler</type>
   <size>16296</size>
   <planResultKey>SW-MAS-180</planResultKey>
  </artifact>
  <artifact>
   <id>15237121</id>
   <label>Source</label>
   <sharedArtifact>true</sharedArtifact>
   <globallyStored>false</globallyStored>
   <type>com.atlassian.bamboo.plugin.artifact.handler.local:ServerLocalArtifactHandler</type>
   <size>38176738</size>
   <planResultKey>SW-MAS-181</planResultKey>
  </artifact>
  <artifact>
   <id>15237122</id>
   <label>ReSharper Results</label>
   <sharedArtifact>false</sharedArtifact>
   <globallyStored>false</globallyStored>
   <type>com.atlassian.bamboo.plugin.artifact.handler.local:ServerLocalArtifactHandler</type>
   <size>853</size>
   <planResultKey>SW-MAS-JOB1-181</planResultKey>
  </artifact>
  <artifact>
   <id>15237123</id>
   <label>NuGet Package</label>
   <sharedArtifact>true</sharedArtifact>
   <globallyStored>false</globallyStored>
   <type>com.atlassian.bamboo.plugin.artifact.handler.local:ServerLocalArtifactHandler</type>
   <size>16292</size>
   <planResultKey>SW-MAS-181</planResultKey>
  </artifact>
  <artifact>
   <id>15237124</id>
   <label>Source</label>
   <sharedArtifact>true</sharedArtifact>
   <globallyStored>false</globallyStored>
   <type>com.atlassian.bamboo.plugin.artifact.handler.local:ServerLocalArtifactHandler</type>
   <size>6103838</size>
   <planResultKey>SNE-MN-84</planResultKey>
  </artifact>
  <artifact>
   <id>15237125</id>
   <label>Source</label>
   <sharedArtifact>true</sharedArtifact>
   <globallyStored>false</globallyStored>
   <type>com.atlassian.bamboo.plugin.artifact.handler.local:ServerLocalArtifactHandler</type>
   <size>6114075</size>
   <planResultKey>SNE-MN-85</planResultKey>
  </artifact>
  <artifact>
   <id>15237126</id>
   <label>Source</label>
   <sharedArtifact>true</sharedArtifact>
   <globallyStored>false</globallyStored>
   <type>com.atlassian.bamboo.plugin.artifact.handler.local:ServerLocalArtifactHandler</type>
   <size>45892683</size>
   <planResultKey>SE-MAS-68</planResultKey>
  </artifact>
  <artifact>
   <id>15237127</id>
   <label>ReSharper Results</label>
   <sharedArtifact>false</sharedArtifact>
   <globallyStored>false</globallyStored>
   <type>com.atlassian.bamboo.plugin.artifact.handler.local:ServerLocalArtifactHandler</type>
   <size>339</size>
   <planResultKey>SE-MAS-JOB1-68</planResultKey>
  </artifact>
  <artifact>
   <id>15237128</id>
   <label>NuGet Package</label>
   <sharedArtifact>true</sharedArtifact>
   <globallyStored>false</globallyStored>
   <type>com.atlassian.bamboo.plugin.artifact.handler.local:ServerLocalArtifactHandler</type>
   <size>16656</size>
   <planResultKey>SE-MAS-68</planResultKey>
  </artifact>
  <artifact>
   <id>15237129</id>
   <label>Source</label>
   <sharedArtifact>true</sharedArtifact>
   <globallyStored>false</globallyStored>
   <type>com.atlassian.bamboo.plugin.artifact.handler.local:ServerLocalArtifactHandler</type>
   <size>3260045</size>
   <planResultKey>SNE-MN-86</planResultKey>
  </artifact>
  <artifact>
   <id>15237130</id>
   <label>ReSharper Results</label>
   <sharedArtifact>false</sharedArtifact>
   <globallyStored>false</globallyStored>
   <type>com.atlassian.bamboo.plugin.artifact.handler.local:ServerLocalArtifactHandler</type>
   <size>1444</size>
   <planResultKey>SNE-MN-JOB1-86</planResultKey>
  </artifact>
  <artifact>
   <id>15237131</id>
   <label>Source</label>
   <sharedArtifact>true</sharedArtifact>
   <globallyStored>false</globallyStored>
   <type>com.atlassian.bamboo.plugin.artifact.handler.local:ServerLocalArtifactHandler</type>
   <size>6114186</size>
   <planResultKey>SNE-MN-87</planResultKey>
  </artifact>
  <artifact>
   <id>15237132</id>
   <label>ReSharper Results</label>
   <sharedArtifact>false</sharedArtifact>
   <globallyStored>false</globallyStored>
   <type>com.atlassian.bamboo.plugin.artifact.handler.local:ServerLocalArtifactHandler</type>
   <size>347</size>
   <planResultKey>SNE-MN-JOB1-87</planResultKey>
  </artifact>
  <artifact>
   <id>15237133</id>
   <label>Source</label>
   <sharedArtifact>true</sharedArtifact>
   <globallyStored>false</globallyStored>
   <type>com.atlassian.bamboo.plugin.artifact.handler.local:ServerLocalArtifactHandler</type>
   <size>6114182</size>
   <planResultKey>SNE-MN-88</planResultKey>
  </artifact>
  <artifact>
   <id>15237134</id>
   <label>ReSharper Results</label>
   <sharedArtifact>false</sharedArtifact>
   <globallyStored>false</globallyStored>
   <type>com.atlassian.bamboo.plugin.artifact.handler.local:ServerLocalArtifactHandler</type>
   <size>347</size>
   <planResultKey>SNE-MN-JOB1-88</planResultKey>
  </artifact>
  <artifact>
   <id>15237135</id>
   <label>NuGet Package</label>
   <sharedArtifact>true</sharedArtifact>
   <globallyStored>false</globallyStored>
   <type>com.atlassian.bamboo.plugin.artifact.handler.local:ServerLocalArtifactHandler</type>
   <size>9418</size>
   <planResultKey>SNE-MN-88</planResultKey>
  </artifact>
  <artifact>
   <id>15237136</id>
   <label>Source</label>
   <sharedArtifact>true</sharedArtifact>
   <globallyStored>false</globallyStored>
   <type>com.atlassian.bamboo.plugin.artifact.handler.local:ServerLocalArtifactHandler</type>
   <size>23292117</size>
   <planResultKey>SC-MAS-73</planResultKey>
  </artifact>
  <artifact>
   <id>15237137</id>
   <label>ReSharper Results</label>
   <sharedArtifact>false</sharedArtifact>
   <globallyStored>false</globallyStored>
   <type>com.atlassian.bamboo.plugin.artifact.handler.local:ServerLocalArtifactHandler</type>
   <size>337</size>
   <planResultKey>SC-MAS-JOB1-73</planResultKey>
  </artifact>
  <artifact>
   <id>15237138</id>
   <label>NuGet Package</label>
   <sharedArtifact>true</sharedArtifact>
   <globallyStored>false</globallyStored>
   <type>com.atlassian.bamboo.plugin.artifact.handler.local:ServerLocalArtifactHandler</type>
   <size>8917</size>
   <planResultKey>SC-MAS-73</planResultKey>
  </artifact>
  <artifact>
   <id>15237139</id>
   <label>Source</label>
   <sharedArtifact>true</sharedArtifact>
   <globallyStored>false</globallyStored>
   <type>com.atlassian.bamboo.plugin.artifact.handler.local:ServerLocalArtifactHandler</type>
   <size>62043658</size>
   <planResultKey>SACO-MAS-123</planResultKey>
  </artifact>
  <artifact>
   <id>15237140</id>
   <label>ReSharper Results</label>
   <sharedArtifact>false</sharedArtifact>
   <globallyStored>false</globallyStored>
   <type>com.atlassian.bamboo.plugin.artifact.handler.local:ServerLocalArtifactHandler</type>
   <size>334</size>
   <planResultKey>SACO-MAS-JOB1-123</planResultKey>
  </artifact>
  <artifact>
   <id>15237141</id>
   <label>NuGet Package</label>
   <sharedArtifact>true</sharedArtifact>
   <globallyStored>false</globallyStored>
   <type>com.atlassian.bamboo.plugin.artifact.handler.local:ServerLocalArtifactHandler</type>
   <size>43452</size>
   <planResultKey>SACO-MAS-123</planResultKey>
  </artifact>
  <artifact>
   <id>15237142</id>
   <label>Source</label>
   <sharedArtifact>true</sharedArtifact>
   <globallyStored>false</globallyStored>
   <type>com.atlassian.bamboo.plugin.artifact.handler.local:ServerLocalArtifactHandler</type>
   <size>23292114</size>
   <planResultKey>SC-MAS-74</planResultKey>
  </artifact>
  <artifact>
   <id>15237143</id>
   <label>ReSharper Results</label>
   <sharedArtifact>false</sharedArtifact>
   <globallyStored>false</globallyStored>
   <type>com.atlassian.bamboo.plugin.artifact.handler.local:ServerLocalArtifactHandler</type>
   <size>337</size>
   <planResultKey>SC-MAS-JOB1-74</planResultKey>
  </artifact>
  <artifact>
   <id>15237144</id>
   <label>NuGet Package</label>
   <sharedArtifact>true</sharedArtifact>
   <globallyStored>false</globallyStored>
   <type>com.atlassian.bamboo.plugin.artifact.handler.local:ServerLocalArtifactHandler</type>
   <size>8915</size>
   <planResultKey>SC-MAS-74</planResultKey>
  </artifact>
  <artifact>
   <id>15237145</id>
   <label>Source</label>
   <sharedArtifact>true</sharedArtifact>
   <globallyStored>false</globallyStored>
   <type>com.atlassian.bamboo.plugin.artifact.handler.local:ServerLocalArtifactHandler</type>
   <size>23292116</size>
   <planResultKey>SC-MAS-75</planResultKey>
  </artifact>
  <artifact>
   <id>15237146</id>
   <label>ReSharper Results</label>
   <sharedArtifact>false</sharedArtifact>
   <globallyStored>false</globallyStored>
   <type>com.atlassian.bamboo.plugin.artifact.handler.local:ServerLocalArtifactHandler</type>
   <size>337</size>
   <planResultKey>SC-MAS-JOB1-75</planResultKey>
  </artifact>
  <artifact>
   <id>15237147</id>
   <label>NuGet Package</label>
   <sharedArtifact>true</sharedArtifact>
   <globallyStored>false</globallyStored>
   <type>com.atlassian.bamboo.plugin.artifact.handler.local:ServerLocalArtifactHandler</type>
   <size>8921</size>
   <planResultKey>SC-MAS-75</planResultKey>
  </artifact>
  <artifact>
   <id>15237148</id>
   <label>Source</label>
   <sharedArtifact>true</sharedArtifact>
   <globallyStored>false</globallyStored>
   <type>com.atlassian.bamboo.plugin.artifact.handler.local:ServerLocalArtifactHandler</type>
   <size>29507563</size>
   <planResultKey>SC-MAS-76</planResultKey>
  </artifact>
  <artifact>
   <id>15237149</id>
   <label>ReSharper Results</label>
   <sharedArtifact>false</sharedArtifact>
   <globallyStored>false</globallyStored>
   <type>com.atlassian.bamboo.plugin.artifact.handler.local:ServerLocalArtifactHandler</type>
   <size>337</size>
   <planResultKey>SC-MAS-JOB1-76</planResultKey>
  </artifact>
  <artifact>
   <id>15237150</id>
   <label>NuGet Package</label>
   <sharedArtifact>true</sharedArtifact>
   <globallyStored>false</globallyStored>
   <type>com.atlassian.bamboo.plugin.artifact.handler.local:ServerLocalArtifactHandler</type>
   <size>8917</size>
   <planResultKey>SC-MAS-76</planResultKey>
  </artifact>
  <artifact>
   <id>15237151</id>
   <label>Source</label>
   <sharedArtifact>true</sharedArtifact>
   <globallyStored>false</globallyStored>
   <type>com.atlassian.bamboo.plugin.artifact.handler.local:ServerLocalArtifactHandler</type>
   <size>29507561</size>
   <planResultKey>SC-MAS-77</planResultKey>
  </artifact>
  <artifact>
   <id>15237152</id>
   <label>ReSharper Results</label>
   <sharedArtifact>false</sharedArtifact>
   <globallyStored>false</globallyStored>
   <type>com.atlassian.bamboo.plugin.artifact.handler.local:ServerLocalArtifactHandler</type>
   <size>337</size>
   <planResultKey>SC-MAS-JOB1-77</planResultKey>
  </artifact>
  <artifact>
   <id>15237153</id>
   <label>NuGet Package</label>
   <sharedArtifact>true</sharedArtifact>
   <globallyStored>false</globallyStored>
   <type>com.atlassian.bamboo.plugin.artifact.handler.local:ServerLocalArtifactHandler</type>
   <size>8918</size>
   <planResultKey>SC-MAS-77</planResultKey>
  </artifact>
  <artifact>
   <id>15237154</id>
   <label>Source</label>
   <sharedArtifact>true</sharedArtifact>
   <globallyStored>false</globallyStored>
   <type>com.atlassian.bamboo.plugin.artifact.handler.local:ServerLocalArtifactHandler</type>
   <size>29507562</size>
   <planResultKey>SC-MAS-78</planResultKey>
  </artifact>
  <artifact>
   <id>15237155</id>
   <label>ReSharper Results</label>
   <sharedArtifact>false</sharedArtifact>
   <globallyStored>false</globallyStored>
   <type>com.atlassian.bamboo.plugin.artifact.handler.local:ServerLocalArtifactHandler</type>
   <size>337</size>
   <planResultKey>SC-MAS-JOB1-78</planResultKey>
  </artifact>
  <artifact>
   <id>15237156</id>
   <label>NuGet Package</label>
   <sharedArtifact>true</sharedArtifact>
   <globallyStored>false</globallyStored>
   <type>com.atlassian.bamboo.plugin.artifact.handler.local:ServerLocalArtifactHandler</type>
   <size>8920</size>
   <planResultKey>SC-MAS-78</planResultKey>
  </artifact>
  <artifact>
   <id>15237157</id>
   <label>Source</label>
   <sharedArtifact>true</sharedArtifact>
   <globallyStored>false</globallyStored>
   <type>com.atlassian.bamboo.plugin.artifact.handler.local:ServerLocalArtifactHandler</type>
   <size>29493483</size>
   <planResultKey>SC-MAS-79</planResultKey>
  </artifact>
  <artifact>
   <id>15237158</id>
   <label>ReSharper Results</label>
   <sharedArtifact>false</sharedArtifact>
   <globallyStored>false</globallyStored>
   <type>com.atlassian.bamboo.plugin.artifact.handler.local:ServerLocalArtifactHandler</type>
   <size>337</size>
   <planResultKey>SC-MAS-JOB1-79</planResultKey>
  </artifact>
  <artifact>
   <id>15237159</id>
   <label>NuGet Package</label>
   <sharedArtifact>true</sharedArtifact>
   <globallyStored>false</globallyStored>
   <type>com.atlassian.bamboo.plugin.artifact.handler.local:ServerLocalArtifactHandler</type>
   <size>8921</size>
   <planResultKey>SC-MAS-79</planResultKey>
  </artifact>
  <artifact>
   <id>15237160</id>
   <label>Source</label>
   <sharedArtifact>true</sharedArtifact>
   <globallyStored>false</globallyStored>
   <type>com.atlassian.bamboo.plugin.artifact.handler.local:ServerLocalArtifactHandler</type>
   <size>29525966</size>
   <planResultKey>SC-MAS-80</planResultKey>
  </artifact>
  <artifact>
   <id>15237161</id>
   <label>ReSharper Results</label>
   <sharedArtifact>false</sharedArtifact>
   <globallyStored>false</globallyStored>
   <type>com.atlassian.bamboo.plugin.artifact.handler.local:ServerLocalArtifactHandler</type>
   <size>337</size>
   <planResultKey>SC-MAS-JOB1-80</planResultKey>
  </artifact>
  <artifact>
   <id>15237162</id>
   <label>NuGet Package</label>
   <sharedArtifact>true</sharedArtifact>
   <globallyStored>false</globallyStored>
   <type>com.atlassian.bamboo.plugin.artifact.handler.local:ServerLocalArtifactHandler</type>
   <size>8917</size>
   <planResultKey>SC-MAS-80</planResultKey>
  </artifact>
  <artifact>
   <id>15237163</id>
   <label>Source</label>
   <sharedArtifact>true</sharedArtifact>
   <globallyStored>false</globallyStored>
   <type>com.atlassian.bamboo.plugin.artifact.handler.local:ServerLocalArtifactHandler</type>
   <size>29535014</size>
   <planResultKey>SC-MAS-81</planResultKey>
  </artifact>
  <artifact>
   <id>15237164</id>
   <label>ReSharper Results</label>
   <sharedArtifact>false</sharedArtifact>
   <globallyStored>false</globallyStored>
   <type>com.atlassian.bamboo.plugin.artifact.handler.local:ServerLocalArtifactHandler</type>
   <size>337</size>
   <planResultKey>SC-MAS-JOB1-81</planResultKey>
  </artifact>
  <artifact>
   <id>15237165</id>
   <label>NuGet Package</label>
   <sharedArtifact>true</sharedArtifact>
   <globallyStored>false</globallyStored>
   <type>com.atlassian.bamboo.plugin.artifact.handler.local:ServerLocalArtifactHandler</type>
   <size>8920</size>
   <planResultKey>SC-MAS-81</planResultKey>
  </artifact>
  <artifact>
   <id>15237166</id>
   <label>Source</label>
   <sharedArtifact>true</sharedArtifact>
   <globallyStored>false</globallyStored>
   <type>com.atlassian.bamboo.plugin.artifact.handler.local:ServerLocalArtifactHandler</type>
   <size>29520626</size>
   <planResultKey>SC-MAS-82</planResultKey>
  </artifact>
  <artifact>
   <id>15237167</id>
   <label>ReSharper Results</label>
   <sharedArtifact>false</sharedArtifact>
   <globallyStored>false</globallyStored>
   <type>com.atlassian.bamboo.plugin.artifact.handler.local:ServerLocalArtifactHandler</type>
   <size>337</size>
   <planResultKey>SC-MAS-JOB1-82</planResultKey>
  </artifact>
  <artifact>
   <id>15237168</id>
   <label>NuGet Package</label>
   <sharedArtifact>true</sharedArtifact>
   <globallyStored>false</globallyStored>
   <type>com.atlassian.bamboo.plugin.artifact.handler.local:ServerLocalArtifactHandler</type>
   <size>8915</size>
   <planResultKey>SC-MAS-82</planResultKey>
  </artifact>
  <artifact>
   <id>15237169</id>
   <label>Source</label>
   <sharedArtifact>true</sharedArtifact>
   <globallyStored>false</globallyStored>
   <type>com.atlassian.bamboo.plugin.artifact.handler.local:ServerLocalArtifactHandler</type>
   <size>29553113</size>
   <planResultKey>SC-MAS-83</planResultKey>
  </artifact>
  <artifact>
   <id>15237170</id>
   <label>ReSharper Results</label>
   <sharedArtifact>false</sharedArtifact>
   <globallyStored>false</globallyStored>
   <type>com.atlassian.bamboo.plugin.artifact.handler.local:ServerLocalArtifactHandler</type>
   <size>337</size>
   <planResultKey>SC-MAS-JOB1-83</planResultKey>
  </artifact>
  <artifact>
   <id>15237171</id>
   <label>NuGet Package</label>
   <sharedArtifact>true</sharedArtifact>
   <globallyStored>false</globallyStored>
   <type>com.atlassian.bamboo.plugin.artifact.handler.local:ServerLocalArtifactHandler</type>
   <size>8920</size>
   <planResultKey>SC-MAS-83</planResultKey>
  </artifact>
  <artifact>
   <id>15237172</id>
   <label>Source</label>
   <sharedArtifact>true</sharedArtifact>
   <globallyStored>false</globallyStored>
   <type>com.atlassian.bamboo.plugin.artifact.handler.local:ServerLocalArtifactHandler</type>
   <size>29538723</size>
   <planResultKey>SC-MAS-84</planResultKey>
  </artifact>
  <artifact>
   <id>15237173</id>
   <label>ReSharper Results</label>
   <sharedArtifact>false</sharedArtifact>
   <globallyStored>false</globallyStored>
   <type>com.atlassian.bamboo.plugin.artifact.handler.local:ServerLocalArtifactHandler</type>
   <size>337</size>
   <planResultKey>SC-MAS-JOB1-84</planResultKey>
  </artifact>
  <artifact>
   <id>15237174</id>
   <label>NuGet Package</label>
   <sharedArtifact>true</sharedArtifact>
   <globallyStored>false</globallyStored>
   <type>com.atlassian.bamboo.plugin.artifact.handler.local:ServerLocalArtifactHandler</type>
   <size>8917</size>
   <planResultKey>SC-MAS-84</planResultKey>
  </artifact>
  <artifact>
   <id>15237175</id>
   <label>Source</label>
   <sharedArtifact>true</sharedArtifact>
   <globallyStored>false</globallyStored>
   <type>com.atlassian.bamboo.plugin.artifact.handler.local:ServerLocalArtifactHandler</type>
   <size>29547774</size>
   <planResultKey>SC-MAS-85</planResultKey>
  </artifact>
  <artifact>
   <id>15237176</id>
   <label>ReSharper Results</label>
   <sharedArtifact>false</sharedArtifact>
   <globallyStored>false</globallyStored>
   <type>com.atlassian.bamboo.plugin.artifact.handler.local:ServerLocalArtifactHandler</type>
   <size>337</size>
   <planResultKey>SC-MAS-JOB1-85</planResultKey>
  </artifact>
  <artifact>
   <id>15237177</id>
   <label>NuGet Package</label>
   <sharedArtifact>true</sharedArtifact>
   <globallyStored>false</globallyStored>
   <type>com.atlassian.bamboo.plugin.artifact.handler.local:ServerLocalArtifactHandler</type>
   <size>8920</size>
   <planResultKey>SC-MAS-85</planResultKey>
  </artifact>
  <artifact>
   <id>15237178</id>
   <label>Source</label>
   <sharedArtifact>true</sharedArtifact>
   <globallyStored>false</globallyStored>
   <type>com.atlassian.bamboo.plugin.artifact.handler.local:ServerLocalArtifactHandler</type>
   <size>29556827</size>
   <planResultKey>SC-MAS-86</planResultKey>
  </artifact>
  <artifact>
   <id>15237179</id>
   <label>ReSharper Results</label>
   <sharedArtifact>false</sharedArtifact>
   <globallyStored>false</globallyStored>
   <type>com.atlassian.bamboo.plugin.artifact.handler.local:ServerLocalArtifactHandler</type>
   <size>337</size>
   <planResultKey>SC-MAS-JOB1-86</planResultKey>
  </artifact>
  <artifact>
   <id>15237180</id>
   <label>NuGet Package</label>
   <sharedArtifact>true</sharedArtifact>
   <globallyStored>false</globallyStored>
   <type>com.atlassian.bamboo.plugin.artifact.handler.local:ServerLocalArtifactHandler</type>
   <size>8917</size>
   <planResultKey>SC-MAS-86</planResultKey>
  </artifact>
  <artifact>
   <id>15237181</id>
   <label>Source</label>
   <sharedArtifact>true</sharedArtifact>
   <globallyStored>false</globallyStored>
   <type>com.atlassian.bamboo.plugin.artifact.handler.local:ServerLocalArtifactHandler</type>
   <size>29573666</size>
   <planResultKey>SC-MAS-87</planResultKey>
  </artifact>
  <artifact>
   <id>15237182</id>
   <label>ReSharper Results</label>
   <sharedArtifact>false</sharedArtifact>
   <globallyStored>false</globallyStored>
   <type>com.atlassian.bamboo.plugin.artifact.handler.local:ServerLocalArtifactHandler</type>
   <size>337</size>
   <planResultKey>SC-MAS-JOB1-87</planResultKey>
  </artifact>
  <artifact>
   <id>15237183</id>
   <label>Source</label>
   <sharedArtifact>true</sharedArtifact>
   <globallyStored>false</globallyStored>
   <type>com.atlassian.bamboo.plugin.artifact.handler.local:ServerLocalArtifactHandler</type>
   <size>29608336</size>
   <planResultKey>SC-MAS-88</planResultKey>
  </artifact>
  <artifact>
   <id>15237184</id>
   <label>ReSharper Results</label>
   <sharedArtifact>false</sharedArtifact>
   <globallyStored>false</globallyStored>
   <type>com.atlassian.bamboo.plugin.artifact.handler.local:ServerLocalArtifactHandler</type>
   <size>337</size>
   <planResultKey>SC-MAS-JOB1-88</planResultKey>
  </artifact>
  <artifact>
   <id>15237185</id>
   <label>NuGet Package</label>
   <sharedArtifact>true</sharedArtifact>
   <globallyStored>false</globallyStored>
   <type>com.atlassian.bamboo.plugin.artifact.handler.local:ServerLocalArtifactHandler</type>
   <size>8919</size>
   <planResultKey>SC-MAS-88</planResultKey>
  </artifact>
  <artifact>
   <id>15237186</id>
   <label>Source</label>
   <sharedArtifact>true</sharedArtifact>
   <globallyStored>false</globallyStored>
   <type>com.atlassian.bamboo.plugin.artifact.handler.local:ServerLocalArtifactHandler</type>
   <size>45964614</size>
   <planResultKey>SE-MAS-69</planResultKey>
  </artifact>
  <artifact>
   <id>15237187</id>
   <label>ReSharper Results</label>
   <sharedArtifact>false</sharedArtifact>
   <globallyStored>false</globallyStored>
   <type>com.atlassian.bamboo.plugin.artifact.handler.local:ServerLocalArtifactHandler</type>
   <size>339</size>
   <planResultKey>SE-MAS-JOB1-69</planResultKey>
  </artifact>
  <artifact>
   <id>15237188</id>
   <label>NuGet Package</label>
   <sharedArtifact>true</sharedArtifact>
   <globallyStored>false</globallyStored>
   <type>com.atlassian.bamboo.plugin.artifact.handler.local:ServerLocalArtifactHandler</type>
   <size>16659</size>
   <planResultKey>SE-MAS-69</planResultKey>
  </artifact>
  <artifact>
   <id>15237189</id>
   <label>Source</label>
   <sharedArtifact>true</sharedArtifact>
   <globallyStored>false</globallyStored>
   <type>com.atlassian.bamboo.plugin.artifact.handler.local:ServerLocalArtifactHandler</type>
   <size>45811686</size>
   <planResultKey>SE-MAS-70</planResultKey>
  </artifact>
  <artifact>
   <id>15237190</id>
   <label>ReSharper Results</label>
   <sharedArtifact>false</sharedArtifact>
   <globallyStored>false</globallyStored>
   <type>com.atlassian.bamboo.plugin.artifact.handler.local:ServerLocalArtifactHandler</type>
   <size>339</size>
   <planResultKey>SE-MAS-JOB1-70</planResultKey>
  </artifact>
  <artifact>
   <id>15237191</id>
   <label>NuGet Package</label>
   <sharedArtifact>true</sharedArtifact>
   <globallyStored>false</globallyStored>
   <type>com.atlassian.bamboo.plugin.artifact.handler.local:ServerLocalArtifactHandler</type>
   <size>16655</size>
   <planResultKey>SE-MAS-70</planResultKey>
  </artifact>
  <artifact>
   <id>15237192</id>
   <label>Source</label>
   <sharedArtifact>true</sharedArtifact>
   <globallyStored>false</globallyStored>
   <type>com.atlassian.bamboo.plugin.artifact.handler.local:ServerLocalArtifactHandler</type>
   <size>62224958</size>
   <planResultKey>SACO-MAS-124</planResultKey>
  </artifact>
  <artifact>
   <id>15237193</id>
   <label>ReSharper Results</label>
   <sharedArtifact>false</sharedArtifact>
   <globallyStored>false</globallyStored>
   <type>com.atlassian.bamboo.plugin.artifact.handler.local:ServerLocalArtifactHandler</type>
   <size>334</size>
   <planResultKey>SACO-MAS-JOB1-124</planResultKey>
  </artifact>
  <artifact>
   <id>15237194</id>
   <label>NuGet Package</label>
   <sharedArtifact>true</sharedArtifact>
   <globallyStored>false</globallyStored>
   <type>com.atlassian.bamboo.plugin.artifact.handler.local:ServerLocalArtifactHandler</type>
   <size>43461</size>
   <planResultKey>SACO-MAS-124</planResultKey>
  </artifact>
  <artifact>
   <id>15237195</id>
   <label>Source</label>
   <sharedArtifact>true</sharedArtifact>
   <globallyStored>false</globallyStored>
   <type>com.atlassian.bamboo.plugin.artifact.handler.local:ServerLocalArtifactHandler</type>
   <size>8228255</size>
   <planResultKey>SXE-MAS-47</planResultKey>
  </artifact>
  <artifact>
   <id>15237196</id>
   <label>ReSharper Results</label>
   <sharedArtifact>false</sharedArtifact>
   <globallyStored>false</globallyStored>
   <type>com.atlassian.bamboo.plugin.artifact.handler.local:ServerLocalArtifactHandler</type>
   <size>347</size>
   <planResultKey>SXE-MAS-JOB1-47</planResultKey>
  </artifact>
  <artifact>
   <id>15237197</id>
   <label>NuGet Package</label>
   <sharedArtifact>true</sharedArtifact>
   <globallyStored>false</globallyStored>
   <type>com.atlassian.bamboo.plugin.artifact.handler.local:ServerLocalArtifactHandler</type>
   <size>6323</size>
   <planResultKey>SXE-MAS-47</planResultKey>
  </artifact>
  <artifact>
   <id>15237198</id>
   <label>Source</label>
   <sharedArtifact>true</sharedArtifact>
   <globallyStored>false</globallyStored>
   <type>com.atlassian.bamboo.plugin.artifact.handler.local:ServerLocalArtifactHandler</type>
   <size>8228258</size>
   <planResultKey>SXE-MAS-48</planResultKey>
  </artifact>
  <artifact>
   <id>15237199</id>
   <label>ReSharper Results</label>
   <sharedArtifact>false</sharedArtifact>
   <globallyStored>false</globallyStored>
   <type>com.atlassian.bamboo.plugin.artifact.handler.local:ServerLocalArtifactHandler</type>
   <size>347</size>
   <planResultKey>SXE-MAS-JOB1-48</planResultKey>
  </artifact>
  <artifact>
   <id>15237200</id>
   <label>NuGet Package</label>
   <sharedArtifact>true</sharedArtifact>
   <globallyStored>false</globallyStored>
   <type>com.atlassian.bamboo.plugin.artifact.handler.local:ServerLocalArtifactHandler</type>
   <size>6323</size>
   <planResultKey>SXE-MAS-48</planResultKey>
  </artifact>
  <artifact>
   <id>15237201</id>
   <label>Source</label>
   <sharedArtifact>true</sharedArtifact>
   <globallyStored>false</globallyStored>
   <type>com.atlassian.bamboo.plugin.artifact.handler.local:ServerLocalArtifactHandler</type>
   <size>8228254</size>
   <planResultKey>SXE-MAS-49</planResultKey>
  </artifact>
  <artifact>
   <id>15237202</id>
   <label>ReSharper Results</label>
   <sharedArtifact>false</sharedArtifact>
   <globallyStored>false</globallyStored>
   <type>com.atlassian.bamboo.plugin.artifact.handler.local:ServerLocalArtifactHandler</type>
   <size>347</size>
   <planResultKey>SXE-MAS-JOB1-49</planResultKey>
  </artifact>
  <artifact>
   <id>15237203</id>
   <label>NuGet Package</label>
   <sharedArtifact>true</sharedArtifact>
   <globallyStored>false</globallyStored>
   <type>com.atlassian.bamboo.plugin.artifact.handler.local:ServerLocalArtifactHandler</type>
   <size>6323</size>
   <planResultKey>SXE-MAS-49</planResultKey>
  </artifact>
  <artifact>
   <id>15237204</id>
   <label>Source</label>
   <sharedArtifact>true</sharedArtifact>
   <globallyStored>false</globallyStored>
   <type>com.atlassian.bamboo.plugin.artifact.handler.local:ServerLocalArtifactHandler</type>
   <size>8228258</size>
   <planResultKey>SXE-MAS-50</planResultKey>
  </artifact>
  <artifact>
   <id>15237205</id>
   <label>ReSharper Results</label>
   <sharedArtifact>false</sharedArtifact>
   <globallyStored>false</globallyStored>
   <type>com.atlassian.bamboo.plugin.artifact.handler.local:ServerLocalArtifactHandler</type>
   <size>347</size>
   <planResultKey>SXE-MAS-JOB1-50</planResultKey>
  </artifact>
  <artifact>
   <id>15237206</id>
   <label>NuGet Package</label>
   <sharedArtifact>true</sharedArtifact>
   <globallyStored>false</globallyStored>
   <type>com.atlassian.bamboo.plugin.artifact.handler.local:ServerLocalArtifactHandler</type>
   <size>6320</size>
   <planResultKey>SXE-MAS-50</planResultKey>
  </artifact>
  <artifact>
   <id>15237207</id>
   <label>Source</label>
   <sharedArtifact>true</sharedArtifact>
   <globallyStored>false</globallyStored>
   <type>com.atlassian.bamboo.plugin.artifact.handler.local:ServerLocalArtifactHandler</type>
   <size>8228253</size>
   <planResultKey>SXE-MAS-51</planResultKey>
  </artifact>
  <artifact>
   <id>15237208</id>
   <label>ReSharper Results</label>
   <sharedArtifact>false</sharedArtifact>
   <globallyStored>false</globallyStored>
   <type>com.atlassian.bamboo.plugin.artifact.handler.local:ServerLocalArtifactHandler</type>
   <size>347</size>
   <planResultKey>SXE-MAS-JOB1-51</planResultKey>
  </artifact>
  <artifact>
   <id>15237209</id>
   <label>NuGet Package</label>
   <sharedArtifact>true</sharedArtifact>
   <globallyStored>false</globallyStored>
   <type>com.atlassian.bamboo.plugin.artifact.handler.local:ServerLocalArtifactHandler</type>
   <size>6322</size>
   <planResultKey>SXE-MAS-51</planResultKey>
  </artifact>
  <artifact>
   <id>15237210</id>
   <label>Source</label>
   <sharedArtifact>true</sharedArtifact>
   <globallyStored>false</globallyStored>
   <type>com.atlassian.bamboo.plugin.artifact.handler.local:ServerLocalArtifactHandler</type>
   <size>45841475</size>
   <planResultKey>SE-MAS-71</planResultKey>
  </artifact>
  <artifact>
   <id>15237211</id>
   <label>ReSharper Results</label>
   <sharedArtifact>false</sharedArtifact>
   <globallyStored>false</globallyStored>
   <type>com.atlassian.bamboo.plugin.artifact.handler.local:ServerLocalArtifactHandler</type>
   <size>339</size>
   <planResultKey>SE-MAS-JOB1-71</planResultKey>
  </artifact>
  <artifact>
   <id>15237212</id>
   <label>NuGet Package</label>
   <sharedArtifact>true</sharedArtifact>
   <globallyStored>false</globallyStored>
   <type>com.atlassian.bamboo.plugin.artifact.handler.local:ServerLocalArtifactHandler</type>
   <size>16657</size>
   <planResultKey>SE-MAS-71</planResultKey>
  </artifact>
  <artifact>
   <id>15237213</id>
   <label>Source</label>
   <sharedArtifact>true</sharedArtifact>
   <globallyStored>false</globallyStored>
   <type>com.atlassian.bamboo.plugin.artifact.handler.local:ServerLocalArtifactHandler</type>
   <size>38176740</size>
   <planResultKey>SW-MAS-182</planResultKey>
  </artifact>
  <artifact>
   <id>15237214</id>
   <label>ReSharper Results</label>
   <sharedArtifact>false</sharedArtifact>
   <globallyStored>false</globallyStored>
   <type>com.atlassian.bamboo.plugin.artifact.handler.local:ServerLocalArtifactHandler</type>
   <size>853</size>
   <planResultKey>SW-MAS-JOB1-182</planResultKey>
  </artifact>
  <artifact>
   <id>15237215</id>
   <label>NuGet Package</label>
   <sharedArtifact>true</sharedArtifact>
   <globallyStored>false</globallyStored>
   <type>com.atlassian.bamboo.plugin.artifact.handler.local:ServerLocalArtifactHandler</type>
   <size>16294</size>
   <planResultKey>SW-MAS-182</planResultKey>
  </artifact>
  <artifact>
   <id>15237216</id>
   <label>Source</label>
   <sharedArtifact>true</sharedArtifact>
   <globallyStored>false</globallyStored>
   <type>com.atlassian.bamboo.plugin.artifact.handler.local:ServerLocalArtifactHandler</type>
   <size>38174782</size>
   <planResultKey>SW-MAS1-2</planResultKey>
  </artifact>
  <artifact>
   <id>15237217</id>
   <label>ReSharper Results</label>
   <sharedArtifact>false</sharedArtifact>
   <globallyStored>false</globallyStored>
   <type>com.atlassian.bamboo.plugin.artifact.handler.local:ServerLocalArtifactHandler</type>
   <size>853</size>
   <planResultKey>SW-MAS1-JOB1-2</planResultKey>
  </artifact>
  <artifact>
   <id>15237218</id>
   <label>Source</label>
   <sharedArtifact>true</sharedArtifact>
   <globallyStored>false</globallyStored>
   <type>com.atlassian.bamboo.plugin.artifact.handler.local:ServerLocalArtifactHandler</type>
   <size>45811844</size>
   <planResultKey>SE-MAS-72</planResultKey>
  </artifact>
  <artifact>
   <id>15237219</id>
   <label>ReSharper Results</label>
   <sharedArtifact>false</sharedArtifact>
   <globallyStored>false</globallyStored>
   <type>com.atlassian.bamboo.plugin.artifact.handler.local:ServerLocalArtifactHandler</type>
   <size>339</size>
   <planResultKey>SE-MAS-JOB1-72</planResultKey>
  </artifact>
  <artifact>
   <id>15237220</id>
   <label>Source</label>
   <sharedArtifact>true</sharedArtifact>
   <globallyStored>false</globallyStored>
   <type>com.atlassian.bamboo.plugin.artifact.handler.local:ServerLocalArtifactHandler</type>
   <size>62224952</size>
   <planResultKey>SACO-MAS-125</planResultKey>
  </artifact>
  <artifact>
   <id>15237221</id>
   <label>ReSharper Results</label>
   <sharedArtifact>false</sharedArtifact>
   <globallyStored>false</globallyStored>
   <type>com.atlassian.bamboo.plugin.artifact.handler.local:ServerLocalArtifactHandler</type>
   <size>334</size>
   <planResultKey>SACO-MAS-JOB1-125</planResultKey>
  </artifact>
  <artifact>
   <id>15237222</id>
   <label>Source</label>
   <sharedArtifact>true</sharedArtifact>
   <globallyStored>false</globallyStored>
   <type>com.atlassian.bamboo.plugin.artifact.handler.local:ServerLocalArtifactHandler</type>
   <size>29617385</size>
   <planResultKey>SC-MAS-89</planResultKey>
  </artifact>
  <artifact>
   <id>15237223</id>
   <label>ReSharper Results</label>
   <sharedArtifact>false</sharedArtifact>
   <globallyStored>false</globallyStored>
   <type>com.atlassian.bamboo.plugin.artifact.handler.local:ServerLocalArtifactHandler</type>
   <size>337</size>
   <planResultKey>SC-MAS-JOB1-89</planResultKey>
  </artifact>
  <artifact>
   <id>15237224</id>
   <label>NuGet Package</label>
   <sharedArtifact>true</sharedArtifact>
   <globallyStored>false</globallyStored>
   <type>com.atlassian.bamboo.plugin.artifact.handler.local:ServerLocalArtifactHandler</type>
   <size>16290</size>
   <planResultKey>SW-MAS1-2</planResultKey>
  </artifact>
  <artifact>
   <id>15237225</id>
   <label>NuGet Package</label>
   <sharedArtifact>true</sharedArtifact>
   <globallyStored>false</globallyStored>
   <type>com.atlassian.bamboo.plugin.artifact.handler.local:ServerLocalArtifactHandler</type>
   <size>16658</size>
   <planResultKey>SE-MAS-72</planResultKey>
  </artifact>
  <artifact>
   <id>15237226</id>
   <label>NuGet Package</label>
   <sharedArtifact>true</sharedArtifact>
   <globallyStored>false</globallyStored>
   <type>com.atlassian.bamboo.plugin.artifact.handler.local:ServerLocalArtifactHandler</type>
   <size>43457</size>
   <planResultKey>SACO-MAS-125</planResultKey>
  </artifact>
  <artifact>
   <id>15237227</id>
   <label>NuGet Package</label>
   <sharedArtifact>true</sharedArtifact>
   <globallyStored>false</globallyStored>
   <type>com.atlassian.bamboo.plugin.artifact.handler.local:ServerLocalArtifactHandler</type>
   <size>8920</size>
   <planResultKey>SC-MAS-89</planResultKey>
  </artifact>
  <artifact>
   <id>15237228</id>
   <label>Source</label>
   <sharedArtifact>true</sharedArtifact>
   <globallyStored>false</globallyStored>
   <type>com.atlassian.bamboo.plugin.artifact.handler.local:ServerLocalArtifactHandler</type>
   <size>23334726</size>
   <planResultKey>SC-MAS0-3</planResultKey>
  </artifact>
  <artifact>
   <id>15237229</id>
   <label>ReSharper Results</label>
   <sharedArtifact>false</sharedArtifact>
   <globallyStored>false</globallyStored>
   <type>com.atlassian.bamboo.plugin.artifact.handler.local:ServerLocalArtifactHandler</type>
   <size>337</size>
   <planResultKey>SC-MAS0-JOB1-3</planResultKey>
  </artifact>
  <artifact>
   <id>15237230</id>
   <label>Source</label>
   <sharedArtifact>true</sharedArtifact>
   <globallyStored>false</globallyStored>
   <type>com.atlassian.bamboo.plugin.artifact.handler.local:ServerLocalArtifactHandler</type>
   <size>62224958</size>
   <planResultKey>SACO-MAS-126</planResultKey>
  </artifact>
  <artifact>
   <id>15237231</id>
   <label>ReSharper Results</label>
   <sharedArtifact>false</sharedArtifact>
   <globallyStored>false</globallyStored>
   <type>com.atlassian.bamboo.plugin.artifact.handler.local:ServerLocalArtifactHandler</type>
   <size>334</size>
   <planResultKey>SACO-MAS-JOB1-126</planResultKey>
  </artifact>
  <artifact>
   <id>15237232</id>
   <label>NuGet Package</label>
   <sharedArtifact>true</sharedArtifact>
   <globallyStored>false</globallyStored>
   <type>com.atlassian.bamboo.plugin.artifact.handler.local:ServerLocalArtifactHandler</type>
   <size>8914</size>
   <planResultKey>SC-MAS0-3</planResultKey>
  </artifact>
  <artifact>
   <id>15237233</id>
   <label>NuGet Package</label>
   <sharedArtifact>true</sharedArtifact>
   <globallyStored>false</globallyStored>
   <type>com.atlassian.bamboo.plugin.artifact.handler.local:ServerLocalArtifactHandler</type>
   <size>43462</size>
   <planResultKey>SACO-MAS-126</planResultKey>
  </artifact>
  <artifact>
   <id>15237234</id>
   <label>Source</label>
   <sharedArtifact>true</sharedArtifact>
   <globallyStored>false</globallyStored>
   <type>com.atlassian.bamboo.plugin.artifact.handler.local:ServerLocalArtifactHandler</type>
   <size>62225036</size>
   <planResultKey>SACO-MAS-127</planResultKey>
  </artifact>
  <artifact>
   <id>15237235</id>
   <label>ReSharper Results</label>
   <sharedArtifact>false</sharedArtifact>
   <globallyStored>false</globallyStored>
   <type>com.atlassian.bamboo.plugin.artifact.handler.local:ServerLocalArtifactHandler</type>
   <size>334</size>
   <planResultKey>SACO-MAS-JOB1-127</planResultKey>
  </artifact>
  <artifact>
   <id>15237236</id>
   <label>NuGet Package</label>
   <sharedArtifact>true</sharedArtifact>
   <globallyStored>false</globallyStored>
   <type>com.atlassian.bamboo.plugin.artifact.handler.local:ServerLocalArtifactHandler</type>
   <size>43466</size>
   <planResultKey>SACO-MAS-127</planResultKey>
  </artifact>
  <artifact>
   <id>15237237</id>
   <label>Source</label>
   <sharedArtifact>true</sharedArtifact>
   <globallyStored>false</globallyStored>
   <type>com.atlassian.bamboo.plugin.artifact.handler.local:ServerLocalArtifactHandler</type>
   <size>62260619</size>
   <planResultKey>SACO-MAS-128</planResultKey>
  </artifact>
  <artifact>
   <id>15237238</id>
   <label>ReSharper Results</label>
   <sharedArtifact>false</sharedArtifact>
   <globallyStored>false</globallyStored>
   <type>com.atlassian.bamboo.plugin.artifact.handler.local:ServerLocalArtifactHandler</type>
   <size>334</size>
   <planResultKey>SACO-MAS-JOB1-128</planResultKey>
  </artifact>
  <artifact>
   <id>15237239</id>
   <label>NuGet Package</label>
   <sharedArtifact>true</sharedArtifact>
   <globallyStored>false</globallyStored>
   <type>com.atlassian.bamboo.plugin.artifact.handler.local:ServerLocalArtifactHandler</type>
   <size>43547</size>
   <planResultKey>SACO-MAS-128</planResultKey>
  </artifact>
  <artifact>
   <id>15237240</id>
   <label>Source</label>
   <sharedArtifact>true</sharedArtifact>
   <globallyStored>false</globallyStored>
   <type>com.atlassian.bamboo.plugin.artifact.handler.local:ServerLocalArtifactHandler</type>
   <size>62305705</size>
   <planResultKey>SACO-MAS-129</planResultKey>
  </artifact>
  <artifact>
   <id>15237241</id>
   <label>ReSharper Results</label>
   <sharedArtifact>false</sharedArtifact>
   <globallyStored>false</globallyStored>
   <type>com.atlassian.bamboo.plugin.artifact.handler.local:ServerLocalArtifactHandler</type>
   <size>334</size>
   <planResultKey>SACO-MAS-JOB1-129</planResultKey>
  </artifact>
  <artifact>
   <id>15237242</id>
   <label>NuGet Package</label>
   <sharedArtifact>true</sharedArtifact>
   <globallyStored>false</globallyStored>
   <type>com.atlassian.bamboo.plugin.artifact.handler.local:ServerLocalArtifactHandler</type>
   <size>43543</size>
   <planResultKey>SACO-MAS-129</planResultKey>
  </artifact>
  <artifact>
   <id>15237243</id>
   <label>Source</label>
   <sharedArtifact>true</sharedArtifact>
   <globallyStored>false</globallyStored>
   <type>com.atlassian.bamboo.plugin.artifact.handler.local:ServerLocalArtifactHandler</type>
   <size>62350786</size>
   <planResultKey>SACO-MAS-130</planResultKey>
  </artifact>
  <artifact>
   <id>15237244</id>
   <label>ReSharper Results</label>
   <sharedArtifact>false</sharedArtifact>
   <globallyStored>false</globallyStored>
   <type>com.atlassian.bamboo.plugin.artifact.handler.local:ServerLocalArtifactHandler</type>
   <size>334</size>
   <planResultKey>SACO-MAS-JOB1-130</planResultKey>
  </artifact>
  <artifact>
   <id>15237245</id>
   <label>NuGet Package</label>
   <sharedArtifact>true</sharedArtifact>
   <globallyStored>false</globallyStored>
   <type>com.atlassian.bamboo.plugin.artifact.handler.local:ServerLocalArtifactHandler</type>
   <size>43538</size>
   <planResultKey>SACO-MAS-130</planResultKey>
  </artifact>
  <artifact>
   <id>15237246</id>
   <label>Source</label>
   <sharedArtifact>true</sharedArtifact>
   <globallyStored>false</globallyStored>
   <type>com.atlassian.bamboo.plugin.artifact.handler.local:ServerLocalArtifactHandler</type>
   <size>62347837</size>
   <planResultKey>SACO-MAS-131</planResultKey>
  </artifact>
  <artifact>
   <id>15237247</id>
   <label>ReSharper Results</label>
   <sharedArtifact>false</sharedArtifact>
   <globallyStored>false</globallyStored>
   <type>com.atlassian.bamboo.plugin.artifact.handler.local:ServerLocalArtifactHandler</type>
   <size>334</size>
   <planResultKey>SACO-MAS-JOB1-131</planResultKey>
  </artifact>
  <artifact>
   <id>15237248</id>
   <label>NuGet Package</label>
   <sharedArtifact>true</sharedArtifact>
   <globallyStored>false</globallyStored>
   <type>com.atlassian.bamboo.plugin.artifact.handler.local:ServerLocalArtifactHandler</type>
   <size>43537</size>
   <planResultKey>SACO-MAS-131</planResultKey>
  </artifact>
  <artifact>
   <id>16023553</id>
   <label>Source</label>
   <sharedArtifact>true</sharedArtifact>
   <globallyStored>false</globallyStored>
   <type>com.atlassian.bamboo.plugin.artifact.handler.local:ServerLocalArtifactHandler</type>
   <size>62409025</size>
   <planResultKey>SACO-MAS-132</planResultKey>
  </artifact>
  <artifact>
   <id>16023554</id>
   <label>ReSharper Results</label>
   <sharedArtifact>false</sharedArtifact>
   <globallyStored>false</globallyStored>
   <type>com.atlassian.bamboo.plugin.artifact.handler.local:ServerLocalArtifactHandler</type>
   <size>334</size>
   <planResultKey>SACO-MAS-JOB1-132</planResultKey>
  </artifact>
  <artifact>
   <id>16023555</id>
   <label>NuGet Package</label>
   <sharedArtifact>true</sharedArtifact>
   <globallyStored>false</globallyStored>
   <type>com.atlassian.bamboo.plugin.artifact.handler.local:ServerLocalArtifactHandler</type>
   <size>43540</size>
   <planResultKey>SACO-MAS-132</planResultKey>
  </artifact>
  <artifact>
   <id>16023556</id>
   <label>Source</label>
   <sharedArtifact>true</sharedArtifact>
   <globallyStored>false</globallyStored>
   <type>com.atlassian.bamboo.plugin.artifact.handler.local:ServerLocalArtifactHandler</type>
   <size>62485949</size>
   <planResultKey>SACO-MAS-133</planResultKey>
  </artifact>
  <artifact>
   <id>16023557</id>
   <label>ReSharper Results</label>
   <sharedArtifact>false</sharedArtifact>
   <globallyStored>false</globallyStored>
   <type>com.atlassian.bamboo.plugin.artifact.handler.local:ServerLocalArtifactHandler</type>
   <size>334</size>
   <planResultKey>SACO-MAS-JOB1-133</planResultKey>
  </artifact>
  <artifact>
   <id>16023558</id>
   <label>NuGet Package</label>
   <sharedArtifact>true</sharedArtifact>
   <globallyStored>false</globallyStored>
   <type>com.atlassian.bamboo.plugin.artifact.handler.local:ServerLocalArtifactHandler</type>
   <size>43544</size>
   <planResultKey>SACO-MAS-133</planResultKey>
  </artifact>
  <artifact>
   <id>16023559</id>
   <label>Source</label>
   <sharedArtifact>true</sharedArtifact>
   <globallyStored>false</globallyStored>
   <type>com.atlassian.bamboo.plugin.artifact.handler.local:ServerLocalArtifactHandler</type>
   <size>59135648</size>
   <planResultKey>SACO-MAS-134</planResultKey>
  </artifact>
  <artifact>
   <id>16023560</id>
   <label>ReSharper Results</label>
   <sharedArtifact>false</sharedArtifact>
   <globallyStored>false</globallyStored>
   <type>com.atlassian.bamboo.plugin.artifact.handler.local:ServerLocalArtifactHandler</type>
   <size>334</size>
   <planResultKey>SACO-MAS-JOB1-134</planResultKey>
  </artifact>
  <artifact>
   <id>16023561</id>
   <label>NuGet Package</label>
   <sharedArtifact>true</sharedArtifact>
   <globallyStored>false</globallyStored>
   <type>com.atlassian.bamboo.plugin.artifact.handler.local:ServerLocalArtifactHandler</type>
   <size>45086</size>
   <planResultKey>SACO-MAS-134</planResultKey>
  </artifact>
  <artifact>
   <id>16023562</id>
   <label>Source</label>
   <sharedArtifact>true</sharedArtifact>
   <globallyStored>false</globallyStored>
   <type>com.atlassian.bamboo.plugin.artifact.handler.local:ServerLocalArtifactHandler</type>
   <size>59089660</size>
   <planResultKey>SACO-MAS-135</planResultKey>
  </artifact>
  <artifact>
   <id>16023563</id>
   <label>ReSharper Results</label>
   <sharedArtifact>false</sharedArtifact>
   <globallyStored>false</globallyStored>
   <type>com.atlassian.bamboo.plugin.artifact.handler.local:ServerLocalArtifactHandler</type>
   <size>334</size>
   <planResultKey>SACO-MAS-JOB1-135</planResultKey>
  </artifact>
  <artifact>
   <id>16023564</id>
   <label>NuGet Package</label>
   <sharedArtifact>true</sharedArtifact>
   <globallyStored>false</globallyStored>
   <type>com.atlassian.bamboo.plugin.artifact.handler.local:ServerLocalArtifactHandler</type>
   <size>45086</size>
   <planResultKey>SACO-MAS-135</planResultKey>
  </artifact>
  <artifact>
   <id>16023565</id>
   <label>Source</label>
   <sharedArtifact>true</sharedArtifact>
   <globallyStored>false</globallyStored>
   <type>com.atlassian.bamboo.plugin.artifact.handler.local:ServerLocalArtifactHandler</type>
   <size>59181472</size>
   <planResultKey>SACO-MAS-136</planResultKey>
  </artifact>
  <artifact>
   <id>16023566</id>
   <label>ReSharper Results</label>
   <sharedArtifact>false</sharedArtifact>
   <globallyStored>false</globallyStored>
   <type>com.atlassian.bamboo.plugin.artifact.handler.local:ServerLocalArtifactHandler</type>
   <size>334</size>
   <planResultKey>SACO-MAS-JOB1-136</planResultKey>
  </artifact>
  <artifact>
   <id>16023567</id>
   <label>Source</label>
   <sharedArtifact>true</sharedArtifact>
   <globallyStored>false</globallyStored>
   <type>com.atlassian.bamboo.plugin.artifact.handler.local:ServerLocalArtifactHandler</type>
   <size>58863933</size>
   <planResultKey>SACO-MAS-137</planResultKey>
  </artifact>
  <artifact>
   <id>16023568</id>
   <label>ReSharper Results</label>
   <sharedArtifact>false</sharedArtifact>
   <globallyStored>false</globallyStored>
   <type>com.atlassian.bamboo.plugin.artifact.handler.local:ServerLocalArtifactHandler</type>
   <size>334</size>
   <planResultKey>SACO-MAS-JOB1-137</planResultKey>
  </artifact>
  <artifact>
   <id>16023569</id>
   <label>Source</label>
   <sharedArtifact>true</sharedArtifact>
   <globallyStored>false</globallyStored>
   <type>com.atlassian.bamboo.plugin.artifact.handler.local:ServerLocalArtifactHandler</type>
   <size>58863933</size>
   <planResultKey>SACO-MAS-138</planResultKey>
  </artifact>
  <artifact>
   <id>16023570</id>
   <label>ReSharper Results</label>
   <sharedArtifact>false</sharedArtifact>
   <globallyStored>false</globallyStored>
   <type>com.atlassian.bamboo.plugin.artifact.handler.local:ServerLocalArtifactHandler</type>
   <size>334</size>
   <planResultKey>SACO-MAS-JOB1-138</planResultKey>
  </artifact>
  <artifact>
   <id>16023571</id>
   <label>Source</label>
   <sharedArtifact>true</sharedArtifact>
   <globallyStored>false</globallyStored>
   <type>com.atlassian.bamboo.plugin.artifact.handler.local:ServerLocalArtifactHandler</type>
   <size>58863945</size>
   <planResultKey>SACO-MAS-139</planResultKey>
  </artifact>
  <artifact>
   <id>16023572</id>
   <label>ReSharper Results</label>
   <sharedArtifact>false</sharedArtifact>
   <globallyStored>false</globallyStored>
   <type>com.atlassian.bamboo.plugin.artifact.handler.local:ServerLocalArtifactHandler</type>
   <size>334</size>
   <planResultKey>SACO-MAS-JOB1-139</planResultKey>
  </artifact>
  <artifact>
   <id>16023573</id>
   <label>Source</label>
   <sharedArtifact>true</sharedArtifact>
   <globallyStored>false</globallyStored>
   <type>com.atlassian.bamboo.plugin.artifact.handler.local:ServerLocalArtifactHandler</type>
   <size>58863945</size>
   <planResultKey>SACO-MAS-140</planResultKey>
  </artifact>
  <artifact>
   <id>16023574</id>
   <label>ReSharper Results</label>
   <sharedArtifact>false</sharedArtifact>
   <globallyStored>false</globallyStored>
   <type>com.atlassian.bamboo.plugin.artifact.handler.local:ServerLocalArtifactHandler</type>
   <size>334</size>
   <planResultKey>SACO-MAS-JOB1-140</planResultKey>
  </artifact>
  <artifact>
   <id>16023575</id>
   <label>Source</label>
   <sharedArtifact>true</sharedArtifact>
   <globallyStored>false</globallyStored>
   <type>com.atlassian.bamboo.plugin.artifact.handler.local:ServerLocalArtifactHandler</type>
   <size>37866282</size>
   <planResultKey>SACO-MAS-141</planResultKey>
  </artifact>
  <artifact>
   <id>16023576</id>
   <label>ReSharper Results</label>
   <sharedArtifact>false</sharedArtifact>
   <globallyStored>false</globallyStored>
   <type>com.atlassian.bamboo.plugin.artifact.handler.local:ServerLocalArtifactHandler</type>
   <size>334</size>
   <planResultKey>SACO-MAS-JOB1-141</planResultKey>
  </artifact>
  <artifact>
   <id>16023577</id>
   <label>Source</label>
   <sharedArtifact>true</sharedArtifact>
   <globallyStored>false</globallyStored>
   <type>com.atlassian.bamboo.plugin.artifact.handler.local:ServerLocalArtifactHandler</type>
   <size>58863933</size>
   <planResultKey>SACO-MAS-142</planResultKey>
  </artifact>
  <artifact>
   <id>16023578</id>
   <label>ReSharper Results</label>
   <sharedArtifact>false</sharedArtifact>
   <globallyStored>false</globallyStored>
   <type>com.atlassian.bamboo.plugin.artifact.handler.local:ServerLocalArtifactHandler</type>
   <size>334</size>
   <planResultKey>SACO-MAS-JOB1-142</planResultKey>
  </artifact>
  <artifact>
   <id>16023579</id>
   <label>Source</label>
   <sharedArtifact>true</sharedArtifact>
   <globallyStored>false</globallyStored>
   <type>com.atlassian.bamboo.plugin.artifact.handler.local:ServerLocalArtifactHandler</type>
   <size>58863933</size>
   <planResultKey>SACO-MAS-143</planResultKey>
  </artifact>
  <artifact>
   <id>16023580</id>
   <label>ReSharper Results</label>
   <sharedArtifact>false</sharedArtifact>
   <globallyStored>false</globallyStored>
   <type>com.atlassian.bamboo.plugin.artifact.handler.local:ServerLocalArtifactHandler</type>
   <size>334</size>
   <planResultKey>SACO-MAS-JOB1-143</planResultKey>
  </artifact>
  <artifact>
   <id>16023581</id>
   <label>Source</label>
   <sharedArtifact>true</sharedArtifact>
   <globallyStored>false</globallyStored>
   <type>com.atlassian.bamboo.plugin.artifact.handler.local:ServerLocalArtifactHandler</type>
   <size>58864115</size>
   <planResultKey>SACO-MAS-144</planResultKey>
  </artifact>
  <artifact>
   <id>16023582</id>
   <label>ReSharper Results</label>
   <sharedArtifact>false</sharedArtifact>
   <globallyStored>false</globallyStored>
   <type>com.atlassian.bamboo.plugin.artifact.handler.local:ServerLocalArtifactHandler</type>
   <size>334</size>
   <planResultKey>SACO-MAS-JOB1-144</planResultKey>
  </artifact>
  <artifact>
   <id>16023583</id>
   <label>Source</label>
   <sharedArtifact>true</sharedArtifact>
   <globallyStored>false</globallyStored>
   <type>com.atlassian.bamboo.plugin.artifact.handler.local:ServerLocalArtifactHandler</type>
   <size>58820332</size>
   <planResultKey>SACO-MAS-145</planResultKey>
  </artifact>
  <artifact>
   <id>16023584</id>
   <label>ReSharper Results</label>
   <sharedArtifact>false</sharedArtifact>
   <globallyStored>false</globallyStored>
   <type>com.atlassian.bamboo.plugin.artifact.handler.local:ServerLocalArtifactHandler</type>
   <size>334</size>
   <planResultKey>SACO-MAS-JOB1-145</planResultKey>
  </artifact>
  <artifact>
   <id>16023585</id>
   <label>NuGet Package</label>
   <sharedArtifact>true</sharedArtifact>
   <globallyStored>false</globallyStored>
   <type>com.atlassian.bamboo.plugin.artifact.handler.local:ServerLocalArtifactHandler</type>
   <size>45086</size>
   <planResultKey>SACO-MAS-145</planResultKey>
  </artifact>
  <artifact>
   <id>16023586</id>
   <label>Source</label>
   <sharedArtifact>true</sharedArtifact>
   <globallyStored>false</globallyStored>
   <type>com.atlassian.bamboo.plugin.artifact.handler.local:ServerLocalArtifactHandler</type>
   <size>58820332</size>
   <planResultKey>SACO-MAS-146</planResultKey>
  </artifact>
  <artifact>
   <id>16023587</id>
   <label>ReSharper Results</label>
   <sharedArtifact>false</sharedArtifact>
   <globallyStored>false</globallyStored>
   <type>com.atlassian.bamboo.plugin.artifact.handler.local:ServerLocalArtifactHandler</type>
   <size>334</size>
   <planResultKey>SACO-MAS-JOB1-146</planResultKey>
  </artifact>
  <artifact>
   <id>16023588</id>
   <label>NuGet Package</label>
   <sharedArtifact>true</sharedArtifact>
   <globallyStored>false</globallyStored>
   <type>com.atlassian.bamboo.plugin.artifact.handler.local:ServerLocalArtifactHandler</type>
   <size>45086</size>
   <planResultKey>SACO-MAS-146</planResultKey>
  </artifact>
  <artifact>
   <id>16023589</id>
   <label>Source</label>
   <sharedArtifact>true</sharedArtifact>
   <globallyStored>false</globallyStored>
   <type>com.atlassian.bamboo.plugin.artifact.handler.local:ServerLocalArtifactHandler</type>
   <size>58772303</size>
   <planResultKey>SACO-MAS-147</planResultKey>
  </artifact>
  <artifact>
   <id>16023590</id>
   <label>ReSharper Results</label>
   <sharedArtifact>false</sharedArtifact>
   <globallyStored>false</globallyStored>
   <type>com.atlassian.bamboo.plugin.artifact.handler.local:ServerLocalArtifactHandler</type>
   <size>334</size>
   <planResultKey>SACO-MAS-JOB1-147</planResultKey>
  </artifact>
  <artifact>
   <id>16023591</id>
   <label>NuGet Package</label>
   <sharedArtifact>true</sharedArtifact>
   <globallyStored>false</globallyStored>
   <type>com.atlassian.bamboo.plugin.artifact.handler.local:ServerLocalArtifactHandler</type>
   <size>45086</size>
   <planResultKey>SACO-MAS-147</planResultKey>
  </artifact>
  <artifact>
   <id>16023592</id>
   <label>Source</label>
   <sharedArtifact>true</sharedArtifact>
   <globallyStored>false</globallyStored>
   <type>com.atlassian.bamboo.plugin.artifact.handler.local:ServerLocalArtifactHandler</type>
   <size>58865031</size>
   <planResultKey>SACO-MAS-148</planResultKey>
  </artifact>
  <artifact>
   <id>16023593</id>
   <label>ReSharper Results</label>
   <sharedArtifact>false</sharedArtifact>
   <globallyStored>false</globallyStored>
   <type>com.atlassian.bamboo.plugin.artifact.handler.local:ServerLocalArtifactHandler</type>
   <size>334</size>
   <planResultKey>SACO-MAS-JOB1-148</planResultKey>
  </artifact>
  <artifact>
   <id>16023594</id>
   <label>NuGet Package</label>
   <sharedArtifact>true</sharedArtifact>
   <globallyStored>false</globallyStored>
   <type>com.atlassian.bamboo.plugin.artifact.handler.local:ServerLocalArtifactHandler</type>
   <size>43547</size>
   <planResultKey>SACO-MAS-148</planResultKey>
  </artifact>
  <artifact>
   <id>16023595</id>
   <label>Source</label>
   <sharedArtifact>true</sharedArtifact>
   <globallyStored>false</globallyStored>
   <type>com.atlassian.bamboo.plugin.artifact.handler.local:ServerLocalArtifactHandler</type>
   <size>58862843</size>
   <planResultKey>SACO-MAS-149</planResultKey>
  </artifact>
  <artifact>
   <id>16023596</id>
   <label>ReSharper Results</label>
   <sharedArtifact>false</sharedArtifact>
   <globallyStored>false</globallyStored>
   <type>com.atlassian.bamboo.plugin.artifact.handler.local:ServerLocalArtifactHandler</type>
   <size>334</size>
   <planResultKey>SACO-MAS-JOB1-149</planResultKey>
  </artifact>
  <artifact>
   <id>16023597</id>
   <label>NuGet Package</label>
   <sharedArtifact>true</sharedArtifact>
   <globallyStored>false</globallyStored>
   <type>com.atlassian.bamboo.plugin.artifact.handler.local:ServerLocalArtifactHandler</type>
   <size>43583</size>
   <planResultKey>SACO-MAS-149</planResultKey>
  </artifact>
  <artifact>
   <id>16023598</id>
   <label>Source</label>
   <sharedArtifact>true</sharedArtifact>
   <globallyStored>false</globallyStored>
   <type>com.atlassian.bamboo.plugin.artifact.handler.local:ServerLocalArtifactHandler</type>
   <size>38176745</size>
   <planResultKey>SW-MAS-183</planResultKey>
  </artifact>
  <artifact>
   <id>16023599</id>
   <label>ReSharper Results</label>
   <sharedArtifact>false</sharedArtifact>
   <globallyStored>false</globallyStored>
   <type>com.atlassian.bamboo.plugin.artifact.handler.local:ServerLocalArtifactHandler</type>
   <size>853</size>
   <planResultKey>SW-MAS-JOB1-183</planResultKey>
  </artifact>
  <artifact>
   <id>16023600</id>
   <label>Source</label>
   <sharedArtifact>true</sharedArtifact>
   <globallyStored>false</globallyStored>
   <type>com.atlassian.bamboo.plugin.artifact.handler.local:ServerLocalArtifactHandler</type>
   <size>6115162</size>
   <planResultKey>SNE-MN-89</planResultKey>
  </artifact>
  <artifact>
   <id>16023601</id>
   <label>ReSharper Results</label>
   <sharedArtifact>false</sharedArtifact>
   <globallyStored>false</globallyStored>
   <type>com.atlassian.bamboo.plugin.artifact.handler.local:ServerLocalArtifactHandler</type>
   <size>347</size>
   <planResultKey>SNE-MN-JOB1-89</planResultKey>
  </artifact>
  <artifact>
   <id>16023602</id>
   <label>Source</label>
   <sharedArtifact>true</sharedArtifact>
   <globallyStored>false</globallyStored>
   <type>com.atlassian.bamboo.plugin.artifact.handler.local:ServerLocalArtifactHandler</type>
   <size>8228256</size>
   <planResultKey>SXE-MAS-52</planResultKey>
  </artifact>
  <artifact>
   <id>16023603</id>
   <label>ReSharper Results</label>
   <sharedArtifact>false</sharedArtifact>
   <globallyStored>false</globallyStored>
   <type>com.atlassian.bamboo.plugin.artifact.handler.local:ServerLocalArtifactHandler</type>
   <size>347</size>
   <planResultKey>SXE-MAS-JOB1-52</planResultKey>
  </artifact>
  <artifact>
   <id>16023604</id>
   <label>NuGet Package</label>
   <sharedArtifact>true</sharedArtifact>
   <globallyStored>false</globallyStored>
   <type>com.atlassian.bamboo.plugin.artifact.handler.local:ServerLocalArtifactHandler</type>
   <size>16296</size>
   <planResultKey>SW-MAS-183</planResultKey>
  </artifact>
  <artifact>
   <id>16023605</id>
   <label>NuGet Package</label>
   <sharedArtifact>true</sharedArtifact>
   <globallyStored>false</globallyStored>
   <type>com.atlassian.bamboo.plugin.artifact.handler.local:ServerLocalArtifactHandler</type>
   <size>9417</size>
   <planResultKey>SNE-MN-89</planResultKey>
  </artifact>
  <artifact>
   <id>16023606</id>
   <label>NuGet Package</label>
   <sharedArtifact>true</sharedArtifact>
   <globallyStored>false</globallyStored>
   <type>com.atlassian.bamboo.plugin.artifact.handler.local:ServerLocalArtifactHandler</type>
   <size>6318</size>
   <planResultKey>SXE-MAS-52</planResultKey>
  </artifact>
  <artifact>
   <id>16023607</id>
   <label>Source</label>
   <sharedArtifact>true</sharedArtifact>
   <globallyStored>false</globallyStored>
   <type>com.atlassian.bamboo.plugin.artifact.handler.local:ServerLocalArtifactHandler</type>
   <size>58983217</size>
   <planResultKey>SACO-MAS-150</planResultKey>
  </artifact>
  <artifact>
   <id>16023608</id>
   <label>ReSharper Results</label>
   <sharedArtifact>false</sharedArtifact>
   <globallyStored>false</globallyStored>
   <type>com.atlassian.bamboo.plugin.artifact.handler.local:ServerLocalArtifactHandler</type>
   <size>334</size>
   <planResultKey>SACO-MAS-JOB1-150</planResultKey>
  </artifact>
  <artifact>
   <id>16023609</id>
   <label>Source</label>
   <sharedArtifact>true</sharedArtifact>
   <globallyStored>false</globallyStored>
   <type>com.atlassian.bamboo.plugin.artifact.handler.local:ServerLocalArtifactHandler</type>
   <size>45799253</size>
   <planResultKey>SE-MAS-73</planResultKey>
  </artifact>
  <artifact>
   <id>16023610</id>
   <label>ReSharper Results</label>
   <sharedArtifact>false</sharedArtifact>
   <globallyStored>false</globallyStored>
   <type>com.atlassian.bamboo.plugin.artifact.handler.local:ServerLocalArtifactHandler</type>
   <size>339</size>
   <planResultKey>SE-MAS-JOB1-73</planResultKey>
  </artifact>
  <artifact>
   <id>16023611</id>
   <label>Source</label>
   <sharedArtifact>true</sharedArtifact>
   <globallyStored>false</globallyStored>
   <type>com.atlassian.bamboo.plugin.artifact.handler.local:ServerLocalArtifactHandler</type>
   <size>23334712</size>
   <planResultKey>SC-MAS-90</planResultKey>
  </artifact>
  <artifact>
   <id>16023612</id>
   <label>ReSharper Results</label>
   <sharedArtifact>false</sharedArtifact>
   <globallyStored>false</globallyStored>
   <type>com.atlassian.bamboo.plugin.artifact.handler.local:ServerLocalArtifactHandler</type>
   <size>337</size>
   <planResultKey>SC-MAS-JOB1-90</planResultKey>
  </artifact>
  <artifact>
   <id>16023613</id>
   <label>NuGet Package</label>
   <sharedArtifact>true</sharedArtifact>
   <globallyStored>false</globallyStored>
   <type>com.atlassian.bamboo.plugin.artifact.handler.local:ServerLocalArtifactHandler</type>
   <size>43572</size>
   <planResultKey>SACO-MAS-150</planResultKey>
  </artifact>
  <artifact>
   <id>16023614</id>
   <label>NuGet Package</label>
   <sharedArtifact>true</sharedArtifact>
   <globallyStored>false</globallyStored>
   <type>com.atlassian.bamboo.plugin.artifact.handler.local:ServerLocalArtifactHandler</type>
   <size>16663</size>
   <planResultKey>SE-MAS-73</planResultKey>
  </artifact>
  <artifact>
   <id>16023615</id>
   <label>NuGet Package</label>
   <sharedArtifact>true</sharedArtifact>
   <globallyStored>false</globallyStored>
   <type>com.atlassian.bamboo.plugin.artifact.handler.local:ServerLocalArtifactHandler</type>
   <size>8920</size>
   <planResultKey>SC-MAS-90</planResultKey>
  </artifact>
  <artifact>
   <id>16023616</id>
   <label>Source</label>
   <sharedArtifact>true</sharedArtifact>
   <globallyStored>false</globallyStored>
   <type>com.atlassian.bamboo.plugin.artifact.handler.local:ServerLocalArtifactHandler</type>
   <size>59085963</size>
   <planResultKey>SACO-MAS-151</planResultKey>
  </artifact>
  <artifact>
   <id>16023617</id>
   <label>ReSharper Results</label>
   <sharedArtifact>false</sharedArtifact>
   <globallyStored>false</globallyStored>
   <type>com.atlassian.bamboo.plugin.artifact.handler.local:ServerLocalArtifactHandler</type>
   <size>334</size>
   <planResultKey>SACO-MAS-JOB1-151</planResultKey>
  </artifact>
  <artifact>
   <id>16023618</id>
   <label>NuGet Package</label>
   <sharedArtifact>true</sharedArtifact>
   <globallyStored>false</globallyStored>
   <type>com.atlassian.bamboo.plugin.artifact.handler.local:ServerLocalArtifactHandler</type>
   <size>43584</size>
   <planResultKey>SACO-MAS-151</planResultKey>
  </artifact>
 </artifacts>
</bamboo>