<?xml version='1.1' encoding='UTF-8' standalone='yes'?>
<bamboo>
 <date>Sun Mar 15 20:16:26 AEDT 2015</date>
 <version>5.7.2</version>
 <buildDate>02-Dec-2014</buildDate>
 <build>5716</build>
 <serverID>BG3Y-XJ99-GC6Z-FPP1</serverID>
 <dependencies>
  <dependency>
   <id>15761410</id>
   <type>atlassian.dependency.default</type>
   <parent>SW-MAS</parent>
   <child>SACO-MAS</child>
  </dependency>
  <dependency>
   <id>15761409</id>
   <type>atlassian.dependency.default</type>
   <parent>SW-MAS</parent>
   <child>SE-MAS</child>
  </dependency>
  <dependency>
   <id>15761414</id>
   <type>atlassian.dependency.default</type>
   <parent>SC-MAS</parent>
   <child>SACO-MAS</child>
  </dependency>
  <dependency>
   <id>15761412</id>
   <type>atlassian.dependency.default</type>
   <parent>SXE-MAS</parent>
   <child>SE-MAS</child>
  </dependency>
  <dependency>
   <id>15761411</id>
   <type>atlassian.dependency.default</type>
   <parent>SW-MAS</parent>
   <child>SC-MAS</child>
  </dependency>
  <dependency>
   <id>15761413</id>
   <type>atlassian.dependency.default</type>
   <parent>SNE-MN</parent>
   <child>SACO-MAS</child>
  </dependency>
 </dependencies>
</bamboo>