<?xml version='1.1' encoding='UTF-8' standalone='yes'?>
<bamboo>
 <date>Sun Mar 15 20:16:26 AEDT 2015</date>
 <version>5.7.2</version>
 <buildDate>02-Dec-2014</buildDate>
 <build>5716</build>
 <serverID>BG3Y-XJ99-GC6Z-FPP1</serverID>
 <planVcsHistory>
  <vcsHistoryItem>
   <id>1310728</id>
   <planKey>SW-MAS0</planKey>
   <buildNumber>0</buildNumber>
   <revisionKey>e8e8777466f0e7d1357cc126f3d539caec83d701</revisionKey>
   <repositoryId>1671169</repositoryId>
   <customXmlData><![CDATA[]]></customXmlData>
  </vcsHistoryItem>
  <vcsHistoryItem>
   <id>1310729</id>
   <planKey>SW-MAS0</planKey>
   <buildNumber>1</buildNumber>
   <revisionKey>e8e8777466f0e7d1357cc126f3d539caec83d701</revisionKey>
   <repositoryId>1671169</repositoryId>
   <customXmlData><![CDATA[]]></customXmlData>
  </vcsHistoryItem>
  <vcsHistoryItem>
   <id>1310731</id>
   <planKey>SW-MAS0</planKey>
   <buildNumber>2</buildNumber>
   <revisionKey>5324e53288997161a4f9236c862da2946317de8b</revisionKey>
   <repositoryId>1671169</repositoryId>
   <customXmlData><![CDATA[]]></customXmlData>
  </vcsHistoryItem>
  <vcsHistoryItem>
   <id>2785320</id>
   <planKey>SW-MAS0</planKey>
   <buildNumber>3</buildNumber>
   <revisionKey>9bc49eaf377573453d479c1705d7b23945585448</revisionKey>
   <repositoryId>1671169</repositoryId>
   <customXmlData><![CDATA[]]></customXmlData>
  </vcsHistoryItem>
  <vcsHistoryItem>
   <id>2785322</id>
   <planKey>SW-MAS0</planKey>
   <buildNumber>4</buildNumber>
   <revisionKey>3ba7d62ee9fb08f8497b0bbcedd2dfb8e3b04d0a</revisionKey>
   <repositoryId>1671169</repositoryId>
   <customXmlData><![CDATA[]]></customXmlData>
  </vcsHistoryItem>
  <vcsHistoryItem>
   <id>8159308</id>
   <planKey>SW-MAS</planKey>
   <buildNumber>150</buildNumber>
   <revisionKey>d1d96ce65617114558ab61d3b80d269d1b3b32d3</revisionKey>
   <repositoryId>3735554</repositoryId>
   <customXmlData><![CDATA[]]></customXmlData>
  </vcsHistoryItem>
  <vcsHistoryItem>
   <id>8159309</id>
   <planKey>SW-MAS</planKey>
   <buildNumber>150</buildNumber>
   <revisionKey>22602a84a8c121067a6e825e1ce982db9284762b</revisionKey>
   <repositoryId>3735555</repositoryId>
   <customXmlData><![CDATA[]]></customXmlData>
  </vcsHistoryItem>
  <vcsHistoryItem>
   <id>8159310</id>
   <planKey>SW-MAS</planKey>
   <buildNumber>150</buildNumber>
   <revisionKey>f4624c622df0905b3e59a442dde44029764110ff</revisionKey>
   <repositoryId>4489217</repositoryId>
   <customXmlData><![CDATA[]]></customXmlData>
  </vcsHistoryItem>
  <vcsHistoryItem>
   <id>8159311</id>
   <planKey>SXE-MAS</planKey>
   <buildNumber>25</buildNumber>
   <revisionKey>d1d96ce65617114558ab61d3b80d269d1b3b32d3</revisionKey>
   <repositoryId>7766022</repositoryId>
   <customXmlData><![CDATA[]]></customXmlData>
  </vcsHistoryItem>
  <vcsHistoryItem>
   <id>8159312</id>
   <planKey>SXE-MAS</planKey>
   <buildNumber>25</buildNumber>
   <revisionKey>475481d7f7c900b02713956a9205b585253c7da1</revisionKey>
   <repositoryId>7766024</repositoryId>
   <customXmlData><![CDATA[]]></customXmlData>
  </vcsHistoryItem>
  <vcsHistoryItem>
   <id>8159313</id>
   <planKey>SXE-MAS</planKey>
   <buildNumber>25</buildNumber>
   <revisionKey>f4624c622df0905b3e59a442dde44029764110ff</revisionKey>
   <repositoryId>7766021</repositoryId>
   <customXmlData><![CDATA[]]></customXmlData>
  </vcsHistoryItem>
  <vcsHistoryItem>
   <id>8159318</id>
   <planKey>SNE-MN</planKey>
   <buildNumber>71</buildNumber>
   <revisionKey>d1d96ce65617114558ab61d3b80d269d1b3b32d3</revisionKey>
   <repositoryId>6422532</repositoryId>
   <customXmlData><![CDATA[]]></customXmlData>
  </vcsHistoryItem>
  <vcsHistoryItem>
   <id>8159319</id>
   <planKey>SNE-MN</planKey>
   <buildNumber>71</buildNumber>
   <revisionKey>c578ab4a8ea5b3e4401721e13fdd640139f92bc4</revisionKey>
   <repositoryId>6422533</repositoryId>
   <customXmlData><![CDATA[]]></customXmlData>
  </vcsHistoryItem>
  <vcsHistoryItem>
   <id>8159320</id>
   <planKey>SNE-MN</planKey>
   <buildNumber>71</buildNumber>
   <revisionKey>f4624c622df0905b3e59a442dde44029764110ff</revisionKey>
   <repositoryId>6422530</repositoryId>
   <customXmlData><![CDATA[]]></customXmlData>
  </vcsHistoryItem>
  <vcsHistoryItem>
   <id>8159321</id>
   <planKey>SC-MAS</planKey>
   <buildNumber>49</buildNumber>
   <revisionKey>d1d96ce65617114558ab61d3b80d269d1b3b32d3</revisionKey>
   <repositoryId>5341191</repositoryId>
   <customXmlData><![CDATA[]]></customXmlData>
  </vcsHistoryItem>
  <vcsHistoryItem>
   <id>8159322</id>
   <planKey>SC-MAS</planKey>
   <buildNumber>49</buildNumber>
   <revisionKey>73628f8ab0e7d309cba1064536f909dcb5d6ca16</revisionKey>
   <repositoryId>5341192</repositoryId>
   <customXmlData><![CDATA[]]></customXmlData>
  </vcsHistoryItem>
  <vcsHistoryItem>
   <id>8159323</id>
   <planKey>SC-MAS</planKey>
   <buildNumber>49</buildNumber>
   <revisionKey>f4624c622df0905b3e59a442dde44029764110ff</revisionKey>
   <repositoryId>5341189</repositoryId>
   <customXmlData><![CDATA[]]></customXmlData>
  </vcsHistoryItem>
  <vcsHistoryItem>
   <id>8159324</id>
   <planKey>SC-MAS</planKey>
   <buildNumber>49</buildNumber>
   <revisionKey>22602a84a8c121067a6e825e1ce982db9284762b</revisionKey>
   <repositoryId>6422529</repositoryId>
   <customXmlData><![CDATA[]]></customXmlData>
  </vcsHistoryItem>
  <vcsHistoryItem>
   <id>8159345</id>
   <planKey>SACO-MAS</planKey>
   <buildNumber>26</buildNumber>
   <revisionKey>552f6af3c5ee3d5b8e8fb12d126907089aea8f5c</revisionKey>
   <repositoryId>7766027</repositoryId>
   <customXmlData><![CDATA[]]></customXmlData>
  </vcsHistoryItem>
  <vcsHistoryItem>
   <id>8978433</id>
   <planKey>SACO-MAS</planKey>
   <buildNumber>27</buildNumber>
   <revisionKey>552f6af3c5ee3d5b8e8fb12d126907089aea8f5c</revisionKey>
   <repositoryId>7766027</repositoryId>
   <customXmlData><![CDATA[]]></customXmlData>
  </vcsHistoryItem>
  <vcsHistoryItem>
   <id>8978437</id>
   <planKey>SACO-MAS</planKey>
   <buildNumber>28</buildNumber>
   <revisionKey>552f6af3c5ee3d5b8e8fb12d126907089aea8f5c</revisionKey>
   <repositoryId>7766027</repositoryId>
   <customXmlData><![CDATA[]]></customXmlData>
  </vcsHistoryItem>
  <vcsHistoryItem>
   <id>8978441</id>
   <planKey>SACO-MAS</planKey>
   <buildNumber>29</buildNumber>
   <revisionKey>6ff7fbf39e4946b18400f2f59c3986df0ffd0032</revisionKey>
   <repositoryId>7766027</repositoryId>
   <customXmlData><![CDATA[]]></customXmlData>
  </vcsHistoryItem>
  <vcsHistoryItem>
   <id>8978445</id>
   <planKey>SACO-MAS</planKey>
   <buildNumber>30</buildNumber>
   <revisionKey>46721878931f733fbd5b3693a6124920499bd2ac</revisionKey>
   <repositoryId>7766027</repositoryId>
   <customXmlData><![CDATA[]]></customXmlData>
  </vcsHistoryItem>
  <vcsHistoryItem>
   <id>8978449</id>
   <planKey>SACO-MAS</planKey>
   <buildNumber>30</buildNumber>
   <revisionKey>46721878931f733fbd5b3693a6124920499bd2ac</revisionKey>
   <repositoryId>9437185</repositoryId>
   <customXmlData><![CDATA[]]></customXmlData>
  </vcsHistoryItem>
  <vcsHistoryItem>
   <id>8978453</id>
   <planKey>SACO-MAS</planKey>
   <buildNumber>31</buildNumber>
   <revisionKey>46721878931f733fbd5b3693a6124920499bd2ac</revisionKey>
   <repositoryId>9437185</repositoryId>
   <customXmlData><![CDATA[]]></customXmlData>
  </vcsHistoryItem>
  <vcsHistoryItem>
   <id>8978457</id>
   <planKey>SACO-MAS</planKey>
   <buildNumber>32</buildNumber>
   <revisionKey>6119fb5a501dcb7b284dfa1c156cf6c84247cb7d</revisionKey>
   <repositoryId>9437185</repositoryId>
   <customXmlData><![CDATA[]]></customXmlData>
  </vcsHistoryItem>
  <vcsHistoryItem>
   <id>8978461</id>
   <planKey>SACO-MAS</planKey>
   <buildNumber>33</buildNumber>
   <revisionKey>6119fb5a501dcb7b284dfa1c156cf6c84247cb7d</revisionKey>
   <repositoryId>9437185</repositoryId>
   <customXmlData><![CDATA[]]></customXmlData>
  </vcsHistoryItem>
  <vcsHistoryItem>
   <id>8978462</id>
   <planKey>SACO-MAS</planKey>
   <buildNumber>33</buildNumber>
   <revisionKey>6119fb5a501dcb7b284dfa1c156cf6c84247cb7d</revisionKey>
   <repositoryId>9437186</repositoryId>
   <customXmlData><![CDATA[]]></customXmlData>
  </vcsHistoryItem>
  <vcsHistoryItem>
   <id>8978466</id>
   <planKey>SACO-MAS</planKey>
   <buildNumber>34</buildNumber>
   <revisionKey>6119fb5a501dcb7b284dfa1c156cf6c84247cb7d</revisionKey>
   <repositoryId>9437186</repositoryId>
   <customXmlData><![CDATA[]]></customXmlData>
  </vcsHistoryItem>
  <vcsHistoryItem>
   <id>8978470</id>
   <planKey>SACO-MAS</planKey>
   <buildNumber>35</buildNumber>
   <revisionKey>6119fb5a501dcb7b284dfa1c156cf6c84247cb7d</revisionKey>
   <repositoryId>9437186</repositoryId>
   <customXmlData><![CDATA[]]></customXmlData>
  </vcsHistoryItem>
  <vcsHistoryItem>
   <id>8978474</id>
   <planKey>SACO-MAS</planKey>
   <buildNumber>36</buildNumber>
   <revisionKey>92fe67fd49a349e7c913ae2c235f124775b96a7c</revisionKey>
   <repositoryId>9437186</repositoryId>
   <customXmlData><![CDATA[]]></customXmlData>
  </vcsHistoryItem>
  <vcsHistoryItem>
   <id>8978481</id>
   <planKey>SACO-MAS</planKey>
   <buildNumber>39</buildNumber>
   <revisionKey>8686a9239e43661e68deefcd9fcd99bda40ec7d2</revisionKey>
   <repositoryId>7766029</repositoryId>
   <customXmlData><![CDATA[]]></customXmlData>
  </vcsHistoryItem>
  <vcsHistoryItem>
   <id>8978482</id>
   <planKey>SACO-MAS</planKey>
   <buildNumber>39</buildNumber>
   <revisionKey>f4624c622df0905b3e59a442dde44029764110ff</revisionKey>
   <repositoryId>7766026</repositoryId>
   <customXmlData><![CDATA[]]></customXmlData>
  </vcsHistoryItem>
  <vcsHistoryItem>
   <id>8978483</id>
   <planKey>SACO-MAS</planKey>
   <buildNumber>39</buildNumber>
   <revisionKey>22602a84a8c121067a6e825e1ce982db9284762b</revisionKey>
   <repositoryId>7766025</repositoryId>
   <customXmlData><![CDATA[]]></customXmlData>
  </vcsHistoryItem>
  <vcsHistoryItem>
   <id>8978484</id>
   <planKey>SACO-MAS</planKey>
   <buildNumber>39</buildNumber>
   <revisionKey>6119fb5a501dcb7b284dfa1c156cf6c84247cb7d</revisionKey>
   <repositoryId>9437187</repositoryId>
   <customXmlData><![CDATA[]]></customXmlData>
  </vcsHistoryItem>
  <vcsHistoryItem>
   <id>9895937</id>
   <planKey>SW-MAS</planKey>
   <buildNumber>153</buildNumber>
   <revisionKey>6119fb5a501dcb7b284dfa1c156cf6c84247cb7d</revisionKey>
   <repositoryId>9601026</repositoryId>
   <customXmlData><![CDATA[]]></customXmlData>
  </vcsHistoryItem>
  <vcsHistoryItem>
   <id>9895939</id>
   <planKey>SW-MAS</planKey>
   <buildNumber>153</buildNumber>
   <revisionKey>f4624c622df0905b3e59a442dde44029764110ff</revisionKey>
   <repositoryId>9601027</repositoryId>
   <customXmlData><![CDATA[]]></customXmlData>
  </vcsHistoryItem>
  <vcsHistoryItem>
   <id>9895952</id>
   <planKey>SACO-MAS</planKey>
   <buildNumber>39</buildNumber>
   <revisionKey>6119fb5a501dcb7b284dfa1c156cf6c84247cb7d</revisionKey>
   <repositoryId>9601038</repositoryId>
   <customXmlData><![CDATA[]]></customXmlData>
  </vcsHistoryItem>
  <vcsHistoryItem>
   <id>9895954</id>
   <planKey>SACO-MAS</planKey>
   <buildNumber>40</buildNumber>
   <revisionKey>6119fb5a501dcb7b284dfa1c156cf6c84247cb7d</revisionKey>
   <repositoryId>9601038</repositoryId>
   <customXmlData><![CDATA[]]></customXmlData>
  </vcsHistoryItem>
  <vcsHistoryItem>
   <id>9895956</id>
   <planKey>SC-MAS0</planKey>
   <buildNumber>1</buildNumber>
   <revisionKey>73628f8ab0e7d309cba1064536f909dcb5d6ca16</revisionKey>
   <repositoryId>9601040</repositoryId>
   <customXmlData><![CDATA[]]></customXmlData>
  </vcsHistoryItem>
  <vcsHistoryItem>
   <id>9895957</id>
   <planKey>SC-MAS0</planKey>
   <buildNumber>1</buildNumber>
   <revisionKey>6119fb5a501dcb7b284dfa1c156cf6c84247cb7d</revisionKey>
   <repositoryId>9601035</repositoryId>
   <customXmlData><![CDATA[]]></customXmlData>
  </vcsHistoryItem>
  <vcsHistoryItem>
   <id>9895958</id>
   <planKey>SC-MAS0</planKey>
   <buildNumber>1</buildNumber>
   <revisionKey>f4624c622df0905b3e59a442dde44029764110ff</revisionKey>
   <repositoryId>9601036</repositoryId>
   <customXmlData><![CDATA[]]></customXmlData>
  </vcsHistoryItem>
  <vcsHistoryItem>
   <id>9895959</id>
   <planKey>SC-MAS0</planKey>
   <buildNumber>1</buildNumber>
   <revisionKey>73628f8ab0e7d309cba1064536f909dcb5d6ca16</revisionKey>
   <repositoryId>9601034</repositoryId>
   <customXmlData><![CDATA[]]></customXmlData>
  </vcsHistoryItem>
  <vcsHistoryItem>
   <id>9895960</id>
   <planKey>SW-MAS1</planKey>
   <buildNumber>1</buildNumber>
   <revisionKey>22602a84a8c121067a6e825e1ce982db9284762b</revisionKey>
   <repositoryId>9601041</repositoryId>
   <customXmlData><![CDATA[]]></customXmlData>
  </vcsHistoryItem>
  <vcsHistoryItem>
   <id>9895961</id>
   <planKey>SW-MAS1</planKey>
   <buildNumber>1</buildNumber>
   <revisionKey>6119fb5a501dcb7b284dfa1c156cf6c84247cb7d</revisionKey>
   <repositoryId>9601026</repositoryId>
   <customXmlData><![CDATA[]]></customXmlData>
  </vcsHistoryItem>
  <vcsHistoryItem>
   <id>9895962</id>
   <planKey>SW-MAS1</planKey>
   <buildNumber>1</buildNumber>
   <revisionKey>f4624c622df0905b3e59a442dde44029764110ff</revisionKey>
   <repositoryId>9601027</repositoryId>
   <customXmlData><![CDATA[]]></customXmlData>
  </vcsHistoryItem>
  <vcsHistoryItem>
   <id>9895963</id>
   <planKey>SW-MAS1</planKey>
   <buildNumber>1</buildNumber>
   <revisionKey>22602a84a8c121067a6e825e1ce982db9284762b</revisionKey>
   <repositoryId>9601025</repositoryId>
   <customXmlData><![CDATA[]]></customXmlData>
  </vcsHistoryItem>
  <vcsHistoryItem>
   <id>9895965</id>
   <planKey>SACO-MAS</planKey>
   <buildNumber>41</buildNumber>
   <revisionKey>6119fb5a501dcb7b284dfa1c156cf6c84247cb7d</revisionKey>
   <repositoryId>9601038</repositoryId>
   <customXmlData><![CDATA[]]></customXmlData>
  </vcsHistoryItem>
  <vcsHistoryItem>
   <id>9895968</id>
   <planKey>SACO-MAS</planKey>
   <buildNumber>42</buildNumber>
   <revisionKey>f6a3ef0b7e98cc0174c30f5e9888d0f8370f6de5</revisionKey>
   <repositoryId>9601038</repositoryId>
   <customXmlData><![CDATA[]]></customXmlData>
  </vcsHistoryItem>
  <vcsHistoryItem>
   <id>9895972</id>
   <planKey>SACO-MAS</planKey>
   <buildNumber>42</buildNumber>
   <revisionKey>f6a3ef0b7e98cc0174c30f5e9888d0f8370f6de5</revisionKey>
   <repositoryId>9601044</repositoryId>
   <customXmlData><![CDATA[]]></customXmlData>
  </vcsHistoryItem>
  <vcsHistoryItem>
   <id>9895974</id>
   <planKey>SACO-MAS</planKey>
   <buildNumber>43</buildNumber>
   <revisionKey>f6a3ef0b7e98cc0174c30f5e9888d0f8370f6de5</revisionKey>
   <repositoryId>9601044</repositoryId>
   <customXmlData><![CDATA[]]></customXmlData>
  </vcsHistoryItem>
  <vcsHistoryItem>
   <id>9896008</id>
   <planKey>SACO-MAS</planKey>
   <buildNumber>52</buildNumber>
   <revisionKey>f6a3ef0b7e98cc0174c30f5e9888d0f8370f6de5</revisionKey>
   <repositoryId>9601045</repositoryId>
   <customXmlData><![CDATA[]]></customXmlData>
  </vcsHistoryItem>
  <vcsHistoryItem>
   <id>9896009</id>
   <planKey>SACO-MAS</planKey>
   <buildNumber>52</buildNumber>
   <revisionKey>f4624c622df0905b3e59a442dde44029764110ff</revisionKey>
   <repositoryId>9601039</repositoryId>
   <customXmlData><![CDATA[]]></customXmlData>
  </vcsHistoryItem>
  <vcsHistoryItem>
   <id>11042818</id>
   <planKey>SACO-MAS</planKey>
   <buildNumber>53</buildNumber>
   <revisionKey>f6a3ef0b7e98cc0174c30f5e9888d0f8370f6de5</revisionKey>
   <repositoryId>9601045</repositoryId>
   <customXmlData><![CDATA[]]></customXmlData>
  </vcsHistoryItem>
  <vcsHistoryItem>
   <id>11042819</id>
   <planKey>SACO-MAS</planKey>
   <buildNumber>53</buildNumber>
   <revisionKey>f4624c622df0905b3e59a442dde44029764110ff</revisionKey>
   <repositoryId>9601039</repositoryId>
   <customXmlData><![CDATA[]]></customXmlData>
  </vcsHistoryItem>
  <vcsHistoryItem>
   <id>11042821</id>
   <planKey>SACO-MAS</planKey>
   <buildNumber>54</buildNumber>
   <revisionKey>f6a3ef0b7e98cc0174c30f5e9888d0f8370f6de5</revisionKey>
   <repositoryId>9601045</repositoryId>
   <customXmlData><![CDATA[]]></customXmlData>
  </vcsHistoryItem>
  <vcsHistoryItem>
   <id>11042822</id>
   <planKey>SACO-MAS</planKey>
   <buildNumber>54</buildNumber>
   <revisionKey>f4624c622df0905b3e59a442dde44029764110ff</revisionKey>
   <repositoryId>9601039</repositoryId>
   <customXmlData><![CDATA[]]></customXmlData>
  </vcsHistoryItem>
  <vcsHistoryItem>
   <id>12320905</id>
   <planKey>SW-MAS</planKey>
   <buildNumber>154</buildNumber>
   <revisionKey>c89dbf918f68e430f97d40438f27468d0cbf527d</revisionKey>
   <repositoryId>9601026</repositoryId>
   <customXmlData><![CDATA[]]></customXmlData>
  </vcsHistoryItem>
  <vcsHistoryItem>
   <id>12320906</id>
   <planKey>SW-MAS</planKey>
   <buildNumber>154</buildNumber>
   <revisionKey>f4624c622df0905b3e59a442dde44029764110ff</revisionKey>
   <repositoryId>9601027</repositoryId>
   <customXmlData><![CDATA[]]></customXmlData>
  </vcsHistoryItem>
  <vcsHistoryItem>
   <id>12320916</id>
   <planKey>SW-MAS1</planKey>
   <buildNumber>1</buildNumber>
   <revisionKey>f4624c622df0905b3e59a442dde44029764110ff</revisionKey>
   <repositoryId>10780673</repositoryId>
   <customXmlData><![CDATA[]]></customXmlData>
  </vcsHistoryItem>
  <vcsHistoryItem>
   <id>12320971</id>
   <planKey>SC-MAS0</planKey>
   <buildNumber>2</buildNumber>
   <revisionKey>73628f8ab0e7d309cba1064536f909dcb5d6ca16</revisionKey>
   <repositoryId>9601040</repositoryId>
   <customXmlData><![CDATA[]]></customXmlData>
  </vcsHistoryItem>
  <vcsHistoryItem>
   <id>12320972</id>
   <planKey>SC-MAS0</planKey>
   <buildNumber>2</buildNumber>
   <revisionKey>ea664a1a1eeff50639e560e9c7bacb6888a9bb78</revisionKey>
   <repositoryId>9601035</repositoryId>
   <customXmlData><![CDATA[]]></customXmlData>
  </vcsHistoryItem>
  <vcsHistoryItem>
   <id>12320973</id>
   <planKey>SC-MAS0</planKey>
   <buildNumber>2</buildNumber>
   <revisionKey>f4624c622df0905b3e59a442dde44029764110ff</revisionKey>
   <repositoryId>9601036</repositoryId>
   <customXmlData><![CDATA[]]></customXmlData>
  </vcsHistoryItem>
  <vcsHistoryItem>
   <id>12320974</id>
   <planKey>SC-MAS0</planKey>
   <buildNumber>2</buildNumber>
   <revisionKey>73628f8ab0e7d309cba1064536f909dcb5d6ca16</revisionKey>
   <repositoryId>9601034</repositoryId>
   <customXmlData><![CDATA[]]></customXmlData>
  </vcsHistoryItem>
  <vcsHistoryItem>
   <id>12320992</id>
   <planKey>SC-MAS</planKey>
   <buildNumber>68</buildNumber>
   <revisionKey>94255c07118a53c1faa27b7e76ec9ddd8ee119cc</revisionKey>
   <repositoryId>9601035</repositoryId>
   <customXmlData><![CDATA[]]></customXmlData>
  </vcsHistoryItem>
  <vcsHistoryItem>
   <id>12320993</id>
   <planKey>SC-MAS</planKey>
   <buildNumber>68</buildNumber>
   <revisionKey>f4624c622df0905b3e59a442dde44029764110ff</revisionKey>
   <repositoryId>9601036</repositoryId>
   <customXmlData><![CDATA[]]></customXmlData>
  </vcsHistoryItem>
  <vcsHistoryItem>
   <id>12320995</id>
   <planKey>SNE-MN</planKey>
   <buildNumber>74</buildNumber>
   <revisionKey>94255c07118a53c1faa27b7e76ec9ddd8ee119cc</revisionKey>
   <repositoryId>9601029</repositoryId>
   <customXmlData><![CDATA[]]></customXmlData>
  </vcsHistoryItem>
  <vcsHistoryItem>
   <id>12320996</id>
   <planKey>SNE-MN</planKey>
   <buildNumber>74</buildNumber>
   <revisionKey>f4624c622df0905b3e59a442dde44029764110ff</revisionKey>
   <repositoryId>9601030</repositoryId>
   <customXmlData><![CDATA[]]></customXmlData>
  </vcsHistoryItem>
  <vcsHistoryItem>
   <id>12321016</id>
   <planKey>SXE-MAS</planKey>
   <buildNumber>30</buildNumber>
   <revisionKey>94255c07118a53c1faa27b7e76ec9ddd8ee119cc</revisionKey>
   <repositoryId>9601031</repositoryId>
   <customXmlData><![CDATA[]]></customXmlData>
  </vcsHistoryItem>
  <vcsHistoryItem>
   <id>12321017</id>
   <planKey>SXE-MAS</planKey>
   <buildNumber>30</buildNumber>
   <revisionKey>f4624c622df0905b3e59a442dde44029764110ff</revisionKey>
   <repositoryId>9601032</repositoryId>
   <customXmlData><![CDATA[]]></customXmlData>
  </vcsHistoryItem>
  <vcsHistoryItem>
   <id>12321037</id>
   <planKey>SXE-MAS</planKey>
   <buildNumber>31</buildNumber>
   <revisionKey>94255c07118a53c1faa27b7e76ec9ddd8ee119cc</revisionKey>
   <repositoryId>9601031</repositoryId>
   <customXmlData><![CDATA[]]></customXmlData>
  </vcsHistoryItem>
  <vcsHistoryItem>
   <id>12321038</id>
   <planKey>SXE-MAS</planKey>
   <buildNumber>31</buildNumber>
   <revisionKey>f4624c622df0905b3e59a442dde44029764110ff</revisionKey>
   <repositoryId>9601032</repositoryId>
   <customXmlData><![CDATA[]]></customXmlData>
  </vcsHistoryItem>
  <vcsHistoryItem>
   <id>12321050</id>
   <planKey>SXE-MAS</planKey>
   <buildNumber>32</buildNumber>
   <revisionKey>4e7926e4f98d6140a8c2ae92bc9f8863a2b4d4bc</revisionKey>
   <repositoryId>9601031</repositoryId>
   <customXmlData><![CDATA[]]></customXmlData>
  </vcsHistoryItem>
  <vcsHistoryItem>
   <id>12321051</id>
   <planKey>SXE-MAS</planKey>
   <buildNumber>32</buildNumber>
   <revisionKey>f4624c622df0905b3e59a442dde44029764110ff</revisionKey>
   <repositoryId>9601032</repositoryId>
   <customXmlData><![CDATA[]]></customXmlData>
  </vcsHistoryItem>
  <vcsHistoryItem>
   <id>12321053</id>
   <planKey>SXE-MAS</planKey>
   <buildNumber>33</buildNumber>
   <revisionKey>4e7926e4f98d6140a8c2ae92bc9f8863a2b4d4bc</revisionKey>
   <repositoryId>9601031</repositoryId>
   <customXmlData><![CDATA[]]></customXmlData>
  </vcsHistoryItem>
  <vcsHistoryItem>
   <id>12321054</id>
   <planKey>SXE-MAS</planKey>
   <buildNumber>33</buildNumber>
   <revisionKey>f4624c622df0905b3e59a442dde44029764110ff</revisionKey>
   <repositoryId>9601032</repositoryId>
   <customXmlData><![CDATA[]]></customXmlData>
  </vcsHistoryItem>
  <vcsHistoryItem>
   <id>12321056</id>
   <planKey>SXE-MAS</planKey>
   <buildNumber>34</buildNumber>
   <revisionKey>4e7926e4f98d6140a8c2ae92bc9f8863a2b4d4bc</revisionKey>
   <repositoryId>9601031</repositoryId>
   <customXmlData><![CDATA[]]></customXmlData>
  </vcsHistoryItem>
  <vcsHistoryItem>
   <id>12321057</id>
   <planKey>SXE-MAS</planKey>
   <buildNumber>34</buildNumber>
   <revisionKey>f4624c622df0905b3e59a442dde44029764110ff</revisionKey>
   <repositoryId>9601032</repositoryId>
   <customXmlData><![CDATA[]]></customXmlData>
  </vcsHistoryItem>
  <vcsHistoryItem>
   <id>12321059</id>
   <planKey>SXE-MAS</planKey>
   <buildNumber>35</buildNumber>
   <revisionKey>4e7926e4f98d6140a8c2ae92bc9f8863a2b4d4bc</revisionKey>
   <repositoryId>9601031</repositoryId>
   <customXmlData><![CDATA[]]></customXmlData>
  </vcsHistoryItem>
  <vcsHistoryItem>
   <id>12321060</id>
   <planKey>SXE-MAS</planKey>
   <buildNumber>35</buildNumber>
   <revisionKey>f4624c622df0905b3e59a442dde44029764110ff</revisionKey>
   <repositoryId>9601032</repositoryId>
   <customXmlData><![CDATA[]]></customXmlData>
  </vcsHistoryItem>
  <vcsHistoryItem>
   <id>12321062</id>
   <planKey>SXE-MAS</planKey>
   <buildNumber>36</buildNumber>
   <revisionKey>4e7926e4f98d6140a8c2ae92bc9f8863a2b4d4bc</revisionKey>
   <repositoryId>9601031</repositoryId>
   <customXmlData><![CDATA[]]></customXmlData>
  </vcsHistoryItem>
  <vcsHistoryItem>
   <id>12321063</id>
   <planKey>SXE-MAS</planKey>
   <buildNumber>36</buildNumber>
   <revisionKey>f4624c622df0905b3e59a442dde44029764110ff</revisionKey>
   <repositoryId>9601032</repositoryId>
   <customXmlData><![CDATA[]]></customXmlData>
  </vcsHistoryItem>
  <vcsHistoryItem>
   <id>12321065</id>
   <planKey>SXE-MAS</planKey>
   <buildNumber>37</buildNumber>
   <revisionKey>4e7926e4f98d6140a8c2ae92bc9f8863a2b4d4bc</revisionKey>
   <repositoryId>9601031</repositoryId>
   <customXmlData><![CDATA[]]></customXmlData>
  </vcsHistoryItem>
  <vcsHistoryItem>
   <id>12321066</id>
   <planKey>SXE-MAS</planKey>
   <buildNumber>37</buildNumber>
   <revisionKey>f4624c622df0905b3e59a442dde44029764110ff</revisionKey>
   <repositoryId>9601032</repositoryId>
   <customXmlData><![CDATA[]]></customXmlData>
  </vcsHistoryItem>
  <vcsHistoryItem>
   <id>12321068</id>
   <planKey>SXE-MAS</planKey>
   <buildNumber>38</buildNumber>
   <revisionKey>3971ab6b758bb5fceeb89a1f96f0e5f937e2e618</revisionKey>
   <repositoryId>9601031</repositoryId>
   <customXmlData><![CDATA[]]></customXmlData>
  </vcsHistoryItem>
  <vcsHistoryItem>
   <id>12321069</id>
   <planKey>SXE-MAS</planKey>
   <buildNumber>38</buildNumber>
   <revisionKey>f4624c622df0905b3e59a442dde44029764110ff</revisionKey>
   <repositoryId>9601032</repositoryId>
   <customXmlData><![CDATA[]]></customXmlData>
  </vcsHistoryItem>
  <vcsHistoryItem>
   <id>12321072</id>
   <planKey>SXE-MAS</planKey>
   <buildNumber>39</buildNumber>
   <revisionKey>3971ab6b758bb5fceeb89a1f96f0e5f937e2e618</revisionKey>
   <repositoryId>9601031</repositoryId>
   <customXmlData><![CDATA[]]></customXmlData>
  </vcsHistoryItem>
  <vcsHistoryItem>
   <id>12321073</id>
   <planKey>SXE-MAS</planKey>
   <buildNumber>39</buildNumber>
   <revisionKey>f4624c622df0905b3e59a442dde44029764110ff</revisionKey>
   <repositoryId>9601032</repositoryId>
   <customXmlData><![CDATA[]]></customXmlData>
  </vcsHistoryItem>
  <vcsHistoryItem>
   <id>12321100</id>
   <planKey>SNE-MN</planKey>
   <buildNumber>75</buildNumber>
   <revisionKey>bbcb4ee24f68cff07104f56a029aec54df50927f</revisionKey>
   <repositoryId>9601029</repositoryId>
   <customXmlData><![CDATA[]]></customXmlData>
  </vcsHistoryItem>
  <vcsHistoryItem>
   <id>12321101</id>
   <planKey>SNE-MN</planKey>
   <buildNumber>75</buildNumber>
   <revisionKey>f4624c622df0905b3e59a442dde44029764110ff</revisionKey>
   <repositoryId>9601030</repositoryId>
   <customXmlData><![CDATA[]]></customXmlData>
  </vcsHistoryItem>
  <vcsHistoryItem>
   <id>14024813</id>
   <planKey>SXE-MAS</planKey>
   <buildNumber>46</buildNumber>
   <revisionKey>2feb165841540aa658d83d62ae3a45c8c5bb6464</revisionKey>
   <repositoryId>9601033</repositoryId>
   <customXmlData><![CDATA[]]></customXmlData>
  </vcsHistoryItem>
  <vcsHistoryItem>
   <id>15204353</id>
   <planKey>SW-MAS</planKey>
   <buildNumber>181</buildNumber>
   <revisionKey>22602a84a8c121067a6e825e1ce982db9284762b</revisionKey>
   <repositoryId>9601025</repositoryId>
   <customXmlData><![CDATA[]]></customXmlData>
  </vcsHistoryItem>
  <vcsHistoryItem>
   <id>15204371</id>
   <planKey>SNE-MN</planKey>
   <buildNumber>88</buildNumber>
   <revisionKey>58047f5d81cd0c53710129696db2545e660e5e84</revisionKey>
   <repositoryId>9601028</repositoryId>
   <customXmlData><![CDATA[]]></customXmlData>
  </vcsHistoryItem>
  <vcsHistoryItem>
   <id>15204372</id>
   <planKey>SNE-MN</planKey>
   <buildNumber>88</buildNumber>
   <revisionKey>d589dbaa885a7e598bc1cf3a7871e0421f8b154b</revisionKey>
   <repositoryId>9601042</repositoryId>
   <customXmlData><![CDATA[]]></customXmlData>
  </vcsHistoryItem>
  <vcsHistoryItem>
   <id>15204373</id>
   <planKey>SNE-MN</planKey>
   <buildNumber>88</buildNumber>
   <revisionKey>f4624c622df0905b3e59a442dde44029764110ff</revisionKey>
   <repositoryId>10780673</repositoryId>
   <customXmlData><![CDATA[]]></customXmlData>
  </vcsHistoryItem>
  <vcsHistoryItem>
   <id>15204434</id>
   <planKey>SXE-MAS</planKey>
   <buildNumber>46</buildNumber>
   <revisionKey>2feb165841540aa658d83d62ae3a45c8c5bb6464</revisionKey>
   <repositoryId>15564802</repositoryId>
   <customXmlData><![CDATA[]]></customXmlData>
  </vcsHistoryItem>
  <vcsHistoryItem>
   <id>15204435</id>
   <planKey>SXE-MAS</planKey>
   <buildNumber>47</buildNumber>
   <revisionKey>2feb165841540aa658d83d62ae3a45c8c5bb6464</revisionKey>
   <repositoryId>15564802</repositoryId>
   <customXmlData><![CDATA[]]></customXmlData>
  </vcsHistoryItem>
  <vcsHistoryItem>
   <id>15204438</id>
   <planKey>SXE-MAS</planKey>
   <buildNumber>48</buildNumber>
   <revisionKey>1da0447716c4d4f0996a2d8c7d60bdcc9ed81a24</revisionKey>
   <repositoryId>15564802</repositoryId>
   <customXmlData><![CDATA[]]></customXmlData>
  </vcsHistoryItem>
  <vcsHistoryItem>
   <id>15204441</id>
   <planKey>SXE-MAS</planKey>
   <buildNumber>49</buildNumber>
   <revisionKey>2feb165841540aa658d83d62ae3a45c8c5bb6464</revisionKey>
   <repositoryId>15564802</repositoryId>
   <customXmlData><![CDATA[]]></customXmlData>
  </vcsHistoryItem>
  <vcsHistoryItem>
   <id>15204444</id>
   <planKey>SXE-MAS</planKey>
   <buildNumber>50</buildNumber>
   <revisionKey>2446b084a99798b845d062e224b544364b90df1e</revisionKey>
   <repositoryId>15564802</repositoryId>
   <customXmlData><![CDATA[]]></customXmlData>
  </vcsHistoryItem>
  <vcsHistoryItem>
   <id>15204448</id>
   <planKey>SE-MAS</planKey>
   <buildNumber>70</buildNumber>
   <revisionKey>2446b084a99798b845d062e224b544364b90df1e</revisionKey>
   <repositoryId>15564802</repositoryId>
   <customXmlData><![CDATA[]]></customXmlData>
  </vcsHistoryItem>
  <vcsHistoryItem>
   <id>15204450</id>
   <planKey>SXE-MAS</planKey>
   <buildNumber>51</buildNumber>
   <revisionKey>2feb165841540aa658d83d62ae3a45c8c5bb6464</revisionKey>
   <repositoryId>15564804</repositoryId>
   <customXmlData><![CDATA[]]></customXmlData>
  </vcsHistoryItem>
  <vcsHistoryItem>
   <id>15204451</id>
   <planKey>SXE-MAS</planKey>
   <buildNumber>51</buildNumber>
   <revisionKey>d589dbaa885a7e598bc1cf3a7871e0421f8b154b</revisionKey>
   <repositoryId>9601042</repositoryId>
   <customXmlData><![CDATA[]]></customXmlData>
  </vcsHistoryItem>
  <vcsHistoryItem>
   <id>15204452</id>
   <planKey>SXE-MAS</planKey>
   <buildNumber>51</buildNumber>
   <revisionKey>f4624c622df0905b3e59a442dde44029764110ff</revisionKey>
   <repositoryId>10780673</repositoryId>
   <customXmlData><![CDATA[]]></customXmlData>
  </vcsHistoryItem>
  <vcsHistoryItem>
   <id>15204456</id>
   <planKey>SW-MAS</planKey>
   <buildNumber>182</buildNumber>
   <revisionKey>8ae35e0ed8f115a1af51599da20a728db1ac8d7b</revisionKey>
   <repositoryId>15564803</repositoryId>
   <customXmlData><![CDATA[]]></customXmlData>
  </vcsHistoryItem>
  <vcsHistoryItem>
   <id>15204457</id>
   <planKey>SW-MAS</planKey>
   <buildNumber>182</buildNumber>
   <revisionKey>d589dbaa885a7e598bc1cf3a7871e0421f8b154b</revisionKey>
   <repositoryId>9601042</repositoryId>
   <customXmlData><![CDATA[]]></customXmlData>
  </vcsHistoryItem>
  <vcsHistoryItem>
   <id>15204458</id>
   <planKey>SW-MAS</planKey>
   <buildNumber>182</buildNumber>
   <revisionKey>f4624c622df0905b3e59a442dde44029764110ff</revisionKey>
   <repositoryId>10780673</repositoryId>
   <customXmlData><![CDATA[]]></customXmlData>
  </vcsHistoryItem>
  <vcsHistoryItem>
   <id>15204459</id>
   <planKey>SW-MAS1</planKey>
   <buildNumber>2</buildNumber>
   <revisionKey>8ae35e0ed8f115a1af51599da20a728db1ac8d7b</revisionKey>
   <repositoryId>9601041</repositoryId>
   <customXmlData><![CDATA[]]></customXmlData>
  </vcsHistoryItem>
  <vcsHistoryItem>
   <id>15204460</id>
   <planKey>SW-MAS1</planKey>
   <buildNumber>2</buildNumber>
   <revisionKey>d589dbaa885a7e598bc1cf3a7871e0421f8b154b</revisionKey>
   <repositoryId>9601042</repositoryId>
   <customXmlData><![CDATA[]]></customXmlData>
  </vcsHistoryItem>
  <vcsHistoryItem>
   <id>15204461</id>
   <planKey>SW-MAS1</planKey>
   <buildNumber>2</buildNumber>
   <revisionKey>f4624c622df0905b3e59a442dde44029764110ff</revisionKey>
   <repositoryId>10780673</repositoryId>
   <customXmlData><![CDATA[]]></customXmlData>
  </vcsHistoryItem>
  <vcsHistoryItem>
   <id>15204462</id>
   <planKey>SW-MAS1</planKey>
   <buildNumber>2</buildNumber>
   <revisionKey>8ae35e0ed8f115a1af51599da20a728db1ac8d7b</revisionKey>
   <repositoryId>15564803</repositoryId>
   <customXmlData><![CDATA[]]></customXmlData>
  </vcsHistoryItem>
  <vcsHistoryItem>
   <id>15204463</id>
   <planKey>SE-MAS</planKey>
   <buildNumber>72</buildNumber>
   <revisionKey>daaf85fb865c2f323d32b669c226f341bafedf96</revisionKey>
   <repositoryId>13041667</repositoryId>
   <customXmlData><![CDATA[]]></customXmlData>
  </vcsHistoryItem>
  <vcsHistoryItem>
   <id>15204464</id>
   <planKey>SE-MAS</planKey>
   <buildNumber>72</buildNumber>
   <revisionKey>d589dbaa885a7e598bc1cf3a7871e0421f8b154b</revisionKey>
   <repositoryId>9601042</repositoryId>
   <customXmlData><![CDATA[]]></customXmlData>
  </vcsHistoryItem>
  <vcsHistoryItem>
   <id>15204465</id>
   <planKey>SE-MAS</planKey>
   <buildNumber>72</buildNumber>
   <revisionKey>f4624c622df0905b3e59a442dde44029764110ff</revisionKey>
   <repositoryId>10780673</repositoryId>
   <customXmlData><![CDATA[]]></customXmlData>
  </vcsHistoryItem>
  <vcsHistoryItem>
   <id>15204469</id>
   <planKey>SC-MAS</planKey>
   <buildNumber>89</buildNumber>
   <revisionKey>73628f8ab0e7d309cba1064536f909dcb5d6ca16</revisionKey>
   <repositoryId>9601034</repositoryId>
   <customXmlData><![CDATA[]]></customXmlData>
  </vcsHistoryItem>
  <vcsHistoryItem>
   <id>15204470</id>
   <planKey>SC-MAS</planKey>
   <buildNumber>89</buildNumber>
   <revisionKey>d589dbaa885a7e598bc1cf3a7871e0421f8b154b</revisionKey>
   <repositoryId>9601042</repositoryId>
   <customXmlData><![CDATA[]]></customXmlData>
  </vcsHistoryItem>
  <vcsHistoryItem>
   <id>15204471</id>
   <planKey>SC-MAS</planKey>
   <buildNumber>89</buildNumber>
   <revisionKey>f4624c622df0905b3e59a442dde44029764110ff</revisionKey>
   <repositoryId>10780673</repositoryId>
   <customXmlData><![CDATA[]]></customXmlData>
  </vcsHistoryItem>
  <vcsHistoryItem>
   <id>15204472</id>
   <planKey>SC-MAS0</planKey>
   <buildNumber>3</buildNumber>
   <revisionKey>73628f8ab0e7d309cba1064536f909dcb5d6ca16</revisionKey>
   <repositoryId>9601040</repositoryId>
   <customXmlData><![CDATA[]]></customXmlData>
  </vcsHistoryItem>
  <vcsHistoryItem>
   <id>15204473</id>
   <planKey>SC-MAS0</planKey>
   <buildNumber>3</buildNumber>
   <revisionKey>d589dbaa885a7e598bc1cf3a7871e0421f8b154b</revisionKey>
   <repositoryId>9601042</repositoryId>
   <customXmlData><![CDATA[]]></customXmlData>
  </vcsHistoryItem>
  <vcsHistoryItem>
   <id>15204474</id>
   <planKey>SC-MAS0</planKey>
   <buildNumber>3</buildNumber>
   <revisionKey>f4624c622df0905b3e59a442dde44029764110ff</revisionKey>
   <repositoryId>10780673</repositoryId>
   <customXmlData><![CDATA[]]></customXmlData>
  </vcsHistoryItem>
  <vcsHistoryItem>
   <id>15204475</id>
   <planKey>SC-MAS0</planKey>
   <buildNumber>3</buildNumber>
   <revisionKey>73628f8ab0e7d309cba1064536f909dcb5d6ca16</revisionKey>
   <repositoryId>9601034</repositoryId>
   <customXmlData><![CDATA[]]></customXmlData>
  </vcsHistoryItem>
  <vcsHistoryItem>
   <id>15990824</id>
   <planKey>SACO-MAS</planKey>
   <buildNumber>145</buildNumber>
   <revisionKey>d7c1ecf96a37166d9de2193c21ada4ea976b3a80</revisionKey>
   <repositoryId>9601037</repositoryId>
   <customXmlData><![CDATA[]]></customXmlData>
  </vcsHistoryItem>
  <vcsHistoryItem>
   <id>15990825</id>
   <planKey>SACO-MAS</planKey>
   <buildNumber>145</buildNumber>
   <revisionKey>d589dbaa885a7e598bc1cf3a7871e0421f8b154b</revisionKey>
   <repositoryId>9601042</repositoryId>
   <customXmlData><![CDATA[]]></customXmlData>
  </vcsHistoryItem>
  <vcsHistoryItem>
   <id>15990826</id>
   <planKey>SACO-MAS</planKey>
   <buildNumber>145</buildNumber>
   <revisionKey>f4624c622df0905b3e59a442dde44029764110ff</revisionKey>
   <repositoryId>10780673</repositoryId>
   <customXmlData><![CDATA[]]></customXmlData>
  </vcsHistoryItem>
  <vcsHistoryItem>
   <id>15990827</id>
   <planKey>SACO-MAS</planKey>
   <buildNumber>146</buildNumber>
   <revisionKey>d7c1ecf96a37166d9de2193c21ada4ea976b3a80</revisionKey>
   <repositoryId>9601037</repositoryId>
   <customXmlData><![CDATA[]]></customXmlData>
  </vcsHistoryItem>
  <vcsHistoryItem>
   <id>15990828</id>
   <planKey>SACO-MAS</planKey>
   <buildNumber>146</buildNumber>
   <revisionKey>2f5f0a40ae5ca208da2b18c1aae9d3aa57eba16f</revisionKey>
   <repositoryId>9601042</repositoryId>
   <customXmlData><![CDATA[]]></customXmlData>
  </vcsHistoryItem>
  <vcsHistoryItem>
   <id>15990829</id>
   <planKey>SACO-MAS</planKey>
   <buildNumber>146</buildNumber>
   <revisionKey>f4624c622df0905b3e59a442dde44029764110ff</revisionKey>
   <repositoryId>10780673</repositoryId>
   <customXmlData><![CDATA[]]></customXmlData>
  </vcsHistoryItem>
  <vcsHistoryItem>
   <id>15990830</id>
   <planKey>SACO-MAS</planKey>
   <buildNumber>147</buildNumber>
   <revisionKey>d7c1ecf96a37166d9de2193c21ada4ea976b3a80</revisionKey>
   <repositoryId>9601037</repositoryId>
   <customXmlData><![CDATA[]]></customXmlData>
  </vcsHistoryItem>
  <vcsHistoryItem>
   <id>15990831</id>
   <planKey>SACO-MAS</planKey>
   <buildNumber>147</buildNumber>
   <revisionKey>2f5f0a40ae5ca208da2b18c1aae9d3aa57eba16f</revisionKey>
   <repositoryId>9601042</repositoryId>
   <customXmlData><![CDATA[]]></customXmlData>
  </vcsHistoryItem>
  <vcsHistoryItem>
   <id>15990832</id>
   <planKey>SACO-MAS</planKey>
   <buildNumber>147</buildNumber>
   <revisionKey>f4624c622df0905b3e59a442dde44029764110ff</revisionKey>
   <repositoryId>10780673</repositoryId>
   <customXmlData><![CDATA[]]></customXmlData>
  </vcsHistoryItem>
  <vcsHistoryItem>
   <id>15990833</id>
   <planKey>SACO-MAS</planKey>
   <buildNumber>148</buildNumber>
   <revisionKey>83b38788ebb171e39eb69e1e3b56c982eb7c3321</revisionKey>
   <repositoryId>9601037</repositoryId>
   <customXmlData><![CDATA[]]></customXmlData>
  </vcsHistoryItem>
  <vcsHistoryItem>
   <id>15990834</id>
   <planKey>SACO-MAS</planKey>
   <buildNumber>148</buildNumber>
   <revisionKey>2f5f0a40ae5ca208da2b18c1aae9d3aa57eba16f</revisionKey>
   <repositoryId>9601042</repositoryId>
   <customXmlData><![CDATA[]]></customXmlData>
  </vcsHistoryItem>
  <vcsHistoryItem>
   <id>15990835</id>
   <planKey>SACO-MAS</planKey>
   <buildNumber>148</buildNumber>
   <revisionKey>f4624c622df0905b3e59a442dde44029764110ff</revisionKey>
   <repositoryId>10780673</repositoryId>
   <customXmlData><![CDATA[]]></customXmlData>
  </vcsHistoryItem>
  <vcsHistoryItem>
   <id>15990836</id>
   <planKey>SACO-MAS</planKey>
   <buildNumber>149</buildNumber>
   <revisionKey>83b38788ebb171e39eb69e1e3b56c982eb7c3321</revisionKey>
   <repositoryId>9601037</repositoryId>
   <customXmlData><![CDATA[]]></customXmlData>
  </vcsHistoryItem>
  <vcsHistoryItem>
   <id>15990837</id>
   <planKey>SACO-MAS</planKey>
   <buildNumber>149</buildNumber>
   <revisionKey>2f5f0a40ae5ca208da2b18c1aae9d3aa57eba16f</revisionKey>
   <repositoryId>9601042</repositoryId>
   <customXmlData><![CDATA[]]></customXmlData>
  </vcsHistoryItem>
  <vcsHistoryItem>
   <id>15990838</id>
   <planKey>SACO-MAS</planKey>
   <buildNumber>149</buildNumber>
   <revisionKey>f4624c622df0905b3e59a442dde44029764110ff</revisionKey>
   <repositoryId>10780673</repositoryId>
   <customXmlData><![CDATA[]]></customXmlData>
  </vcsHistoryItem>
  <vcsHistoryItem>
   <id>15990839</id>
   <planKey>SW-MAS</planKey>
   <buildNumber>183</buildNumber>
   <revisionKey>8ae35e0ed8f115a1af51599da20a728db1ac8d7b</revisionKey>
   <repositoryId>15564803</repositoryId>
   <customXmlData><![CDATA[]]></customXmlData>
  </vcsHistoryItem>
  <vcsHistoryItem>
   <id>15990840</id>
   <planKey>SW-MAS</planKey>
   <buildNumber>183</buildNumber>
   <revisionKey>2f5f0a40ae5ca208da2b18c1aae9d3aa57eba16f</revisionKey>
   <repositoryId>9601042</repositoryId>
   <customXmlData><![CDATA[]]></customXmlData>
  </vcsHistoryItem>
  <vcsHistoryItem>
   <id>15990841</id>
   <planKey>SW-MAS</planKey>
   <buildNumber>183</buildNumber>
   <revisionKey>f4624c622df0905b3e59a442dde44029764110ff</revisionKey>
   <repositoryId>10780673</repositoryId>
   <customXmlData><![CDATA[]]></customXmlData>
  </vcsHistoryItem>
  <vcsHistoryItem>
   <id>15990842</id>
   <planKey>SNE-MN</planKey>
   <buildNumber>89</buildNumber>
   <revisionKey>58047f5d81cd0c53710129696db2545e660e5e84</revisionKey>
   <repositoryId>9601028</repositoryId>
   <customXmlData><![CDATA[]]></customXmlData>
  </vcsHistoryItem>
  <vcsHistoryItem>
   <id>15990843</id>
   <planKey>SNE-MN</planKey>
   <buildNumber>89</buildNumber>
   <revisionKey>2f5f0a40ae5ca208da2b18c1aae9d3aa57eba16f</revisionKey>
   <repositoryId>9601042</repositoryId>
   <customXmlData><![CDATA[]]></customXmlData>
  </vcsHistoryItem>
  <vcsHistoryItem>
   <id>15990844</id>
   <planKey>SNE-MN</planKey>
   <buildNumber>89</buildNumber>
   <revisionKey>f4624c622df0905b3e59a442dde44029764110ff</revisionKey>
   <repositoryId>10780673</repositoryId>
   <customXmlData><![CDATA[]]></customXmlData>
  </vcsHistoryItem>
  <vcsHistoryItem>
   <id>15990845</id>
   <planKey>SXE-MAS</planKey>
   <buildNumber>52</buildNumber>
   <revisionKey>2feb165841540aa658d83d62ae3a45c8c5bb6464</revisionKey>
   <repositoryId>15564804</repositoryId>
   <customXmlData><![CDATA[]]></customXmlData>
  </vcsHistoryItem>
  <vcsHistoryItem>
   <id>15990846</id>
   <planKey>SXE-MAS</planKey>
   <buildNumber>52</buildNumber>
   <revisionKey>2f5f0a40ae5ca208da2b18c1aae9d3aa57eba16f</revisionKey>
   <repositoryId>9601042</repositoryId>
   <customXmlData><![CDATA[]]></customXmlData>
  </vcsHistoryItem>
  <vcsHistoryItem>
   <id>15990847</id>
   <planKey>SXE-MAS</planKey>
   <buildNumber>52</buildNumber>
   <revisionKey>f4624c622df0905b3e59a442dde44029764110ff</revisionKey>
   <repositoryId>10780673</repositoryId>
   <customXmlData><![CDATA[]]></customXmlData>
  </vcsHistoryItem>
  <vcsHistoryItem>
   <id>15990848</id>
   <planKey>SACO-MAS</planKey>
   <buildNumber>150</buildNumber>
   <revisionKey>83b38788ebb171e39eb69e1e3b56c982eb7c3321</revisionKey>
   <repositoryId>9601037</repositoryId>
   <customXmlData><![CDATA[]]></customXmlData>
  </vcsHistoryItem>
  <vcsHistoryItem>
   <id>15990849</id>
   <planKey>SACO-MAS</planKey>
   <buildNumber>150</buildNumber>
   <revisionKey>2f5f0a40ae5ca208da2b18c1aae9d3aa57eba16f</revisionKey>
   <repositoryId>9601042</repositoryId>
   <customXmlData><![CDATA[]]></customXmlData>
  </vcsHistoryItem>
  <vcsHistoryItem>
   <id>15990850</id>
   <planKey>SACO-MAS</planKey>
   <buildNumber>150</buildNumber>
   <revisionKey>f4624c622df0905b3e59a442dde44029764110ff</revisionKey>
   <repositoryId>10780673</repositoryId>
   <customXmlData><![CDATA[]]></customXmlData>
  </vcsHistoryItem>
  <vcsHistoryItem>
   <id>15990851</id>
   <planKey>SE-MAS</planKey>
   <buildNumber>73</buildNumber>
   <revisionKey>daaf85fb865c2f323d32b669c226f341bafedf96</revisionKey>
   <repositoryId>13041667</repositoryId>
   <customXmlData><![CDATA[]]></customXmlData>
  </vcsHistoryItem>
  <vcsHistoryItem>
   <id>15990852</id>
   <planKey>SE-MAS</planKey>
   <buildNumber>73</buildNumber>
   <revisionKey>2f5f0a40ae5ca208da2b18c1aae9d3aa57eba16f</revisionKey>
   <repositoryId>9601042</repositoryId>
   <customXmlData><![CDATA[]]></customXmlData>
  </vcsHistoryItem>
  <vcsHistoryItem>
   <id>15990853</id>
   <planKey>SE-MAS</planKey>
   <buildNumber>73</buildNumber>
   <revisionKey>f4624c622df0905b3e59a442dde44029764110ff</revisionKey>
   <repositoryId>10780673</repositoryId>
   <customXmlData><![CDATA[]]></customXmlData>
  </vcsHistoryItem>
  <vcsHistoryItem>
   <id>15990854</id>
   <planKey>SC-MAS</planKey>
   <buildNumber>90</buildNumber>
   <revisionKey>73628f8ab0e7d309cba1064536f909dcb5d6ca16</revisionKey>
   <repositoryId>9601034</repositoryId>
   <customXmlData><![CDATA[]]></customXmlData>
  </vcsHistoryItem>
  <vcsHistoryItem>
   <id>15990855</id>
   <planKey>SC-MAS</planKey>
   <buildNumber>90</buildNumber>
   <revisionKey>2f5f0a40ae5ca208da2b18c1aae9d3aa57eba16f</revisionKey>
   <repositoryId>9601042</repositoryId>
   <customXmlData><![CDATA[]]></customXmlData>
  </vcsHistoryItem>
  <vcsHistoryItem>
   <id>15990856</id>
   <planKey>SC-MAS</planKey>
   <buildNumber>90</buildNumber>
   <revisionKey>f4624c622df0905b3e59a442dde44029764110ff</revisionKey>
   <repositoryId>10780673</repositoryId>
   <customXmlData><![CDATA[]]></customXmlData>
  </vcsHistoryItem>
  <vcsHistoryItem>
   <id>15990857</id>
   <planKey>SACO-MAS</planKey>
   <buildNumber>151</buildNumber>
   <revisionKey>83b38788ebb171e39eb69e1e3b56c982eb7c3321</revisionKey>
   <repositoryId>9601037</repositoryId>
   <customXmlData><![CDATA[]]></customXmlData>
  </vcsHistoryItem>
  <vcsHistoryItem>
   <id>15990858</id>
   <planKey>SACO-MAS</planKey>
   <buildNumber>151</buildNumber>
   <revisionKey>2f5f0a40ae5ca208da2b18c1aae9d3aa57eba16f</revisionKey>
   <repositoryId>9601042</repositoryId>
   <customXmlData><![CDATA[]]></customXmlData>
  </vcsHistoryItem>
  <vcsHistoryItem>
   <id>15990859</id>
   <planKey>SACO-MAS</planKey>
   <buildNumber>151</buildNumber>
   <revisionKey>f4624c622df0905b3e59a442dde44029764110ff</revisionKey>
   <repositoryId>10780673</repositoryId>
   <customXmlData><![CDATA[]]></customXmlData>
  </vcsHistoryItem>
 </planVcsHistory>
</bamboo>