<?xml version='1.1' encoding='UTF-8' standalone='yes'?>
<bamboo>
 <date>Sun Mar 15 20:16:26 AEDT 2015</date>
 <version>5.7.2</version>
 <buildDate>02-Dec-2014</buildDate>
 <build>5716</build>
 <serverID>BG3Y-XJ99-GC6Z-FPP1</serverID>
 <sharedCapabilities>
  <local>
   <capability key="system.builder.devenv.Visual Studio 2012" value="C:\Program Files (x86)\Microsoft Visual Studio 11.0\Common7\IDE"/>
   <capability key="system.builder.devenv.Visual Studio 2013" value="C:\Program Files (x86)\Microsoft Visual Studio 12.0\Common7\IDE"/>
   <capability key="system.builder.msbuild.MSBuild Amd64" value="C:\Program Files (x86)\MSBuild\12.0\Bin\amd64\msbuild.exe"/>
   <capability key="system.builder.nunit.NCrunch" value="C:\Development\bamboo-home\xml-data\build-dir\SW-MAS-JOB1>&quot;C:\Program Files (x86)\Remco Software\NCrunch Console Tool\NCrunch.exe"/>
   <capability key="system.builder.nunit.NUnit 2.6.4" value="C:\Development\Tools\NUnit 2.6.4\bin\nunit-console.exe"/>
   <capability key="system.builder.nunit.XUnit" value="C:\Development\Tools\xunit-build-1705\xunit.console.exe"/>
   <capability key="system.git.executable" value="C:\Program Files (x86)\Git\cmd\git.exe"/>
   <capability key="system.jdk.JDK" value="C:\Program Files\Java\jre1.8.0_31"/>
   <capability key="system.jdk.JDK 1.8" value="C:\Program Files\Java\jre1.8.0_31"/>
   <capability key="system.jdk.JDK 1.8.0_31 (JRE)" value="C:\Program Files\Java\jre1.8.0_31"/>
  </local>
  <remote/>
 </sharedCapabilities>
</bamboo>