<?xml version='1.0' encoding='UTF-8'?>
<backup xmlns="http://www.atlassian.com/ao" xmlns:xsi="http://www.w3.org/2001/XMLSchema-instance">
  <database>
    <meta key="database.name" value="HSQL Database Engine"/>
    <meta key="database.version" value="1.8.0"/>
    <meta key="database.minorVersion" value="8"/>
    <meta key="database.majorVersion" value="1"/>
    <meta key="driver.name" value="HSQL Database Engine Driver"/>
    <meta key="driver.version" value="1.8.0"/>
  </database>
  <table name="AO_38321B_CUSTOM_CONTENT_LINK">
    <column name="CONTENT_KEY" primaryKey="false" autoIncrement="false" sqlType="12" precision="255"/>
    <column name="ID" primaryKey="true" autoIncrement="true" sqlType="4" precision="10"/>
    <column name="LINK_LABEL" primaryKey="false" autoIncrement="false" sqlType="12" precision="255"/>
    <column name="LINK_URL" primaryKey="false" autoIncrement="false" sqlType="12" precision="255"/>
    <column name="SEQUENCE" primaryKey="false" autoIncrement="false" sqlType="4" precision="10"/>
  </table>
  <table name="AO_7A45FB_AOTRACKING_ENTRY">
    <column name="ACTIVE" primaryKey="false" autoIncrement="false" sqlType="16" precision="1"/>
    <column name="PLAN_ID" primaryKey="false" autoIncrement="false" sqlType="-5" precision="19"/>
    <column name="TRACKING_ID" primaryKey="true" autoIncrement="true" sqlType="4" precision="10"/>
  </table>
  <table name="AO_7A45FB_AOTRACKING_RESULT">
    <column name="BUILD_NUMBER" primaryKey="false" autoIncrement="false" sqlType="4" precision="10"/>
    <column name="LINKED_TRACKING_ENTRY_ID" primaryKey="false" autoIncrement="false" sqlType="4" precision="10"/>
    <column name="RESULT_ID" primaryKey="true" autoIncrement="true" sqlType="4" precision="10"/>
    <column name="RESULT_SUMMARY_ID" primaryKey="false" autoIncrement="false" sqlType="-5" precision="19"/>
    <foreignKey fromTable="AO_7A45FB_AOTRACKING_RESULT" fromColumn="LINKED_TRACKING_ENTRY_ID" toTable="AO_7A45FB_AOTRACKING_ENTRY" toColumn="TRACKING_ID"/>
  </table>
  <table name="AO_7A45FB_AOTRACKING_USER">
    <column name="LINKED_TRACKING_ENTRY_ID" primaryKey="false" autoIncrement="false" sqlType="4" precision="10"/>
    <column name="USERNAME" primaryKey="false" autoIncrement="false" sqlType="12" precision="255"/>
    <column name="USER_ID" primaryKey="true" autoIncrement="true" sqlType="4" precision="10"/>
    <column name="USER_WHO_UPDATED" primaryKey="false" autoIncrement="false" sqlType="12" precision="255"/>
    <foreignKey fromTable="AO_7A45FB_AOTRACKING_USER" fromColumn="LINKED_TRACKING_ENTRY_ID" toTable="AO_7A45FB_AOTRACKING_ENTRY" toColumn="TRACKING_ID"/>
  </table>
  <table name="AO_A0B856_WEB_HOOK_LISTENER_AO">
    <column name="ENABLED" primaryKey="false" autoIncrement="false" sqlType="16" precision="1"/>
    <column name="EVENTS" primaryKey="false" autoIncrement="false" sqlType="-1" precision="2147483647"/>
    <column name="ID" primaryKey="true" autoIncrement="true" sqlType="4" precision="10"/>
    <column name="LAST_UPDATED" primaryKey="false" autoIncrement="false" sqlType="93" precision="29"/>
    <column name="LAST_UPDATED_USER" primaryKey="false" autoIncrement="false" sqlType="12" precision="255"/>
    <column name="NAME" primaryKey="false" autoIncrement="false" sqlType="-1" precision="2147483647"/>
    <column name="PARAMETERS" primaryKey="false" autoIncrement="false" sqlType="-1" precision="2147483647"/>
    <column name="REGISTRATION_METHOD" primaryKey="false" autoIncrement="false" sqlType="12" precision="255"/>
    <column name="URL" primaryKey="false" autoIncrement="false" sqlType="-1" precision="2147483647"/>
  </table>
  <data tableName="AO_38321B_CUSTOM_CONTENT_LINK">
    <column name="CONTENT_KEY"/>
    <column name="ID"/>
    <column name="LINK_LABEL"/>
    <column name="LINK_URL"/>
    <column name="SEQUENCE"/>
  </data>
  <data tableName="AO_7A45FB_AOTRACKING_ENTRY">
    <column name="ACTIVE"/>
    <column name="PLAN_ID"/>
    <column name="TRACKING_ID"/>
    <row>
      <boolean>false</boolean>
      <integer>393217</integer>
      <integer>1</integer>
    </row>
    <row>
      <boolean>false</boolean>
      <integer>393217</integer>
      <integer>2</integer>
    </row>
    <row>
      <boolean>false</boolean>
      <integer>393217</integer>
      <integer>3</integer>
    </row>
    <row>
      <boolean>false</boolean>
      <integer>1048578</integer>
      <integer>4</integer>
    </row>
    <row>
      <boolean>false</boolean>
      <integer>393217</integer>
      <integer>5</integer>
    </row>
    <row>
      <boolean>false</boolean>
      <integer>393217</integer>
      <integer>6</integer>
    </row>
    <row>
      <boolean>false</boolean>
      <integer>393217</integer>
      <integer>7</integer>
    </row>
    <row>
      <boolean>false</boolean>
      <integer>393217</integer>
      <integer>8</integer>
    </row>
    <row>
      <boolean>false</boolean>
      <integer>393217</integer>
      <integer>9</integer>
    </row>
    <row>
      <boolean>false</boolean>
      <integer>393217</integer>
      <integer>10</integer>
    </row>
    <row>
      <boolean>false</boolean>
      <integer>393217</integer>
      <integer>11</integer>
    </row>
    <row>
      <boolean>false</boolean>
      <integer>393217</integer>
      <integer>12</integer>
    </row>
    <row>
      <boolean>false</boolean>
      <integer>393217</integer>
      <integer>13</integer>
    </row>
    <row>
      <boolean>false</boolean>
      <integer>393217</integer>
      <integer>14</integer>
    </row>
    <row>
      <boolean>false</boolean>
      <integer>393217</integer>
      <integer>15</integer>
    </row>
    <row>
      <boolean>false</boolean>
      <integer>393217</integer>
      <integer>16</integer>
    </row>
    <row>
      <boolean>false</boolean>
      <integer>393217</integer>
      <integer>17</integer>
    </row>
    <row>
      <boolean>false</boolean>
      <integer>5013509</integer>
      <integer>19</integer>
    </row>
    <row>
      <boolean>false</boolean>
      <integer>5013509</integer>
      <integer>20</integer>
    </row>
    <row>
      <boolean>false</boolean>
      <integer>6553601</integer>
      <integer>21</integer>
    </row>
    <row>
      <boolean>false</boolean>
      <integer>6553601</integer>
      <integer>22</integer>
    </row>
    <row>
      <boolean>false</boolean>
      <integer>6553601</integer>
      <integer>23</integer>
    </row>
    <row>
      <boolean>false</boolean>
      <integer>6553601</integer>
      <integer>24</integer>
    </row>
    <row>
      <boolean>false</boolean>
      <integer>6553601</integer>
      <integer>25</integer>
    </row>
    <row>
      <boolean>false</boolean>
      <integer>393217</integer>
      <integer>26</integer>
    </row>
    <row>
      <boolean>false</boolean>
      <integer>393217</integer>
      <integer>27</integer>
    </row>
    <row>
      <boolean>false</boolean>
      <integer>7569412</integer>
      <integer>29</integer>
    </row>
    <row>
      <boolean>false</boolean>
      <integer>5013509</integer>
      <integer>30</integer>
    </row>
    <row>
      <boolean>false</boolean>
      <integer>7569412</integer>
      <integer>31</integer>
    </row>
    <row>
      <boolean>false</boolean>
      <integer>7569415</integer>
      <integer>32</integer>
    </row>
    <row>
      <boolean>false</boolean>
      <integer>7569415</integer>
      <integer>33</integer>
    </row>
    <row>
      <boolean>false</boolean>
      <integer>7569415</integer>
      <integer>34</integer>
    </row>
    <row>
      <boolean>false</boolean>
      <integer>7569415</integer>
      <integer>35</integer>
    </row>
    <row>
      <boolean>false</boolean>
      <integer>7569415</integer>
      <integer>36</integer>
    </row>
    <row>
      <boolean>false</boolean>
      <integer>7569415</integer>
      <integer>37</integer>
    </row>
    <row>
      <boolean>false</boolean>
      <integer>7569415</integer>
      <integer>38</integer>
    </row>
    <row>
      <boolean>false</boolean>
      <integer>7569415</integer>
      <integer>39</integer>
    </row>
    <row>
      <boolean>false</boolean>
      <integer>7569415</integer>
      <integer>40</integer>
    </row>
    <row>
      <boolean>false</boolean>
      <integer>7569415</integer>
      <integer>41</integer>
    </row>
    <row>
      <boolean>false</boolean>
      <integer>5013509</integer>
      <integer>42</integer>
    </row>
    <row>
      <boolean>false</boolean>
      <integer>393217</integer>
      <integer>43</integer>
    </row>
    <row>
      <boolean>false</boolean>
      <integer>393217</integer>
      <integer>44</integer>
    </row>
    <row>
      <boolean>false</boolean>
      <integer>7569415</integer>
      <integer>45</integer>
    </row>
    <row>
      <boolean>false</boolean>
      <integer>5013509</integer>
      <integer>46</integer>
    </row>
    <row>
      <boolean>false</boolean>
      <integer>10256385</integer>
      <integer>47</integer>
    </row>
    <row>
      <boolean>false</boolean>
      <integer>7569415</integer>
      <integer>48</integer>
    </row>
    <row>
      <boolean>false</boolean>
      <integer>7569412</integer>
      <integer>49</integer>
    </row>
    <row>
      <boolean>false</boolean>
      <integer>12845062</integer>
      <integer>50</integer>
    </row>
    <row>
      <boolean>false</boolean>
      <integer>393217</integer>
      <integer>51</integer>
    </row>
    <row>
      <boolean>false</boolean>
      <integer>7569412</integer>
      <integer>52</integer>
    </row>
    <row>
      <boolean>false</boolean>
      <integer>393217</integer>
      <integer>53</integer>
    </row>
    <row>
      <boolean>false</boolean>
      <integer>6553601</integer>
      <integer>54</integer>
    </row>
    <row>
      <boolean>false</boolean>
      <integer>7569415</integer>
      <integer>55</integer>
    </row>
    <row>
      <boolean>false</boolean>
      <integer>12845062</integer>
      <integer>56</integer>
    </row>
    <row>
      <boolean>false</boolean>
      <integer>393217</integer>
      <integer>57</integer>
    </row>
    <row>
      <boolean>false</boolean>
      <integer>6553601</integer>
      <integer>58</integer>
    </row>
    <row>
      <boolean>false</boolean>
      <integer>5013509</integer>
      <integer>59</integer>
    </row>
    <row>
      <boolean>false</boolean>
      <integer>16547841</integer>
      <integer>60</integer>
    </row>
    <row>
      <boolean>false</boolean>
      <integer>16547844</integer>
      <integer>61</integer>
    </row>
    <row>
      <boolean>false</boolean>
      <integer>17661953</integer>
      <integer>62</integer>
    </row>
    <row>
      <boolean>false</boolean>
      <integer>17661953</integer>
      <integer>63</integer>
    </row>
  </data>
  <data tableName="AO_7A45FB_AOTRACKING_RESULT">
    <column name="BUILD_NUMBER"/>
    <column name="LINKED_TRACKING_ENTRY_ID"/>
    <column name="RESULT_ID"/>
    <column name="RESULT_SUMMARY_ID"/>
    <row>
      <integer>2</integer>
      <integer>47</integer>
      <integer>231</integer>
      <integer>12157142</integer>
    </row>
    <row>
      <integer>1</integer>
      <integer>62</integer>
      <integer>328</integer>
      <integer>17170436</integer>
    </row>
    <row>
      <integer>2</integer>
      <integer>62</integer>
      <integer>329</integer>
      <integer>17170439</integer>
    </row>
    <row>
      <integer>13</integer>
      <integer>63</integer>
      <integer>330</integer>
      <integer>17170655</integer>
    </row>
  </data>
  <data tableName="AO_7A45FB_AOTRACKING_USER">
    <column name="LINKED_TRACKING_ENTRY_ID"/>
    <column name="USERNAME"/>
    <column name="USER_ID"/>
    <column name="USER_WHO_UPDATED"/>
    <row>
      <integer>30</integer>
      <string>thomas</string>
      <integer>1</integer>
      <string xsi:nil="true"/>
    </row>
    <row>
      <integer>42</integer>
      <string>thomas</string>
      <integer>2</integer>
      <string xsi:nil="true"/>
    </row>
    <row>
      <integer>45</integer>
      <string>thomas</string>
      <integer>3</integer>
      <string xsi:nil="true"/>
    </row>
    <row>
      <integer>46</integer>
      <string>thomas</string>
      <integer>4</integer>
      <string xsi:nil="true"/>
    </row>
    <row>
      <integer>47</integer>
      <string>thomas</string>
      <integer>5</integer>
      <string xsi:nil="true"/>
    </row>
    <row>
      <integer>51</integer>
      <string>thomas</string>
      <integer>6</integer>
      <string xsi:nil="true"/>
    </row>
    <row>
      <integer>52</integer>
      <string>thomas</string>
      <integer>7</integer>
      <string xsi:nil="true"/>
    </row>
    <row>
      <integer>53</integer>
      <string>thomas</string>
      <integer>8</integer>
      <string xsi:nil="true"/>
    </row>
    <row>
      <integer>55</integer>
      <string>thomas</string>
      <integer>9</integer>
      <string xsi:nil="true"/>
    </row>
    <row>
      <integer>57</integer>
      <string>thomas</string>
      <integer>10</integer>
      <string xsi:nil="true"/>
    </row>
    <row>
      <integer>58</integer>
      <string>thomas</string>
      <integer>11</integer>
      <string xsi:nil="true"/>
    </row>
    <row>
      <integer>63</integer>
      <string>thomas</string>
      <integer>12</integer>
      <string xsi:nil="true"/>
    </row>
  </data>
  <data tableName="AO_A0B856_WEB_HOOK_LISTENER_AO">
    <column name="ENABLED"/>
    <column name="EVENTS"/>
    <column name="ID"/>
    <column name="LAST_UPDATED"/>
    <column name="LAST_UPDATED_USER"/>
    <column name="NAME"/>
    <column name="PARAMETERS"/>
    <column name="REGISTRATION_METHOD"/>
    <column name="URL"/>
  </data>
</backup>