<?xml version='1.1' encoding='UTF-8' standalone='yes'?>
<bamboo>
 <date>Sun Mar 22 21:02:21 AEDT 2015</date>
 <version>5.7.2</version>
 <buildDate>02-Dec-2014</buildDate>
 <build>5716</build>
 <serverID>BG3Y-XJ99-GC6Z-FPP1</serverID>
 <artifacts>
  <artifact>
   <id>1343496</id>
   <label>NuGet Package</label>
   <sharedArtifact>false</sharedArtifact>
   <globallyStored>false</globallyStored>
   <type>com.atlassian.bamboo.plugin.artifact.handler.local:ServerLocalArtifactHandler</type>
   <size>23520</size>
   <planResultKey>SW-MAS0-JOB1-2</planResultKey>
  </artifact>
  <artifact>
   <id>2818105</id>
   <label>NuGet Package</label>
   <sharedArtifact>true</sharedArtifact>
   <globallyStored>false</globallyStored>
   <type>com.atlassian.bamboo.plugin.artifact.handler.local:ServerLocalArtifactHandler</type>
   <size>14589</size>
   <planResultKey>SW-MAS0-3</planResultKey>
  </artifact>
  <artifact>
   <id>2818106</id>
   <label>Scripts</label>
   <sharedArtifact>true</sharedArtifact>
   <globallyStored>false</globallyStored>
   <type>com.atlassian.bamboo.plugin.artifact.handler.local:ServerLocalArtifactHandler</type>
   <size>23478</size>
   <planResultKey>SW-MAS0-3</planResultKey>
  </artifact>
  <artifact>
   <id>2818107</id>
   <label>NuGet Package</label>
   <sharedArtifact>true</sharedArtifact>
   <globallyStored>false</globallyStored>
   <type>com.atlassian.bamboo.plugin.artifact.handler.local:ServerLocalArtifactHandler</type>
   <size>14592</size>
   <planResultKey>SW-MAS0-4</planResultKey>
  </artifact>
  <artifact>
   <id>2818108</id>
   <label>Scripts</label>
   <sharedArtifact>true</sharedArtifact>
   <globallyStored>false</globallyStored>
   <type>com.atlassian.bamboo.plugin.artifact.handler.local:ServerLocalArtifactHandler</type>
   <size>22220</size>
   <planResultKey>SW-MAS0-4</planResultKey>
  </artifact>
  <artifact>
   <id>9928725</id>
   <label>Source</label>
   <sharedArtifact>true</sharedArtifact>
   <globallyStored>false</globallyStored>
   <type>com.atlassian.bamboo.plugin.artifact.handler.local:ServerLocalArtifactHandler</type>
   <size>23340704</size>
   <planResultKey>SC-MAS0-1</planResultKey>
  </artifact>
  <artifact>
   <id>9928726</id>
   <label>Scripts</label>
   <sharedArtifact>true</sharedArtifact>
   <globallyStored>false</globallyStored>
   <type>com.atlassian.bamboo.plugin.artifact.handler.local:ServerLocalArtifactHandler</type>
   <size>12194</size>
   <planResultKey>SC-MAS0-1</planResultKey>
  </artifact>
  <artifact>
   <id>9928727</id>
   <label>NuGet Package</label>
   <sharedArtifact>true</sharedArtifact>
   <globallyStored>false</globallyStored>
   <type>com.atlassian.bamboo.plugin.artifact.handler.local:ServerLocalArtifactHandler</type>
   <size>8913</size>
   <planResultKey>SC-MAS0-1</planResultKey>
  </artifact>
  <artifact>
   <id>9928728</id>
   <label>Tools</label>
   <sharedArtifact>true</sharedArtifact>
   <globallyStored>false</globallyStored>
   <type>com.atlassian.bamboo.plugin.artifact.handler.local:ServerLocalArtifactHandler</type>
   <size>36352</size>
   <planResultKey>SC-MAS0-1</planResultKey>
  </artifact>
  <artifact>
   <id>9928729</id>
   <label>Source</label>
   <sharedArtifact>true</sharedArtifact>
   <globallyStored>false</globallyStored>
   <type>com.atlassian.bamboo.plugin.artifact.handler.local:ServerLocalArtifactHandler</type>
   <size>38209366</size>
   <planResultKey>SW-MAS1-1</planResultKey>
  </artifact>
  <artifact>
   <id>9928730</id>
   <label>NuGet Package</label>
   <sharedArtifact>true</sharedArtifact>
   <globallyStored>false</globallyStored>
   <type>com.atlassian.bamboo.plugin.artifact.handler.local:ServerLocalArtifactHandler</type>
   <size>16282</size>
   <planResultKey>SW-MAS1-1</planResultKey>
  </artifact>
  <artifact>
   <id>9928731</id>
   <label>Scripts</label>
   <sharedArtifact>true</sharedArtifact>
   <globallyStored>false</globallyStored>
   <type>com.atlassian.bamboo.plugin.artifact.handler.local:ServerLocalArtifactHandler</type>
   <size>12194</size>
   <planResultKey>SW-MAS1-1</planResultKey>
  </artifact>
  <artifact>
   <id>9928732</id>
   <label>Tools</label>
   <sharedArtifact>true</sharedArtifact>
   <globallyStored>false</globallyStored>
   <type>com.atlassian.bamboo.plugin.artifact.handler.local:ServerLocalArtifactHandler</type>
   <size>36352</size>
   <planResultKey>SW-MAS1-1</planResultKey>
  </artifact>
  <artifact>
   <id>12353653</id>
   <label>Source</label>
   <sharedArtifact>true</sharedArtifact>
   <globallyStored>false</globallyStored>
   <type>com.atlassian.bamboo.plugin.artifact.handler.local:ServerLocalArtifactHandler</type>
   <size>20344179</size>
   <planResultKey>SC-MAS0-2</planResultKey>
  </artifact>
  <artifact>
   <id>12353654</id>
   <label>ReSharper Results</label>
   <sharedArtifact>false</sharedArtifact>
   <globallyStored>false</globallyStored>
   <type>com.atlassian.bamboo.plugin.artifact.handler.local:ServerLocalArtifactHandler</type>
   <size>337</size>
   <planResultKey>SC-MAS0-JOB1-2</planResultKey>
  </artifact>
  <artifact>
   <id>15237204</id>
   <label>Source</label>
   <sharedArtifact>true</sharedArtifact>
   <globallyStored>true</globallyStored>
   <type>com.atlassian.bamboo.plugin.artifact.handler.local:ServerLocalArtifactHandler</type>
   <size>8228258</size>
   <planResultKey>SXE-MAS-50</planResultKey>
  </artifact>
  <artifact>
   <id>15237206</id>
   <label>NuGet Package</label>
   <sharedArtifact>true</sharedArtifact>
   <globallyStored>true</globallyStored>
   <type>com.atlassian.bamboo.plugin.artifact.handler.local:ServerLocalArtifactHandler</type>
   <size>6320</size>
   <planResultKey>SXE-MAS-50</planResultKey>
  </artifact>
  <artifact>
   <id>15237216</id>
   <label>Source</label>
   <sharedArtifact>true</sharedArtifact>
   <globallyStored>false</globallyStored>
   <type>com.atlassian.bamboo.plugin.artifact.handler.local:ServerLocalArtifactHandler</type>
   <size>38174782</size>
   <planResultKey>SW-MAS1-2</planResultKey>
  </artifact>
  <artifact>
   <id>15237217</id>
   <label>ReSharper Results</label>
   <sharedArtifact>false</sharedArtifact>
   <globallyStored>false</globallyStored>
   <type>com.atlassian.bamboo.plugin.artifact.handler.local:ServerLocalArtifactHandler</type>
   <size>853</size>
   <planResultKey>SW-MAS1-JOB1-2</planResultKey>
  </artifact>
  <artifact>
   <id>15237224</id>
   <label>NuGet Package</label>
   <sharedArtifact>true</sharedArtifact>
   <globallyStored>false</globallyStored>
   <type>com.atlassian.bamboo.plugin.artifact.handler.local:ServerLocalArtifactHandler</type>
   <size>16290</size>
   <planResultKey>SW-MAS1-2</planResultKey>
  </artifact>
  <artifact>
   <id>15237228</id>
   <label>Source</label>
   <sharedArtifact>true</sharedArtifact>
   <globallyStored>false</globallyStored>
   <type>com.atlassian.bamboo.plugin.artifact.handler.local:ServerLocalArtifactHandler</type>
   <size>23334726</size>
   <planResultKey>SC-MAS0-3</planResultKey>
  </artifact>
  <artifact>
   <id>15237229</id>
   <label>ReSharper Results</label>
   <sharedArtifact>false</sharedArtifact>
   <globallyStored>false</globallyStored>
   <type>com.atlassian.bamboo.plugin.artifact.handler.local:ServerLocalArtifactHandler</type>
   <size>337</size>
   <planResultKey>SC-MAS0-JOB1-3</planResultKey>
  </artifact>
  <artifact>
   <id>15237232</id>
   <label>NuGet Package</label>
   <sharedArtifact>true</sharedArtifact>
   <globallyStored>false</globallyStored>
   <type>com.atlassian.bamboo.plugin.artifact.handler.local:ServerLocalArtifactHandler</type>
   <size>8914</size>
   <planResultKey>SC-MAS0-3</planResultKey>
  </artifact>
  <artifact>
   <id>16023602</id>
   <label>Source</label>
   <sharedArtifact>true</sharedArtifact>
   <globallyStored>false</globallyStored>
   <type>com.atlassian.bamboo.plugin.artifact.handler.local:ServerLocalArtifactHandler</type>
   <size>8228256</size>
   <planResultKey>SXE-MAS-52</planResultKey>
  </artifact>
  <artifact>
   <id>16023603</id>
   <label>ReSharper Results</label>
   <sharedArtifact>false</sharedArtifact>
   <globallyStored>false</globallyStored>
   <type>com.atlassian.bamboo.plugin.artifact.handler.local:ServerLocalArtifactHandler</type>
   <size>347</size>
   <planResultKey>SXE-MAS-JOB1-52</planResultKey>
  </artifact>
  <artifact>
   <id>16023606</id>
   <label>NuGet Package</label>
   <sharedArtifact>true</sharedArtifact>
   <globallyStored>false</globallyStored>
   <type>com.atlassian.bamboo.plugin.artifact.handler.local:ServerLocalArtifactHandler</type>
   <size>6318</size>
   <planResultKey>SXE-MAS-52</planResultKey>
  </artifact>
  <artifact>
   <id>16023633</id>
   <label>Source</label>
   <sharedArtifact>true</sharedArtifact>
   <globallyStored>false</globallyStored>
   <type>com.atlassian.bamboo.plugin.artifact.handler.local:ServerLocalArtifactHandler</type>
   <size>38198350</size>
   <planResultKey>SG-MAS-8</planResultKey>
  </artifact>
  <artifact>
   <id>16023634</id>
   <label>ReSharper Results</label>
   <sharedArtifact>false</sharedArtifact>
   <globallyStored>false</globallyStored>
   <type>com.atlassian.bamboo.plugin.artifact.handler.local:ServerLocalArtifactHandler</type>
   <size>339</size>
   <planResultKey>SG-MAS-JOB1-8</planResultKey>
  </artifact>
  <artifact>
   <id>16023635</id>
   <label>NuGet Package</label>
   <sharedArtifact>true</sharedArtifact>
   <globallyStored>false</globallyStored>
   <type>com.atlassian.bamboo.plugin.artifact.handler.local:ServerLocalArtifactHandler</type>
   <size>19462</size>
   <planResultKey>SG-MAS-8</planResultKey>
  </artifact>
  <artifact>
   <id>16023643</id>
   <label>Source</label>
   <sharedArtifact>true</sharedArtifact>
   <globallyStored>true</globallyStored>
   <type>com.atlassian.bamboo.plugin.artifact.handler.local:ServerLocalArtifactHandler</type>
   <size>34447886</size>
   <planResultKey>SR-MAS-5</planResultKey>
  </artifact>
  <artifact>
   <id>16023645</id>
   <label>NuGet Package</label>
   <sharedArtifact>true</sharedArtifact>
   <globallyStored>true</globallyStored>
   <type>com.atlassian.bamboo.plugin.artifact.handler.local:ServerLocalArtifactHandler</type>
   <size>24513</size>
   <planResultKey>SR-MAS-5</planResultKey>
  </artifact>
  <artifact>
   <id>16023652</id>
   <label>Source</label>
   <sharedArtifact>true</sharedArtifact>
   <globallyStored>false</globallyStored>
   <type>com.atlassian.bamboo.plugin.artifact.handler.local:ServerLocalArtifactHandler</type>
   <size>7214500</size>
   <planResultKey>SXE-MAS-53</planResultKey>
  </artifact>
  <artifact>
   <id>16023653</id>
   <label>ReSharper Results</label>
   <sharedArtifact>false</sharedArtifact>
   <globallyStored>false</globallyStored>
   <type>com.atlassian.bamboo.plugin.artifact.handler.local:ServerLocalArtifactHandler</type>
   <size>347</size>
   <planResultKey>SXE-MAS-JOB1-53</planResultKey>
  </artifact>
  <artifact>
   <id>16023654</id>
   <label>NuGet Package</label>
   <sharedArtifact>true</sharedArtifact>
   <globallyStored>false</globallyStored>
   <type>com.atlassian.bamboo.plugin.artifact.handler.local:ServerLocalArtifactHandler</type>
   <size>6152</size>
   <planResultKey>SXE-MAS-53</planResultKey>
  </artifact>
  <artifact>
   <id>16023658</id>
   <label>Source</label>
   <sharedArtifact>true</sharedArtifact>
   <globallyStored>false</globallyStored>
   <type>com.atlassian.bamboo.plugin.artifact.handler.local:ServerLocalArtifactHandler</type>
   <size>38177421</size>
   <planResultKey>SW-MAS-184</planResultKey>
  </artifact>
  <artifact>
   <id>16023659</id>
   <label>ReSharper Results</label>
   <sharedArtifact>false</sharedArtifact>
   <globallyStored>false</globallyStored>
   <type>com.atlassian.bamboo.plugin.artifact.handler.local:ServerLocalArtifactHandler</type>
   <size>853</size>
   <planResultKey>SW-MAS-JOB1-184</planResultKey>
  </artifact>
  <artifact>
   <id>16023660</id>
   <label>NuGet Package</label>
   <sharedArtifact>true</sharedArtifact>
   <globallyStored>false</globallyStored>
   <type>com.atlassian.bamboo.plugin.artifact.handler.local:ServerLocalArtifactHandler</type>
   <size>16286</size>
   <planResultKey>SW-MAS-184</planResultKey>
  </artifact>
  <artifact>
   <id>16023672</id>
   <label>Source</label>
   <sharedArtifact>true</sharedArtifact>
   <globallyStored>false</globallyStored>
   <type>com.atlassian.bamboo.plugin.artifact.handler.local:ServerLocalArtifactHandler</type>
   <size>5101403</size>
   <planResultKey>SNE-MN-90</planResultKey>
  </artifact>
  <artifact>
   <id>16023673</id>
   <label>ReSharper Results</label>
   <sharedArtifact>false</sharedArtifact>
   <globallyStored>false</globallyStored>
   <type>com.atlassian.bamboo.plugin.artifact.handler.local:ServerLocalArtifactHandler</type>
   <size>347</size>
   <planResultKey>SNE-MN-JOB1-90</planResultKey>
  </artifact>
  <artifact>
   <id>16023675</id>
   <label>NuGet Package</label>
   <sharedArtifact>true</sharedArtifact>
   <globallyStored>false</globallyStored>
   <type>com.atlassian.bamboo.plugin.artifact.handler.local:ServerLocalArtifactHandler</type>
   <size>9249</size>
   <planResultKey>SNE-MN-90</planResultKey>
  </artifact>
  <artifact>
   <id>16023679</id>
   <label>Source</label>
   <sharedArtifact>true</sharedArtifact>
   <globallyStored>false</globallyStored>
   <type>com.atlassian.bamboo.plugin.artifact.handler.local:ServerLocalArtifactHandler</type>
   <size>38282675</size>
   <planResultKey>SG-MAS-9</planResultKey>
  </artifact>
  <artifact>
   <id>16023680</id>
   <label>ReSharper Results</label>
   <sharedArtifact>false</sharedArtifact>
   <globallyStored>false</globallyStored>
   <type>com.atlassian.bamboo.plugin.artifact.handler.local:ServerLocalArtifactHandler</type>
   <size>339</size>
   <planResultKey>SG-MAS-JOB1-9</planResultKey>
  </artifact>
  <artifact>
   <id>16023681</id>
   <label>NuGet Package</label>
   <sharedArtifact>true</sharedArtifact>
   <globallyStored>false</globallyStored>
   <type>com.atlassian.bamboo.plugin.artifact.handler.local:ServerLocalArtifactHandler</type>
   <size>19375</size>
   <planResultKey>SG-MAS-9</planResultKey>
  </artifact>
  <artifact>
   <id>16023700</id>
   <label>Source</label>
   <sharedArtifact>true</sharedArtifact>
   <globallyStored>false</globallyStored>
   <type>com.atlassian.bamboo.plugin.artifact.handler.local:ServerLocalArtifactHandler</type>
   <size>23334453</size>
   <planResultKey>SC-MAS-93</planResultKey>
  </artifact>
  <artifact>
   <id>16023701</id>
   <label>ReSharper Results</label>
   <sharedArtifact>false</sharedArtifact>
   <globallyStored>false</globallyStored>
   <type>com.atlassian.bamboo.plugin.artifact.handler.local:ServerLocalArtifactHandler</type>
   <size>337</size>
   <planResultKey>SC-MAS-JOB1-93</planResultKey>
  </artifact>
  <artifact>
   <id>16023702</id>
   <label>NuGet Package</label>
   <sharedArtifact>true</sharedArtifact>
   <globallyStored>false</globallyStored>
   <type>com.atlassian.bamboo.plugin.artifact.handler.local:ServerLocalArtifactHandler</type>
   <size>8914</size>
   <planResultKey>SC-MAS-93</planResultKey>
  </artifact>
  <artifact>
   <id>16023705</id>
   <label>Source</label>
   <sharedArtifact>true</sharedArtifact>
   <globallyStored>false</globallyStored>
   <type>com.atlassian.bamboo.plugin.artifact.handler.local:ServerLocalArtifactHandler</type>
   <size>34532792</size>
   <planResultKey>SR-MAS-11</planResultKey>
  </artifact>
  <artifact>
   <id>16023706</id>
   <label>ReSharper Results</label>
   <sharedArtifact>false</sharedArtifact>
   <globallyStored>false</globallyStored>
   <type>com.atlassian.bamboo.plugin.artifact.handler.local:ServerLocalArtifactHandler</type>
   <size>340</size>
   <planResultKey>SR-MAS-JOB1-11</planResultKey>
  </artifact>
  <artifact>
   <id>16023708</id>
   <label>NuGet Package</label>
   <sharedArtifact>true</sharedArtifact>
   <globallyStored>false</globallyStored>
   <type>com.atlassian.bamboo.plugin.artifact.handler.local:ServerLocalArtifactHandler</type>
   <size>24437</size>
   <planResultKey>SR-MAS-11</planResultKey>
  </artifact>
  <artifact>
   <id>17334273</id>
   <label>Source</label>
   <sharedArtifact>true</sharedArtifact>
   <globallyStored>false</globallyStored>
   <type>com.atlassian.bamboo.plugin.artifact.handler.local:ServerLocalArtifactHandler</type>
   <size>58862250</size>
   <planResultKey>SACO-MAS-157</planResultKey>
  </artifact>
  <artifact>
   <id>17334274</id>
   <label>ReSharper Results</label>
   <sharedArtifact>false</sharedArtifact>
   <globallyStored>false</globallyStored>
   <type>com.atlassian.bamboo.plugin.artifact.handler.local:ServerLocalArtifactHandler</type>
   <size>334</size>
   <planResultKey>SACO-MAS-JOB1-157</planResultKey>
  </artifact>
  <artifact>
   <id>17334275</id>
   <label>NuGet Package</label>
   <sharedArtifact>true</sharedArtifact>
   <globallyStored>false</globallyStored>
   <type>com.atlassian.bamboo.plugin.artifact.handler.local:ServerLocalArtifactHandler</type>
   <size>43426</size>
   <planResultKey>SACO-MAS-157</planResultKey>
  </artifact>
  <artifact>
   <id>17334276</id>
   <label>Source</label>
   <sharedArtifact>true</sharedArtifact>
   <globallyStored>false</globallyStored>
   <type>com.atlassian.bamboo.plugin.artifact.handler.local:ServerLocalArtifactHandler</type>
   <size>6025690</size>
   <planResultKey>SSC-MAS-1</planResultKey>
  </artifact>
  <artifact>
   <id>17334277</id>
   <label>Source</label>
   <sharedArtifact>true</sharedArtifact>
   <globallyStored>false</globallyStored>
   <type>com.atlassian.bamboo.plugin.artifact.handler.local:ServerLocalArtifactHandler</type>
   <size>38352202</size>
   <planResultKey>SSC-MAS-2</planResultKey>
  </artifact>
  <artifact>
   <id>17334278</id>
   <label>ReSharper Results</label>
   <sharedArtifact>false</sharedArtifact>
   <globallyStored>false</globallyStored>
   <type>com.atlassian.bamboo.plugin.artifact.handler.local:ServerLocalArtifactHandler</type>
   <size>3125</size>
   <planResultKey>SSC-MAS-JOB1-2</planResultKey>
  </artifact>
  <artifact>
   <id>17334279</id>
   <label>Source</label>
   <sharedArtifact>true</sharedArtifact>
   <globallyStored>false</globallyStored>
   <type>com.atlassian.bamboo.plugin.artifact.handler.local:ServerLocalArtifactHandler</type>
   <size>51924242</size>
   <planResultKey>SSC-MAS-3</planResultKey>
  </artifact>
  <artifact>
   <id>17334280</id>
   <label>ReSharper Results</label>
   <sharedArtifact>false</sharedArtifact>
   <globallyStored>false</globallyStored>
   <type>com.atlassian.bamboo.plugin.artifact.handler.local:ServerLocalArtifactHandler</type>
   <size>346</size>
   <planResultKey>SSC-MAS-JOB1-3</planResultKey>
  </artifact>
  <artifact>
   <id>17334281</id>
   <label>NuGet Package</label>
   <sharedArtifact>true</sharedArtifact>
   <globallyStored>false</globallyStored>
   <type>com.atlassian.bamboo.plugin.artifact.handler.local:ServerLocalArtifactHandler</type>
   <size>28946</size>
   <planResultKey>SSC-MAS-3</planResultKey>
  </artifact>
  <artifact>
   <id>17334282</id>
   <label>Source</label>
   <sharedArtifact>true</sharedArtifact>
   <globallyStored>false</globallyStored>
   <type>com.atlassian.bamboo.plugin.artifact.handler.local:ServerLocalArtifactHandler</type>
   <size>51924324</size>
   <planResultKey>SSC-MAS-4</planResultKey>
  </artifact>
  <artifact>
   <id>17334283</id>
   <label>ReSharper Results</label>
   <sharedArtifact>false</sharedArtifact>
   <globallyStored>false</globallyStored>
   <type>com.atlassian.bamboo.plugin.artifact.handler.local:ServerLocalArtifactHandler</type>
   <size>346</size>
   <planResultKey>SSC-MAS-JOB1-4</planResultKey>
  </artifact>
  <artifact>
   <id>17334284</id>
   <label>NuGet Package</label>
   <sharedArtifact>true</sharedArtifact>
   <globallyStored>false</globallyStored>
   <type>com.atlassian.bamboo.plugin.artifact.handler.local:ServerLocalArtifactHandler</type>
   <size>28982</size>
   <planResultKey>SSC-MAS-4</planResultKey>
  </artifact>
  <artifact>
   <id>17334285</id>
   <label>Source</label>
   <sharedArtifact>true</sharedArtifact>
   <globallyStored>false</globallyStored>
   <type>com.atlassian.bamboo.plugin.artifact.handler.local:ServerLocalArtifactHandler</type>
   <size>58862034</size>
   <planResultKey>SACO-MAS-158</planResultKey>
  </artifact>
  <artifact>
   <id>17334286</id>
   <label>ReSharper Results</label>
   <sharedArtifact>false</sharedArtifact>
   <globallyStored>false</globallyStored>
   <type>com.atlassian.bamboo.plugin.artifact.handler.local:ServerLocalArtifactHandler</type>
   <size>334</size>
   <planResultKey>SACO-MAS-JOB1-158</planResultKey>
  </artifact>
  <artifact>
   <id>17334287</id>
   <label>Source</label>
   <sharedArtifact>true</sharedArtifact>
   <globallyStored>false</globallyStored>
   <type>com.atlassian.bamboo.plugin.artifact.handler.local:ServerLocalArtifactHandler</type>
   <size>38179145</size>
   <planResultKey>SW-MAS-185</planResultKey>
  </artifact>
  <artifact>
   <id>17334288</id>
   <label>ReSharper Results</label>
   <sharedArtifact>false</sharedArtifact>
   <globallyStored>false</globallyStored>
   <type>com.atlassian.bamboo.plugin.artifact.handler.local:ServerLocalArtifactHandler</type>
   <size>853</size>
   <planResultKey>SW-MAS-JOB1-185</planResultKey>
  </artifact>
  <artifact>
   <id>17334289</id>
   <label>Source</label>
   <sharedArtifact>true</sharedArtifact>
   <globallyStored>false</globallyStored>
   <type>com.atlassian.bamboo.plugin.artifact.handler.local:ServerLocalArtifactHandler</type>
   <size>38282794</size>
   <planResultKey>SG-MAS-10</planResultKey>
  </artifact>
  <artifact>
   <id>17334290</id>
   <label>ReSharper Results</label>
   <sharedArtifact>false</sharedArtifact>
   <globallyStored>false</globallyStored>
   <type>com.atlassian.bamboo.plugin.artifact.handler.local:ServerLocalArtifactHandler</type>
   <size>339</size>
   <planResultKey>SG-MAS-JOB1-10</planResultKey>
  </artifact>
  <artifact>
   <id>17334291</id>
   <label>NuGet Package</label>
   <sharedArtifact>true</sharedArtifact>
   <globallyStored>false</globallyStored>
   <type>com.atlassian.bamboo.plugin.artifact.handler.local:ServerLocalArtifactHandler</type>
   <size>44669</size>
   <planResultKey>SACO-MAS-158</planResultKey>
  </artifact>
  <artifact>
   <id>17334292</id>
   <label>Source</label>
   <sharedArtifact>true</sharedArtifact>
   <globallyStored>false</globallyStored>
   <type>com.atlassian.bamboo.plugin.artifact.handler.local:ServerLocalArtifactHandler</type>
   <size>5102550</size>
   <planResultKey>SNE-MN-91</planResultKey>
  </artifact>
  <artifact>
   <id>17334293</id>
   <label>ReSharper Results</label>
   <sharedArtifact>false</sharedArtifact>
   <globallyStored>false</globallyStored>
   <type>com.atlassian.bamboo.plugin.artifact.handler.local:ServerLocalArtifactHandler</type>
   <size>347</size>
   <planResultKey>SNE-MN-JOB1-91</planResultKey>
  </artifact>
  <artifact>
   <id>17334294</id>
   <label>NuGet Package</label>
   <sharedArtifact>true</sharedArtifact>
   <globallyStored>false</globallyStored>
   <type>com.atlassian.bamboo.plugin.artifact.handler.local:ServerLocalArtifactHandler</type>
   <size>15983</size>
   <planResultKey>SW-MAS-185</planResultKey>
  </artifact>
  <artifact>
   <id>17334295</id>
   <label>NuGet Package</label>
   <sharedArtifact>true</sharedArtifact>
   <globallyStored>false</globallyStored>
   <type>com.atlassian.bamboo.plugin.artifact.handler.local:ServerLocalArtifactHandler</type>
   <size>19399</size>
   <planResultKey>SG-MAS-10</planResultKey>
  </artifact>
  <artifact>
   <id>17334296</id>
   <label>NuGet Package</label>
   <sharedArtifact>true</sharedArtifact>
   <globallyStored>false</globallyStored>
   <type>com.atlassian.bamboo.plugin.artifact.handler.local:ServerLocalArtifactHandler</type>
   <size>9268</size>
   <planResultKey>SNE-MN-91</planResultKey>
  </artifact>
  <artifact>
   <id>17334297</id>
   <label>Source</label>
   <sharedArtifact>true</sharedArtifact>
   <globallyStored>false</globallyStored>
   <type>com.atlassian.bamboo.plugin.artifact.handler.local:ServerLocalArtifactHandler</type>
   <size>23334156</size>
   <planResultKey>SC-MAS-94</planResultKey>
  </artifact>
  <artifact>
   <id>17334298</id>
   <label>ReSharper Results</label>
   <sharedArtifact>false</sharedArtifact>
   <globallyStored>false</globallyStored>
   <type>com.atlassian.bamboo.plugin.artifact.handler.local:ServerLocalArtifactHandler</type>
   <size>337</size>
   <planResultKey>SC-MAS-JOB1-94</planResultKey>
  </artifact>
  <artifact>
   <id>17334299</id>
   <label>Source</label>
   <sharedArtifact>true</sharedArtifact>
   <globallyStored>false</globallyStored>
   <type>com.atlassian.bamboo.plugin.artifact.handler.local:ServerLocalArtifactHandler</type>
   <size>45810573</size>
   <planResultKey>SE-MAS-77</planResultKey>
  </artifact>
  <artifact>
   <id>17334300</id>
   <label>ReSharper Results</label>
   <sharedArtifact>false</sharedArtifact>
   <globallyStored>false</globallyStored>
   <type>com.atlassian.bamboo.plugin.artifact.handler.local:ServerLocalArtifactHandler</type>
   <size>339</size>
   <planResultKey>SE-MAS-JOB1-77</planResultKey>
  </artifact>
  <artifact>
   <id>17334301</id>
   <label>NuGet Package</label>
   <sharedArtifact>true</sharedArtifact>
   <globallyStored>false</globallyStored>
   <type>com.atlassian.bamboo.plugin.artifact.handler.local:ServerLocalArtifactHandler</type>
   <size>8917</size>
   <planResultKey>SC-MAS-94</planResultKey>
  </artifact>
  <artifact>
   <id>17334302</id>
   <label>NuGet Package</label>
   <sharedArtifact>true</sharedArtifact>
   <globallyStored>false</globallyStored>
   <type>com.atlassian.bamboo.plugin.artifact.handler.local:ServerLocalArtifactHandler</type>
   <size>16472</size>
   <planResultKey>SE-MAS-77</planResultKey>
  </artifact>
  <artifact>
   <id>17334303</id>
   <label>Source</label>
   <sharedArtifact>true</sharedArtifact>
   <globallyStored>false</globallyStored>
   <type>com.atlassian.bamboo.plugin.artifact.handler.local:ServerLocalArtifactHandler</type>
   <size>58864013</size>
   <planResultKey>SACO-MAS-159</planResultKey>
  </artifact>
  <artifact>
   <id>17334304</id>
   <label>ReSharper Results</label>
   <sharedArtifact>false</sharedArtifact>
   <globallyStored>false</globallyStored>
   <type>com.atlassian.bamboo.plugin.artifact.handler.local:ServerLocalArtifactHandler</type>
   <size>334</size>
   <planResultKey>SACO-MAS-JOB1-159</planResultKey>
  </artifact>
  <artifact>
   <id>17334305</id>
   <label>Source</label>
   <sharedArtifact>true</sharedArtifact>
   <globallyStored>false</globallyStored>
   <type>com.atlassian.bamboo.plugin.artifact.handler.local:ServerLocalArtifactHandler</type>
   <size>34532615</size>
   <planResultKey>SR-MAS-12</planResultKey>
  </artifact>
  <artifact>
   <id>17334306</id>
   <label>ReSharper Results</label>
   <sharedArtifact>false</sharedArtifact>
   <globallyStored>false</globallyStored>
   <type>com.atlassian.bamboo.plugin.artifact.handler.local:ServerLocalArtifactHandler</type>
   <size>340</size>
   <planResultKey>SR-MAS-JOB1-12</planResultKey>
  </artifact>
  <artifact>
   <id>17334307</id>
   <label>NuGet Package</label>
   <sharedArtifact>true</sharedArtifact>
   <globallyStored>false</globallyStored>
   <type>com.atlassian.bamboo.plugin.artifact.handler.local:ServerLocalArtifactHandler</type>
   <size>43443</size>
   <planResultKey>SACO-MAS-159</planResultKey>
  </artifact>
  <artifact>
   <id>17334308</id>
   <label>NuGet Package</label>
   <sharedArtifact>true</sharedArtifact>
   <globallyStored>false</globallyStored>
   <type>com.atlassian.bamboo.plugin.artifact.handler.local:ServerLocalArtifactHandler</type>
   <size>24460</size>
   <planResultKey>SR-MAS-12</planResultKey>
  </artifact>
  <artifact>
   <id>17334309</id>
   <label>Source</label>
   <sharedArtifact>true</sharedArtifact>
   <globallyStored>false</globallyStored>
   <type>com.atlassian.bamboo.plugin.artifact.handler.local:ServerLocalArtifactHandler</type>
   <size>52055330</size>
   <planResultKey>SSC-MAS-5</planResultKey>
  </artifact>
  <artifact>
   <id>17334310</id>
   <label>ReSharper Results</label>
   <sharedArtifact>false</sharedArtifact>
   <globallyStored>false</globallyStored>
   <type>com.atlassian.bamboo.plugin.artifact.handler.local:ServerLocalArtifactHandler</type>
   <size>346</size>
   <planResultKey>SSC-MAS-JOB1-5</planResultKey>
  </artifact>
  <artifact>
   <id>17334311</id>
   <label>NuGet Package</label>
   <sharedArtifact>true</sharedArtifact>
   <globallyStored>false</globallyStored>
   <type>com.atlassian.bamboo.plugin.artifact.handler.local:ServerLocalArtifactHandler</type>
   <size>28993</size>
   <planResultKey>SSC-MAS-5</planResultKey>
  </artifact>
  <artifact>
   <id>17334312</id>
   <label>Source</label>
   <sharedArtifact>true</sharedArtifact>
   <globallyStored>false</globallyStored>
   <type>com.atlassian.bamboo.plugin.artifact.handler.local:ServerLocalArtifactHandler</type>
   <size>58864247</size>
   <planResultKey>SACO-MAS-160</planResultKey>
  </artifact>
  <artifact>
   <id>17334313</id>
   <label>ReSharper Results</label>
   <sharedArtifact>false</sharedArtifact>
   <globallyStored>false</globallyStored>
   <type>com.atlassian.bamboo.plugin.artifact.handler.local:ServerLocalArtifactHandler</type>
   <size>334</size>
   <planResultKey>SACO-MAS-JOB1-160</planResultKey>
  </artifact>
  <artifact>
   <id>17334314</id>
   <label>NuGet Package</label>
   <sharedArtifact>true</sharedArtifact>
   <globallyStored>false</globallyStored>
   <type>com.atlassian.bamboo.plugin.artifact.handler.local:ServerLocalArtifactHandler</type>
   <size>44094</size>
   <planResultKey>SACO-MAS-160</planResultKey>
  </artifact>
  <artifact>
   <id>17334315</id>
   <label>Source</label>
   <sharedArtifact>true</sharedArtifact>
   <globallyStored>false</globallyStored>
   <type>com.atlassian.bamboo.plugin.artifact.handler.local:ServerLocalArtifactHandler</type>
   <size>8228247</size>
   <planResultKey>SXE-MAS-54</planResultKey>
  </artifact>
  <artifact>
   <id>17334316</id>
   <label>ReSharper Results</label>
   <sharedArtifact>false</sharedArtifact>
   <globallyStored>false</globallyStored>
   <type>com.atlassian.bamboo.plugin.artifact.handler.local:ServerLocalArtifactHandler</type>
   <size>347</size>
   <planResultKey>SXE-MAS-JOB1-54</planResultKey>
  </artifact>
  <artifact>
   <id>17334317</id>
   <label>NuGet Package</label>
   <sharedArtifact>true</sharedArtifact>
   <globallyStored>false</globallyStored>
   <type>com.atlassian.bamboo.plugin.artifact.handler.local:ServerLocalArtifactHandler</type>
   <size>6319</size>
   <planResultKey>SXE-MAS-54</planResultKey>
  </artifact>
  <artifact>
   <id>17334318</id>
   <label>Source</label>
   <sharedArtifact>true</sharedArtifact>
   <globallyStored>false</globallyStored>
   <type>com.atlassian.bamboo.plugin.artifact.handler.local:ServerLocalArtifactHandler</type>
   <size>45810982</size>
   <planResultKey>SE-MAS-78</planResultKey>
  </artifact>
  <artifact>
   <id>17334319</id>
   <label>ReSharper Results</label>
   <sharedArtifact>false</sharedArtifact>
   <globallyStored>false</globallyStored>
   <type>com.atlassian.bamboo.plugin.artifact.handler.local:ServerLocalArtifactHandler</type>
   <size>339</size>
   <planResultKey>SE-MAS-JOB1-78</planResultKey>
  </artifact>
  <artifact>
   <id>17334320</id>
   <label>NuGet Package</label>
   <sharedArtifact>true</sharedArtifact>
   <globallyStored>false</globallyStored>
   <type>com.atlassian.bamboo.plugin.artifact.handler.local:ServerLocalArtifactHandler</type>
   <size>16472</size>
   <planResultKey>SE-MAS-78</planResultKey>
  </artifact>
  <artifact>
   <id>17334321</id>
   <label>Source</label>
   <sharedArtifact>true</sharedArtifact>
   <globallyStored>false</globallyStored>
   <type>com.atlassian.bamboo.plugin.artifact.handler.local:ServerLocalArtifactHandler</type>
   <size>6116305</size>
   <planResultKey>SNE-MN-92</planResultKey>
  </artifact>
  <artifact>
   <id>17334322</id>
   <label>ReSharper Results</label>
   <sharedArtifact>false</sharedArtifact>
   <globallyStored>false</globallyStored>
   <type>com.atlassian.bamboo.plugin.artifact.handler.local:ServerLocalArtifactHandler</type>
   <size>347</size>
   <planResultKey>SNE-MN-JOB1-92</planResultKey>
  </artifact>
  <artifact>
   <id>17334323</id>
   <label>NuGet Package</label>
   <sharedArtifact>true</sharedArtifact>
   <globallyStored>false</globallyStored>
   <type>com.atlassian.bamboo.plugin.artifact.handler.local:ServerLocalArtifactHandler</type>
   <size>9428</size>
   <planResultKey>SNE-MN-92</planResultKey>
  </artifact>
  <artifact>
   <id>17334324</id>
   <label>Source</label>
   <sharedArtifact>true</sharedArtifact>
   <globallyStored>false</globallyStored>
   <type>com.atlassian.bamboo.plugin.artifact.handler.local:ServerLocalArtifactHandler</type>
   <size>58864412</size>
   <planResultKey>SACO-MAS-161</planResultKey>
  </artifact>
  <artifact>
   <id>17334325</id>
   <label>ReSharper Results</label>
   <sharedArtifact>false</sharedArtifact>
   <globallyStored>false</globallyStored>
   <type>com.atlassian.bamboo.plugin.artifact.handler.local:ServerLocalArtifactHandler</type>
   <size>334</size>
   <planResultKey>SACO-MAS-JOB1-161</planResultKey>
  </artifact>
  <artifact>
   <id>17334326</id>
   <label>NuGet Package</label>
   <sharedArtifact>true</sharedArtifact>
   <globallyStored>false</globallyStored>
   <type>com.atlassian.bamboo.plugin.artifact.handler.local:ServerLocalArtifactHandler</type>
   <size>43440</size>
   <planResultKey>SACO-MAS-161</planResultKey>
  </artifact>
  <artifact>
   <id>17334327</id>
   <label>Source</label>
   <sharedArtifact>true</sharedArtifact>
   <globallyStored>false</globallyStored>
   <type>com.atlassian.bamboo.plugin.artifact.handler.local:ServerLocalArtifactHandler</type>
   <size>38178289</size>
   <planResultKey>SW-MAS-186</planResultKey>
  </artifact>
  <artifact>
   <id>17334328</id>
   <label>ReSharper Results</label>
   <sharedArtifact>false</sharedArtifact>
   <globallyStored>false</globallyStored>
   <type>com.atlassian.bamboo.plugin.artifact.handler.local:ServerLocalArtifactHandler</type>
   <size>853</size>
   <planResultKey>SW-MAS-JOB1-186</planResultKey>
  </artifact>
  <artifact>
   <id>17334329</id>
   <label>NuGet Package</label>
   <sharedArtifact>true</sharedArtifact>
   <globallyStored>false</globallyStored>
   <type>com.atlassian.bamboo.plugin.artifact.handler.local:ServerLocalArtifactHandler</type>
   <size>15978</size>
   <planResultKey>SW-MAS-186</planResultKey>
  </artifact>
  <artifact>
   <id>17334330</id>
   <label>Source</label>
   <sharedArtifact>true</sharedArtifact>
   <globallyStored>false</globallyStored>
   <type>com.atlassian.bamboo.plugin.artifact.handler.local:ServerLocalArtifactHandler</type>
   <size>45810972</size>
   <planResultKey>SE-MAS-79</planResultKey>
  </artifact>
  <artifact>
   <id>17334331</id>
   <label>ReSharper Results</label>
   <sharedArtifact>false</sharedArtifact>
   <globallyStored>false</globallyStored>
   <type>com.atlassian.bamboo.plugin.artifact.handler.local:ServerLocalArtifactHandler</type>
   <size>339</size>
   <planResultKey>SE-MAS-JOB1-79</planResultKey>
  </artifact>
  <artifact>
   <id>17334332</id>
   <label>Source</label>
   <sharedArtifact>true</sharedArtifact>
   <globallyStored>false</globallyStored>
   <type>com.atlassian.bamboo.plugin.artifact.handler.local:ServerLocalArtifactHandler</type>
   <size>23334391</size>
   <planResultKey>SC-MAS-95</planResultKey>
  </artifact>
  <artifact>
   <id>17334333</id>
   <label>ReSharper Results</label>
   <sharedArtifact>false</sharedArtifact>
   <globallyStored>false</globallyStored>
   <type>com.atlassian.bamboo.plugin.artifact.handler.local:ServerLocalArtifactHandler</type>
   <size>337</size>
   <planResultKey>SC-MAS-JOB1-95</planResultKey>
  </artifact>
  <artifact>
   <id>17334334</id>
   <label>NuGet Package</label>
   <sharedArtifact>true</sharedArtifact>
   <globallyStored>false</globallyStored>
   <type>com.atlassian.bamboo.plugin.artifact.handler.local:ServerLocalArtifactHandler</type>
   <size>16467</size>
   <planResultKey>SE-MAS-79</planResultKey>
  </artifact>
  <artifact>
   <id>17334335</id>
   <label>NuGet Package</label>
   <sharedArtifact>true</sharedArtifact>
   <globallyStored>false</globallyStored>
   <type>com.atlassian.bamboo.plugin.artifact.handler.local:ServerLocalArtifactHandler</type>
   <size>8919</size>
   <planResultKey>SC-MAS-95</planResultKey>
  </artifact>
  <artifact>
   <id>17334336</id>
   <label>Source</label>
   <sharedArtifact>true</sharedArtifact>
   <globallyStored>false</globallyStored>
   <type>com.atlassian.bamboo.plugin.artifact.handler.local:ServerLocalArtifactHandler</type>
   <size>58864404</size>
   <planResultKey>SACO-MAS-162</planResultKey>
  </artifact>
  <artifact>
   <id>17334337</id>
   <label>ReSharper Results</label>
   <sharedArtifact>false</sharedArtifact>
   <globallyStored>false</globallyStored>
   <type>com.atlassian.bamboo.plugin.artifact.handler.local:ServerLocalArtifactHandler</type>
   <size>334</size>
   <planResultKey>SACO-MAS-JOB1-162</planResultKey>
  </artifact>
  <artifact>
   <id>17334338</id>
   <label>Source</label>
   <sharedArtifact>true</sharedArtifact>
   <globallyStored>false</globallyStored>
   <type>com.atlassian.bamboo.plugin.artifact.handler.local:ServerLocalArtifactHandler</type>
   <size>52067947</size>
   <planResultKey>SSC-MAS-6</planResultKey>
  </artifact>
  <artifact>
   <id>17334339</id>
   <label>ReSharper Results</label>
   <sharedArtifact>false</sharedArtifact>
   <globallyStored>false</globallyStored>
   <type>com.atlassian.bamboo.plugin.artifact.handler.local:ServerLocalArtifactHandler</type>
   <size>346</size>
   <planResultKey>SSC-MAS-JOB1-6</planResultKey>
  </artifact>
  <artifact>
   <id>17334340</id>
   <label>Source</label>
   <sharedArtifact>true</sharedArtifact>
   <globallyStored>false</globallyStored>
   <type>com.atlassian.bamboo.plugin.artifact.handler.local:ServerLocalArtifactHandler</type>
   <size>34531850</size>
   <planResultKey>SR-MAS-13</planResultKey>
  </artifact>
  <artifact>
   <id>17334341</id>
   <label>ReSharper Results</label>
   <sharedArtifact>false</sharedArtifact>
   <globallyStored>false</globallyStored>
   <type>com.atlassian.bamboo.plugin.artifact.handler.local:ServerLocalArtifactHandler</type>
   <size>340</size>
   <planResultKey>SR-MAS-JOB1-13</planResultKey>
  </artifact>
  <artifact>
   <id>17334342</id>
   <label>NuGet Package</label>
   <sharedArtifact>true</sharedArtifact>
   <globallyStored>false</globallyStored>
   <type>com.atlassian.bamboo.plugin.artifact.handler.local:ServerLocalArtifactHandler</type>
   <size>43439</size>
   <planResultKey>SACO-MAS-162</planResultKey>
  </artifact>
  <artifact>
   <id>17334343</id>
   <label>NuGet Package</label>
   <sharedArtifact>true</sharedArtifact>
   <globallyStored>false</globallyStored>
   <type>com.atlassian.bamboo.plugin.artifact.handler.local:ServerLocalArtifactHandler</type>
   <size>28988</size>
   <planResultKey>SSC-MAS-6</planResultKey>
  </artifact>
  <artifact>
   <id>17334344</id>
   <label>NuGet Package</label>
   <sharedArtifact>true</sharedArtifact>
   <globallyStored>false</globallyStored>
   <type>com.atlassian.bamboo.plugin.artifact.handler.local:ServerLocalArtifactHandler</type>
   <size>24459</size>
   <planResultKey>SR-MAS-13</planResultKey>
  </artifact>
  <artifact>
   <id>17334345</id>
   <label>Source</label>
   <sharedArtifact>true</sharedArtifact>
   <globallyStored>false</globallyStored>
   <type>com.atlassian.bamboo.plugin.artifact.handler.local:ServerLocalArtifactHandler</type>
   <size>38282670</size>
   <planResultKey>SG-MAS-11</planResultKey>
  </artifact>
  <artifact>
   <id>17334346</id>
   <label>ReSharper Results</label>
   <sharedArtifact>false</sharedArtifact>
   <globallyStored>false</globallyStored>
   <type>com.atlassian.bamboo.plugin.artifact.handler.local:ServerLocalArtifactHandler</type>
   <size>339</size>
   <planResultKey>SG-MAS-JOB1-11</planResultKey>
  </artifact>
  <artifact>
   <id>17334347</id>
   <label>NuGet Package</label>
   <sharedArtifact>true</sharedArtifact>
   <globallyStored>false</globallyStored>
   <type>com.atlassian.bamboo.plugin.artifact.handler.local:ServerLocalArtifactHandler</type>
   <size>19393</size>
   <planResultKey>SG-MAS-11</planResultKey>
  </artifact>
  <artifact>
   <id>17334348</id>
   <label>Source</label>
   <sharedArtifact>true</sharedArtifact>
   <globallyStored>false</globallyStored>
   <type>com.atlassian.bamboo.plugin.artifact.handler.local:ServerLocalArtifactHandler</type>
   <size>34531610</size>
   <planResultKey>SR-MAS-14</planResultKey>
  </artifact>
  <artifact>
   <id>17334349</id>
   <label>ReSharper Results</label>
   <sharedArtifact>false</sharedArtifact>
   <globallyStored>false</globallyStored>
   <type>com.atlassian.bamboo.plugin.artifact.handler.local:ServerLocalArtifactHandler</type>
   <size>340</size>
   <planResultKey>SR-MAS-JOB1-14</planResultKey>
  </artifact>
  <artifact>
   <id>17334350</id>
   <label>NuGet Package</label>
   <sharedArtifact>true</sharedArtifact>
   <globallyStored>false</globallyStored>
   <type>com.atlassian.bamboo.plugin.artifact.handler.local:ServerLocalArtifactHandler</type>
   <size>24461</size>
   <planResultKey>SR-MAS-14</planResultKey>
  </artifact>
  <artifact>
   <id>17334351</id>
   <label>Source</label>
   <sharedArtifact>true</sharedArtifact>
   <globallyStored>false</globallyStored>
   <type>com.atlassian.bamboo.plugin.artifact.handler.local:ServerLocalArtifactHandler</type>
   <size>38282669</size>
   <planResultKey>SG-MAS-12</planResultKey>
  </artifact>
  <artifact>
   <id>17334352</id>
   <label>ReSharper Results</label>
   <sharedArtifact>false</sharedArtifact>
   <globallyStored>false</globallyStored>
   <type>com.atlassian.bamboo.plugin.artifact.handler.local:ServerLocalArtifactHandler</type>
   <size>339</size>
   <planResultKey>SG-MAS-JOB1-12</planResultKey>
  </artifact>
  <artifact>
   <id>17334353</id>
   <label>NuGet Package</label>
   <sharedArtifact>true</sharedArtifact>
   <globallyStored>false</globallyStored>
   <type>com.atlassian.bamboo.plugin.artifact.handler.local:ServerLocalArtifactHandler</type>
   <size>19394</size>
   <planResultKey>SG-MAS-12</planResultKey>
  </artifact>
  <artifact>
   <id>17334354</id>
   <label>Source</label>
   <sharedArtifact>true</sharedArtifact>
   <globallyStored>false</globallyStored>
   <type>com.atlassian.bamboo.plugin.artifact.handler.local:ServerLocalArtifactHandler</type>
   <size>34531605</size>
   <planResultKey>SR-MAS-15</planResultKey>
  </artifact>
  <artifact>
   <id>17334355</id>
   <label>ReSharper Results</label>
   <sharedArtifact>false</sharedArtifact>
   <globallyStored>false</globallyStored>
   <type>com.atlassian.bamboo.plugin.artifact.handler.local:ServerLocalArtifactHandler</type>
   <size>340</size>
   <planResultKey>SR-MAS-JOB1-15</planResultKey>
  </artifact>
  <artifact>
   <id>17334356</id>
   <label>NuGet Package</label>
   <sharedArtifact>true</sharedArtifact>
   <globallyStored>false</globallyStored>
   <type>com.atlassian.bamboo.plugin.artifact.handler.local:ServerLocalArtifactHandler</type>
   <size>24456</size>
   <planResultKey>SR-MAS-15</planResultKey>
  </artifact>
  <artifact>
   <id>17334357</id>
   <label>Source</label>
   <sharedArtifact>true</sharedArtifact>
   <globallyStored>false</globallyStored>
   <type>com.atlassian.bamboo.plugin.artifact.handler.local:ServerLocalArtifactHandler</type>
   <size>38282670</size>
   <planResultKey>SG-MAS-13</planResultKey>
  </artifact>
  <artifact>
   <id>17334358</id>
   <label>ReSharper Results</label>
   <sharedArtifact>false</sharedArtifact>
   <globallyStored>false</globallyStored>
   <type>com.atlassian.bamboo.plugin.artifact.handler.local:ServerLocalArtifactHandler</type>
   <size>339</size>
   <planResultKey>SG-MAS-JOB1-13</planResultKey>
  </artifact>
  <artifact>
   <id>17334359</id>
   <label>NuGet Package</label>
   <sharedArtifact>true</sharedArtifact>
   <globallyStored>false</globallyStored>
   <type>com.atlassian.bamboo.plugin.artifact.handler.local:ServerLocalArtifactHandler</type>
   <size>19397</size>
   <planResultKey>SG-MAS-13</planResultKey>
  </artifact>
  <artifact>
   <id>17334360</id>
   <label>Source</label>
   <sharedArtifact>true</sharedArtifact>
   <globallyStored>false</globallyStored>
   <type>com.atlassian.bamboo.plugin.artifact.handler.local:ServerLocalArtifactHandler</type>
   <size>34531606</size>
   <planResultKey>SR-MAS-16</planResultKey>
  </artifact>
  <artifact>
   <id>17334361</id>
   <label>ReSharper Results</label>
   <sharedArtifact>false</sharedArtifact>
   <globallyStored>false</globallyStored>
   <type>com.atlassian.bamboo.plugin.artifact.handler.local:ServerLocalArtifactHandler</type>
   <size>340</size>
   <planResultKey>SR-MAS-JOB1-16</planResultKey>
  </artifact>
  <artifact>
   <id>17334362</id>
   <label>NuGet Package</label>
   <sharedArtifact>true</sharedArtifact>
   <globallyStored>false</globallyStored>
   <type>com.atlassian.bamboo.plugin.artifact.handler.local:ServerLocalArtifactHandler</type>
   <size>24460</size>
   <planResultKey>SR-MAS-16</planResultKey>
  </artifact>
  <artifact>
   <id>17334363</id>
   <label>Source</label>
   <sharedArtifact>true</sharedArtifact>
   <globallyStored>false</globallyStored>
   <type>com.atlassian.bamboo.plugin.artifact.handler.local:ServerLocalArtifactHandler</type>
   <size>38178134</size>
   <planResultKey>SW-MAS-187</planResultKey>
  </artifact>
  <artifact>
   <id>17334364</id>
   <label>ReSharper Results</label>
   <sharedArtifact>false</sharedArtifact>
   <globallyStored>false</globallyStored>
   <type>com.atlassian.bamboo.plugin.artifact.handler.local:ServerLocalArtifactHandler</type>
   <size>853</size>
   <planResultKey>SW-MAS-JOB1-187</planResultKey>
  </artifact>
  <artifact>
   <id>17334365</id>
   <label>NuGet Package</label>
   <sharedArtifact>true</sharedArtifact>
   <globallyStored>false</globallyStored>
   <type>com.atlassian.bamboo.plugin.artifact.handler.local:ServerLocalArtifactHandler</type>
   <size>15981</size>
   <planResultKey>SW-MAS-187</planResultKey>
  </artifact>
  <artifact>
   <id>17334366</id>
   <label>Source</label>
   <sharedArtifact>true</sharedArtifact>
   <globallyStored>false</globallyStored>
   <type>com.atlassian.bamboo.plugin.artifact.handler.local:ServerLocalArtifactHandler</type>
   <size>23334158</size>
   <planResultKey>SC-MAS-96</planResultKey>
  </artifact>
  <artifact>
   <id>17334367</id>
   <label>ReSharper Results</label>
   <sharedArtifact>false</sharedArtifact>
   <globallyStored>false</globallyStored>
   <type>com.atlassian.bamboo.plugin.artifact.handler.local:ServerLocalArtifactHandler</type>
   <size>337</size>
   <planResultKey>SC-MAS-JOB1-96</planResultKey>
  </artifact>
  <artifact>
   <id>17334368</id>
   <label>Source</label>
   <sharedArtifact>true</sharedArtifact>
   <globallyStored>false</globallyStored>
   <type>com.atlassian.bamboo.plugin.artifact.handler.local:ServerLocalArtifactHandler</type>
   <size>45810736</size>
   <planResultKey>SE-MAS-80</planResultKey>
  </artifact>
  <artifact>
   <id>17334369</id>
   <label>ReSharper Results</label>
   <sharedArtifact>false</sharedArtifact>
   <globallyStored>false</globallyStored>
   <type>com.atlassian.bamboo.plugin.artifact.handler.local:ServerLocalArtifactHandler</type>
   <size>339</size>
   <planResultKey>SE-MAS-JOB1-80</planResultKey>
  </artifact>
  <artifact>
   <id>17334370</id>
   <label>NuGet Package</label>
   <sharedArtifact>true</sharedArtifact>
   <globallyStored>false</globallyStored>
   <type>com.atlassian.bamboo.plugin.artifact.handler.local:ServerLocalArtifactHandler</type>
   <size>8919</size>
   <planResultKey>SC-MAS-96</planResultKey>
  </artifact>
  <artifact>
   <id>17334371</id>
   <label>NuGet Package</label>
   <sharedArtifact>true</sharedArtifact>
   <globallyStored>false</globallyStored>
   <type>com.atlassian.bamboo.plugin.artifact.handler.local:ServerLocalArtifactHandler</type>
   <size>16469</size>
   <planResultKey>SE-MAS-80</planResultKey>
  </artifact>
  <artifact>
   <id>17334372</id>
   <label>Source</label>
   <sharedArtifact>true</sharedArtifact>
   <globallyStored>false</globallyStored>
   <type>com.atlassian.bamboo.plugin.artifact.handler.local:ServerLocalArtifactHandler</type>
   <size>52189203</size>
   <planResultKey>SSC-MAS-7</planResultKey>
  </artifact>
  <artifact>
   <id>17334373</id>
   <label>ReSharper Results</label>
   <sharedArtifact>false</sharedArtifact>
   <globallyStored>false</globallyStored>
   <type>com.atlassian.bamboo.plugin.artifact.handler.local:ServerLocalArtifactHandler</type>
   <size>346</size>
   <planResultKey>SSC-MAS-JOB1-7</planResultKey>
  </artifact>
  <artifact>
   <id>17334374</id>
   <label>Source</label>
   <sharedArtifact>true</sharedArtifact>
   <globallyStored>false</globallyStored>
   <type>com.atlassian.bamboo.plugin.artifact.handler.local:ServerLocalArtifactHandler</type>
   <size>34654341</size>
   <planResultKey>SR-MAS-17</planResultKey>
  </artifact>
  <artifact>
   <id>17334375</id>
   <label>ReSharper Results</label>
   <sharedArtifact>false</sharedArtifact>
   <globallyStored>false</globallyStored>
   <type>com.atlassian.bamboo.plugin.artifact.handler.local:ServerLocalArtifactHandler</type>
   <size>340</size>
   <planResultKey>SR-MAS-JOB1-17</planResultKey>
  </artifact>
  <artifact>
   <id>17334376</id>
   <label>Source</label>
   <sharedArtifact>true</sharedArtifact>
   <globallyStored>false</globallyStored>
   <type>com.atlassian.bamboo.plugin.artifact.handler.local:ServerLocalArtifactHandler</type>
   <size>58864169</size>
   <planResultKey>SACO-MAS-163</planResultKey>
  </artifact>
  <artifact>
   <id>17334377</id>
   <label>ReSharper Results</label>
   <sharedArtifact>false</sharedArtifact>
   <globallyStored>false</globallyStored>
   <type>com.atlassian.bamboo.plugin.artifact.handler.local:ServerLocalArtifactHandler</type>
   <size>334</size>
   <planResultKey>SACO-MAS-JOB1-163</planResultKey>
  </artifact>
  <artifact>
   <id>17334378</id>
   <label>NuGet Package</label>
   <sharedArtifact>true</sharedArtifact>
   <globallyStored>false</globallyStored>
   <type>com.atlassian.bamboo.plugin.artifact.handler.local:ServerLocalArtifactHandler</type>
   <size>28989</size>
   <planResultKey>SSC-MAS-7</planResultKey>
  </artifact>
  <artifact>
   <id>17334379</id>
   <label>NuGet Package</label>
   <sharedArtifact>true</sharedArtifact>
   <globallyStored>false</globallyStored>
   <type>com.atlassian.bamboo.plugin.artifact.handler.local:ServerLocalArtifactHandler</type>
   <size>24458</size>
   <planResultKey>SR-MAS-17</planResultKey>
  </artifact>
  <artifact>
   <id>17334380</id>
   <label>NuGet Package</label>
   <sharedArtifact>true</sharedArtifact>
   <globallyStored>false</globallyStored>
   <type>com.atlassian.bamboo.plugin.artifact.handler.local:ServerLocalArtifactHandler</type>
   <size>43440</size>
   <planResultKey>SACO-MAS-163</planResultKey>
  </artifact>
  <artifact>
   <id>17334381</id>
   <label>Source</label>
   <sharedArtifact>true</sharedArtifact>
   <globallyStored>false</globallyStored>
   <type>com.atlassian.bamboo.plugin.artifact.handler.local:ServerLocalArtifactHandler</type>
   <size>23334154</size>
   <planResultKey>SC-MAS-97</planResultKey>
  </artifact>
  <artifact>
   <id>17334382</id>
   <label>ReSharper Results</label>
   <sharedArtifact>false</sharedArtifact>
   <globallyStored>false</globallyStored>
   <type>com.atlassian.bamboo.plugin.artifact.handler.local:ServerLocalArtifactHandler</type>
   <size>337</size>
   <planResultKey>SC-MAS-JOB1-97</planResultKey>
  </artifact>
  <artifact>
   <id>17334383</id>
   <label>NuGet Package</label>
   <sharedArtifact>true</sharedArtifact>
   <globallyStored>false</globallyStored>
   <type>com.atlassian.bamboo.plugin.artifact.handler.local:ServerLocalArtifactHandler</type>
   <size>8918</size>
   <planResultKey>SC-MAS-97</planResultKey>
  </artifact>
  <artifact>
   <id>17334384</id>
   <label>Source</label>
   <sharedArtifact>true</sharedArtifact>
   <globallyStored>false</globallyStored>
   <type>com.atlassian.bamboo.plugin.artifact.handler.local:ServerLocalArtifactHandler</type>
   <size>58864168</size>
   <planResultKey>SACO-MAS-164</planResultKey>
  </artifact>
  <artifact>
   <id>17334385</id>
   <label>ReSharper Results</label>
   <sharedArtifact>false</sharedArtifact>
   <globallyStored>false</globallyStored>
   <type>com.atlassian.bamboo.plugin.artifact.handler.local:ServerLocalArtifactHandler</type>
   <size>334</size>
   <planResultKey>SACO-MAS-JOB1-164</planResultKey>
  </artifact>
  <artifact>
   <id>17334386</id>
   <label>Source</label>
   <sharedArtifact>true</sharedArtifact>
   <globallyStored>false</globallyStored>
   <type>com.atlassian.bamboo.plugin.artifact.handler.local:ServerLocalArtifactHandler</type>
   <size>34654336</size>
   <planResultKey>SR-MAS-18</planResultKey>
  </artifact>
  <artifact>
   <id>17334387</id>
   <label>ReSharper Results</label>
   <sharedArtifact>false</sharedArtifact>
   <globallyStored>false</globallyStored>
   <type>com.atlassian.bamboo.plugin.artifact.handler.local:ServerLocalArtifactHandler</type>
   <size>340</size>
   <planResultKey>SR-MAS-JOB1-18</planResultKey>
  </artifact>
  <artifact>
   <id>17334388</id>
   <label>Source</label>
   <sharedArtifact>true</sharedArtifact>
   <globallyStored>false</globallyStored>
   <type>com.atlassian.bamboo.plugin.artifact.handler.local:ServerLocalArtifactHandler</type>
   <size>52189281</size>
   <planResultKey>SSC-MAS-8</planResultKey>
  </artifact>
  <artifact>
   <id>17334389</id>
   <label>ReSharper Results</label>
   <sharedArtifact>false</sharedArtifact>
   <globallyStored>false</globallyStored>
   <type>com.atlassian.bamboo.plugin.artifact.handler.local:ServerLocalArtifactHandler</type>
   <size>346</size>
   <planResultKey>SSC-MAS-JOB1-8</planResultKey>
  </artifact>
  <artifact>
   <id>17334390</id>
   <label>NuGet Package</label>
   <sharedArtifact>true</sharedArtifact>
   <globallyStored>false</globallyStored>
   <type>com.atlassian.bamboo.plugin.artifact.handler.local:ServerLocalArtifactHandler</type>
   <size>43434</size>
   <planResultKey>SACO-MAS-164</planResultKey>
  </artifact>
  <artifact>
   <id>17334391</id>
   <label>NuGet Package</label>
   <sharedArtifact>true</sharedArtifact>
   <globallyStored>false</globallyStored>
   <type>com.atlassian.bamboo.plugin.artifact.handler.local:ServerLocalArtifactHandler</type>
   <size>24457</size>
   <planResultKey>SR-MAS-18</planResultKey>
  </artifact>
  <artifact>
   <id>17334392</id>
   <label>NuGet Package</label>
   <sharedArtifact>true</sharedArtifact>
   <globallyStored>false</globallyStored>
   <type>com.atlassian.bamboo.plugin.artifact.handler.local:ServerLocalArtifactHandler</type>
   <size>28992</size>
   <planResultKey>SSC-MAS-8</planResultKey>
  </artifact>
  <artifact>
   <id>17334393</id>
   <label>Source</label>
   <sharedArtifact>true</sharedArtifact>
   <globallyStored>false</globallyStored>
   <type>com.atlassian.bamboo.plugin.artifact.handler.local:ServerLocalArtifactHandler</type>
   <size>38282668</size>
   <planResultKey>SG-MAS-14</planResultKey>
  </artifact>
  <artifact>
   <id>17334394</id>
   <label>ReSharper Results</label>
   <sharedArtifact>false</sharedArtifact>
   <globallyStored>false</globallyStored>
   <type>com.atlassian.bamboo.plugin.artifact.handler.local:ServerLocalArtifactHandler</type>
   <size>339</size>
   <planResultKey>SG-MAS-JOB1-14</planResultKey>
  </artifact>
  <artifact>
   <id>17334395</id>
   <label>NuGet Package</label>
   <sharedArtifact>true</sharedArtifact>
   <globallyStored>false</globallyStored>
   <type>com.atlassian.bamboo.plugin.artifact.handler.local:ServerLocalArtifactHandler</type>
   <size>19391</size>
   <planResultKey>SG-MAS-14</planResultKey>
  </artifact>
  <artifact>
   <id>17334396</id>
   <label>Source</label>
   <sharedArtifact>true</sharedArtifact>
   <globallyStored>false</globallyStored>
   <type>com.atlassian.bamboo.plugin.artifact.handler.local:ServerLocalArtifactHandler</type>
   <size>34654341</size>
   <planResultKey>SR-MAS-19</planResultKey>
  </artifact>
  <artifact>
   <id>17334397</id>
   <label>ReSharper Results</label>
   <sharedArtifact>false</sharedArtifact>
   <globallyStored>false</globallyStored>
   <type>com.atlassian.bamboo.plugin.artifact.handler.local:ServerLocalArtifactHandler</type>
   <size>340</size>
   <planResultKey>SR-MAS-JOB1-19</planResultKey>
  </artifact>
  <artifact>
   <id>17334398</id>
   <label>NuGet Package</label>
   <sharedArtifact>true</sharedArtifact>
   <globallyStored>false</globallyStored>
   <type>com.atlassian.bamboo.plugin.artifact.handler.local:ServerLocalArtifactHandler</type>
   <size>24458</size>
   <planResultKey>SR-MAS-19</planResultKey>
  </artifact>
  <artifact>
   <id>17334399</id>
   <label>Source</label>
   <sharedArtifact>true</sharedArtifact>
   <globallyStored>false</globallyStored>
   <type>com.atlassian.bamboo.plugin.artifact.handler.local:ServerLocalArtifactHandler</type>
   <size>38282671</size>
   <planResultKey>SG-MAS-15</planResultKey>
  </artifact>
  <artifact>
   <id>17334400</id>
   <label>ReSharper Results</label>
   <sharedArtifact>false</sharedArtifact>
   <globallyStored>false</globallyStored>
   <type>com.atlassian.bamboo.plugin.artifact.handler.local:ServerLocalArtifactHandler</type>
   <size>339</size>
   <planResultKey>SG-MAS-JOB1-15</planResultKey>
  </artifact>
  <artifact>
   <id>17334401</id>
   <label>NuGet Package</label>
   <sharedArtifact>true</sharedArtifact>
   <globallyStored>false</globallyStored>
   <type>com.atlassian.bamboo.plugin.artifact.handler.local:ServerLocalArtifactHandler</type>
   <size>19398</size>
   <planResultKey>SG-MAS-15</planResultKey>
  </artifact>
  <artifact>
   <id>17334402</id>
   <label>Source</label>
   <sharedArtifact>true</sharedArtifact>
   <globallyStored>false</globallyStored>
   <type>com.atlassian.bamboo.plugin.artifact.handler.local:ServerLocalArtifactHandler</type>
   <size>34592245</size>
   <planResultKey>SR-MAS-20</planResultKey>
  </artifact>
  <artifact>
   <id>17334403</id>
   <label>ReSharper Results</label>
   <sharedArtifact>false</sharedArtifact>
   <globallyStored>false</globallyStored>
   <type>com.atlassian.bamboo.plugin.artifact.handler.local:ServerLocalArtifactHandler</type>
   <size>340</size>
   <planResultKey>SR-MAS-JOB1-20</planResultKey>
  </artifact>
  <artifact>
   <id>17334404</id>
   <label>NuGet Package</label>
   <sharedArtifact>true</sharedArtifact>
   <globallyStored>false</globallyStored>
   <type>com.atlassian.bamboo.plugin.artifact.handler.local:ServerLocalArtifactHandler</type>
   <size>24450</size>
   <planResultKey>SR-MAS-20</planResultKey>
  </artifact>
  <artifact>
   <id>17334405</id>
   <label>Source</label>
   <sharedArtifact>true</sharedArtifact>
   <globallyStored>false</globallyStored>
   <type>com.atlassian.bamboo.plugin.artifact.handler.local:ServerLocalArtifactHandler</type>
   <size>38198416</size>
   <planResultKey>SG-MAS-16</planResultKey>
  </artifact>
  <artifact>
   <id>17334406</id>
   <label>ReSharper Results</label>
   <sharedArtifact>false</sharedArtifact>
   <globallyStored>false</globallyStored>
   <type>com.atlassian.bamboo.plugin.artifact.handler.local:ServerLocalArtifactHandler</type>
   <size>339</size>
   <planResultKey>SG-MAS-JOB1-16</planResultKey>
  </artifact>
  <artifact>
   <id>17334407</id>
   <label>NuGet Package</label>
   <sharedArtifact>true</sharedArtifact>
   <globallyStored>false</globallyStored>
   <type>com.atlassian.bamboo.plugin.artifact.handler.local:ServerLocalArtifactHandler</type>
   <size>19396</size>
   <planResultKey>SG-MAS-16</planResultKey>
  </artifact>
  <artifact>
   <id>17334408</id>
   <label>Source</label>
   <sharedArtifact>true</sharedArtifact>
   <globallyStored>false</globallyStored>
   <type>com.atlassian.bamboo.plugin.artifact.handler.local:ServerLocalArtifactHandler</type>
   <size>38180980</size>
   <planResultKey>SG-MAS-17</planResultKey>
  </artifact>
  <artifact>
   <id>17334409</id>
   <label>ReSharper Results</label>
   <sharedArtifact>false</sharedArtifact>
   <globallyStored>false</globallyStored>
   <type>com.atlassian.bamboo.plugin.artifact.handler.local:ServerLocalArtifactHandler</type>
   <size>339</size>
   <planResultKey>SG-MAS-JOB1-17</planResultKey>
  </artifact>
  <artifact>
   <id>17334410</id>
   <label>NuGet Package</label>
   <sharedArtifact>true</sharedArtifact>
   <globallyStored>false</globallyStored>
   <type>com.atlassian.bamboo.plugin.artifact.handler.local:ServerLocalArtifactHandler</type>
   <size>19395</size>
   <planResultKey>SG-MAS-17</planResultKey>
  </artifact>
  <artifact>
   <id>17334411</id>
   <label>Source</label>
   <sharedArtifact>true</sharedArtifact>
   <globallyStored>false</globallyStored>
   <type>com.atlassian.bamboo.plugin.artifact.handler.local:ServerLocalArtifactHandler</type>
   <size>34592245</size>
   <planResultKey>SR-MAS-21</planResultKey>
  </artifact>
  <artifact>
   <id>17334412</id>
   <label>ReSharper Results</label>
   <sharedArtifact>false</sharedArtifact>
   <globallyStored>false</globallyStored>
   <type>com.atlassian.bamboo.plugin.artifact.handler.local:ServerLocalArtifactHandler</type>
   <size>340</size>
   <planResultKey>SR-MAS-JOB1-21</planResultKey>
  </artifact>
  <artifact>
   <id>17334413</id>
   <label>NuGet Package</label>
   <sharedArtifact>true</sharedArtifact>
   <globallyStored>false</globallyStored>
   <type>com.atlassian.bamboo.plugin.artifact.handler.local:ServerLocalArtifactHandler</type>
   <size>24457</size>
   <planResultKey>SR-MAS-21</planResultKey>
  </artifact>
  <artifact>
   <id>17334414</id>
   <label>Source</label>
   <sharedArtifact>true</sharedArtifact>
   <globallyStored>false</globallyStored>
   <type>com.atlassian.bamboo.plugin.artifact.handler.local:ServerLocalArtifactHandler</type>
   <size>7214499</size>
   <planResultKey>SXE-MAS-55</planResultKey>
  </artifact>
  <artifact>
   <id>17334415</id>
   <label>ReSharper Results</label>
   <sharedArtifact>false</sharedArtifact>
   <globallyStored>false</globallyStored>
   <type>com.atlassian.bamboo.plugin.artifact.handler.local:ServerLocalArtifactHandler</type>
   <size>347</size>
   <planResultKey>SXE-MAS-JOB1-55</planResultKey>
  </artifact>
  <artifact>
   <id>17334416</id>
   <label>NuGet Package</label>
   <sharedArtifact>true</sharedArtifact>
   <globallyStored>false</globallyStored>
   <type>com.atlassian.bamboo.plugin.artifact.handler.local:ServerLocalArtifactHandler</type>
   <size>0</size>
   <planResultKey>SXE-MAS-55</planResultKey>
  </artifact>
  <artifact>
   <id>17334417</id>
   <label>Source</label>
   <sharedArtifact>true</sharedArtifact>
   <globallyStored>false</globallyStored>
   <type>com.atlassian.bamboo.plugin.artifact.handler.local:ServerLocalArtifactHandler</type>
   <size>38178135</size>
   <planResultKey>SW-MAS-188</planResultKey>
  </artifact>
  <artifact>
   <id>17334418</id>
   <label>ReSharper Results</label>
   <sharedArtifact>false</sharedArtifact>
   <globallyStored>false</globallyStored>
   <type>com.atlassian.bamboo.plugin.artifact.handler.local:ServerLocalArtifactHandler</type>
   <size>853</size>
   <planResultKey>SW-MAS-JOB1-188</planResultKey>
  </artifact>
  <artifact>
   <id>17334419</id>
   <label>NuGet Package</label>
   <sharedArtifact>true</sharedArtifact>
   <globallyStored>false</globallyStored>
   <type>com.atlassian.bamboo.plugin.artifact.handler.local:ServerLocalArtifactHandler</type>
   <size>15979</size>
   <planResultKey>SW-MAS-188</planResultKey>
  </artifact>
  <artifact>
   <id>17334420</id>
   <label>Source</label>
   <sharedArtifact>true</sharedArtifact>
   <globallyStored>false</globallyStored>
   <type>com.atlassian.bamboo.plugin.artifact.handler.local:ServerLocalArtifactHandler</type>
   <size>7214498</size>
   <planResultKey>SXE-MAS-56</planResultKey>
  </artifact>
  <artifact>
   <id>17334421</id>
   <label>ReSharper Results</label>
   <sharedArtifact>false</sharedArtifact>
   <globallyStored>false</globallyStored>
   <type>com.atlassian.bamboo.plugin.artifact.handler.local:ServerLocalArtifactHandler</type>
   <size>347</size>
   <planResultKey>SXE-MAS-JOB1-56</planResultKey>
  </artifact>
  <artifact>
   <id>17334422</id>
   <label>NuGet Package</label>
   <sharedArtifact>true</sharedArtifact>
   <globallyStored>false</globallyStored>
   <type>com.atlassian.bamboo.plugin.artifact.handler.local:ServerLocalArtifactHandler</type>
   <size>6153</size>
   <planResultKey>SXE-MAS-56</planResultKey>
  </artifact>
  <artifact>
   <id>17334423</id>
   <label>Source</label>
   <sharedArtifact>true</sharedArtifact>
   <globallyStored>false</globallyStored>
   <type>com.atlassian.bamboo.plugin.artifact.handler.local:ServerLocalArtifactHandler</type>
   <size>23334153</size>
   <planResultKey>SC-MAS-98</planResultKey>
  </artifact>
  <artifact>
   <id>17334424</id>
   <label>ReSharper Results</label>
   <sharedArtifact>false</sharedArtifact>
   <globallyStored>false</globallyStored>
   <type>com.atlassian.bamboo.plugin.artifact.handler.local:ServerLocalArtifactHandler</type>
   <size>337</size>
   <planResultKey>SC-MAS-JOB1-98</planResultKey>
  </artifact>
  <artifact>
   <id>17334425</id>
   <label>Source</label>
   <sharedArtifact>true</sharedArtifact>
   <globallyStored>false</globallyStored>
   <type>com.atlassian.bamboo.plugin.artifact.handler.local:ServerLocalArtifactHandler</type>
   <size>45810567</size>
   <planResultKey>SE-MAS-81</planResultKey>
  </artifact>
  <artifact>
   <id>17334426</id>
   <label>ReSharper Results</label>
   <sharedArtifact>false</sharedArtifact>
   <globallyStored>false</globallyStored>
   <type>com.atlassian.bamboo.plugin.artifact.handler.local:ServerLocalArtifactHandler</type>
   <size>339</size>
   <planResultKey>SE-MAS-JOB1-81</planResultKey>
  </artifact>
  <artifact>
   <id>17334427</id>
   <label>NuGet Package</label>
   <sharedArtifact>true</sharedArtifact>
   <globallyStored>false</globallyStored>
   <type>com.atlassian.bamboo.plugin.artifact.handler.local:ServerLocalArtifactHandler</type>
   <size>8918</size>
   <planResultKey>SC-MAS-98</planResultKey>
  </artifact>
  <artifact>
   <id>17334428</id>
   <label>NuGet Package</label>
   <sharedArtifact>true</sharedArtifact>
   <globallyStored>false</globallyStored>
   <type>com.atlassian.bamboo.plugin.artifact.handler.local:ServerLocalArtifactHandler</type>
   <size>16470</size>
   <planResultKey>SE-MAS-81</planResultKey>
  </artifact>
  <artifact>
   <id>17334429</id>
   <label>Source</label>
   <sharedArtifact>true</sharedArtifact>
   <globallyStored>false</globallyStored>
   <type>com.atlassian.bamboo.plugin.artifact.handler.local:ServerLocalArtifactHandler</type>
   <size>38241982</size>
   <planResultKey>SG-MAS-18</planResultKey>
  </artifact>
  <artifact>
   <id>17334430</id>
   <label>ReSharper Results</label>
   <sharedArtifact>false</sharedArtifact>
   <globallyStored>false</globallyStored>
   <type>com.atlassian.bamboo.plugin.artifact.handler.local:ServerLocalArtifactHandler</type>
   <size>339</size>
   <planResultKey>SG-MAS-JOB1-18</planResultKey>
  </artifact>
  <artifact>
   <id>17334431</id>
   <label>Source</label>
   <sharedArtifact>true</sharedArtifact>
   <globallyStored>false</globallyStored>
   <type>com.atlassian.bamboo.plugin.artifact.handler.local:ServerLocalArtifactHandler</type>
   <size>58864167</size>
   <planResultKey>SACO-MAS-165</planResultKey>
  </artifact>
  <artifact>
   <id>17334432</id>
   <label>ReSharper Results</label>
   <sharedArtifact>false</sharedArtifact>
   <globallyStored>false</globallyStored>
   <type>com.atlassian.bamboo.plugin.artifact.handler.local:ServerLocalArtifactHandler</type>
   <size>334</size>
   <planResultKey>SACO-MAS-JOB1-165</planResultKey>
  </artifact>
  <artifact>
   <id>17334433</id>
   <label>Source</label>
   <sharedArtifact>true</sharedArtifact>
   <globallyStored>false</globallyStored>
   <type>com.atlassian.bamboo.plugin.artifact.handler.local:ServerLocalArtifactHandler</type>
   <size>52185625</size>
   <planResultKey>SSC-MAS-9</planResultKey>
  </artifact>
  <artifact>
   <id>17334434</id>
   <label>ReSharper Results</label>
   <sharedArtifact>false</sharedArtifact>
   <globallyStored>false</globallyStored>
   <type>com.atlassian.bamboo.plugin.artifact.handler.local:ServerLocalArtifactHandler</type>
   <size>346</size>
   <planResultKey>SSC-MAS-JOB1-9</planResultKey>
  </artifact>
  <artifact>
   <id>17334435</id>
   <label>NuGet Package</label>
   <sharedArtifact>true</sharedArtifact>
   <globallyStored>false</globallyStored>
   <type>com.atlassian.bamboo.plugin.artifact.handler.local:ServerLocalArtifactHandler</type>
   <size>19397</size>
   <planResultKey>SG-MAS-18</planResultKey>
  </artifact>
  <artifact>
   <id>17334436</id>
   <label>NuGet Package</label>
   <sharedArtifact>true</sharedArtifact>
   <globallyStored>false</globallyStored>
   <type>com.atlassian.bamboo.plugin.artifact.handler.local:ServerLocalArtifactHandler</type>
   <size>43433</size>
   <planResultKey>SACO-MAS-165</planResultKey>
  </artifact>
  <artifact>
   <id>17334437</id>
   <label>NuGet Package</label>
   <sharedArtifact>true</sharedArtifact>
   <globallyStored>false</globallyStored>
   <type>com.atlassian.bamboo.plugin.artifact.handler.local:ServerLocalArtifactHandler</type>
   <size>28993</size>
   <planResultKey>SSC-MAS-9</planResultKey>
  </artifact>
  <artifact>
   <id>17334438</id>
   <label>Source</label>
   <sharedArtifact>true</sharedArtifact>
   <globallyStored>false</globallyStored>
   <type>com.atlassian.bamboo.plugin.artifact.handler.local:ServerLocalArtifactHandler</type>
   <size>34592253</size>
   <planResultKey>SR-MAS-22</planResultKey>
  </artifact>
  <artifact>
   <id>17334439</id>
   <label>ReSharper Results</label>
   <sharedArtifact>false</sharedArtifact>
   <globallyStored>false</globallyStored>
   <type>com.atlassian.bamboo.plugin.artifact.handler.local:ServerLocalArtifactHandler</type>
   <size>340</size>
   <planResultKey>SR-MAS-JOB1-22</planResultKey>
  </artifact>
  <artifact>
   <id>17334440</id>
   <label>NuGet Package</label>
   <sharedArtifact>true</sharedArtifact>
   <globallyStored>false</globallyStored>
   <type>com.atlassian.bamboo.plugin.artifact.handler.local:ServerLocalArtifactHandler</type>
   <size>24459</size>
   <planResultKey>SR-MAS-22</planResultKey>
  </artifact>
  <artifact>
   <id>17334441</id>
   <label>Source</label>
   <sharedArtifact>true</sharedArtifact>
   <globallyStored>false</globallyStored>
   <type>com.atlassian.bamboo.plugin.artifact.handler.local:ServerLocalArtifactHandler</type>
   <size>45810570</size>
   <planResultKey>SE-MAS-82</planResultKey>
  </artifact>
  <artifact>
   <id>17334442</id>
   <label>ReSharper Results</label>
   <sharedArtifact>false</sharedArtifact>
   <globallyStored>false</globallyStored>
   <type>com.atlassian.bamboo.plugin.artifact.handler.local:ServerLocalArtifactHandler</type>
   <size>339</size>
   <planResultKey>SE-MAS-JOB1-82</planResultKey>
  </artifact>
  <artifact>
   <id>17334443</id>
   <label>NuGet Package</label>
   <sharedArtifact>true</sharedArtifact>
   <globallyStored>false</globallyStored>
   <type>com.atlassian.bamboo.plugin.artifact.handler.local:ServerLocalArtifactHandler</type>
   <size>16470</size>
   <planResultKey>SE-MAS-82</planResultKey>
  </artifact>
  <artifact>
   <id>17334444</id>
   <label>Source</label>
   <sharedArtifact>true</sharedArtifact>
   <globallyStored>false</globallyStored>
   <type>com.atlassian.bamboo.plugin.artifact.handler.local:ServerLocalArtifactHandler</type>
   <size>52128085</size>
   <planResultKey>SSC-MAS-10</planResultKey>
  </artifact>
  <artifact>
   <id>17334445</id>
   <label>ReSharper Results</label>
   <sharedArtifact>false</sharedArtifact>
   <globallyStored>false</globallyStored>
   <type>com.atlassian.bamboo.plugin.artifact.handler.local:ServerLocalArtifactHandler</type>
   <size>346</size>
   <planResultKey>SSC-MAS-JOB1-10</planResultKey>
  </artifact>
  <artifact>
   <id>17334446</id>
   <label>NuGet Package</label>
   <sharedArtifact>true</sharedArtifact>
   <globallyStored>false</globallyStored>
   <type>com.atlassian.bamboo.plugin.artifact.handler.local:ServerLocalArtifactHandler</type>
   <size>29000</size>
   <planResultKey>SSC-MAS-10</planResultKey>
  </artifact>
  <artifact>
   <id>17334447</id>
   <label>Source</label>
   <sharedArtifact>true</sharedArtifact>
   <globallyStored>false</globallyStored>
   <type>com.atlassian.bamboo.plugin.artifact.handler.local:ServerLocalArtifactHandler</type>
   <size>52128084</size>
   <planResultKey>SSC-MAS-11</planResultKey>
  </artifact>
  <artifact>
   <id>17334448</id>
   <label>ReSharper Results</label>
   <sharedArtifact>false</sharedArtifact>
   <globallyStored>false</globallyStored>
   <type>com.atlassian.bamboo.plugin.artifact.handler.local:ServerLocalArtifactHandler</type>
   <size>346</size>
   <planResultKey>SSC-MAS-JOB1-11</planResultKey>
  </artifact>
  <artifact>
   <id>17334449</id>
   <label>NuGet Package</label>
   <sharedArtifact>true</sharedArtifact>
   <globallyStored>false</globallyStored>
   <type>com.atlassian.bamboo.plugin.artifact.handler.local:ServerLocalArtifactHandler</type>
   <size>28996</size>
   <planResultKey>SSC-MAS-11</planResultKey>
  </artifact>
  <artifact>
   <id>17334450</id>
   <label>Source</label>
   <sharedArtifact>true</sharedArtifact>
   <globallyStored>false</globallyStored>
   <type>com.atlassian.bamboo.plugin.artifact.handler.local:ServerLocalArtifactHandler</type>
   <size>58864166</size>
   <planResultKey>SACO-MAS-166</planResultKey>
  </artifact>
  <artifact>
   <id>17334451</id>
   <label>ReSharper Results</label>
   <sharedArtifact>false</sharedArtifact>
   <globallyStored>false</globallyStored>
   <type>com.atlassian.bamboo.plugin.artifact.handler.local:ServerLocalArtifactHandler</type>
   <size>334</size>
   <planResultKey>SACO-MAS-JOB1-166</planResultKey>
  </artifact>
  <artifact>
   <id>17334452</id>
   <label>NuGet Package</label>
   <sharedArtifact>true</sharedArtifact>
   <globallyStored>false</globallyStored>
   <type>com.atlassian.bamboo.plugin.artifact.handler.local:ServerLocalArtifactHandler</type>
   <size>43437</size>
   <planResultKey>SACO-MAS-166</planResultKey>
  </artifact>
  <artifact>
   <id>17334453</id>
   <label>Source</label>
   <sharedArtifact>true</sharedArtifact>
   <globallyStored>false</globallyStored>
   <type>com.atlassian.bamboo.plugin.artifact.handler.local:ServerLocalArtifactHandler</type>
   <size>5102553</size>
   <planResultKey>SNE-MN-93</planResultKey>
  </artifact>
  <artifact>
   <id>17334454</id>
   <label>ReSharper Results</label>
   <sharedArtifact>false</sharedArtifact>
   <globallyStored>false</globallyStored>
   <type>com.atlassian.bamboo.plugin.artifact.handler.local:ServerLocalArtifactHandler</type>
   <size>347</size>
   <planResultKey>SNE-MN-JOB1-93</planResultKey>
  </artifact>
  <artifact>
   <id>17334455</id>
   <label>NuGet Package</label>
   <sharedArtifact>true</sharedArtifact>
   <globallyStored>false</globallyStored>
   <type>com.atlassian.bamboo.plugin.artifact.handler.local:ServerLocalArtifactHandler</type>
   <size>9269</size>
   <planResultKey>SNE-MN-93</planResultKey>
  </artifact>
  <artifact>
   <id>17334456</id>
   <label>Source</label>
   <sharedArtifact>true</sharedArtifact>
   <globallyStored>false</globallyStored>
   <type>com.atlassian.bamboo.plugin.artifact.handler.local:ServerLocalArtifactHandler</type>
   <size>58864074</size>
   <planResultKey>SACO-MAS-167</planResultKey>
  </artifact>
  <artifact>
   <id>17334457</id>
   <label>ReSharper Results</label>
   <sharedArtifact>false</sharedArtifact>
   <globallyStored>false</globallyStored>
   <type>com.atlassian.bamboo.plugin.artifact.handler.local:ServerLocalArtifactHandler</type>
   <size>334</size>
   <planResultKey>SACO-MAS-JOB1-167</planResultKey>
  </artifact>
  <artifact>
   <id>17334458</id>
   <label>NuGet Package</label>
   <sharedArtifact>true</sharedArtifact>
   <globallyStored>false</globallyStored>
   <type>com.atlassian.bamboo.plugin.artifact.handler.local:ServerLocalArtifactHandler</type>
   <size>43432</size>
   <planResultKey>SACO-MAS-167</planResultKey>
  </artifact>
  <artifact>
   <id>17334459</id>
   <label>Source</label>
   <sharedArtifact>true</sharedArtifact>
   <globallyStored>false</globallyStored>
   <type>com.atlassian.bamboo.plugin.artifact.handler.local:ServerLocalArtifactHandler</type>
   <size>38178134</size>
   <planResultKey>SW-MAS-189</planResultKey>
  </artifact>
  <artifact>
   <id>17334460</id>
   <label>ReSharper Results</label>
   <sharedArtifact>false</sharedArtifact>
   <globallyStored>false</globallyStored>
   <type>com.atlassian.bamboo.plugin.artifact.handler.local:ServerLocalArtifactHandler</type>
   <size>853</size>
   <planResultKey>SW-MAS-JOB1-189</planResultKey>
  </artifact>
  <artifact>
   <id>17334461</id>
   <label>NuGet Package</label>
   <sharedArtifact>true</sharedArtifact>
   <globallyStored>false</globallyStored>
   <type>com.atlassian.bamboo.plugin.artifact.handler.local:ServerLocalArtifactHandler</type>
   <size>15980</size>
   <planResultKey>SW-MAS-189</planResultKey>
  </artifact>
  <artifact>
   <id>17334462</id>
   <label>Source</label>
   <sharedArtifact>true</sharedArtifact>
   <globallyStored>false</globallyStored>
   <type>com.atlassian.bamboo.plugin.artifact.handler.local:ServerLocalArtifactHandler</type>
   <size>7214502</size>
   <planResultKey>SXE-MAS-57</planResultKey>
  </artifact>
  <artifact>
   <id>17334463</id>
   <label>ReSharper Results</label>
   <sharedArtifact>false</sharedArtifact>
   <globallyStored>false</globallyStored>
   <type>com.atlassian.bamboo.plugin.artifact.handler.local:ServerLocalArtifactHandler</type>
   <size>347</size>
   <planResultKey>SXE-MAS-JOB1-57</planResultKey>
  </artifact>
  <artifact>
   <id>17334464</id>
   <label>NuGet Package</label>
   <sharedArtifact>true</sharedArtifact>
   <globallyStored>false</globallyStored>
   <type>com.atlassian.bamboo.plugin.artifact.handler.local:ServerLocalArtifactHandler</type>
   <size>6157</size>
   <planResultKey>SXE-MAS-57</planResultKey>
  </artifact>
  <artifact>
   <id>17334465</id>
   <label>Source</label>
   <sharedArtifact>true</sharedArtifact>
   <globallyStored>false</globallyStored>
   <type>com.atlassian.bamboo.plugin.artifact.handler.local:ServerLocalArtifactHandler</type>
   <size>23334141</size>
   <planResultKey>SC-MAS-99</planResultKey>
  </artifact>
  <artifact>
   <id>17334466</id>
   <label>ReSharper Results</label>
   <sharedArtifact>false</sharedArtifact>
   <globallyStored>false</globallyStored>
   <type>com.atlassian.bamboo.plugin.artifact.handler.local:ServerLocalArtifactHandler</type>
   <size>337</size>
   <planResultKey>SC-MAS-JOB1-99</planResultKey>
  </artifact>
  <artifact>
   <id>17334467</id>
   <label>Source</label>
   <sharedArtifact>true</sharedArtifact>
   <globallyStored>false</globallyStored>
   <type>com.atlassian.bamboo.plugin.artifact.handler.local:ServerLocalArtifactHandler</type>
   <size>45810566</size>
   <planResultKey>SE-MAS-83</planResultKey>
  </artifact>
  <artifact>
   <id>17334468</id>
   <label>ReSharper Results</label>
   <sharedArtifact>false</sharedArtifact>
   <globallyStored>false</globallyStored>
   <type>com.atlassian.bamboo.plugin.artifact.handler.local:ServerLocalArtifactHandler</type>
   <size>339</size>
   <planResultKey>SE-MAS-JOB1-83</planResultKey>
  </artifact>
  <artifact>
   <id>17334469</id>
   <label>NuGet Package</label>
   <sharedArtifact>true</sharedArtifact>
   <globallyStored>false</globallyStored>
   <type>com.atlassian.bamboo.plugin.artifact.handler.local:ServerLocalArtifactHandler</type>
   <size>8910</size>
   <planResultKey>SC-MAS-99</planResultKey>
  </artifact>
  <artifact>
   <id>17334470</id>
   <label>NuGet Package</label>
   <sharedArtifact>true</sharedArtifact>
   <globallyStored>false</globallyStored>
   <type>com.atlassian.bamboo.plugin.artifact.handler.local:ServerLocalArtifactHandler</type>
   <size>16462</size>
   <planResultKey>SE-MAS-83</planResultKey>
  </artifact>
  <artifact>
   <id>17334471</id>
   <label>Source</label>
   <sharedArtifact>true</sharedArtifact>
   <globallyStored>false</globallyStored>
   <type>com.atlassian.bamboo.plugin.artifact.handler.local:ServerLocalArtifactHandler</type>
   <size>58863985</size>
   <planResultKey>SACO-MAS-168</planResultKey>
  </artifact>
  <artifact>
   <id>17334472</id>
   <label>ReSharper Results</label>
   <sharedArtifact>false</sharedArtifact>
   <globallyStored>false</globallyStored>
   <type>com.atlassian.bamboo.plugin.artifact.handler.local:ServerLocalArtifactHandler</type>
   <size>334</size>
   <planResultKey>SACO-MAS-JOB1-168</planResultKey>
  </artifact>
  <artifact>
   <id>17334473</id>
   <label>Source</label>
   <sharedArtifact>true</sharedArtifact>
   <globallyStored>false</globallyStored>
   <type>com.atlassian.bamboo.plugin.artifact.handler.local:ServerLocalArtifactHandler</type>
   <size>38266274</size>
   <planResultKey>SG-MAS-19</planResultKey>
  </artifact>
  <artifact>
   <id>17334474</id>
   <label>ReSharper Results</label>
   <sharedArtifact>false</sharedArtifact>
   <globallyStored>false</globallyStored>
   <type>com.atlassian.bamboo.plugin.artifact.handler.local:ServerLocalArtifactHandler</type>
   <size>339</size>
   <planResultKey>SG-MAS-JOB1-19</planResultKey>
  </artifact>
  <artifact>
   <id>17334475</id>
   <label>Source</label>
   <sharedArtifact>true</sharedArtifact>
   <globallyStored>false</globallyStored>
   <type>com.atlassian.bamboo.plugin.artifact.handler.local:ServerLocalArtifactHandler</type>
   <size>52194388</size>
   <planResultKey>SSC-MAS-12</planResultKey>
  </artifact>
  <artifact>
   <id>17334476</id>
   <label>ReSharper Results</label>
   <sharedArtifact>false</sharedArtifact>
   <globallyStored>false</globallyStored>
   <type>com.atlassian.bamboo.plugin.artifact.handler.local:ServerLocalArtifactHandler</type>
   <size>346</size>
   <planResultKey>SSC-MAS-JOB1-12</planResultKey>
  </artifact>
  <artifact>
   <id>17334477</id>
   <label>NuGet Package</label>
   <sharedArtifact>true</sharedArtifact>
   <globallyStored>false</globallyStored>
   <type>com.atlassian.bamboo.plugin.artifact.handler.local:ServerLocalArtifactHandler</type>
   <size>43431</size>
   <planResultKey>SACO-MAS-168</planResultKey>
  </artifact>
  <artifact>
   <id>17334478</id>
   <label>NuGet Package</label>
   <sharedArtifact>true</sharedArtifact>
   <globallyStored>false</globallyStored>
   <type>com.atlassian.bamboo.plugin.artifact.handler.local:ServerLocalArtifactHandler</type>
   <size>19388</size>
   <planResultKey>SG-MAS-19</planResultKey>
  </artifact>
  <artifact>
   <id>17334479</id>
   <label>NuGet Package</label>
   <sharedArtifact>true</sharedArtifact>
   <globallyStored>false</globallyStored>
   <type>com.atlassian.bamboo.plugin.artifact.handler.local:ServerLocalArtifactHandler</type>
   <size>28985</size>
   <planResultKey>SSC-MAS-12</planResultKey>
  </artifact>
  <artifact>
   <id>17334480</id>
   <label>Source</label>
   <sharedArtifact>true</sharedArtifact>
   <globallyStored>false</globallyStored>
   <type>com.atlassian.bamboo.plugin.artifact.handler.local:ServerLocalArtifactHandler</type>
   <size>34592059</size>
   <planResultKey>SR-MAS-23</planResultKey>
  </artifact>
  <artifact>
   <id>17334481</id>
   <label>ReSharper Results</label>
   <sharedArtifact>false</sharedArtifact>
   <globallyStored>false</globallyStored>
   <type>com.atlassian.bamboo.plugin.artifact.handler.local:ServerLocalArtifactHandler</type>
   <size>340</size>
   <planResultKey>SR-MAS-JOB1-23</planResultKey>
  </artifact>
  <artifact>
   <id>17334482</id>
   <label>NuGet Package</label>
   <sharedArtifact>true</sharedArtifact>
   <globallyStored>false</globallyStored>
   <type>com.atlassian.bamboo.plugin.artifact.handler.local:ServerLocalArtifactHandler</type>
   <size>24448</size>
   <planResultKey>SR-MAS-23</planResultKey>
  </artifact>
  <artifact>
   <id>17334483</id>
   <label>Source</label>
   <sharedArtifact>true</sharedArtifact>
   <globallyStored>false</globallyStored>
   <type>com.atlassian.bamboo.plugin.artifact.handler.local:ServerLocalArtifactHandler</type>
   <size>26812333</size>
   <planResultKey>SG-MAS-20</planResultKey>
  </artifact>
  <artifact>
   <id>17334484</id>
   <label>Source</label>
   <sharedArtifact>true</sharedArtifact>
   <globallyStored>false</globallyStored>
   <type>com.atlassian.bamboo.plugin.artifact.handler.local:ServerLocalArtifactHandler</type>
   <size>58863988</size>
   <planResultKey>SACO-MAS-169</planResultKey>
  </artifact>
  <artifact>
   <id>17334485</id>
   <label>ReSharper Results</label>
   <sharedArtifact>false</sharedArtifact>
   <globallyStored>false</globallyStored>
   <type>com.atlassian.bamboo.plugin.artifact.handler.local:ServerLocalArtifactHandler</type>
   <size>334</size>
   <planResultKey>SACO-MAS-JOB1-169</planResultKey>
  </artifact>
  <artifact>
   <id>17334486</id>
   <label>NuGet Package</label>
   <sharedArtifact>true</sharedArtifact>
   <globallyStored>false</globallyStored>
   <type>com.atlassian.bamboo.plugin.artifact.handler.local:ServerLocalArtifactHandler</type>
   <size>43434</size>
   <planResultKey>SACO-MAS-169</planResultKey>
  </artifact>
  <artifact>
   <id>17334487</id>
   <label>Source</label>
   <sharedArtifact>true</sharedArtifact>
   <globallyStored>false</globallyStored>
   <type>com.atlassian.bamboo.plugin.artifact.handler.local:ServerLocalArtifactHandler</type>
   <size>58832079</size>
   <planResultKey>SACO-MAS-170</planResultKey>
  </artifact>
  <artifact>
   <id>17334488</id>
   <label>ReSharper Results</label>
   <sharedArtifact>false</sharedArtifact>
   <globallyStored>false</globallyStored>
   <type>com.atlassian.bamboo.plugin.artifact.handler.local:ServerLocalArtifactHandler</type>
   <size>334</size>
   <planResultKey>SACO-MAS-JOB1-170</planResultKey>
  </artifact>
  <artifact>
   <id>17334489</id>
   <label>NuGet Package</label>
   <sharedArtifact>true</sharedArtifact>
   <globallyStored>false</globallyStored>
   <type>com.atlassian.bamboo.plugin.artifact.handler.local:ServerLocalArtifactHandler</type>
   <size>43424</size>
   <planResultKey>SACO-MAS-170</planResultKey>
  </artifact>
  <artifact>
   <id>17334490</id>
   <label>Source</label>
   <sharedArtifact>true</sharedArtifact>
   <globallyStored>false</globallyStored>
   <type>com.atlassian.bamboo.plugin.artifact.handler.local:ServerLocalArtifactHandler</type>
   <size>38517096</size>
   <planResultKey>SSC-MAS-13</planResultKey>
  </artifact>
  <artifact>
   <id>17334491</id>
   <label>ReSharper Results</label>
   <sharedArtifact>false</sharedArtifact>
   <globallyStored>false</globallyStored>
   <type>com.atlassian.bamboo.plugin.artifact.handler.local:ServerLocalArtifactHandler</type>
   <size>1102</size>
   <planResultKey>SSC-MAS-JOB1-13</planResultKey>
  </artifact>
  <artifact>
   <id>17334492</id>
   <label>Source</label>
   <sharedArtifact>true</sharedArtifact>
   <globallyStored>false</globallyStored>
   <type>com.atlassian.bamboo.plugin.artifact.handler.local:ServerLocalArtifactHandler</type>
   <size>52132301</size>
   <planResultKey>SSC-MAS-14</planResultKey>
  </artifact>
  <artifact>
   <id>17334493</id>
   <label>ReSharper Results</label>
   <sharedArtifact>false</sharedArtifact>
   <globallyStored>false</globallyStored>
   <type>com.atlassian.bamboo.plugin.artifact.handler.local:ServerLocalArtifactHandler</type>
   <size>346</size>
   <planResultKey>SSC-MAS-JOB1-14</planResultKey>
  </artifact>
  <artifact>
   <id>17334494</id>
   <label>NuGet Package</label>
   <sharedArtifact>true</sharedArtifact>
   <globallyStored>false</globallyStored>
   <type>com.atlassian.bamboo.plugin.artifact.handler.local:ServerLocalArtifactHandler</type>
   <size>28945</size>
   <planResultKey>SSC-MAS-14</planResultKey>
  </artifact>
 </artifacts>
</bamboo>