<?xml version='1.1' encoding='UTF-8' standalone='yes'?>
<bamboo>
 <date>Sun Mar 22 21:02:21 AEDT 2015</date>
 <version>5.7.2</version>
 <buildDate>02-Dec-2014</buildDate>
 <build>5716</build>
 <serverID>BG3Y-XJ99-GC6Z-FPP1</serverID>
 <bandanaItems>
  <bandanaItem>
   <buildId>0</buildId>
   <key>bamboo.plugin.state</key>
   <serializedData>&lt;com.atlassian.plugin.manager.DefaultPluginPersistentState>
  &lt;map class="java.util.Collections$UnmodifiableMap">
    &lt;m/>
  &lt;/map>
&lt;/com.atlassian.plugin.manager.DefaultPluginPersistentState></serializedData>
  </bandanaItem>
  <bandanaItem>
   <buildId>0</buildId>
   <key>com.atlassian.activeobjects.admin.ActiveObjectsPluginToTablesMapping</key>
   <serializedData>&lt;string>{&amp;quot;AO_A0B856_WEB_HOOK_LISTENER_AO&amp;quot;:{&amp;quot;key&amp;quot;:&amp;quot;com.atlassian.webhooks.atlassian-webhooks-plugin&amp;quot;,&amp;quot;name&amp;quot;:&amp;quot;Atlassian WebHooks Plugin&amp;quot;,&amp;quot;version&amp;quot;:&amp;quot;0.17.6&amp;quot;,&amp;quot;vendorName&amp;quot;:&amp;quot;Atlassian&amp;quot;,&amp;quot;vendorUrl&amp;quot;:&amp;quot;http://www.atlassian.com/&amp;quot;},&amp;quot;AO_7A45FB_AOTRACKING_USER&amp;quot;:{&amp;quot;key&amp;quot;:&amp;quot;com.atlassian.bamboo.brokenbuildtracker&amp;quot;,&amp;quot;name&amp;quot;:&amp;quot;Broken Build Responsibility Tracker&amp;quot;,&amp;quot;version&amp;quot;:&amp;quot;5.7.2&amp;quot;,&amp;quot;vendorName&amp;quot;:&amp;quot;Atlassian Software Systems Pty Ltd&amp;quot;,&amp;quot;vendorUrl&amp;quot;:&amp;quot;http://www.atlassian.com&amp;quot;},&amp;quot;AO_38321B_CUSTOM_CONTENT_LINK&amp;quot;:{&amp;quot;key&amp;quot;:&amp;quot;com.atlassian.plugins.atlassian-nav-links-plugin&amp;quot;,&amp;quot;name&amp;quot;:&amp;quot;Atlassian Navigation Links Plugin&amp;quot;,&amp;quot;version&amp;quot;:&amp;quot;3.3.9&amp;quot;,&amp;quot;vendorName&amp;quot;:&amp;quot;Atlassian&amp;quot;,&amp;quot;vendorUrl&amp;quot;:&amp;quot;http://www.atlassian.com/&amp;quot;},&amp;quot;AO_7A45FB_AOTRACKING_ENTRY&amp;quot;:{&amp;quot;key&amp;quot;:&amp;quot;com.atlassian.bamboo.brokenbuildtracker&amp;quot;,&amp;quot;name&amp;quot;:&amp;quot;Broken Build Responsibility Tracker&amp;quot;,&amp;quot;version&amp;quot;:&amp;quot;5.7.2&amp;quot;,&amp;quot;vendorName&amp;quot;:&amp;quot;Atlassian Software Systems Pty Ltd&amp;quot;,&amp;quot;vendorUrl&amp;quot;:&amp;quot;http://www.atlassian.com&amp;quot;},&amp;quot;AO_7A45FB_AOTRACKING_RESULT&amp;quot;:{&amp;quot;key&amp;quot;:&amp;quot;com.atlassian.bamboo.brokenbuildtracker&amp;quot;,&amp;quot;name&amp;quot;:&amp;quot;Broken Build Responsibility Tracker&amp;quot;,&amp;quot;version&amp;quot;:&amp;quot;5.7.2&amp;quot;,&amp;quot;vendorName&amp;quot;:&amp;quot;Atlassian Software Systems Pty Ltd&amp;quot;,&amp;quot;vendorUrl&amp;quot;:&amp;quot;http://www.atlassian.com&amp;quot;}}&lt;/string></serializedData>
  </bandanaItem>
  <bandanaItem>
   <buildId>0</buildId>
   <key>com.atlassian.bamboo.plugins.bamboo-scp-plugin:build</key>
   <serializedData>&lt;string>2&lt;/string></serializedData>
  </bandanaItem>
  <bandanaItem>
   <buildId>0</buildId>
   <key>com.atlassian.bamboo.plugins.tomcat.bamboo-tomcat-plugin:build</key>
   <serializedData>&lt;string>11&lt;/string></serializedData>
  </bandanaItem>
  <bandanaItem>
   <buildId>0</buildId>
   <key>com.atlassian.upm.atlassian-universal-plugin-manager-plugin:build</key>
   <serializedData>&lt;string>3&lt;/string></serializedData>
  </bandanaItem>
  <bandanaItem>
   <buildId>0</buildId>
   <key>com.atlassian.upm.log.PluginSettingsAuditLogService:log:upm_audit_log_v3</key>
   <serializedData>&lt;net.sf.hibernate.collection.Bag>
  &lt;string>{&amp;quot;userKey&amp;quot;:&amp;quot;Bamboo&amp;quot;,&amp;quot;date&amp;quot;:1427017591440,&amp;quot;i18nKey&amp;quot;:&amp;quot;upm.auditLog.upm.startup&amp;quot;,&amp;quot;entryType&amp;quot;:&amp;quot;UPM_STARTUP&amp;quot;,&amp;quot;params&amp;quot;:[]}&lt;/string>
  &lt;string>{&amp;quot;userKey&amp;quot;:&amp;quot;Bamboo&amp;quot;,&amp;quot;date&amp;quot;:1426892988859,&amp;quot;i18nKey&amp;quot;:&amp;quot;upm.auditLog.upm.startup&amp;quot;,&amp;quot;entryType&amp;quot;:&amp;quot;UPM_STARTUP&amp;quot;,&amp;quot;params&amp;quot;:[]}&lt;/string>
  &lt;string>{&amp;quot;userKey&amp;quot;:&amp;quot;Bamboo&amp;quot;,&amp;quot;date&amp;quot;:1426371240603,&amp;quot;i18nKey&amp;quot;:&amp;quot;upm.auditLog.upm.startup&amp;quot;,&amp;quot;entryType&amp;quot;:&amp;quot;UPM_STARTUP&amp;quot;,&amp;quot;params&amp;quot;:[]}&lt;/string>
  &lt;string>{&amp;quot;userKey&amp;quot;:&amp;quot;Bamboo&amp;quot;,&amp;quot;date&amp;quot;:1426287957293,&amp;quot;i18nKey&amp;quot;:&amp;quot;upm.auditLog.upm.startup&amp;quot;,&amp;quot;entryType&amp;quot;:&amp;quot;UPM_STARTUP&amp;quot;,&amp;quot;params&amp;quot;:[]}&lt;/string>
  &lt;string>{&amp;quot;userKey&amp;quot;:&amp;quot;Bamboo&amp;quot;,&amp;quot;date&amp;quot;:1426233791168,&amp;quot;i18nKey&amp;quot;:&amp;quot;upm.auditLog.upm.startup&amp;quot;,&amp;quot;entryType&amp;quot;:&amp;quot;UPM_STARTUP&amp;quot;,&amp;quot;params&amp;quot;:[]}&lt;/string>
  &lt;string>{&amp;quot;userKey&amp;quot;:&amp;quot;Bamboo&amp;quot;,&amp;quot;date&amp;quot;:1426148559638,&amp;quot;i18nKey&amp;quot;:&amp;quot;upm.auditLog.upm.startup&amp;quot;,&amp;quot;entryType&amp;quot;:&amp;quot;UPM_STARTUP&amp;quot;,&amp;quot;params&amp;quot;:[]}&lt;/string>
  &lt;string>{&amp;quot;userKey&amp;quot;:&amp;quot;thomas&amp;quot;,&amp;quot;date&amp;quot;:1425893138215,&amp;quot;i18nKey&amp;quot;:&amp;quot;upm.auditLog.install.plugin.success&amp;quot;,&amp;quot;entryType&amp;quot;:&amp;quot;PLUGIN_INSTALL&amp;quot;,&amp;quot;params&amp;quot;:[&amp;quot;Atlassian Universal Plugin Manager Self-Update Plugin&amp;quot;,&amp;quot;com.atlassian.upm.atlassian-universal-plugin-manager-selfupdate-plugin&amp;quot;,&amp;quot;2.16.2&amp;quot;]}&lt;/string>
  &lt;string>{&amp;quot;userKey&amp;quot;:&amp;quot;thomas&amp;quot;,&amp;quot;date&amp;quot;:1425893045502,&amp;quot;i18nKey&amp;quot;:&amp;quot;upm.auditLog.install.plugin.success&amp;quot;,&amp;quot;entryType&amp;quot;:&amp;quot;PLUGIN_INSTALL&amp;quot;,&amp;quot;params&amp;quot;:[&amp;quot;Atlassian Universal Plugin Manager Self-Update Plugin&amp;quot;,&amp;quot;com.atlassian.upm.atlassian-universal-plugin-manager-selfupdate-plugin&amp;quot;,&amp;quot;2.16.2&amp;quot;]}&lt;/string>
  &lt;string>{&amp;quot;userKey&amp;quot;:&amp;quot;thomas&amp;quot;,&amp;quot;date&amp;quot;:1425893006836,&amp;quot;i18nKey&amp;quot;:&amp;quot;upm.auditLog.install.plugin.success&amp;quot;,&amp;quot;entryType&amp;quot;:&amp;quot;PLUGIN_INSTALL&amp;quot;,&amp;quot;params&amp;quot;:[&amp;quot;Atlassian Universal Plugin Manager Self-Update Plugin&amp;quot;,&amp;quot;com.atlassian.upm.atlassian-universal-plugin-manager-selfupdate-plugin&amp;quot;,&amp;quot;2.16.2&amp;quot;]}&lt;/string>
  &lt;string>{&amp;quot;userKey&amp;quot;:&amp;quot;thomas&amp;quot;,&amp;quot;date&amp;quot;:1425698587509,&amp;quot;i18nKey&amp;quot;:&amp;quot;upm.auditLog.install.plugin.failure&amp;quot;,&amp;quot;entryType&amp;quot;:&amp;quot;PLUGIN_INSTALL&amp;quot;,&amp;quot;params&amp;quot;:[&amp;quot;https://marketplace.atlassian.com/download/plugins/com.atlassian.upm.atlassian-universal-plugin-manager-plugin/version/138581&amp;quot;]}&lt;/string>
  &lt;string>{&amp;quot;userKey&amp;quot;:&amp;quot;Bamboo&amp;quot;,&amp;quot;date&amp;quot;:1425683559089,&amp;quot;i18nKey&amp;quot;:&amp;quot;upm.auditLog.upm.startup&amp;quot;,&amp;quot;entryType&amp;quot;:&amp;quot;UPM_STARTUP&amp;quot;,&amp;quot;params&amp;quot;:[]}&lt;/string>
  &lt;string>{&amp;quot;userKey&amp;quot;:&amp;quot;Bamboo&amp;quot;,&amp;quot;date&amp;quot;:1425631288951,&amp;quot;i18nKey&amp;quot;:&amp;quot;upm.auditLog.upm.startup&amp;quot;,&amp;quot;entryType&amp;quot;:&amp;quot;UPM_STARTUP&amp;quot;,&amp;quot;params&amp;quot;:[]}&lt;/string>
  &lt;string>{&amp;quot;userKey&amp;quot;:&amp;quot;Bamboo&amp;quot;,&amp;quot;date&amp;quot;:1425541974854,&amp;quot;i18nKey&amp;quot;:&amp;quot;upm.auditLog.upm.startup&amp;quot;,&amp;quot;entryType&amp;quot;:&amp;quot;UPM_STARTUP&amp;quot;,&amp;quot;params&amp;quot;:[]}&lt;/string>
  &lt;string>{&amp;quot;userKey&amp;quot;:&amp;quot;Bamboo&amp;quot;,&amp;quot;date&amp;quot;:1425458572527,&amp;quot;i18nKey&amp;quot;:&amp;quot;upm.auditLog.upm.startup&amp;quot;,&amp;quot;entryType&amp;quot;:&amp;quot;UPM_STARTUP&amp;quot;,&amp;quot;params&amp;quot;:[]}&lt;/string>
  &lt;string>{&amp;quot;userKey&amp;quot;:&amp;quot;Bamboo&amp;quot;,&amp;quot;date&amp;quot;:1425367556657,&amp;quot;i18nKey&amp;quot;:&amp;quot;upm.auditLog.upm.startup&amp;quot;,&amp;quot;entryType&amp;quot;:&amp;quot;UPM_STARTUP&amp;quot;,&amp;quot;params&amp;quot;:[]}&lt;/string>
  &lt;string>{&amp;quot;userKey&amp;quot;:&amp;quot;Bamboo&amp;quot;,&amp;quot;date&amp;quot;:1425362140031,&amp;quot;i18nKey&amp;quot;:&amp;quot;upm.auditLog.upm.startup&amp;quot;,&amp;quot;entryType&amp;quot;:&amp;quot;UPM_STARTUP&amp;quot;,&amp;quot;params&amp;quot;:[]}&lt;/string>
  &lt;string>{&amp;quot;userKey&amp;quot;:&amp;quot;Bamboo&amp;quot;,&amp;quot;date&amp;quot;:1425330527569,&amp;quot;i18nKey&amp;quot;:&amp;quot;upm.auditLog.upm.startup&amp;quot;,&amp;quot;entryType&amp;quot;:&amp;quot;UPM_STARTUP&amp;quot;,&amp;quot;params&amp;quot;:[]}&lt;/string>
  &lt;string>{&amp;quot;userKey&amp;quot;:&amp;quot;thomas&amp;quot;,&amp;quot;date&amp;quot;:1425275228516,&amp;quot;i18nKey&amp;quot;:&amp;quot;upm.auditLog.install.plugin.success&amp;quot;,&amp;quot;entryType&amp;quot;:&amp;quot;PLUGIN_INSTALL&amp;quot;,&amp;quot;params&amp;quot;:[&amp;quot;Atlassian Universal Plugin Manager Self-Update Plugin&amp;quot;,&amp;quot;com.atlassian.upm.atlassian-universal-plugin-manager-selfupdate-plugin&amp;quot;,&amp;quot;2.16.2&amp;quot;]}&lt;/string>
  &lt;string>{&amp;quot;userKey&amp;quot;:&amp;quot;thomas&amp;quot;,&amp;quot;date&amp;quot;:1425275201411,&amp;quot;i18nKey&amp;quot;:&amp;quot;upm.auditLog.install.plugin.success&amp;quot;,&amp;quot;entryType&amp;quot;:&amp;quot;PLUGIN_INSTALL&amp;quot;,&amp;quot;params&amp;quot;:[&amp;quot;Atlassian Universal Plugin Manager Self-Update Plugin&amp;quot;,&amp;quot;com.atlassian.upm.atlassian-universal-plugin-manager-selfupdate-plugin&amp;quot;,&amp;quot;2.16.2&amp;quot;]}&lt;/string>
  &lt;string>{&amp;quot;userKey&amp;quot;:&amp;quot;thomas&amp;quot;,&amp;quot;date&amp;quot;:1425275189467,&amp;quot;i18nKey&amp;quot;:&amp;quot;upm.auditLog.install.plugin.success&amp;quot;,&amp;quot;entryType&amp;quot;:&amp;quot;PLUGIN_INSTALL&amp;quot;,&amp;quot;params&amp;quot;:[&amp;quot;Atlassian Universal Plugin Manager Self-Update Plugin&amp;quot;,&amp;quot;com.atlassian.upm.atlassian-universal-plugin-manager-selfupdate-plugin&amp;quot;,&amp;quot;2.16.2&amp;quot;]}&lt;/string>
  &lt;string>{&amp;quot;userKey&amp;quot;:&amp;quot;Bamboo&amp;quot;,&amp;quot;date&amp;quot;:1425267555695,&amp;quot;i18nKey&amp;quot;:&amp;quot;upm.auditLog.upm.startup&amp;quot;,&amp;quot;entryType&amp;quot;:&amp;quot;UPM_STARTUP&amp;quot;,&amp;quot;params&amp;quot;:[]}&lt;/string>
  &lt;string>{&amp;quot;userKey&amp;quot;:&amp;quot;Bamboo&amp;quot;,&amp;quot;date&amp;quot;:1425242614611,&amp;quot;i18nKey&amp;quot;:&amp;quot;upm.auditLog.upm.startup&amp;quot;,&amp;quot;entryType&amp;quot;:&amp;quot;UPM_STARTUP&amp;quot;,&amp;quot;params&amp;quot;:[]}&lt;/string>
  &lt;string>{&amp;quot;userKey&amp;quot;:&amp;quot;Bamboo&amp;quot;,&amp;quot;date&amp;quot;:1425078111657,&amp;quot;i18nKey&amp;quot;:&amp;quot;upm.auditLog.upm.startup&amp;quot;,&amp;quot;entryType&amp;quot;:&amp;quot;UPM_STARTUP&amp;quot;,&amp;quot;params&amp;quot;:[]}&lt;/string>
  &lt;string>{&amp;quot;userKey&amp;quot;:&amp;quot;Bamboo&amp;quot;,&amp;quot;date&amp;quot;:1425030564853,&amp;quot;i18nKey&amp;quot;:&amp;quot;upm.auditLog.upm.startup&amp;quot;,&amp;quot;entryType&amp;quot;:&amp;quot;UPM_STARTUP&amp;quot;,&amp;quot;params&amp;quot;:[]}&lt;/string>
  &lt;string>{&amp;quot;userKey&amp;quot;:&amp;quot;Bamboo&amp;quot;,&amp;quot;date&amp;quot;:1424855718090,&amp;quot;i18nKey&amp;quot;:&amp;quot;upm.auditLog.upm.startup&amp;quot;,&amp;quot;entryType&amp;quot;:&amp;quot;UPM_STARTUP&amp;quot;,&amp;quot;params&amp;quot;:[]}&lt;/string>
  &lt;string>{&amp;quot;userKey&amp;quot;:&amp;quot;Bamboo&amp;quot;,&amp;quot;date&amp;quot;:1424776495959,&amp;quot;i18nKey&amp;quot;:&amp;quot;upm.auditLog.upm.startup&amp;quot;,&amp;quot;entryType&amp;quot;:&amp;quot;UPM_STARTUP&amp;quot;,&amp;quot;params&amp;quot;:[]}&lt;/string>
  &lt;string>{&amp;quot;userKey&amp;quot;:&amp;quot;Bamboo&amp;quot;,&amp;quot;date&amp;quot;:1424574887991,&amp;quot;i18nKey&amp;quot;:&amp;quot;upm.auditLog.upm.startup&amp;quot;,&amp;quot;entryType&amp;quot;:&amp;quot;UPM_STARTUP&amp;quot;,&amp;quot;params&amp;quot;:[]}&lt;/string>
  &lt;string>{&amp;quot;userKey&amp;quot;:&amp;quot;Bamboo&amp;quot;,&amp;quot;date&amp;quot;:1424497906605,&amp;quot;i18nKey&amp;quot;:&amp;quot;upm.auditLog.upm.startup&amp;quot;,&amp;quot;entryType&amp;quot;:&amp;quot;UPM_STARTUP&amp;quot;,&amp;quot;params&amp;quot;:[]}&lt;/string>
&lt;/net.sf.hibernate.collection.Bag></serializedData>
  </bandanaItem>
  <bandanaItem>
   <buildId>0</buildId>
   <key>com.atlassian.upm.mail.impl.PluginSettingsUserEmailSettingsStore:use78b9c0b572719a68385340a04c056a94</key>
   <serializedData>&lt;net.sf.hibernate.collection.Bag/></serializedData>
  </bandanaItem>
  <bandanaItem>
   <buildId>0</buildId>
   <key>com.atlassian.upm:notifications:dismissal-plugin.request</key>
   <serializedData>&lt;net.sf.hibernate.collection.Bag/></serializedData>
  </bandanaItem>
  <bandanaItem>
   <buildId>0</buildId>
   <key>com.atlassian.upm:notifications:dismissal-evaluation.expired</key>
   <serializedData>&lt;net.sf.hibernate.collection.Bag/></serializedData>
  </bandanaItem>
  <bandanaItem>
   <buildId>0</buildId>
   <key>com.atlassian.upm:notifications:dismissal-edition.mismatch</key>
   <serializedData>&lt;net.sf.hibernate.collection.Bag/></serializedData>
  </bandanaItem>
  <bandanaItem>
   <buildId>0</buildId>
   <key>com.atlassian.upm:notifications:dismissal-maintenance.expired</key>
   <serializedData>&lt;net.sf.hibernate.collection.Bag/></serializedData>
  </bandanaItem>
  <bandanaItem>
   <buildId>0</buildId>
   <key>com.atlassian.upm:notifications:dismissal-new.licenses</key>
   <serializedData>&lt;net.sf.hibernate.collection.Bag/></serializedData>
  </bandanaItem>
  <bandanaItem>
   <buildId>0</buildId>
   <key>com.atlassian.upm:notifications:dismissal-updated.licenses</key>
   <serializedData>&lt;net.sf.hibernate.collection.Bag/></serializedData>
  </bandanaItem>
  <bandanaItem>
   <buildId>0</buildId>
   <key>com.atlassian.upm:notifications:dismissal-auto.updated.plugin</key>
   <serializedData>&lt;net.sf.hibernate.collection.Bag/></serializedData>
  </bandanaItem>
  <bandanaItem>
   <buildId>0</buildId>
   <key>com.atlassian.upm:notifications:dismissal-auto.updated.upm</key>
   <serializedData>&lt;net.sf.hibernate.collection.Bag/></serializedData>
  </bandanaItem>
  <bandanaItem>
   <buildId>0</buildId>
   <key>com.atlassian.upm.request.PluginSettingsPluginRequestStore:requests:requests_v2</key>
   <serializedData>&lt;net.sf.hibernate.collection.Bag/></serializedData>
  </bandanaItem>
  <bandanaItem>
   <buildId>0</buildId>
   <key>com.atlassian.plugins.custom_apps.hasCustomOrder</key>
   <serializedData>&lt;string>false&lt;/string></serializedData>
  </bandanaItem>
  <bandanaItem>
   <buildId>0</buildId>
   <key>com.atlassian.plugins.atlassian-nav-links-plugin:build</key>
   <serializedData>&lt;string>1&lt;/string></serializedData>
  </bandanaItem>
  <bandanaItem>
   <buildId>0</buildId>
   <key>com.atlassian.upm:notifications:notification-plugin.request</key>
   <serializedData>&lt;net.sf.hibernate.collection.Bag/></serializedData>
  </bandanaItem>
  <bandanaItem>
   <buildId>0</buildId>
   <key>com.atlassian.upm:notifications:notification-edition.mismatch</key>
   <serializedData>&lt;net.sf.hibernate.collection.Bag/></serializedData>
  </bandanaItem>
  <bandanaItem>
   <buildId>0</buildId>
   <key>com.atlassian.upm:notifications:notification-evaluation.expired</key>
   <serializedData>&lt;net.sf.hibernate.collection.Bag/></serializedData>
  </bandanaItem>
  <bandanaItem>
   <buildId>0</buildId>
   <key>com.atlassian.upm:notifications:notification-evaluation.nearlyexpired</key>
   <serializedData>&lt;net.sf.hibernate.collection.Bag/></serializedData>
  </bandanaItem>
  <bandanaItem>
   <buildId>0</buildId>
   <key>com.atlassian.upm:notifications:notification-maintenance.expired</key>
   <serializedData>&lt;net.sf.hibernate.collection.Bag/></serializedData>
  </bandanaItem>
  <bandanaItem>
   <buildId>0</buildId>
   <key>com.atlassian.upm:notifications:notification-maintenance.nearlyexpired</key>
   <serializedData>&lt;net.sf.hibernate.collection.Bag/></serializedData>
  </bandanaItem>
  <bandanaItem>
   <buildId>0</buildId>
   <key>com.atlassian.upm:notifications:notification-update</key>
   <serializedData>&lt;net.sf.hibernate.collection.Bag>
  &lt;string>com.atlassian.bamboo.plugins.bamboo-nodejs-plugin&lt;/string>
&lt;/net.sf.hibernate.collection.Bag></serializedData>
  </bandanaItem>
  <bandanaItem>
   <buildId>393217</buildId>
   <key>bamboo.chain.branch.next.key</key>
   <serializedData>&lt;long>2&lt;/long></serializedData>
  </bandanaItem>
  <bandanaItem>
   <buildId>0</buildId>
   <key>expiry.build.lastRun</key>
   <serializedData>&lt;date>1426980258235&lt;/date></serializedData>
  </bandanaItem>
  <bandanaItem>
   <buildId>0</buildId>
   <key>expiry.build.lastFinished</key>
   <serializedData>&lt;date>1426980266825&lt;/date></serializedData>
  </bandanaItem>
  <bandanaItem>
   <buildId>0</buildId>
   <key>expiry.build.successful</key>
   <serializedData>&lt;boolean>true&lt;/boolean></serializedData>
  </bandanaItem>
  <bandanaItem>
   <buildId>0</buildId>
   <key>com.atlassian.upm.impl.PluginSettingsPluginUpdateRequestStoreplugin-update-requests</key>
   <serializedData>&lt;net.sf.hibernate.collection.Bag/></serializedData>
  </bandanaItem>
  <bandanaItem>
   <buildId>0</buildId>
   <key>com.atlassian.upm.notification.ManualUpdateRequiredNotificationServi4132bc4b6b94205656e44360bcb38069</key>
   <serializedData>&lt;net.sf.hibernate.collection.Bag/></serializedData>
  </bandanaItem>
  <bandanaItem>
   <buildId>0</buildId>
   <key>com.atlassian.upm:selfupdate.jar</key>
   <serializedData>&lt;string>C:\Program Files\Bamboo\temp\plugin.8207668610737749653.atlassian-universal-plugin-manager-plugin-2.18.2.jar&lt;/string></serializedData>
  </bandanaItem>
  <bandanaItem>
   <buildId>0</buildId>
   <key>com.atlassian.upm:selfupdate.key</key>
   <serializedData>&lt;string>com.atlassian.upm.atlassian-universal-plugin-manager-plugin&lt;/string></serializedData>
  </bandanaItem>
  <bandanaItem>
   <buildId>0</buildId>
   <key>com.atlassian.upm:selfupdate.upm.uri</key>
   <serializedData>&lt;string>http://192.168.0.199:8085/rest/plugins/1.0/com.atlassian.upm.atlassian-universal-plugin-manager-plugin-key&lt;/string></serializedData>
  </bandanaItem>
  <bandanaItem>
   <buildId>0</buildId>
   <key>com.atlassian.upm:selfupdate.stub.uri</key>
   <serializedData>&lt;string>http://192.168.0.199:8085/rest/plugins/1.0/com.atlassian.upm.atlassian-universal-plugin-manager-selfupdate-plugin-key&lt;/string></serializedData>
  </bandanaItem>
  <bandanaItem>
   <buildId>0</buildId>
   <key>com.atlassian.upm:selfupdate.plugins.enabled</key>
   <serializedData>&lt;string>com.atlassian.bamboo.plugin.systemjira,com.atlassian.bamboo.plugins.bamboo-grails-plugin,com.atlassian.bamboo.plugin.system.additionalBuildConfiguration,com.atlassian.bamboo.webRepositoryViewer.fisheye,com.atlassian.bamboo.plugin.system.listeners,bamboo.webrepositoryviewer.provided,com.atlassian.bamboo.plugin.system.notifications,com.atlassian.bamboo.plugin.system.reports,com.atlassian.bamboo.plugin.system.webpanel,com.atlassian.bamboo.plugin.system.triggerReason,com.atlassian.bamboo.plugins.vcs,com.atlassian.bamboo.triggercondition.internal,com.atlassian.bamboo.plugins.php,com.atlassian.bamboo.plugins.atlassian-bamboo-plugin-ssh,com.atlassian.bamboo.vcsversion,com.atlassian.bamboo.plugins.scripttask,com.atlassian.bamboo.plugin.dotnet,com.atlassian.bamboo.plugin.labeller,com.atlassian.bamboo.plugin.system.repository,com.atlassian.bamboo.plugin.artifact.handler.remote,bamboo.deployments,com.atlassian.bamboo.plugins.ant,bamboo.sections.global.admin,bamboo.global.header,com.atlassian.bamboo.webRepositoryViewer.stash,com.atlassian.bamboo.plugin.system.servlets,bamboo.web.resources,com.atlassian.bamboo.plugin.artifact.handler.local,com.atlassian.bamboo.plugin.system.build,com.atlassian.oauth.consumer,com.atlassian.stash.plugins.stash-remote-event-bamboo-spi,com.atlassian.plugins.atlassian-nav-links-plugin,org.apache.httpcomponents.httpcore-4.2.5,com.atlassian.upm.atlassian-universal-plugin-manager-selfupdate-plugin,com.atlassian.sal.bamboo,org.apache.httpcomponents.httpclient-4.2.5,com.atlassian.bundles.json-20070829,com.atlassian.plugins.atlassian-remote-event-common-plugin,com.atlassian.bamboo.plugins.atlassian-bamboo-plugin-navlinks,com.atlassian.bamboo.plugins.atlassian-bamboo-jenkins-importer,com.atlassian.bamboo.plugins.bamboo-stash-plugin,com.atlassian.templaterenderer.api,com.atlassian.prettyurls.atlassian-pretty-urls-plugin,com.atlassian.bamboo.plugins.atlassian-bamboo-plugin-git,com.atlassian.plugins.atlassian-remote-event-consumer-plugin,com.atlassian.streams.bamboo,com.atlassian.upm.atlassian-universal-plugin-manager-plugin,com.atlassian.oauth.admin,com.atlassian.oauth.atlassian-oauth-api-1.9.0.m3,com.atlassian.plugins.rest.atlassian-rest-module,com.atlassian.plugins.jquery,com.atlassian.plugins.atlassian-plugins-webresource-plugin,com.atlassian.auiplugin,com.atlassian.gadgets.atlassian-gadgets-spi-3.3.4,com.atlassian.httpclient.atlassian-httpclient-plugin,com.atlassian.plugins.remote-link-aggregator-plugin,com.atlassian.healthcheck.atlassian-healthcheck,com.atlassian.gadgets.atlassian-gadgets-api-3.3.4,bamboo.web.resources.common,com.atlassian.plugins.atlassian-project-creation-plugin,com.atlassian.soy.soy-template-plugin,com.atlassian.oauth.consumer.sal,com.atlassian.bamboo.plugins.bamboo-nodejs-plugin,com.atlassian.atlassian-failure-cache-plugin,com.atlassian.activeobjects.bamboo.spi,com.atlassian.bamboo.plugins.bamboo-artifact-downloader-plugin,com.atlassian.applinks.applinks-plugin,com.atlassian.bamboo.plugins.tomcat.bamboo-tomcat-plugin,com.atlassian.oauth.atlassian-oauth-service-provider-spi-1.9.0.m3,com.atlassian.bamboo.plugins.bamboo-hipchat,com.atlassian.bamboo.plugins.atlassian-bamboo-plugin-mercurial,com.atlassian.bamboo.plugins.bamboo-scp-plugin,com.atlassian.bamboo.plugins.bamboo-variable-inject-plugin,com.atlassian.support.stp,com.atlassian.bamboo.brokenbuildtracker,com.atlassian.bamboo.plugin.clover,com.atlassian.bamboo.plugins.maven,com.atlassian.bamboo.plugins.atlassian-bamboo-project-creation,com.atlassian.streams.streams-spi-5.3.23,com.atlassian.oauth.serviceprovider,com.atlassian.webhooks.atlassian-webhooks-plugin,com.atlassian.gadgets.publisher,com.atlassian.plugins.atlassian-client-resource,com.atlassian.streams,com.atlassian.plugins.less-transformer-plugin,com.atlassian.oauth.serviceprovider.sal,com.atlassian.streams.core,com.atlassian.plugins.atlassian-remote-event-producer-plugin,com.atlassian.bamboo.plugins.testresultparser,com.heroku.bamboo.heroku-bamboo-plugin,com.atlassian.bamboo.plugins.rest,com.atlassian.bamboo.healthcheck.bamboo-healthcheck,com.atlassian.bamboo.gadgets,com.atlassian.templaterenderer.atlassian-template-renderer-velocity1.6-plugin,com.atlassian.bamboo.plugin.jira,com.atlassian.bamboo.plugins.stash.atlassian-bamboo-plugin-stash,com.atlassian.streams.streams-api-5.3.23,com.atlassian.oauth.atlassian-oauth-consumer-spi-1.9.0.m3,com.atlassian.activeobjects.activeobjects-plugin&lt;/string></serializedData>
  </bandanaItem>
  <bandanaItem>
   <buildId>0</buildId>
   <key>com.atlassian.upm:selfupdate.upm.post.uri</key>
   <serializedData>&lt;string>http://192.168.0.199:8085/rest/plugins/1.0/self-update-completed&lt;/string></serializedData>
  </bandanaItem>
  <bandanaItem>
   <buildId>0</buildId>
   <key>com.atlassian.upm.core.Sys:upm-settings:updated-upm-version</key>
   <serializedData>&lt;string>2.16.2&lt;/string></serializedData>
  </bandanaItem>
  <bandanaItem>
   <buildId>0</buildId>
   <key>com.atlassian.upm.self-update</key>
   <serializedData>&lt;properties>
  &lt;property name="autoUpdate" value="false"/>
  &lt;property name="selfUpdatePluginBundleId" value="82"/>
  &lt;property name="fromBundleId" value="76"/>
&lt;/properties></serializedData>
  </bandanaItem>
  <bandanaItem>
   <buildId>5013509</buildId>
   <key>bamboo.chain.branch.next.key</key>
   <serializedData>&lt;long>1&lt;/long></serializedData>
  </bandanaItem>
  <bandanaItem>
   <buildId>7569415</buildId>
   <key>bamboo.chain.branch.next.key</key>
   <serializedData>&lt;long>1&lt;/long></serializedData>
  </bandanaItem>
  <bandanaItem>
   <buildId>0</buildId>
   <key>expiry.deployment.lastRun</key>
   <serializedData>&lt;date>1426980252554&lt;/date></serializedData>
  </bandanaItem>
  <bandanaItem>
   <buildId>0</buildId>
   <key>expiry.deployment.lastFinished</key>
   <serializedData>&lt;date>1426980258234&lt;/date></serializedData>
  </bandanaItem>
  <bandanaItem>
   <buildId>0</buildId>
   <key>expiry.deployment.successful</key>
   <serializedData>&lt;boolean>true&lt;/boolean></serializedData>
  </bandanaItem>
 </bandanaItems>
</bamboo>