<?xml version='1.1' encoding='UTF-8' standalone='yes'?>
<bamboo>
 <date>Sun Mar 22 21:02:21 AEDT 2015</date>
 <version>5.7.2</version>
 <buildDate>02-Dec-2014</buildDate>
 <build>5716</build>
 <serverID>BG3Y-XJ99-GC6Z-FPP1</serverID>
 <localUsers>
  <localUser>
   <id>1</id>
   <name>thomas</name>
   <password>{PKCS5S2}8ltHU1XbDuB9JAIKmQc1sVUsyPs6mMZk3oh2qX+Ktifxy91VxTCu9uH/4+v1Ec0a</password>
   <fullName>Thomas Schroedter</fullName>
   <email>Thomas.Schroedter@gmx.net</email>
  </localUser>
 </localUsers>
</bamboo>