<?xml version='1.1' encoding='UTF-8' standalone='yes'?>
<bamboo>
 <date>Sun Mar 22 21:02:21 AEDT 2015</date>
 <version>5.7.2</version>
 <buildDate>02-Dec-2014</buildDate>
 <build>5716</build>
 <serverID>BG3Y-XJ99-GC6Z-FPP1</serverID>
 <testClasses>
  <testClass>
   <id>1474561</id>
   <name>Selkie.Windsor.NUnit.ProjectComponentAttributeTests</name>
   <plan>SW-MAS-JOB1</plan>
  </testClass>
  <testClass>
   <id>1474562</id>
   <name>Selkie.Windsor.NUnit.BaseInstallerTests</name>
   <plan>SW-MAS-JOB1</plan>
  </testClass>
  <testClass>
   <id>1474563</id>
   <name>Selkie.Windsor.Extensions.NUnit.StringExtensionsTests</name>
   <plan>SW-MAS-JOB1</plan>
  </testClass>
  <testClass>
   <id>1474564</id>
   <name>Selkie.Windsor.NUnit.LifestyleTests</name>
   <plan>SW-MAS-JOB1</plan>
  </testClass>
  <testClass>
   <id>1474565</id>
   <name>Selkie.Windsor.NUnit.ProjectComponentAttributeTests</name>
   <plan>SW-MAS0-JOB1</plan>
  </testClass>
  <testClass>
   <id>1474566</id>
   <name>Selkie.Windsor.NUnit.BaseInstallerTests</name>
   <plan>SW-MAS0-JOB1</plan>
  </testClass>
  <testClass>
   <id>1474567</id>
   <name>Selkie.Windsor.Extensions.NUnit.StringExtensionsTests</name>
   <plan>SW-MAS0-JOB1</plan>
  </testClass>
  <testClass>
   <id>1474568</id>
   <name>Selkie.Windsor.NUnit.LifestyleTests</name>
   <plan>SW-MAS0-JOB1</plan>
  </testClass>
  <testClass>
   <id>3178501</id>
   <name>Selkie.Windsor.Tests.NUnit.ProjectComponentAttributeTests</name>
   <plan>SW-MAS-JOB1</plan>
  </testClass>
  <testClass>
   <id>3178502</id>
   <name>Selkie.Windsor.Tests.NUnit.BaseInstallerTests</name>
   <plan>SW-MAS-JOB1</plan>
  </testClass>
  <testClass>
   <id>3178503</id>
   <name>Selkie.Windsor.Tests.NUnit.LifestyleTests</name>
   <plan>SW-MAS-JOB1</plan>
  </testClass>
  <testClass>
   <id>3178504</id>
   <name>Selkie.Windsor.Tests.Extensions.NUnit.StringExtensionsTests</name>
   <plan>SW-MAS-JOB1</plan>
  </testClass>
  <testClass>
   <id>3178505</id>
   <name>Selkie.Windsor.Tests.NUnit.ProjectComponentAttributeTests</name>
   <plan>SW-MAS0-JOB1</plan>
  </testClass>
  <testClass>
   <id>3178506</id>
   <name>Selkie.Windsor.Tests.NUnit.BaseInstallerTests</name>
   <plan>SW-MAS0-JOB1</plan>
  </testClass>
  <testClass>
   <id>3178507</id>
   <name>Selkie.Windsor.Tests.NUnit.LifestyleTests</name>
   <plan>SW-MAS0-JOB1</plan>
  </testClass>
  <testClass>
   <id>3178508</id>
   <name>Selkie.Windsor.Tests.Extensions.NUnit.StringExtensionsTests</name>
   <plan>SW-MAS0-JOB1</plan>
  </testClass>
  <testClass>
   <id>4358145</id>
   <name>Selkie.Windsor.Tests.NUnit.TypedFactoryTest</name>
   <plan>SW-MAS-JOB1</plan>
  </testClass>
  <testClass>
   <id>4358146</id>
   <name>Selkie.Windsor.Tests.NUnit.LifestyleSingletonTest</name>
   <plan>SW-MAS-JOB1</plan>
  </testClass>
  <testClass>
   <id>4358147</id>
   <name>Selkie.Windsor.Tests.NUnit.LifestyleTransientTest</name>
   <plan>SW-MAS-JOB1</plan>
  </testClass>
  <testClass>
   <id>6750209</id>
   <name>Selkie.NUnit.Extensions.Tests.StringExtensionsTests</name>
   <plan>SNE-MN-JOB1</plan>
  </testClass>
  <testClass>
   <id>6750210</id>
   <name>Selkie.NUnit.Extensions.Tests.NUnitHelperTests</name>
   <plan>SNE-MN-JOB1</plan>
  </testClass>
  <testClass>
   <id>10485761</id>
   <name>Selkie.Windsor.Tests.NUnit.TypedFactoryTest</name>
   <plan>SW-MAS1-JOB1</plan>
  </testClass>
  <testClass>
   <id>10485762</id>
   <name>Selkie.Windsor.Tests.NUnit.LifestyleTests</name>
   <plan>SW-MAS1-JOB1</plan>
  </testClass>
  <testClass>
   <id>10485763</id>
   <name>Selkie.Windsor.Tests.NUnit.ProjectComponentAttributeTests</name>
   <plan>SW-MAS1-JOB1</plan>
  </testClass>
  <testClass>
   <id>10485764</id>
   <name>Selkie.Windsor.Tests.NUnit.LifestyleSingletonTest</name>
   <plan>SW-MAS1-JOB1</plan>
  </testClass>
  <testClass>
   <id>10485765</id>
   <name>Selkie.Windsor.Tests.NUnit.LifestyleTransientTest</name>
   <plan>SW-MAS1-JOB1</plan>
  </testClass>
  <testClass>
   <id>10485766</id>
   <name>Selkie.Windsor.Tests.NUnit.BaseInstallerTests</name>
   <plan>SW-MAS1-JOB1</plan>
  </testClass>
  <testClass>
   <id>10485767</id>
   <name>Selkie.Windsor.Tests.Extensions.NUnit.StringExtensionsTests</name>
   <plan>SW-MAS1-JOB1</plan>
  </testClass>
  <testClass>
   <id>11534337</id>
   <name>Selkie.ACO.Anthill.Tests.NUnit.QueenTests</name>
   <plan>SACO-MAS-JOB1</plan>
  </testClass>
  <testClass>
   <id>11534338</id>
   <name>Selkie.ACO.Anthill.Tests.NUnit.ColonyTests</name>
   <plan>SACO-MAS-JOB1</plan>
  </testClass>
  <testClass>
   <id>11534339</id>
   <name>Selkie.ACO.Anthill.Tests.NUnit.ColonyLoggerTests</name>
   <plan>SACO-MAS-JOB1</plan>
  </testClass>
  <testClass>
   <id>11534340</id>
   <name>Selkie.ACO.Anthill.Tests.NUnit.NaturalSelectionTests</name>
   <plan>SACO-MAS-JOB1</plan>
  </testClass>
  <testClass>
   <id>11534341</id>
   <name>Selkie.ACO.Anthill.Tests.NUnit.SquadTests</name>
   <plan>SACO-MAS-JOB1</plan>
  </testClass>
  <testClass>
   <id>11534342</id>
   <name>Selkie.ACO.Anthill.Tests.NUnit.BestTrailFinderTests</name>
   <plan>SACO-MAS-JOB1</plan>
  </testClass>
  <testClass>
   <id>11534343</id>
   <name>Selkie.ACO.Anthill.Tests.NUnit.BestTrailInformationTests</name>
   <plan>SACO-MAS-JOB1</plan>
  </testClass>
  <testClass>
   <id>12451841</id>
   <name>Selkie.ACO.Trails.Tests.NUnit.FixedTrailBuilderTests</name>
   <plan>SACO-MAS-JOB1</plan>
  </testClass>
  <testClass>
   <id>12451842</id>
   <name>Selkie.ACO.Trails.Tests.NUnit.TrailAlternativesTests</name>
   <plan>SACO-MAS-JOB1</plan>
  </testClass>
  <testClass>
   <id>12451843</id>
   <name>Selkie.ACO.Common.Tests.NUnit.DistanceGraphTests</name>
   <plan>SACO-MAS-JOB1</plan>
  </testClass>
  <testClass>
   <id>12451844</id>
   <name>Selkie.ACO.Ants.Tests.NUnit.ChromosomeTests</name>
   <plan>SACO-MAS-JOB1</plan>
  </testClass>
  <testClass>
   <id>12451845</id>
   <name>Selkie.ACO.Common.Tests.NUnit.PheromonesTrackerTests</name>
   <plan>SACO-MAS-JOB1</plan>
  </testClass>
  <testClass>
   <id>12451846</id>
   <name>Selkie.ACO.Trails.Tests.NUnit.CandidateListTrailBuilderTests</name>
   <plan>SACO-MAS-JOB1</plan>
  </testClass>
  <testClass>
   <id>12451847</id>
   <name>Selkie.ACO.Trails.Tests.NUnit.StandardTrailBuilderTests</name>
   <plan>SACO-MAS-JOB1</plan>
  </testClass>
  <testClass>
   <id>12451848</id>
   <name>Selkie.ACO.Ants.Tests.NUnit.CandidateListAntTests</name>
   <plan>SACO-MAS-JOB1</plan>
  </testClass>
  <testClass>
   <id>12451849</id>
   <name>Selkie.ACO.Common.Tests.NUnit.PheromonesTests</name>
   <plan>SACO-MAS-JOB1</plan>
  </testClass>
  <testClass>
   <id>12451850</id>
   <name>Selkie.ACO.Trails.Tests.NUnit.RandomTrailBuilderTests</name>
   <plan>SACO-MAS-JOB1</plan>
  </testClass>
  <testClass>
   <id>12451851</id>
   <name>Selkie.ACO.Ants.Tests.NUnit.FixedAntTests</name>
   <plan>SACO-MAS-JOB1</plan>
  </testClass>
  <testClass>
   <id>12451852</id>
   <name>Selkie.ACO.Ants.Tests.NUnit.StandardAntTests</name>
   <plan>SACO-MAS-JOB1</plan>
  </testClass>
  <testClass>
   <id>12451853</id>
   <name>Selkie.ACO.Trails.Tests.NUnit.TrailHistoryTests</name>
   <plan>SACO-MAS-JOB1</plan>
  </testClass>
  <testClass>
   <id>12451854</id>
   <name>Selkie.ACO.Ants.Tests.NUnit.NearestNeighboursTests</name>
   <plan>SACO-MAS-JOB1</plan>
  </testClass>
  <testClass>
   <id>12451855</id>
   <name>Selkie.ACO.Ants.Tests.NUnit.UnknownAntTests</name>
   <plan>SACO-MAS-JOB1</plan>
  </testClass>
  <testClass>
   <id>12451856</id>
   <name>Selkie.ACO.Ants.Tests.NUnit.BaseAntTests</name>
   <plan>SACO-MAS-JOB1</plan>
  </testClass>
  <testClass>
   <id>12451857</id>
   <name>Selkie.ACO.Common.Tests.NUnit.SettingsTests</name>
   <plan>SACO-MAS-JOB1</plan>
  </testClass>
  <testClass>
   <id>12451858</id>
   <name>Selkie.ACO.Trails.Tests.NUnit.Optimizers.TwoOptSimpleTests</name>
   <plan>SACO-MAS-JOB1</plan>
  </testClass>
  <testClass>
   <id>12451859</id>
   <name>Selkie.ACO.Ants.Tests.NUnit.CrossoverTests</name>
   <plan>SACO-MAS-JOB1</plan>
  </testClass>
  <testClass>
   <id>12451860</id>
   <name>Selkie.ACO.Trails.Tests.NUnit.UnknownTrailBuilderTests</name>
   <plan>SACO-MAS-JOB1</plan>
  </testClass>
  <testClass>
   <id>12451861</id>
   <name>Selkie.ACO.Common.Tests.NUnit.NearestNeighboursTests</name>
   <plan>SACO-MAS-JOB1</plan>
  </testClass>
  <testClass>
   <id>12451862</id>
   <name>Selkie.ACO.Trails.Tests.NUnit.TrailInformationTests</name>
   <plan>SACO-MAS-JOB1</plan>
  </testClass>
  <testClass>
   <id>12451863</id>
   <name>Selkie.ACO.Trails.Tests.NUnit.FixedTrailBuilderTests</name>
   <plan>SE-MAS-JOB1</plan>
  </testClass>
  <testClass>
   <id>12451864</id>
   <name>Selkie.ACO.Trails.Tests.NUnit.TrailAlternativesTests</name>
   <plan>SE-MAS-JOB1</plan>
  </testClass>
  <testClass>
   <id>12451865</id>
   <name>Selkie.ACO.Anthill.Tests.NUnit.ColonyTests</name>
   <plan>SE-MAS-JOB1</plan>
  </testClass>
  <testClass>
   <id>12451866</id>
   <name>Selkie.ACO.Common.Tests.NUnit.DistanceGraphTests</name>
   <plan>SE-MAS-JOB1</plan>
  </testClass>
  <testClass>
   <id>12451867</id>
   <name>Selkie.ACO.Ants.Tests.NUnit.ChromosomeTests</name>
   <plan>SE-MAS-JOB1</plan>
  </testClass>
  <testClass>
   <id>12451868</id>
   <name>Selkie.ACO.Common.Tests.NUnit.PheromonesTrackerTests</name>
   <plan>SE-MAS-JOB1</plan>
  </testClass>
  <testClass>
   <id>12451869</id>
   <name>Selkie.ACO.Trails.Tests.NUnit.CandidateListTrailBuilderTests</name>
   <plan>SE-MAS-JOB1</plan>
  </testClass>
  <testClass>
   <id>12451870</id>
   <name>Selkie.ACO.Ants.Tests.NUnit.CandidateListAntTests</name>
   <plan>SE-MAS-JOB1</plan>
  </testClass>
  <testClass>
   <id>12451871</id>
   <name>Selkie.ACO.Trails.Tests.NUnit.StandardTrailBuilderTests</name>
   <plan>SE-MAS-JOB1</plan>
  </testClass>
  <testClass>
   <id>12451872</id>
   <name>Selkie.ACO.Anthill.Tests.NUnit.SquadTests</name>
   <plan>SE-MAS-JOB1</plan>
  </testClass>
  <testClass>
   <id>12451873</id>
   <name>Selkie.ACO.Anthill.Tests.NUnit.NaturalSelectionTests</name>
   <plan>SE-MAS-JOB1</plan>
  </testClass>
  <testClass>
   <id>12451874</id>
   <name>Selkie.ACO.Common.Tests.NUnit.PheromonesTests</name>
   <plan>SE-MAS-JOB1</plan>
  </testClass>
  <testClass>
   <id>12451875</id>
   <name>Selkie.ACO.Trails.Tests.NUnit.RandomTrailBuilderTests</name>
   <plan>SE-MAS-JOB1</plan>
  </testClass>
  <testClass>
   <id>12451876</id>
   <name>Selkie.ACO.Ants.Tests.NUnit.FixedAntTests</name>
   <plan>SE-MAS-JOB1</plan>
  </testClass>
  <testClass>
   <id>12451877</id>
   <name>Selkie.ACO.Anthill.Tests.NUnit.ColonyLoggerTests</name>
   <plan>SE-MAS-JOB1</plan>
  </testClass>
  <testClass>
   <id>12451878</id>
   <name>Selkie.ACO.Ants.Tests.NUnit.StandardAntTests</name>
   <plan>SE-MAS-JOB1</plan>
  </testClass>
  <testClass>
   <id>12451879</id>
   <name>Selkie.ACO.Trails.Tests.NUnit.TrailHistoryTests</name>
   <plan>SE-MAS-JOB1</plan>
  </testClass>
  <testClass>
   <id>12451880</id>
   <name>Selkie.ACO.Ants.Tests.NUnit.NearestNeighboursTests</name>
   <plan>SE-MAS-JOB1</plan>
  </testClass>
  <testClass>
   <id>12451881</id>
   <name>Selkie.ACO.Ants.Tests.NUnit.UnknownAntTests</name>
   <plan>SE-MAS-JOB1</plan>
  </testClass>
  <testClass>
   <id>12451882</id>
   <name>Selkie.ACO.Ants.Tests.NUnit.BaseAntTests</name>
   <plan>SE-MAS-JOB1</plan>
  </testClass>
  <testClass>
   <id>12451883</id>
   <name>Selkie.ACO.Anthill.Tests.NUnit.BestTrailFinderTests</name>
   <plan>SE-MAS-JOB1</plan>
  </testClass>
  <testClass>
   <id>12451884</id>
   <name>Selkie.ACO.Common.Tests.NUnit.SettingsTests</name>
   <plan>SE-MAS-JOB1</plan>
  </testClass>
  <testClass>
   <id>12451885</id>
   <name>Selkie.ACO.Anthill.Tests.NUnit.QueenTests</name>
   <plan>SE-MAS-JOB1</plan>
  </testClass>
  <testClass>
   <id>12451886</id>
   <name>Selkie.ACO.Trails.Tests.NUnit.Optimizers.TwoOptSimpleTests</name>
   <plan>SE-MAS-JOB1</plan>
  </testClass>
  <testClass>
   <id>12451887</id>
   <name>Selkie.ACO.Ants.Tests.NUnit.CrossoverTests</name>
   <plan>SE-MAS-JOB1</plan>
  </testClass>
  <testClass>
   <id>12451888</id>
   <name>Selkie.ACO.Trails.Tests.NUnit.UnknownTrailBuilderTests</name>
   <plan>SE-MAS-JOB1</plan>
  </testClass>
  <testClass>
   <id>12451889</id>
   <name>Selkie.ACO.Common.Tests.NUnit.NearestNeighboursTests</name>
   <plan>SE-MAS-JOB1</plan>
  </testClass>
  <testClass>
   <id>12451890</id>
   <name>Selkie.ACO.Trails.Tests.NUnit.TrailInformationTests</name>
   <plan>SE-MAS-JOB1</plan>
  </testClass>
  <testClass>
   <id>12451891</id>
   <name>Selkie.ACO.Anthill.Tests.NUnit.BestTrailInformationTests</name>
   <plan>SE-MAS-JOB1</plan>
  </testClass>
  <testClass>
   <id>14319617</id>
   <name>Selkie.EasyNetQ.Tests.Extensions.XUnit.BusExtensionsTests</name>
   <plan>SE-MAS-JOB1</plan>
  </testClass>
  <testClass>
   <id>14319618</id>
   <name>Selkie.EasyNetQ.Tests.Extensions.XUnit.SelkieEasyNetQLoggerTests</name>
   <plan>SE-MAS-JOB1</plan>
  </testClass>
  <testClass>
   <id>14319619</id>
   <name>Selkie.EasyNetQ.Tests.Extensions.XUnit.StringExtensionsTests</name>
   <plan>SE-MAS-JOB1</plan>
  </testClass>
 </testClasses>
</bamboo>