<?xml version='1.0' encoding='UTF-8'?>
<backup xmlns="http://www.atlassian.com/ao" xmlns:xsi="http://www.w3.org/2001/XMLSchema-instance">
  <database>
    <meta key="database.name" value="HSQL Database Engine"/>
    <meta key="database.version" value="1.8.0"/>
    <meta key="database.minorVersion" value="8"/>
    <meta key="database.majorVersion" value="1"/>
    <meta key="driver.name" value="HSQL Database Engine Driver"/>
    <meta key="driver.version" value="1.8.0"/>
  </database>
  <table name="AO_38321B_CUSTOM_CONTENT_LINK">
    <column name="CONTENT_KEY" primaryKey="false" autoIncrement="false" sqlType="12" precision="255"/>
    <column name="ID" primaryKey="true" autoIncrement="true" sqlType="4" precision="10"/>
    <column name="LINK_LABEL" primaryKey="false" autoIncrement="false" sqlType="12" precision="255"/>
    <column name="LINK_URL" primaryKey="false" autoIncrement="false" sqlType="12" precision="255"/>
    <column name="SEQUENCE" primaryKey="false" autoIncrement="false" sqlType="4" precision="10"/>
  </table>
  <table name="AO_7A45FB_AOTRACKING_ENTRY">
    <column name="ACTIVE" primaryKey="false" autoIncrement="false" sqlType="16" precision="1"/>
    <column name="PLAN_ID" primaryKey="false" autoIncrement="false" sqlType="-5" precision="19"/>
    <column name="TRACKING_ID" primaryKey="true" autoIncrement="true" sqlType="4" precision="10"/>
  </table>
  <table name="AO_7A45FB_AOTRACKING_RESULT">
    <column name="BUILD_NUMBER" primaryKey="false" autoIncrement="false" sqlType="4" precision="10"/>
    <column name="LINKED_TRACKING_ENTRY_ID" primaryKey="false" autoIncrement="false" sqlType="4" precision="10"/>
    <column name="RESULT_ID" primaryKey="true" autoIncrement="true" sqlType="4" precision="10"/>
    <column name="RESULT_SUMMARY_ID" primaryKey="false" autoIncrement="false" sqlType="-5" precision="19"/>
    <foreignKey fromTable="AO_7A45FB_AOTRACKING_RESULT" fromColumn="LINKED_TRACKING_ENTRY_ID" toTable="AO_7A45FB_AOTRACKING_ENTRY" toColumn="TRACKING_ID"/>
  </table>
  <table name="AO_7A45FB_AOTRACKING_USER">
    <column name="LINKED_TRACKING_ENTRY_ID" primaryKey="false" autoIncrement="false" sqlType="4" precision="10"/>
    <column name="USERNAME" primaryKey="false" autoIncrement="false" sqlType="12" precision="255"/>
    <column name="USER_ID" primaryKey="true" autoIncrement="true" sqlType="4" precision="10"/>
    <column name="USER_WHO_UPDATED" primaryKey="false" autoIncrement="false" sqlType="12" precision="255"/>
    <foreignKey fromTable="AO_7A45FB_AOTRACKING_USER" fromColumn="LINKED_TRACKING_ENTRY_ID" toTable="AO_7A45FB_AOTRACKING_ENTRY" toColumn="TRACKING_ID"/>
  </table>
  <table name="AO_A0B856_WEB_HOOK_LISTENER_AO">
    <column name="ENABLED" primaryKey="false" autoIncrement="false" sqlType="16" precision="1"/>
    <column name="EVENTS" primaryKey="false" autoIncrement="false" sqlType="-1" precision="2147483647"/>
    <column name="ID" primaryKey="true" autoIncrement="true" sqlType="4" precision="10"/>
    <column name="LAST_UPDATED" primaryKey="false" autoIncrement="false" sqlType="93" precision="29"/>
    <column name="LAST_UPDATED_USER" primaryKey="false" autoIncrement="false" sqlType="12" precision="255"/>
    <column name="NAME" primaryKey="false" autoIncrement="false" sqlType="-1" precision="2147483647"/>
    <column name="PARAMETERS" primaryKey="false" autoIncrement="false" sqlType="-1" precision="2147483647"/>
    <column name="REGISTRATION_METHOD" primaryKey="false" autoIncrement="false" sqlType="12" precision="255"/>
    <column name="URL" primaryKey="false" autoIncrement="false" sqlType="-1" precision="2147483647"/>
  </table>
  <data tableName="AO_38321B_CUSTOM_CONTENT_LINK">
    <column name="CONTENT_KEY"/>
    <column name="ID"/>
    <column name="LINK_LABEL"/>
    <column name="LINK_URL"/>
    <column name="SEQUENCE"/>
  </data>
  <data tableName="AO_7A45FB_AOTRACKING_ENTRY">
    <column name="ACTIVE"/>
    <column name="PLAN_ID"/>
    <column name="TRACKING_ID"/>
    <row>
      <boolean>false</boolean>
      <integer>393217</integer>
      <integer>1</integer>
    </row>
    <row>
      <boolean>false</boolean>
      <integer>393217</integer>
      <integer>2</integer>
    </row>
    <row>
      <boolean>false</boolean>
      <integer>393217</integer>
      <integer>3</integer>
    </row>
    <row>
      <boolean>false</boolean>
      <integer>1048578</integer>
      <integer>4</integer>
    </row>
    <row>
      <boolean>false</boolean>
      <integer>393217</integer>
      <integer>5</integer>
    </row>
    <row>
      <boolean>false</boolean>
      <integer>393217</integer>
      <integer>6</integer>
    </row>
    <row>
      <boolean>false</boolean>
      <integer>393217</integer>
      <integer>7</integer>
    </row>
    <row>
      <boolean>false</boolean>
      <integer>393217</integer>
      <integer>8</integer>
    </row>
    <row>
      <boolean>false</boolean>
      <integer>393217</integer>
      <integer>9</integer>
    </row>
    <row>
      <boolean>false</boolean>
      <integer>393217</integer>
      <integer>10</integer>
    </row>
    <row>
      <boolean>false</boolean>
      <integer>393217</integer>
      <integer>11</integer>
    </row>
    <row>
      <boolean>false</boolean>
      <integer>393217</integer>
      <integer>12</integer>
    </row>
    <row>
      <boolean>false</boolean>
      <integer>393217</integer>
      <integer>13</integer>
    </row>
    <row>
      <boolean>false</boolean>
      <integer>393217</integer>
      <integer>14</integer>
    </row>
    <row>
      <boolean>false</boolean>
      <integer>393217</integer>
      <integer>15</integer>
    </row>
    <row>
      <boolean>false</boolean>
      <integer>393217</integer>
      <integer>16</integer>
    </row>
    <row>
      <boolean>false</boolean>
      <integer>393217</integer>
      <integer>17</integer>
    </row>
    <row>
      <boolean>false</boolean>
      <integer>5013509</integer>
      <integer>19</integer>
    </row>
    <row>
      <boolean>false</boolean>
      <integer>5013509</integer>
      <integer>20</integer>
    </row>
    <row>
      <boolean>false</boolean>
      <integer>6553601</integer>
      <integer>21</integer>
    </row>
    <row>
      <boolean>false</boolean>
      <integer>6553601</integer>
      <integer>22</integer>
    </row>
    <row>
      <boolean>false</boolean>
      <integer>6553601</integer>
      <integer>23</integer>
    </row>
    <row>
      <boolean>false</boolean>
      <integer>6553601</integer>
      <integer>24</integer>
    </row>
    <row>
      <boolean>false</boolean>
      <integer>6553601</integer>
      <integer>25</integer>
    </row>
    <row>
      <boolean>false</boolean>
      <integer>393217</integer>
      <integer>26</integer>
    </row>
    <row>
      <boolean>false</boolean>
      <integer>393217</integer>
      <integer>27</integer>
    </row>
    <row>
      <boolean>false</boolean>
      <integer>7569412</integer>
      <integer>29</integer>
    </row>
    <row>
      <boolean>false</boolean>
      <integer>5013509</integer>
      <integer>30</integer>
    </row>
    <row>
      <boolean>false</boolean>
      <integer>7569412</integer>
      <integer>31</integer>
    </row>
    <row>
      <boolean>false</boolean>
      <integer>7569415</integer>
      <integer>32</integer>
    </row>
    <row>
      <boolean>false</boolean>
      <integer>7569415</integer>
      <integer>33</integer>
    </row>
  </data>
  <data tableName="AO_7A45FB_AOTRACKING_RESULT">
    <column name="BUILD_NUMBER"/>
    <column name="LINKED_TRACKING_ENTRY_ID"/>
    <column name="RESULT_ID"/>
    <column name="RESULT_SUMMARY_ID"/>
    <row>
      <integer>2</integer>
      <integer>1</integer>
      <integer>1</integer>
      <integer>589827</integer>
    </row>
    <row>
      <integer>3</integer>
      <integer>1</integer>
      <integer>2</integer>
      <integer>589829</integer>
    </row>
    <row>
      <integer>4</integer>
      <integer>1</integer>
      <integer>3</integer>
      <integer>589831</integer>
    </row>
    <row>
      <integer>7</integer>
      <integer>2</integer>
      <integer>4</integer>
      <integer>589837</integer>
    </row>
    <row>
      <integer>8</integer>
      <integer>2</integer>
      <integer>5</integer>
      <integer>589839</integer>
    </row>
    <row>
      <integer>9</integer>
      <integer>2</integer>
      <integer>6</integer>
      <integer>589841</integer>
    </row>
    <row>
      <integer>10</integer>
      <integer>2</integer>
      <integer>7</integer>
      <integer>589843</integer>
    </row>
    <row>
      <integer>19</integer>
      <integer>3</integer>
      <integer>8</integer>
      <integer>1212417</integer>
    </row>
    <row>
      <integer>20</integer>
      <integer>3</integer>
      <integer>9</integer>
      <integer>1212420</integer>
    </row>
    <row>
      <integer>21</integer>
      <integer>3</integer>
      <integer>10</integer>
      <integer>1212422</integer>
    </row>
    <row>
      <integer>22</integer>
      <integer>3</integer>
      <integer>11</integer>
      <integer>1212424</integer>
    </row>
    <row>
      <integer>23</integer>
      <integer>3</integer>
      <integer>12</integer>
      <integer>1212426</integer>
    </row>
    <row>
      <integer>1</integer>
      <integer>4</integer>
      <integer>13</integer>
      <integer>1212432</integer>
    </row>
    <row>
      <integer>28</integer>
      <integer>5</integer>
      <integer>14</integer>
      <integer>1212440</integer>
    </row>
    <row>
      <integer>29</integer>
      <integer>5</integer>
      <integer>15</integer>
      <integer>1212442</integer>
    </row>
    <row>
      <integer>30</integer>
      <integer>5</integer>
      <integer>16</integer>
      <integer>1212444</integer>
    </row>
    <row>
      <integer>31</integer>
      <integer>5</integer>
      <integer>17</integer>
      <integer>1212446</integer>
    </row>
    <row>
      <integer>32</integer>
      <integer>5</integer>
      <integer>18</integer>
      <integer>1212448</integer>
    </row>
    <row>
      <integer>34</integer>
      <integer>6</integer>
      <integer>19</integer>
      <integer>1212452</integer>
    </row>
    <row>
      <integer>39</integer>
      <integer>7</integer>
      <integer>20</integer>
      <integer>1212462</integer>
    </row>
    <row>
      <integer>42</integer>
      <integer>8</integer>
      <integer>21</integer>
      <integer>1212468</integer>
    </row>
    <row>
      <integer>43</integer>
      <integer>8</integer>
      <integer>22</integer>
      <integer>1212470</integer>
    </row>
    <row>
      <integer>44</integer>
      <integer>8</integer>
      <integer>23</integer>
      <integer>1212472</integer>
    </row>
    <row>
      <integer>51</integer>
      <integer>9</integer>
      <integer>24</integer>
      <integer>2392067</integer>
    </row>
    <row>
      <integer>60</integer>
      <integer>10</integer>
      <integer>25</integer>
      <integer>2654219</integer>
    </row>
    <row>
      <integer>63</integer>
      <integer>11</integer>
      <integer>26</integer>
      <integer>2654225</integer>
    </row>
    <row>
      <integer>65</integer>
      <integer>12</integer>
      <integer>27</integer>
      <integer>2654229</integer>
    </row>
    <row>
      <integer>66</integer>
      <integer>12</integer>
      <integer>28</integer>
      <integer>2654232</integer>
    </row>
    <row>
      <integer>67</integer>
      <integer>12</integer>
      <integer>29</integer>
      <integer>2654235</integer>
    </row>
    <row>
      <integer>68</integer>
      <integer>12</integer>
      <integer>30</integer>
      <integer>2654238</integer>
    </row>
    <row>
      <integer>69</integer>
      <integer>12</integer>
      <integer>31</integer>
      <integer>2654241</integer>
    </row>
    <row>
      <integer>70</integer>
      <integer>12</integer>
      <integer>32</integer>
      <integer>2654244</integer>
    </row>
    <row>
      <integer>73</integer>
      <integer>13</integer>
      <integer>33</integer>
      <integer>2654253</integer>
    </row>
    <row>
      <integer>79</integer>
      <integer>14</integer>
      <integer>34</integer>
      <integer>2654272</integer>
    </row>
    <row>
      <integer>80</integer>
      <integer>14</integer>
      <integer>35</integer>
      <integer>2654275</integer>
    </row>
    <row>
      <integer>81</integer>
      <integer>14</integer>
      <integer>36</integer>
      <integer>2654278</integer>
    </row>
    <row>
      <integer>82</integer>
      <integer>14</integer>
      <integer>37</integer>
      <integer>2654281</integer>
    </row>
    <row>
      <integer>83</integer>
      <integer>14</integer>
      <integer>38</integer>
      <integer>2654284</integer>
    </row>
    <row>
      <integer>95</integer>
      <integer>15</integer>
      <integer>39</integer>
      <integer>2654326</integer>
    </row>
    <row>
      <integer>96</integer>
      <integer>15</integer>
      <integer>40</integer>
      <integer>2654329</integer>
    </row>
    <row>
      <integer>97</integer>
      <integer>15</integer>
      <integer>41</integer>
      <integer>2654332</integer>
    </row>
    <row>
      <integer>98</integer>
      <integer>15</integer>
      <integer>42</integer>
      <integer>2654335</integer>
    </row>
    <row>
      <integer>105</integer>
      <integer>16</integer>
      <integer>43</integer>
      <integer>3833869</integer>
    </row>
    <row>
      <integer>106</integer>
      <integer>16</integer>
      <integer>44</integer>
      <integer>3833872</integer>
    </row>
    <row>
      <integer>109</integer>
      <integer>17</integer>
      <integer>45</integer>
      <integer>3833881</integer>
    </row>
    <row>
      <integer>110</integer>
      <integer>17</integer>
      <integer>46</integer>
      <integer>3833884</integer>
    </row>
    <row>
      <integer>111</integer>
      <integer>17</integer>
      <integer>47</integer>
      <integer>3833887</integer>
    </row>
    <row>
      <integer>112</integer>
      <integer>17</integer>
      <integer>48</integer>
      <integer>3833890</integer>
    </row>
    <row>
      <integer>113</integer>
      <integer>17</integer>
      <integer>49</integer>
      <integer>3833893</integer>
    </row>
    <row>
      <integer>114</integer>
      <integer>17</integer>
      <integer>50</integer>
      <integer>3833896</integer>
    </row>
    <row>
      <integer>115</integer>
      <integer>17</integer>
      <integer>51</integer>
      <integer>4587521</integer>
    </row>
    <row>
      <integer>116</integer>
      <integer>17</integer>
      <integer>52</integer>
      <integer>4587524</integer>
    </row>
    <row>
      <integer>117</integer>
      <integer>17</integer>
      <integer>53</integer>
      <integer>4587527</integer>
    </row>
    <row>
      <integer>118</integer>
      <integer>17</integer>
      <integer>54</integer>
      <integer>4587530</integer>
    </row>
    <row>
      <integer>119</integer>
      <integer>17</integer>
      <integer>55</integer>
      <integer>4587533</integer>
    </row>
    <row>
      <integer>120</integer>
      <integer>17</integer>
      <integer>56</integer>
      <integer>4587536</integer>
    </row>
    <row>
      <integer>121</integer>
      <integer>17</integer>
      <integer>57</integer>
      <integer>4587539</integer>
    </row>
    <row>
      <integer>122</integer>
      <integer>17</integer>
      <integer>58</integer>
      <integer>4587542</integer>
    </row>
    <row>
      <integer>123</integer>
      <integer>17</integer>
      <integer>59</integer>
      <integer>4587545</integer>
    </row>
    <row>
      <integer>124</integer>
      <integer>17</integer>
      <integer>60</integer>
      <integer>4587548</integer>
    </row>
    <row>
      <integer>1</integer>
      <integer>19</integer>
      <integer>67</integer>
      <integer>4587581</integer>
    </row>
    <row>
      <integer>2</integer>
      <integer>19</integer>
      <integer>68</integer>
      <integer>4587584</integer>
    </row>
    <row>
      <integer>3</integer>
      <integer>19</integer>
      <integer>69</integer>
      <integer>4587587</integer>
    </row>
    <row>
      <integer>4</integer>
      <integer>19</integer>
      <integer>70</integer>
      <integer>4587590</integer>
    </row>
    <row>
      <integer>5</integer>
      <integer>19</integer>
      <integer>71</integer>
      <integer>4587593</integer>
    </row>
    <row>
      <integer>6</integer>
      <integer>19</integer>
      <integer>72</integer>
      <integer>4587596</integer>
    </row>
    <row>
      <integer>7</integer>
      <integer>19</integer>
      <integer>73</integer>
      <integer>4587599</integer>
    </row>
    <row>
      <integer>8</integer>
      <integer>19</integer>
      <integer>74</integer>
      <integer>4587602</integer>
    </row>
    <row>
      <integer>9</integer>
      <integer>19</integer>
      <integer>75</integer>
      <integer>4587605</integer>
    </row>
    <row>
      <integer>10</integer>
      <integer>19</integer>
      <integer>76</integer>
      <integer>4587608</integer>
    </row>
    <row>
      <integer>11</integer>
      <integer>19</integer>
      <integer>77</integer>
      <integer>4587611</integer>
    </row>
    <row>
      <integer>12</integer>
      <integer>19</integer>
      <integer>78</integer>
      <integer>4587614</integer>
    </row>
    <row>
      <integer>13</integer>
      <integer>19</integer>
      <integer>79</integer>
      <integer>4587617</integer>
    </row>
    <row>
      <integer>14</integer>
      <integer>19</integer>
      <integer>80</integer>
      <integer>4587620</integer>
    </row>
    <row>
      <integer>15</integer>
      <integer>19</integer>
      <integer>81</integer>
      <integer>4587623</integer>
    </row>
    <row>
      <integer>16</integer>
      <integer>19</integer>
      <integer>82</integer>
      <integer>4587626</integer>
    </row>
    <row>
      <integer>17</integer>
      <integer>19</integer>
      <integer>83</integer>
      <integer>4587629</integer>
    </row>
    <row>
      <integer>18</integer>
      <integer>19</integer>
      <integer>84</integer>
      <integer>4587635</integer>
    </row>
    <row>
      <integer>19</integer>
      <integer>19</integer>
      <integer>85</integer>
      <integer>4587641</integer>
    </row>
    <row>
      <integer>20</integer>
      <integer>19</integer>
      <integer>86</integer>
      <integer>5570561</integer>
    </row>
    <row>
      <integer>21</integer>
      <integer>19</integer>
      <integer>87</integer>
      <integer>5570564</integer>
    </row>
    <row>
      <integer>22</integer>
      <integer>19</integer>
      <integer>88</integer>
      <integer>5570567</integer>
    </row>
    <row>
      <integer>27</integer>
      <integer>20</integer>
      <integer>89</integer>
      <integer>5570585</integer>
    </row>
    <row>
      <integer>1</integer>
      <integer>21</integer>
      <integer>90</integer>
      <integer>5570612</integer>
    </row>
    <row>
      <integer>2</integer>
      <integer>21</integer>
      <integer>91</integer>
      <integer>5570615</integer>
    </row>
    <row>
      <integer>3</integer>
      <integer>21</integer>
      <integer>92</integer>
      <integer>5570618</integer>
    </row>
    <row>
      <integer>4</integer>
      <integer>21</integer>
      <integer>93</integer>
      <integer>5570621</integer>
    </row>
    <row>
      <integer>5</integer>
      <integer>21</integer>
      <integer>94</integer>
      <integer>5570624</integer>
    </row>
    <row>
      <integer>6</integer>
      <integer>21</integer>
      <integer>95</integer>
      <integer>5570627</integer>
    </row>
    <row>
      <integer>7</integer>
      <integer>21</integer>
      <integer>96</integer>
      <integer>5570630</integer>
    </row>
    <row>
      <integer>8</integer>
      <integer>21</integer>
      <integer>97</integer>
      <integer>5570633</integer>
    </row>
    <row>
      <integer>9</integer>
      <integer>21</integer>
      <integer>98</integer>
      <integer>5570636</integer>
    </row>
    <row>
      <integer>10</integer>
      <integer>21</integer>
      <integer>99</integer>
      <integer>5570639</integer>
    </row>
    <row>
      <integer>11</integer>
      <integer>21</integer>
      <integer>100</integer>
      <integer>5570642</integer>
    </row>
    <row>
      <integer>12</integer>
      <integer>21</integer>
      <integer>101</integer>
      <integer>5570645</integer>
    </row>
    <row>
      <integer>13</integer>
      <integer>21</integer>
      <integer>102</integer>
      <integer>5570648</integer>
    </row>
    <row>
      <integer>14</integer>
      <integer>21</integer>
      <integer>103</integer>
      <integer>5570651</integer>
    </row>
    <row>
      <integer>15</integer>
      <integer>21</integer>
      <integer>104</integer>
      <integer>5570654</integer>
    </row>
    <row>
      <integer>16</integer>
      <integer>21</integer>
      <integer>105</integer>
      <integer>5570657</integer>
    </row>
    <row>
      <integer>17</integer>
      <integer>21</integer>
      <integer>106</integer>
      <integer>5570660</integer>
    </row>
    <row>
      <integer>18</integer>
      <integer>21</integer>
      <integer>107</integer>
      <integer>5570663</integer>
    </row>
    <row>
      <integer>19</integer>
      <integer>21</integer>
      <integer>108</integer>
      <integer>5570666</integer>
    </row>
    <row>
      <integer>20</integer>
      <integer>21</integer>
      <integer>109</integer>
      <integer>5570669</integer>
    </row>
    <row>
      <integer>21</integer>
      <integer>21</integer>
      <integer>110</integer>
      <integer>5570672</integer>
    </row>
    <row>
      <integer>22</integer>
      <integer>21</integer>
      <integer>111</integer>
      <integer>5570675</integer>
    </row>
    <row>
      <integer>23</integer>
      <integer>21</integer>
      <integer>112</integer>
      <integer>5570684</integer>
    </row>
    <row>
      <integer>26</integer>
      <integer>22</integer>
      <integer>113</integer>
      <integer>6914052</integer>
    </row>
    <row>
      <integer>27</integer>
      <integer>22</integer>
      <integer>114</integer>
      <integer>6914055</integer>
    </row>
    <row>
      <integer>30</integer>
      <integer>23</integer>
      <integer>115</integer>
      <integer>6914064</integer>
    </row>
    <row>
      <integer>31</integer>
      <integer>23</integer>
      <integer>116</integer>
      <integer>6914067</integer>
    </row>
    <row>
      <integer>32</integer>
      <integer>23</integer>
      <integer>117</integer>
      <integer>6914070</integer>
    </row>
    <row>
      <integer>43</integer>
      <integer>24</integer>
      <integer>118</integer>
      <integer>6914103</integer>
    </row>
    <row>
      <integer>44</integer>
      <integer>24</integer>
      <integer>119</integer>
      <integer>6914106</integer>
    </row>
    <row>
      <integer>45</integer>
      <integer>24</integer>
      <integer>120</integer>
      <integer>6914109</integer>
    </row>
    <row>
      <integer>46</integer>
      <integer>24</integer>
      <integer>121</integer>
      <integer>6914112</integer>
    </row>
    <row>
      <integer>47</integer>
      <integer>24</integer>
      <integer>122</integer>
      <integer>6914115</integer>
    </row>
    <row>
      <integer>48</integer>
      <integer>24</integer>
      <integer>123</integer>
      <integer>6914118</integer>
    </row>
    <row>
      <integer>49</integer>
      <integer>24</integer>
      <integer>124</integer>
      <integer>6914121</integer>
    </row>
    <row>
      <integer>50</integer>
      <integer>24</integer>
      <integer>125</integer>
      <integer>6914124</integer>
    </row>
    <row>
      <integer>51</integer>
      <integer>24</integer>
      <integer>126</integer>
      <integer>6914127</integer>
    </row>
    <row>
      <integer>52</integer>
      <integer>24</integer>
      <integer>127</integer>
      <integer>6914130</integer>
    </row>
    <row>
      <integer>53</integer>
      <integer>24</integer>
      <integer>128</integer>
      <integer>6914133</integer>
    </row>
    <row>
      <integer>58</integer>
      <integer>25</integer>
      <integer>129</integer>
      <integer>6914154</integer>
    </row>
    <row>
      <integer>136</integer>
      <integer>26</integer>
      <integer>130</integer>
      <integer>6914172</integer>
    </row>
    <row>
      <integer>139</integer>
      <integer>27</integer>
      <integer>131</integer>
      <integer>6914181</integer>
    </row>
    <row>
      <integer>140</integer>
      <integer>27</integer>
      <integer>132</integer>
      <integer>6914184</integer>
    </row>
    <row>
      <integer>141</integer>
      <integer>27</integer>
      <integer>133</integer>
      <integer>6914187</integer>
    </row>
    <row>
      <integer>2</integer>
      <integer>29</integer>
      <integer>135</integer>
      <integer>6914199</integer>
    </row>
    <row>
      <integer>3</integer>
      <integer>29</integer>
      <integer>136</integer>
      <integer>6914202</integer>
    </row>
    <row>
      <integer>4</integer>
      <integer>29</integer>
      <integer>137</integer>
      <integer>6914205</integer>
    </row>
    <row>
      <integer>5</integer>
      <integer>29</integer>
      <integer>138</integer>
      <integer>6914208</integer>
    </row>
    <row>
      <integer>6</integer>
      <integer>29</integer>
      <integer>139</integer>
      <integer>6914211</integer>
    </row>
    <row>
      <integer>39</integer>
      <integer>30</integer>
      <integer>140</integer>
      <integer>6914217</integer>
    </row>
    <row>
      <integer>7</integer>
      <integer>29</integer>
      <integer>141</integer>
      <integer>6914220</integer>
    </row>
    <row>
      <integer>8</integer>
      <integer>29</integer>
      <integer>142</integer>
      <integer>6914223</integer>
    </row>
    <row>
      <integer>9</integer>
      <integer>29</integer>
      <integer>143</integer>
      <integer>6914229</integer>
    </row>
    <row>
      <integer>10</integer>
      <integer>29</integer>
      <integer>144</integer>
      <integer>6914232</integer>
    </row>
    <row>
      <integer>11</integer>
      <integer>29</integer>
      <integer>145</integer>
      <integer>6914235</integer>
    </row>
    <row>
      <integer>12</integer>
      <integer>29</integer>
      <integer>146</integer>
      <integer>6914238</integer>
    </row>
    <row>
      <integer>40</integer>
      <integer>30</integer>
      <integer>147</integer>
      <integer>6914244</integer>
    </row>
    <row>
      <integer>41</integer>
      <integer>30</integer>
      <integer>148</integer>
      <integer>6914247</integer>
    </row>
    <row>
      <integer>14</integer>
      <integer>31</integer>
      <integer>149</integer>
      <integer>6914262</integer>
    </row>
    <row>
      <integer>15</integer>
      <integer>31</integer>
      <integer>150</integer>
      <integer>6914265</integer>
    </row>
    <row>
      <integer>16</integer>
      <integer>31</integer>
      <integer>151</integer>
      <integer>6914268</integer>
    </row>
    <row>
      <integer>2</integer>
      <integer>32</integer>
      <integer>152</integer>
      <integer>6914280</integer>
    </row>
    <row>
      <integer>3</integer>
      <integer>32</integer>
      <integer>153</integer>
      <integer>6914283</integer>
    </row>
    <row>
      <integer>4</integer>
      <integer>32</integer>
      <integer>154</integer>
      <integer>6914286</integer>
    </row>
    <row>
      <integer>5</integer>
      <integer>32</integer>
      <integer>155</integer>
      <integer>6914289</integer>
    </row>
    <row>
      <integer>6</integer>
      <integer>32</integer>
      <integer>156</integer>
      <integer>6914292</integer>
    </row>
    <row>
      <integer>7</integer>
      <integer>32</integer>
      <integer>157</integer>
      <integer>6914295</integer>
    </row>
    <row>
      <integer>8</integer>
      <integer>32</integer>
      <integer>158</integer>
      <integer>6914298</integer>
    </row>
    <row>
      <integer>9</integer>
      <integer>32</integer>
      <integer>159</integer>
      <integer>6914313</integer>
    </row>
    <row>
      <integer>10</integer>
      <integer>32</integer>
      <integer>160</integer>
      <integer>6914328</integer>
    </row>
    <row>
      <integer>11</integer>
      <integer>32</integer>
      <integer>161</integer>
      <integer>7995393</integer>
    </row>
    <row>
      <integer>12</integer>
      <integer>32</integer>
      <integer>162</integer>
      <integer>7995396</integer>
    </row>
    <row>
      <integer>13</integer>
      <integer>32</integer>
      <integer>163</integer>
      <integer>7995399</integer>
    </row>
    <row>
      <integer>14</integer>
      <integer>32</integer>
      <integer>164</integer>
      <integer>7995402</integer>
    </row>
    <row>
      <integer>33</integer>
      <integer>33</integer>
      <integer>165</integer>
      <integer>8847379</integer>
    </row>
  </data>
  <data tableName="AO_7A45FB_AOTRACKING_USER">
    <column name="LINKED_TRACKING_ENTRY_ID"/>
    <column name="USERNAME"/>
    <column name="USER_ID"/>
    <column name="USER_WHO_UPDATED"/>
    <row>
      <integer>30</integer>
      <string>thomas</string>
      <integer>1</integer>
      <string xsi:nil="true"/>
    </row>
  </data>
  <data tableName="AO_A0B856_WEB_HOOK_LISTENER_AO">
    <column name="ENABLED"/>
    <column name="EVENTS"/>
    <column name="ID"/>
    <column name="LAST_UPDATED"/>
    <column name="LAST_UPDATED_USER"/>
    <column name="NAME"/>
    <column name="PARAMETERS"/>
    <column name="REGISTRATION_METHOD"/>
    <column name="URL"/>
  </data>
</backup>