<?xml version='1.1' encoding='UTF-8' standalone='yes'?>
<bamboo>
 <date>Tue Mar 03 20:36:17 AEDT 2015</date>
 <version>5.7.2</version>
 <buildDate>02-Dec-2014</buildDate>
 <build>5716</build>
 <serverID>BG3Y-XJ99-GC6Z-FPP1</serverID>
 <artifactDefinitions>
  <definition>
   <id>3112965</id>
   <name>NuGet Package</name>
   <location>NuGet.Selkie.Windsor</location>
   <copyPattern>Selkie.*.nupkg</copyPattern>
   <sharedArtifact>true</sharedArtifact>
   <producerJob>SW-MAS-GRB</producerJob>
  </definition>
  <definition>
   <id>3112968</id>
   <name>Scripts</name>
   <location>Scripts</location>
   <copyPattern>*.ps1</copyPattern>
   <sharedArtifact>true</sharedArtifact>
   <producerJob>SW-MAS-GRB</producerJob>
  </definition>
  <definition>
   <id>5275653</id>
   <name>Scripts</name>
   <location>Scripts</location>
   <copyPattern>*.ps1</copyPattern>
   <sharedArtifact>true</sharedArtifact>
   <producerJob>SC-MAS-GRB</producerJob>
  </definition>
  <definition>
   <id>5865473</id>
   <name>NuGet Package</name>
   <location>Source/NuGet.Selkie.Common</location>
   <copyPattern>Selkie.*.nupkg</copyPattern>
   <sharedArtifact>true</sharedArtifact>
   <producerJob>SC-MAS-GRB</producerJob>
  </definition>
  <definition>
   <id>5865474</id>
   <name>NuGet Package</name>
   <location>Source/NuGet.Selkie.NUnit.Extensions</location>
   <copyPattern>Selkie.NUnit.Extensions.*.nupkg</copyPattern>
   <sharedArtifact>true</sharedArtifact>
   <producerJob>SNE-MN-GRB</producerJob>
  </definition>
  <definition>
   <id>5865475</id>
   <name>Scripts</name>
   <location>Scripts</location>
   <copyPattern>*.ps1</copyPattern>
   <sharedArtifact>true</sharedArtifact>
   <producerJob>SNE-MN-GRB</producerJob>
  </definition>
  <definition>
   <id>6815747</id>
   <name>Source</name>
   <copyPattern>**/*</copyPattern>
   <sharedArtifact>true</sharedArtifact>
   <producerJob>SNE-MN-JOB1</producerJob>
  </definition>
  <definition>
   <id>6815748</id>
   <name>Source</name>
   <copyPattern>**/*</copyPattern>
   <sharedArtifact>true</sharedArtifact>
   <producerJob>SC-MAS-JOB1</producerJob>
  </definition>
  <definition>
   <id>6815749</id>
   <name>Source</name>
   <copyPattern>**/*</copyPattern>
   <sharedArtifact>true</sharedArtifact>
   <producerJob>SW-MAS-JOB1</producerJob>
  </definition>
  <definition>
   <id>6815753</id>
   <name>Source</name>
   <copyPattern>**/*</copyPattern>
   <sharedArtifact>true</sharedArtifact>
   <producerJob>SXE-MAS-JOB1</producerJob>
  </definition>
  <definition>
   <id>6815754</id>
   <name>NuGet Package</name>
   <location>Source/NuGet.Selkie.NUnit.Extensions</location>
   <copyPattern>Selkie.NUnit.Extensions.*.nupkg</copyPattern>
   <sharedArtifact>true</sharedArtifact>
   <producerJob>SXE-MAS-GRB</producerJob>
  </definition>
  <definition>
   <id>6815755</id>
   <name>Scripts</name>
   <location>Scripts</location>
   <copyPattern>*.ps1</copyPattern>
   <sharedArtifact>true</sharedArtifact>
   <producerJob>SXE-MAS-GRB</producerJob>
  </definition>
  <definition>
   <id>6815756</id>
   <name>Source</name>
   <copyPattern>**/*</copyPattern>
   <sharedArtifact>true</sharedArtifact>
   <producerJob>SACO-MAS-JOB1</producerJob>
  </definition>
  <definition>
   <id>6815757</id>
   <name>Scripts</name>
   <location>Scripts</location>
   <copyPattern>*.ps1</copyPattern>
   <sharedArtifact>true</sharedArtifact>
   <producerJob>SACO-MAS-GRB</producerJob>
  </definition>
  <definition>
   <id>6815758</id>
   <name>NuGet Package</name>
   <location>Source/NuGet.Selkie.Common</location>
   <copyPattern>Selkie.*.nupkg</copyPattern>
   <sharedArtifact>true</sharedArtifact>
   <producerJob>SACO-MAS-GRB</producerJob>
  </definition>
  <definition>
   <id>6815759</id>
   <name>Tools</name>
   <location>Tools</location>
   <copyPattern>**/*</copyPattern>
   <sharedArtifact>true</sharedArtifact>
   <producerJob>SW-MAS-GRB</producerJob>
  </definition>
  <definition>
   <id>6815760</id>
   <name>Tools</name>
   <location>Tools</location>
   <copyPattern>**/*</copyPattern>
   <sharedArtifact>true</sharedArtifact>
   <producerJob>SC-MAS-GRB</producerJob>
  </definition>
  <definition>
   <id>6815761</id>
   <name>Tools</name>
   <location>Tools</location>
   <copyPattern>**/*</copyPattern>
   <sharedArtifact>true</sharedArtifact>
   <producerJob>SNE-MN-GRB</producerJob>
  </definition>
  <definition>
   <id>6815762</id>
   <name>Tools</name>
   <location>Tools</location>
   <copyPattern>**/*</copyPattern>
   <sharedArtifact>true</sharedArtifact>
   <producerJob>SXE-MAS-GRB</producerJob>
  </definition>
  <definition>
   <id>6815763</id>
   <name>Tools</name>
   <location>Tools</location>
   <copyPattern>**/*</copyPattern>
   <sharedArtifact>true</sharedArtifact>
   <producerJob>SACO-MAS-GRB</producerJob>
  </definition>
 </artifactDefinitions>
</bamboo>