<?xml version='1.1' encoding='UTF-8' standalone='yes'?>
<bamboo>
 <date>Tue Mar 03 20:36:17 AEDT 2015</date>
 <version>5.7.2</version>
 <buildDate>02-Dec-2014</buildDate>
 <build>5716</build>
 <serverID>BG3Y-XJ99-GC6Z-FPP1</serverID>
 <authors>
  <author>
   <id>786433</id>
   <name>Tom &lt;Tom@gmail.com></name>
   <email>Tom@gmail.com</email>
  </author>
  <author>
   <id>4784129</id>
   <name>[unknown]</name>
  </author>
  <author>
   <id>6717441</id>
   <name>Thomas Schroedter &lt;Thomas.Schroedter@gmx.net></name>
   <email>Thomas.Schroedter@gmx.net</email>
   <linkedUser>thomas</linkedUser>
  </author>
 </authors>
</bamboo>