<?xml version='1.1' encoding='UTF-8' standalone='yes'?>
<bamboo>
 <date>Tue Mar 03 20:36:17 AEDT 2015</date>
 <version>5.7.2</version>
 <buildDate>02-Dec-2014</buildDate>
 <build>5716</build>
 <serverID>BG3Y-XJ99-GC6Z-FPP1</serverID>
 <deploymentProjects>
  <project>
   <properties>
    <id>5898242</id>
    <name>Selkie Common</name>
    <planKey>SC-MAS</planKey>
   </properties>
   <deploymentProjectItems>
    <item type="BAM_ARTIFACT">
     <id>5931010</id>
     <name>Scripts</name>
     <artifactDefinitionId>5275653</artifactDefinitionId>
    </item>
    <item type="BAM_ARTIFACT">
     <id>5931011</id>
     <name>NuGet.Selkie.Common</name>
     <artifactDefinitionId>5865473</artifactDefinitionId>
    </item>
    <item type="BAM_ARTIFACT">
     <id>6848516</id>
     <name>Source</name>
     <artifactDefinitionId>6815748</artifactDefinitionId>
    </item>
    <item type="BAM_ARTIFACT">
     <id>6848526</id>
     <name>Tools</name>
     <artifactDefinitionId>6815760</artifactDefinitionId>
    </item>
   </deploymentProjectItems>
   <versionNamingScheme>
    <id>6029314</id>
    <nextVersionName>${bamboo.majorVersionNumber}.${bamboo.minorVersionNumber}.${bamboo.buildNumber}</nextVersionName>
    <autoIncrement>false</autoIncrement>
   </versionNamingScheme>
   <environments>
    <environment>
     <properties>
      <id>6062081</id>
      <name>Development</name>
      <configurationState>TASKED</configurationState>
      <position>0</position>
      <tasks><![CDATA[<?xml version="1.0" encoding="UTF-8" standalone="no"?>
<configuration xml:space="preserve">
  <taskDefinition>
    <id>1</id>
    <userDescription/>
    <isEnabled>true</isEnabled>
    <pluginKey>com.atlassian.bamboo.plugins.bamboo-artifact-downloader-plugin:cleanWorkingDirectoryTask</pluginKey>
    <finalising>false</finalising>
    <rootDirectoryType>DEFAULT</rootDirectoryType>
    <repositoryDefiningWorkingDir>-1</repositoryDefiningWorkingDir>
  </taskDefinition>
  <taskDefinition>
    <id>2</id>
    <userDescription>Download release contents</userDescription>
    <isEnabled>true</isEnabled>
    <pluginKey>com.atlassian.bamboo.plugins.bamboo-artifact-downloader-plugin:artifactdownloadertask</pluginKey>
    <finalising>false</finalising>
    <rootDirectoryType>DEFAULT</rootDirectoryType>
    <repositoryDefiningWorkingDir>-1</repositoryDefiningWorkingDir>
    <config>
      <item>
        <key>artifactName_0</key>
        <value>NuGet Package</value>
      </item>
      <item>
        <key>artifactName_1</key>
        <value>Scripts</value>
      </item>
      <item>
        <key>artifactId_1</key>
        <value>5275653</value>
      </item>
      <item>
        <key>artifactId_0</key>
        <value>5865473</value>
      </item>
      <item>
        <key>artifactId_3</key>
        <value>6815760</value>
      </item>
      <item>
        <key>sourcePlanKey</key>
        <value>SC-MAS</value>
      </item>
      <item>
        <key>localPath_3</key>
        <value>Tools</value>
      </item>
      <item>
        <key>artifactName_3</key>
        <value>Tools</value>
      </item>
      <item>
        <key>localPath_1</key>
        <value>Scripts</value>
      </item>
      <item>
        <key>localPath_0</key>
        <value/>
      </item>
    </config>
  </taskDefinition>
  <taskDefinition>
    <id>3</id>
    <userDescription>Copy NuGet Package To LocalNuGetServer</userDescription>
    <isEnabled>true</isEnabled>
    <pluginKey>com.atlassian.bamboo.plugins.scripttask:task.builder.script</pluginKey>
    <finalising>false</finalising>
    <rootDirectoryType>DEFAULT</rootDirectoryType>
    <repositoryDefiningWorkingDir>-1</repositoryDefiningWorkingDir>
    <config>
      <item>
        <key>argument</key>
        <value>*Common* .\ ${bamboo.packagesFolderLocalNuGetServer}</value>
      </item>
      <item>
        <key>scriptLocation</key>
        <value>FILE</value>
      </item>
      <item>
        <key>environmentVariables</key>
        <value/>
      </item>
      <item>
        <key>runWithPowershell</key>
        <value>true</value>
      </item>
      <item>
        <key>scriptBody</key>
        <value/>
      </item>
      <item>
        <key>script</key>
        <value>Scripts\Copy-NuGetPackage.ps1</value>
      </item>
      <item>
        <key>workingSubDirectory</key>
        <value/>
      </item>
    </config>
  </taskDefinition>
  <bambooDelimiterParsingDisabled>true</bambooDelimiterParsingDisabled>
</configuration>
]]></tasks>
      <triggers><![CDATA[<?xml version="1.0" encoding="UTF-8" standalone="no"?>
<configuration xml:space="preserve">
  
<buildStrategies>
    <defined>true</defined>
    <buildStrategy>
      <id>1</id>
      <key>afterSuccessfulPlan</key>
      <name>After successgul build plan</name>
      <config>
        <item>
          <key>deployment.trigger.afterSuccessfulPlan.triggeringBranch</key>
          <value>SC-MAS</value>
        </item>
        <item>
          <key>bambooDelimiterParsingDisabled</key>
          <value>true</value>
        </item>
        <item>
          <key>custom.triggerrCondition.plansGreen.enabled</key>
          <value>false</value>
        </item>
        <item>
          <key>deployment.trigger.afterSuccessfulPlan.triggeringPlan</key>
          <value>SC-MAS</value>
        </item>
        <item>
          <key>deployment.trigger.afterSuccessfulPlan.branchSelectionMode</key>
          <value>INHERITED</value>
        </item>
      </config>
    </buildStrategy>
  </buildStrategies>
  <bambooDelimiterParsingDisabled>true</bambooDelimiterParsingDisabled>
</configuration>
]]></triggers>
     </properties>
     <requirementSet>
      <id>6094849</id>
     </requirementSet>
     <notificationSet>
      <id>6127617</id>
     </notificationSet>
    </environment>
   </environments>
  </project>
  <project>
   <properties>
    <id>5898243</id>
    <name>Selkie NUnit Extensions</name>
    <planKey>SNE-MN</planKey>
   </properties>
   <deploymentProjectItems>
    <item type="BAM_ARTIFACT">
     <id>5931013</id>
     <name>NuGet.Selkie.NUnit.Extensions</name>
     <artifactDefinitionId>5865474</artifactDefinitionId>
    </item>
    <item type="BAM_ARTIFACT">
     <id>5931014</id>
     <name>Scripts</name>
     <artifactDefinitionId>5865475</artifactDefinitionId>
    </item>
    <item type="BAM_ARTIFACT">
     <id>6848515</id>
     <name>Source</name>
     <artifactDefinitionId>6815747</artifactDefinitionId>
    </item>
    <item type="BAM_ARTIFACT">
     <id>6848527</id>
     <name>Tools</name>
     <artifactDefinitionId>6815761</artifactDefinitionId>
    </item>
   </deploymentProjectItems>
   <versionNamingScheme>
    <id>6029315</id>
    <nextVersionName>${bamboo.majorVersionNumber}.${bamboo.minorVersionNumber}.${bamboo.buildNumber}</nextVersionName>
    <autoIncrement>false</autoIncrement>
   </versionNamingScheme>
   <environments>
    <environment>
     <properties>
      <id>6062082</id>
      <name>Development</name>
      <configurationState>TASKED</configurationState>
      <position>0</position>
      <tasks><![CDATA[<?xml version="1.0" encoding="UTF-8" standalone="no"?>
<configuration xml:space="preserve">
  <taskDefinition>
    <id>1</id>
    <userDescription/>
    <isEnabled>true</isEnabled>
    <pluginKey>com.atlassian.bamboo.plugins.bamboo-artifact-downloader-plugin:cleanWorkingDirectoryTask</pluginKey>
    <finalising>false</finalising>
    <rootDirectoryType>DEFAULT</rootDirectoryType>
    <repositoryDefiningWorkingDir>-1</repositoryDefiningWorkingDir>
  </taskDefinition>
  <taskDefinition>
    <id>2</id>
    <userDescription>Download release contents</userDescription>
    <isEnabled>true</isEnabled>
    <pluginKey>com.atlassian.bamboo.plugins.bamboo-artifact-downloader-plugin:artifactdownloadertask</pluginKey>
    <finalising>false</finalising>
    <rootDirectoryType>DEFAULT</rootDirectoryType>
    <repositoryDefiningWorkingDir>-1</repositoryDefiningWorkingDir>
    <config>
      <item>
        <key>artifactName_0</key>
        <value>NuGet Package</value>
      </item>
      <item>
        <key>artifactName_1</key>
        <value>Scripts</value>
      </item>
      <item>
        <key>artifactId_1</key>
        <value>5865475</value>
      </item>
      <item>
        <key>artifactId_0</key>
        <value>5865474</value>
      </item>
      <item>
        <key>artifactId_3</key>
        <value>6815761</value>
      </item>
      <item>
        <key>sourcePlanKey</key>
        <value>SNE-MN</value>
      </item>
      <item>
        <key>localPath_3</key>
        <value>Tools</value>
      </item>
      <item>
        <key>artifactName_3</key>
        <value>Tools</value>
      </item>
      <item>
        <key>localPath_1</key>
        <value>Scripts</value>
      </item>
      <item>
        <key>localPath_0</key>
        <value/>
      </item>
    </config>
  </taskDefinition>
  <taskDefinition>
    <id>3</id>
    <userDescription>Copy NuGet Package To LocalNuGetServer</userDescription>
    <isEnabled>true</isEnabled>
    <pluginKey>com.atlassian.bamboo.plugins.scripttask:task.builder.script</pluginKey>
    <finalising>false</finalising>
    <rootDirectoryType>DEFAULT</rootDirectoryType>
    <repositoryDefiningWorkingDir>-1</repositoryDefiningWorkingDir>
    <config>
      <item>
        <key>argument</key>
        <value>*Extensions* .\ ${bamboo.packagesFolderLocalNuGetServer}</value>
      </item>
      <item>
        <key>scriptLocation</key>
        <value>FILE</value>
      </item>
      <item>
        <key>environmentVariables</key>
        <value/>
      </item>
      <item>
        <key>runWithPowershell</key>
        <value>true</value>
      </item>
      <item>
        <key>scriptBody</key>
        <value/>
      </item>
      <item>
        <key>script</key>
        <value>Scripts\Copy-NuGetPackage.ps1</value>
      </item>
      <item>
        <key>workingSubDirectory</key>
        <value/>
      </item>
    </config>
  </taskDefinition>
  <bambooDelimiterParsingDisabled>true</bambooDelimiterParsingDisabled>
</configuration>
]]></tasks>
      <triggers><![CDATA[<?xml version="1.0" encoding="UTF-8" standalone="no"?>
<configuration xml:space="preserve">
  
<buildStrategies>
    <defined>true</defined>
    <buildStrategy>
      <id>1</id>
      <key>afterSuccessfulPlan</key>
      <name>Acter successful build plan</name>
      <config>
        <item>
          <key>deployment.trigger.afterSuccessfulPlan.triggeringBranch</key>
          <value>SNE-MN</value>
        </item>
        <item>
          <key>bambooDelimiterParsingDisabled</key>
          <value>true</value>
        </item>
        <item>
          <key>custom.triggerrCondition.plansGreen.enabled</key>
          <value>false</value>
        </item>
        <item>
          <key>deployment.trigger.afterSuccessfulPlan.triggeringPlan</key>
          <value>SNE-MN</value>
        </item>
        <item>
          <key>deployment.trigger.afterSuccessfulPlan.branchSelectionMode</key>
          <value>INHERITED</value>
        </item>
      </config>
    </buildStrategy>
  </buildStrategies>
  <bambooDelimiterParsingDisabled>true</bambooDelimiterParsingDisabled>
</configuration>
]]></triggers>
     </properties>
     <requirementSet>
      <id>6094852</id>
     </requirementSet>
     <notificationSet>
      <id>6127619</id>
     </notificationSet>
    </environment>
   </environments>
  </project>
  <project>
   <properties>
    <id>7929857</id>
    <name>Selkie Windsor</name>
    <planKey>SW-MAS</planKey>
   </properties>
   <deploymentProjectItems>
    <item type="BAM_ARTIFACT">
     <id>6848519</id>
     <name>NuGet Package</name>
     <artifactDefinitionId>3112965</artifactDefinitionId>
    </item>
    <item type="BAM_ARTIFACT">
     <id>6848520</id>
     <name>Scripts</name>
     <artifactDefinitionId>3112968</artifactDefinitionId>
    </item>
    <item type="BAM_ARTIFACT">
     <id>6848521</id>
     <name>Source</name>
     <artifactDefinitionId>6815749</artifactDefinitionId>
    </item>
    <item type="BAM_ARTIFACT">
     <id>6848525</id>
     <name>Tools</name>
     <artifactDefinitionId>6815759</artifactDefinitionId>
    </item>
   </deploymentProjectItems>
   <versionNamingScheme>
    <id>7962625</id>
    <nextVersionName>${bamboo.majorVersionNumber}.${bamboo.minorVersionNumber}.${bamboo.buildNumber}</nextVersionName>
    <autoIncrement>false</autoIncrement>
   </versionNamingScheme>
   <environments>
    <environment>
     <properties>
      <id>7897091</id>
      <name>Development</name>
      <configurationState>TASKED</configurationState>
      <position>0</position>
      <tasks><![CDATA[<?xml version="1.0" encoding="UTF-8" standalone="no"?>
<configuration xml:space="preserve">
  <taskDefinition>
    <id>1</id>
    <userDescription/>
    <isEnabled>true</isEnabled>
    <pluginKey>com.atlassian.bamboo.plugins.bamboo-artifact-downloader-plugin:cleanWorkingDirectoryTask</pluginKey>
    <finalising>false</finalising>
    <rootDirectoryType>DEFAULT</rootDirectoryType>
    <repositoryDefiningWorkingDir>-1</repositoryDefiningWorkingDir>
  </taskDefinition>
  <taskDefinition>
    <id>2</id>
    <userDescription>Download release contents</userDescription>
    <isEnabled>true</isEnabled>
    <pluginKey>com.atlassian.bamboo.plugins.bamboo-artifact-downloader-plugin:artifactdownloadertask</pluginKey>
    <finalising>false</finalising>
    <rootDirectoryType>DEFAULT</rootDirectoryType>
    <repositoryDefiningWorkingDir>-1</repositoryDefiningWorkingDir>
    <config>
      <item>
        <key>artifactName_0</key>
        <value>Scripts</value>
      </item>
      <item>
        <key>artifactName_1</key>
        <value>Tools</value>
      </item>
      <item>
        <key>artifactId_1</key>
        <value>6815759</value>
      </item>
      <item>
        <key>artifactId_0</key>
        <value>3112968</value>
      </item>
      <item>
        <key>artifactId_3</key>
        <value>3112965</value>
      </item>
      <item>
        <key>sourcePlanKey</key>
        <value>SW-MAS</value>
      </item>
      <item>
        <key>localPath_3</key>
        <value/>
      </item>
      <item>
        <key>artifactName_3</key>
        <value>NuGet Package</value>
      </item>
      <item>
        <key>localPath_1</key>
        <value>Tools</value>
      </item>
      <item>
        <key>localPath_0</key>
        <value>Scripts</value>
      </item>
    </config>
  </taskDefinition>
  <taskDefinition>
    <id>3</id>
    <userDescription>Copy NuGet Package To LocalNuGetServer</userDescription>
    <isEnabled>true</isEnabled>
    <pluginKey>com.atlassian.bamboo.plugins.scripttask:task.builder.script</pluginKey>
    <finalising>false</finalising>
    <rootDirectoryType>DEFAULT</rootDirectoryType>
    <repositoryDefiningWorkingDir>-1</repositoryDefiningWorkingDir>
    <config>
      <item>
        <key>argument</key>
        <value>*Windsor* .\ ${bamboo.packagesFolderLocalNuGetServer}</value>
      </item>
      <item>
        <key>scriptLocation</key>
        <value>FILE</value>
      </item>
      <item>
        <key>environmentVariables</key>
        <value/>
      </item>
      <item>
        <key>runWithPowershell</key>
        <value>true</value>
      </item>
      <item>
        <key>scriptBody</key>
        <value/>
      </item>
      <item>
        <key>script</key>
        <value>Scripts\Copy-NuGetPackage.ps1</value>
      </item>
      <item>
        <key>workingSubDirectory</key>
        <value/>
      </item>
    </config>
  </taskDefinition>
  <bambooDelimiterParsingDisabled>true</bambooDelimiterParsingDisabled>
</configuration>
]]></tasks>
      <triggers><![CDATA[<?xml version="1.0" encoding="UTF-8" standalone="no"?>
<configuration xml:space="preserve">
  
<buildStrategies>
    <defined>true</defined>
    <buildStrategy>
      <id>1</id>
      <key>afterSuccessfulPlan</key>
      <name>After successful build plan</name>
      <config>
        <item>
          <key>deployment.trigger.afterSuccessfulPlan.triggeringBranch</key>
          <value>SW-MAS</value>
        </item>
        <item>
          <key>bambooDelimiterParsingDisabled</key>
          <value>true</value>
        </item>
        <item>
          <key>custom.triggerrCondition.plansGreen.enabled</key>
          <value>false</value>
        </item>
        <item>
          <key>deployment.trigger.afterSuccessfulPlan.triggeringPlan</key>
          <value>SW-MAS</value>
        </item>
        <item>
          <key>deployment.trigger.afterSuccessfulPlan.branchSelectionMode</key>
          <value>INHERITED</value>
        </item>
      </config>
    </buildStrategy>
  </buildStrategies>
  <bambooDelimiterParsingDisabled>true</bambooDelimiterParsingDisabled>
</configuration>
]]></triggers>
     </properties>
     <requirementSet>
      <id>7634951</id>
     </requirementSet>
     <notificationSet>
      <id>7602181</id>
     </notificationSet>
    </environment>
   </environments>
  </project>
  <project>
   <properties>
    <id>7929858</id>
    <name>Selkie XUnit Extensions</name>
    <planKey>SXE-MAS</planKey>
   </properties>
   <deploymentProjectItems>
    <item type="BAM_ARTIFACT">
     <id>6848522</id>
     <name>Source</name>
     <artifactDefinitionId>6815753</artifactDefinitionId>
    </item>
    <item type="BAM_ARTIFACT">
     <id>6848523</id>
     <name>NuGet Package</name>
     <artifactDefinitionId>6815754</artifactDefinitionId>
    </item>
    <item type="BAM_ARTIFACT">
     <id>6848524</id>
     <name>Scripts</name>
     <artifactDefinitionId>6815755</artifactDefinitionId>
    </item>
    <item type="BAM_ARTIFACT">
     <id>6848528</id>
     <name>Tools</name>
     <artifactDefinitionId>6815762</artifactDefinitionId>
    </item>
   </deploymentProjectItems>
   <versionNamingScheme>
    <id>7962626</id>
    <nextVersionName>${bamboo.majorVersionNumber}.${bamboo.minorVersionNumber}.${bamboo.buildNumber}</nextVersionName>
    <autoIncrement>false</autoIncrement>
   </versionNamingScheme>
   <environments>
    <environment>
     <properties>
      <id>7897092</id>
      <name>Development</name>
      <configurationState>TASKED</configurationState>
      <position>0</position>
      <tasks><![CDATA[<?xml version="1.0" encoding="UTF-8" standalone="no"?>
<configuration xml:space="preserve">
  <taskDefinition>
    <id>1</id>
    <userDescription/>
    <isEnabled>true</isEnabled>
    <pluginKey>com.atlassian.bamboo.plugins.bamboo-artifact-downloader-plugin:cleanWorkingDirectoryTask</pluginKey>
    <finalising>false</finalising>
    <rootDirectoryType>DEFAULT</rootDirectoryType>
    <repositoryDefiningWorkingDir>-1</repositoryDefiningWorkingDir>
  </taskDefinition>
  <taskDefinition>
    <id>4</id>
    <userDescription>Download Artifacts</userDescription>
    <isEnabled>true</isEnabled>
    <pluginKey>com.atlassian.bamboo.plugins.bamboo-artifact-downloader-plugin:artifactdownloadertask</pluginKey>
    <finalising>false</finalising>
    <rootDirectoryType>DEFAULT</rootDirectoryType>
    <repositoryDefiningWorkingDir>-1</repositoryDefiningWorkingDir>
    <config>
      <item>
        <key>artifactName_0</key>
        <value>NuGet Package</value>
      </item>
      <item>
        <key>artifactName_1</key>
        <value>Scripts</value>
      </item>
      <item>
        <key>artifactId_1</key>
        <value>6815755</value>
      </item>
      <item>
        <key>artifactId_0</key>
        <value>6815754</value>
      </item>
      <item>
        <key>artifactId_3</key>
        <value>6815762</value>
      </item>
      <item>
        <key>sourcePlanKey</key>
        <value>SXE-MAS</value>
      </item>
      <item>
        <key>localPath_3</key>
        <value>Tools</value>
      </item>
      <item>
        <key>artifactName_3</key>
        <value>Tools</value>
      </item>
      <item>
        <key>localPath_1</key>
        <value>Scripts</value>
      </item>
      <item>
        <key>localPath_0</key>
        <value/>
      </item>
    </config>
  </taskDefinition>
  <taskDefinition>
    <id>3</id>
    <userDescription>Copy NuGet Package To LocalNuGetServer</userDescription>
    <isEnabled>true</isEnabled>
    <pluginKey>com.atlassian.bamboo.plugins.scripttask:task.builder.script</pluginKey>
    <finalising>false</finalising>
    <rootDirectoryType>DEFAULT</rootDirectoryType>
    <repositoryDefiningWorkingDir>-1</repositoryDefiningWorkingDir>
    <config>
      <item>
        <key>argument</key>
        <value>*Extensions* .\ ${bamboo.packagesFolderLocalNuGetServer}</value>
      </item>
      <item>
        <key>scriptLocation</key>
        <value>FILE</value>
      </item>
      <item>
        <key>environmentVariables</key>
        <value/>
      </item>
      <item>
        <key>runWithPowershell</key>
        <value>true</value>
      </item>
      <item>
        <key>scriptBody</key>
        <value/>
      </item>
      <item>
        <key>script</key>
        <value>Scripts\Copy-NuGetPackage.ps1</value>
      </item>
      <item>
        <key>workingSubDirectory</key>
        <value/>
      </item>
    </config>
  </taskDefinition>
  <bambooDelimiterParsingDisabled>true</bambooDelimiterParsingDisabled>
</configuration>
]]></tasks>
      <triggers><![CDATA[<?xml version="1.0" encoding="UTF-8" standalone="no"?>
<configuration xml:space="preserve">
  
<buildStrategies>
    <defined>true</defined>
    <buildStrategy>
      <id>1</id>
      <key>afterSuccessfulPlan</key>
      <name>After successful build plan</name>
      <config>
        <item>
          <key>deployment.trigger.afterSuccessfulPlan.triggeringBranch</key>
          <value>SXE-MAS</value>
        </item>
        <item>
          <key>bambooDelimiterParsingDisabled</key>
          <value>true</value>
        </item>
        <item>
          <key>custom.triggerrCondition.plansGreen.enabled</key>
          <value>false</value>
        </item>
        <item>
          <key>deployment.trigger.afterSuccessfulPlan.triggeringPlan</key>
          <value>SXE-MAS</value>
        </item>
        <item>
          <key>deployment.trigger.afterSuccessfulPlan.branchSelectionMode</key>
          <value>INHERITED</value>
        </item>
      </config>
    </buildStrategy>
  </buildStrategies>
  <bambooDelimiterParsingDisabled>true</bambooDelimiterParsingDisabled>
</configuration>
]]></triggers>
     </properties>
     <requirementSet>
      <id>7634952</id>
     </requirementSet>
     <notificationSet>
      <id>7602182</id>
     </notificationSet>
    </environment>
   </environments>
  </project>
  <project>
   <properties>
    <id>8552449</id>
    <name>Selkie ACO</name>
    <planKey>SACO-MAS</planKey>
   </properties>
   <deploymentProjectItems>
    <item type="BAM_ARTIFACT">
     <id>8585217</id>
     <name>Source</name>
     <artifactDefinitionId>6815756</artifactDefinitionId>
    </item>
    <item type="BAM_ARTIFACT">
     <id>8585218</id>
     <name>Scripts</name>
     <artifactDefinitionId>6815757</artifactDefinitionId>
    </item>
    <item type="BAM_ARTIFACT">
     <id>8585219</id>
     <name>NuGet Package</name>
     <artifactDefinitionId>6815758</artifactDefinitionId>
    </item>
    <item type="BAM_ARTIFACT">
     <id>8585220</id>
     <name>Tools</name>
     <artifactDefinitionId>6815763</artifactDefinitionId>
    </item>
   </deploymentProjectItems>
   <versionNamingScheme>
    <id>8683521</id>
    <nextVersionName>${bamboo.majorVersionNumber}.${bamboo.minorVersionNumber}.${bamboo.buildNumber}</nextVersionName>
    <autoIncrement>false</autoIncrement>
   </versionNamingScheme>
   <environments>
    <environment>
     <properties>
      <id>8716289</id>
      <name>Development</name>
      <configurationState>TASKED</configurationState>
      <position>0</position>
      <tasks><![CDATA[<?xml version="1.0" encoding="UTF-8" standalone="no"?>
<configuration xml:space="preserve">
  <taskDefinition>
    <id>1</id>
    <userDescription/>
    <isEnabled>true</isEnabled>
    <pluginKey>com.atlassian.bamboo.plugins.bamboo-artifact-downloader-plugin:cleanWorkingDirectoryTask</pluginKey>
    <finalising>false</finalising>
    <rootDirectoryType>DEFAULT</rootDirectoryType>
    <repositoryDefiningWorkingDir>-1</repositoryDefiningWorkingDir>
  </taskDefinition>
  <taskDefinition>
    <id>2</id>
    <userDescription>Download release contents</userDescription>
    <isEnabled>true</isEnabled>
    <pluginKey>com.atlassian.bamboo.plugins.bamboo-artifact-downloader-plugin:artifactdownloadertask</pluginKey>
    <finalising>false</finalising>
    <rootDirectoryType>DEFAULT</rootDirectoryType>
    <repositoryDefiningWorkingDir>-1</repositoryDefiningWorkingDir>
    <config>
      <item>
        <key>artifactName_0</key>
        <value>NuGet Package</value>
      </item>
      <item>
        <key>artifactName_1</key>
        <value>Scripts</value>
      </item>
      <item>
        <key>artifactId_1</key>
        <value>6815757</value>
      </item>
      <item>
        <key>artifactId_0</key>
        <value>6815758</value>
      </item>
      <item>
        <key>artifactId_2</key>
        <value>6815763</value>
      </item>
      <item>
        <key>sourcePlanKey</key>
        <value>SACO-MAS</value>
      </item>
      <item>
        <key>artifactName_2</key>
        <value>Tools</value>
      </item>
      <item>
        <key>localPath_1</key>
        <value>Scripts</value>
      </item>
      <item>
        <key>localPath_2</key>
        <value>Tools</value>
      </item>
      <item>
        <key>localPath_0</key>
        <value/>
      </item>
    </config>
  </taskDefinition>
  <taskDefinition>
    <id>3</id>
    <userDescription>Copy NuGet Package To LocalNuGetServer</userDescription>
    <isEnabled>true</isEnabled>
    <pluginKey>com.atlassian.bamboo.plugins.scripttask:task.builder.script</pluginKey>
    <finalising>false</finalising>
    <rootDirectoryType>DEFAULT</rootDirectoryType>
    <repositoryDefiningWorkingDir>-1</repositoryDefiningWorkingDir>
    <config>
      <item>
        <key>argument</key>
        <value>*ACO* .\ ${bamboo.packagesFolderLocalNuGetServer}</value>
      </item>
      <item>
        <key>scriptLocation</key>
        <value>FILE</value>
      </item>
      <item>
        <key>environmentVariables</key>
        <value/>
      </item>
      <item>
        <key>runWithPowershell</key>
        <value>true</value>
      </item>
      <item>
        <key>scriptBody</key>
        <value/>
      </item>
      <item>
        <key>script</key>
        <value>Scripts\Copy-NuGetPackage.ps1</value>
      </item>
      <item>
        <key>workingSubDirectory</key>
        <value/>
      </item>
    </config>
  </taskDefinition>
  <bambooDelimiterParsingDisabled>true</bambooDelimiterParsingDisabled>
</configuration>
]]></tasks>
      <triggers><![CDATA[<?xml version="1.0" encoding="UTF-8" standalone="no"?>
<configuration xml:space="preserve">
  
<buildStrategies>
    <defined>true</defined>
    <buildStrategy>
      <id>1</id>
      <key>afterSuccessfulPlan</key>
      <name>After successful build plan</name>
      <config>
        <item>
          <key>deployment.trigger.afterSuccessfulPlan.triggeringBranch</key>
          <value>SACO-MAS</value>
        </item>
        <item>
          <key>bambooDelimiterParsingDisabled</key>
          <value>true</value>
        </item>
        <item>
          <key>custom.triggerrCondition.plansGreen.enabled</key>
          <value>false</value>
        </item>
        <item>
          <key>deployment.trigger.afterSuccessfulPlan.triggeringPlan</key>
          <value>SACO-MAS</value>
        </item>
        <item>
          <key>deployment.trigger.afterSuccessfulPlan.branchSelectionMode</key>
          <value>INHERITED</value>
        </item>
      </config>
    </buildStrategy>
  </buildStrategies>
  <bambooDelimiterParsingDisabled>true</bambooDelimiterParsingDisabled>
</configuration>
]]></triggers>
     </properties>
     <requirementSet>
      <id>8749057</id>
     </requirementSet>
     <notificationSet>
      <id>8781825</id>
     </notificationSet>
    </environment>
   </environments>
  </project>
 </deploymentProjects>
</bamboo>