<?xml version='1.1' encoding='UTF-8' standalone='yes'?>
<bamboo>
 <date>Tue Mar 03 20:36:17 AEDT 2015</date>
 <version>5.7.2</version>
 <buildDate>02-Dec-2014</buildDate>
 <build>5716</build>
 <serverID>BG3Y-XJ99-GC6Z-FPP1</serverID>
 <planRepositories>
  <planRepository>
   <id>1703937</id>
   <plan>SW-MAS0</plan>
   <repositoryDefinition>1671169</repositoryDefinition>
   <position>0</position>
   <buildTrigger>false</buildTrigger>
  </planRepository>
  <planRepository>
   <id>3768321</id>
   <plan>SW-MAS</plan>
   <repositoryDefinition>3735554</repositoryDefinition>
   <position>0</position>
   <buildTrigger>false</buildTrigger>
  </planRepository>
  <planRepository>
   <id>3768322</id>
   <plan>SW-MAS</plan>
   <repositoryDefinition>3735555</repositoryDefinition>
   <position>1</position>
   <buildTrigger>false</buildTrigger>
  </planRepository>
  <planRepository>
   <id>4521985</id>
   <plan>SW-MAS</plan>
   <repositoryDefinition>4489217</repositoryDefinition>
   <position>2</position>
   <buildTrigger>false</buildTrigger>
  </planRepository>
  <planRepository>
   <id>5373957</id>
   <plan>SC-MAS</plan>
   <repositoryDefinition>5341191</repositoryDefinition>
   <position>0</position>
   <buildTrigger>false</buildTrigger>
  </planRepository>
  <planRepository>
   <id>5373959</id>
   <plan>SC-MAS</plan>
   <repositoryDefinition>5341189</repositoryDefinition>
   <position>2</position>
   <buildTrigger>false</buildTrigger>
  </planRepository>
  <planRepository>
   <id>5373960</id>
   <plan>SC-MAS</plan>
   <repositoryDefinition>5341192</repositoryDefinition>
   <position>1</position>
   <buildTrigger>false</buildTrigger>
  </planRepository>
  <planRepository>
   <id>6455297</id>
   <plan>SC-MAS</plan>
   <repositoryDefinition>6422529</repositoryDefinition>
   <position>3</position>
   <buildTrigger>false</buildTrigger>
  </planRepository>
  <planRepository>
   <id>6455298</id>
   <plan>SNE-MN</plan>
   <repositoryDefinition>6422532</repositoryDefinition>
   <position>0</position>
   <buildTrigger>false</buildTrigger>
  </planRepository>
  <planRepository>
   <id>6455300</id>
   <plan>SNE-MN</plan>
   <repositoryDefinition>6422530</repositoryDefinition>
   <position>2</position>
   <buildTrigger>false</buildTrigger>
  </planRepository>
  <planRepository>
   <id>6455301</id>
   <plan>SNE-MN</plan>
   <repositoryDefinition>6422533</repositoryDefinition>
   <position>1</position>
   <buildTrigger>false</buildTrigger>
  </planRepository>
  <planRepository>
   <id>7798789</id>
   <plan>SXE-MAS</plan>
   <repositoryDefinition>7766022</repositoryDefinition>
   <position>0</position>
   <buildTrigger>false</buildTrigger>
  </planRepository>
  <planRepository>
   <id>7798791</id>
   <plan>SXE-MAS</plan>
   <repositoryDefinition>7766021</repositoryDefinition>
   <position>2</position>
   <buildTrigger>false</buildTrigger>
  </planRepository>
  <planRepository>
   <id>7798792</id>
   <plan>SXE-MAS</plan>
   <repositoryDefinition>7766024</repositoryDefinition>
   <position>1</position>
   <buildTrigger>false</buildTrigger>
  </planRepository>
  <planRepository>
   <id>7798795</id>
   <plan>SACO-MAS</plan>
   <repositoryDefinition>7766026</repositoryDefinition>
   <position>1</position>
   <buildTrigger>false</buildTrigger>
  </planRepository>
  <planRepository>
   <id>7798796</id>
   <plan>SACO-MAS</plan>
   <repositoryDefinition>7766025</repositoryDefinition>
   <position>2</position>
   <buildTrigger>false</buildTrigger>
  </planRepository>
  <planRepository>
   <id>7798797</id>
   <plan>SACO-MAS</plan>
   <repositoryDefinition>7766029</repositoryDefinition>
   <position>0</position>
   <buildTrigger>false</buildTrigger>
  </planRepository>
  <planRepository>
   <id>9469955</id>
   <plan>SACO-MAS</plan>
   <repositoryDefinition>9437187</repositoryDefinition>
   <position>3</position>
   <buildTrigger>false</buildTrigger>
  </planRepository>
 </planRepositories>
</bamboo>