<?xml version='1.1' encoding='UTF-8' standalone='yes'?>
<bamboo>
 <date>Tue Mar 03 20:36:17 AEDT 2015</date>
 <version>5.7.2</version>
 <buildDate>02-Dec-2014</buildDate>
 <build>5716</build>
 <serverID>BG3Y-XJ99-GC6Z-FPP1</serverID>
 <planVcsHistory>
  <vcsHistoryItem>
   <id>1310728</id>
   <planKey>SW-MAS0</planKey>
   <buildNumber>0</buildNumber>
   <revisionKey>e8e8777466f0e7d1357cc126f3d539caec83d701</revisionKey>
   <repositoryId>1671169</repositoryId>
   <customXmlData><![CDATA[]]></customXmlData>
  </vcsHistoryItem>
  <vcsHistoryItem>
   <id>1310729</id>
   <planKey>SW-MAS0</planKey>
   <buildNumber>1</buildNumber>
   <revisionKey>e8e8777466f0e7d1357cc126f3d539caec83d701</revisionKey>
   <repositoryId>1671169</repositoryId>
   <customXmlData><![CDATA[]]></customXmlData>
  </vcsHistoryItem>
  <vcsHistoryItem>
   <id>1310730</id>
   <planKey>SW-MAS0</planKey>
   <buildNumber>1</buildNumber>
   <revisionKey>90c93dfc7224fc4d76229945cb57b769a2740280</revisionKey>
   <repositoryId>327681</repositoryId>
   <customXmlData><![CDATA[]]></customXmlData>
  </vcsHistoryItem>
  <vcsHistoryItem>
   <id>1310731</id>
   <planKey>SW-MAS0</planKey>
   <buildNumber>2</buildNumber>
   <revisionKey>5324e53288997161a4f9236c862da2946317de8b</revisionKey>
   <repositoryId>1671169</repositoryId>
   <customXmlData><![CDATA[]]></customXmlData>
  </vcsHistoryItem>
  <vcsHistoryItem>
   <id>1310732</id>
   <planKey>SW-MAS0</planKey>
   <buildNumber>2</buildNumber>
   <revisionKey>90c93dfc7224fc4d76229945cb57b769a2740280</revisionKey>
   <repositoryId>327681</repositoryId>
   <customXmlData><![CDATA[]]></customXmlData>
  </vcsHistoryItem>
  <vcsHistoryItem>
   <id>2785311</id>
   <planKey>SW-MAS</planKey>
   <buildNumber>85</buildNumber>
   <revisionKey>aad00f9d01a68f4f7a41e2375d06ea8a11016d07</revisionKey>
   <repositoryId>327681</repositoryId>
   <customXmlData><![CDATA[]]></customXmlData>
  </vcsHistoryItem>
  <vcsHistoryItem>
   <id>2785312</id>
   <planKey>SW-MAS</planKey>
   <buildNumber>86</buildNumber>
   <revisionKey>aad00f9d01a68f4f7a41e2375d06ea8a11016d07</revisionKey>
   <repositoryId>327681</repositoryId>
   <customXmlData><![CDATA[]]></customXmlData>
  </vcsHistoryItem>
  <vcsHistoryItem>
   <id>2785313</id>
   <planKey>SW-MAS</planKey>
   <buildNumber>87</buildNumber>
   <revisionKey>aad00f9d01a68f4f7a41e2375d06ea8a11016d07</revisionKey>
   <repositoryId>327681</repositoryId>
   <customXmlData><![CDATA[]]></customXmlData>
  </vcsHistoryItem>
  <vcsHistoryItem>
   <id>2785314</id>
   <planKey>SW-MAS</planKey>
   <buildNumber>88</buildNumber>
   <revisionKey>9bc49eaf377573453d479c1705d7b23945585448</revisionKey>
   <repositoryId>327681</repositoryId>
   <customXmlData><![CDATA[]]></customXmlData>
  </vcsHistoryItem>
  <vcsHistoryItem>
   <id>2785315</id>
   <planKey>SW-MAS</planKey>
   <buildNumber>89</buildNumber>
   <revisionKey>9bc49eaf377573453d479c1705d7b23945585448</revisionKey>
   <repositoryId>327681</repositoryId>
   <customXmlData><![CDATA[]]></customXmlData>
  </vcsHistoryItem>
  <vcsHistoryItem>
   <id>2785316</id>
   <planKey>SW-MAS</planKey>
   <buildNumber>90</buildNumber>
   <revisionKey>9bc49eaf377573453d479c1705d7b23945585448</revisionKey>
   <repositoryId>327681</repositoryId>
   <customXmlData><![CDATA[]]></customXmlData>
  </vcsHistoryItem>
  <vcsHistoryItem>
   <id>2785317</id>
   <planKey>SW-MAS</planKey>
   <buildNumber>91</buildNumber>
   <revisionKey>9bc49eaf377573453d479c1705d7b23945585448</revisionKey>
   <repositoryId>327681</repositoryId>
   <customXmlData><![CDATA[]]></customXmlData>
  </vcsHistoryItem>
  <vcsHistoryItem>
   <id>2785318</id>
   <planKey>SW-MAS</planKey>
   <buildNumber>92</buildNumber>
   <revisionKey>9bc49eaf377573453d479c1705d7b23945585448</revisionKey>
   <repositoryId>327681</repositoryId>
   <customXmlData><![CDATA[]]></customXmlData>
  </vcsHistoryItem>
  <vcsHistoryItem>
   <id>2785319</id>
   <planKey>SW-MAS</planKey>
   <buildNumber>93</buildNumber>
   <revisionKey>9bc49eaf377573453d479c1705d7b23945585448</revisionKey>
   <repositoryId>327681</repositoryId>
   <customXmlData><![CDATA[]]></customXmlData>
  </vcsHistoryItem>
  <vcsHistoryItem>
   <id>2785320</id>
   <planKey>SW-MAS0</planKey>
   <buildNumber>3</buildNumber>
   <revisionKey>9bc49eaf377573453d479c1705d7b23945585448</revisionKey>
   <repositoryId>1671169</repositoryId>
   <customXmlData><![CDATA[]]></customXmlData>
  </vcsHistoryItem>
  <vcsHistoryItem>
   <id>2785321</id>
   <planKey>SW-MAS0</planKey>
   <buildNumber>3</buildNumber>
   <revisionKey>9bc49eaf377573453d479c1705d7b23945585448</revisionKey>
   <repositoryId>327681</repositoryId>
   <customXmlData><![CDATA[]]></customXmlData>
  </vcsHistoryItem>
  <vcsHistoryItem>
   <id>2785322</id>
   <planKey>SW-MAS0</planKey>
   <buildNumber>4</buildNumber>
   <revisionKey>3ba7d62ee9fb08f8497b0bbcedd2dfb8e3b04d0a</revisionKey>
   <repositoryId>1671169</repositoryId>
   <customXmlData><![CDATA[]]></customXmlData>
  </vcsHistoryItem>
  <vcsHistoryItem>
   <id>2785323</id>
   <planKey>SW-MAS0</planKey>
   <buildNumber>4</buildNumber>
   <revisionKey>9bc49eaf377573453d479c1705d7b23945585448</revisionKey>
   <repositoryId>327681</repositoryId>
   <customXmlData><![CDATA[]]></customXmlData>
  </vcsHistoryItem>
  <vcsHistoryItem>
   <id>2785324</id>
   <planKey>SW-MAS</planKey>
   <buildNumber>94</buildNumber>
   <revisionKey>3ba7d62ee9fb08f8497b0bbcedd2dfb8e3b04d0a</revisionKey>
   <repositoryId>327681</repositoryId>
   <customXmlData><![CDATA[]]></customXmlData>
  </vcsHistoryItem>
  <vcsHistoryItem>
   <id>4718657</id>
   <planKey>SC-MAS</planKey>
   <buildNumber>1</buildNumber>
   <revisionKey>8ae35e0ed8f115a1af51599da20a728db1ac8d7b</revisionKey>
   <repositoryId>5341190</repositoryId>
   <customXmlData><![CDATA[]]></customXmlData>
  </vcsHistoryItem>
  <vcsHistoryItem>
   <id>7045275</id>
   <planKey>SXE-MAS</planKey>
   <buildNumber>1</buildNumber>
   <revisionKey>c578ab4a8ea5b3e4401721e13fdd640139f92bc4</revisionKey>
   <repositoryId>7766023</repositoryId>
   <customXmlData><![CDATA[]]></customXmlData>
  </vcsHistoryItem>
  <vcsHistoryItem>
   <id>7045361</id>
   <planKey>SACO-MAS</planKey>
   <buildNumber>1</buildNumber>
   <revisionKey>73628f8ab0e7d309cba1064536f909dcb5d6ca16</revisionKey>
   <repositoryId>7766028</repositoryId>
   <customXmlData><![CDATA[]]></customXmlData>
  </vcsHistoryItem>
  <vcsHistoryItem>
   <id>8159308</id>
   <planKey>SW-MAS</planKey>
   <buildNumber>150</buildNumber>
   <revisionKey>d1d96ce65617114558ab61d3b80d269d1b3b32d3</revisionKey>
   <repositoryId>3735554</repositoryId>
   <customXmlData><![CDATA[]]></customXmlData>
  </vcsHistoryItem>
  <vcsHistoryItem>
   <id>8159309</id>
   <planKey>SW-MAS</planKey>
   <buildNumber>150</buildNumber>
   <revisionKey>22602a84a8c121067a6e825e1ce982db9284762b</revisionKey>
   <repositoryId>3735555</repositoryId>
   <customXmlData><![CDATA[]]></customXmlData>
  </vcsHistoryItem>
  <vcsHistoryItem>
   <id>8159310</id>
   <planKey>SW-MAS</planKey>
   <buildNumber>150</buildNumber>
   <revisionKey>f4624c622df0905b3e59a442dde44029764110ff</revisionKey>
   <repositoryId>4489217</repositoryId>
   <customXmlData><![CDATA[]]></customXmlData>
  </vcsHistoryItem>
  <vcsHistoryItem>
   <id>8159311</id>
   <planKey>SXE-MAS</planKey>
   <buildNumber>25</buildNumber>
   <revisionKey>d1d96ce65617114558ab61d3b80d269d1b3b32d3</revisionKey>
   <repositoryId>7766022</repositoryId>
   <customXmlData><![CDATA[]]></customXmlData>
  </vcsHistoryItem>
  <vcsHistoryItem>
   <id>8159312</id>
   <planKey>SXE-MAS</planKey>
   <buildNumber>25</buildNumber>
   <revisionKey>475481d7f7c900b02713956a9205b585253c7da1</revisionKey>
   <repositoryId>7766024</repositoryId>
   <customXmlData><![CDATA[]]></customXmlData>
  </vcsHistoryItem>
  <vcsHistoryItem>
   <id>8159313</id>
   <planKey>SXE-MAS</planKey>
   <buildNumber>25</buildNumber>
   <revisionKey>f4624c622df0905b3e59a442dde44029764110ff</revisionKey>
   <repositoryId>7766021</repositoryId>
   <customXmlData><![CDATA[]]></customXmlData>
  </vcsHistoryItem>
  <vcsHistoryItem>
   <id>8159318</id>
   <planKey>SNE-MN</planKey>
   <buildNumber>71</buildNumber>
   <revisionKey>d1d96ce65617114558ab61d3b80d269d1b3b32d3</revisionKey>
   <repositoryId>6422532</repositoryId>
   <customXmlData><![CDATA[]]></customXmlData>
  </vcsHistoryItem>
  <vcsHistoryItem>
   <id>8159319</id>
   <planKey>SNE-MN</planKey>
   <buildNumber>71</buildNumber>
   <revisionKey>c578ab4a8ea5b3e4401721e13fdd640139f92bc4</revisionKey>
   <repositoryId>6422533</repositoryId>
   <customXmlData><![CDATA[]]></customXmlData>
  </vcsHistoryItem>
  <vcsHistoryItem>
   <id>8159320</id>
   <planKey>SNE-MN</planKey>
   <buildNumber>71</buildNumber>
   <revisionKey>f4624c622df0905b3e59a442dde44029764110ff</revisionKey>
   <repositoryId>6422530</repositoryId>
   <customXmlData><![CDATA[]]></customXmlData>
  </vcsHistoryItem>
  <vcsHistoryItem>
   <id>8159321</id>
   <planKey>SC-MAS</planKey>
   <buildNumber>49</buildNumber>
   <revisionKey>d1d96ce65617114558ab61d3b80d269d1b3b32d3</revisionKey>
   <repositoryId>5341191</repositoryId>
   <customXmlData><![CDATA[]]></customXmlData>
  </vcsHistoryItem>
  <vcsHistoryItem>
   <id>8159322</id>
   <planKey>SC-MAS</planKey>
   <buildNumber>49</buildNumber>
   <revisionKey>73628f8ab0e7d309cba1064536f909dcb5d6ca16</revisionKey>
   <repositoryId>5341192</repositoryId>
   <customXmlData><![CDATA[]]></customXmlData>
  </vcsHistoryItem>
  <vcsHistoryItem>
   <id>8159323</id>
   <planKey>SC-MAS</planKey>
   <buildNumber>49</buildNumber>
   <revisionKey>f4624c622df0905b3e59a442dde44029764110ff</revisionKey>
   <repositoryId>5341189</repositoryId>
   <customXmlData><![CDATA[]]></customXmlData>
  </vcsHistoryItem>
  <vcsHistoryItem>
   <id>8159324</id>
   <planKey>SC-MAS</planKey>
   <buildNumber>49</buildNumber>
   <revisionKey>22602a84a8c121067a6e825e1ce982db9284762b</revisionKey>
   <repositoryId>6422529</repositoryId>
   <customXmlData><![CDATA[]]></customXmlData>
  </vcsHistoryItem>
  <vcsHistoryItem>
   <id>8159345</id>
   <planKey>SACO-MAS</planKey>
   <buildNumber>26</buildNumber>
   <revisionKey>552f6af3c5ee3d5b8e8fb12d126907089aea8f5c</revisionKey>
   <repositoryId>7766027</repositoryId>
   <customXmlData><![CDATA[]]></customXmlData>
  </vcsHistoryItem>
  <vcsHistoryItem>
   <id>8159346</id>
   <planKey>SACO-MAS</planKey>
   <buildNumber>26</buildNumber>
   <revisionKey>8686a9239e43661e68deefcd9fcd99bda40ec7d2</revisionKey>
   <repositoryId>7766029</repositoryId>
   <customXmlData><![CDATA[]]></customXmlData>
  </vcsHistoryItem>
  <vcsHistoryItem>
   <id>8159347</id>
   <planKey>SACO-MAS</planKey>
   <buildNumber>26</buildNumber>
   <revisionKey>f4624c622df0905b3e59a442dde44029764110ff</revisionKey>
   <repositoryId>7766026</repositoryId>
   <customXmlData><![CDATA[]]></customXmlData>
  </vcsHistoryItem>
  <vcsHistoryItem>
   <id>8159348</id>
   <planKey>SACO-MAS</planKey>
   <buildNumber>26</buildNumber>
   <revisionKey>22602a84a8c121067a6e825e1ce982db9284762b</revisionKey>
   <repositoryId>7766025</repositoryId>
   <customXmlData><![CDATA[]]></customXmlData>
  </vcsHistoryItem>
  <vcsHistoryItem>
   <id>8978433</id>
   <planKey>SACO-MAS</planKey>
   <buildNumber>27</buildNumber>
   <revisionKey>552f6af3c5ee3d5b8e8fb12d126907089aea8f5c</revisionKey>
   <repositoryId>7766027</repositoryId>
   <customXmlData><![CDATA[]]></customXmlData>
  </vcsHistoryItem>
  <vcsHistoryItem>
   <id>8978434</id>
   <planKey>SACO-MAS</planKey>
   <buildNumber>27</buildNumber>
   <revisionKey>8686a9239e43661e68deefcd9fcd99bda40ec7d2</revisionKey>
   <repositoryId>7766029</repositoryId>
   <customXmlData><![CDATA[]]></customXmlData>
  </vcsHistoryItem>
  <vcsHistoryItem>
   <id>8978435</id>
   <planKey>SACO-MAS</planKey>
   <buildNumber>27</buildNumber>
   <revisionKey>f4624c622df0905b3e59a442dde44029764110ff</revisionKey>
   <repositoryId>7766026</repositoryId>
   <customXmlData><![CDATA[]]></customXmlData>
  </vcsHistoryItem>
  <vcsHistoryItem>
   <id>8978436</id>
   <planKey>SACO-MAS</planKey>
   <buildNumber>27</buildNumber>
   <revisionKey>22602a84a8c121067a6e825e1ce982db9284762b</revisionKey>
   <repositoryId>7766025</repositoryId>
   <customXmlData><![CDATA[]]></customXmlData>
  </vcsHistoryItem>
  <vcsHistoryItem>
   <id>8978437</id>
   <planKey>SACO-MAS</planKey>
   <buildNumber>28</buildNumber>
   <revisionKey>552f6af3c5ee3d5b8e8fb12d126907089aea8f5c</revisionKey>
   <repositoryId>7766027</repositoryId>
   <customXmlData><![CDATA[]]></customXmlData>
  </vcsHistoryItem>
  <vcsHistoryItem>
   <id>8978438</id>
   <planKey>SACO-MAS</planKey>
   <buildNumber>28</buildNumber>
   <revisionKey>8686a9239e43661e68deefcd9fcd99bda40ec7d2</revisionKey>
   <repositoryId>7766029</repositoryId>
   <customXmlData><![CDATA[]]></customXmlData>
  </vcsHistoryItem>
  <vcsHistoryItem>
   <id>8978439</id>
   <planKey>SACO-MAS</planKey>
   <buildNumber>28</buildNumber>
   <revisionKey>f4624c622df0905b3e59a442dde44029764110ff</revisionKey>
   <repositoryId>7766026</repositoryId>
   <customXmlData><![CDATA[]]></customXmlData>
  </vcsHistoryItem>
  <vcsHistoryItem>
   <id>8978440</id>
   <planKey>SACO-MAS</planKey>
   <buildNumber>28</buildNumber>
   <revisionKey>22602a84a8c121067a6e825e1ce982db9284762b</revisionKey>
   <repositoryId>7766025</repositoryId>
   <customXmlData><![CDATA[]]></customXmlData>
  </vcsHistoryItem>
  <vcsHistoryItem>
   <id>8978441</id>
   <planKey>SACO-MAS</planKey>
   <buildNumber>29</buildNumber>
   <revisionKey>6ff7fbf39e4946b18400f2f59c3986df0ffd0032</revisionKey>
   <repositoryId>7766027</repositoryId>
   <customXmlData><![CDATA[]]></customXmlData>
  </vcsHistoryItem>
  <vcsHistoryItem>
   <id>8978442</id>
   <planKey>SACO-MAS</planKey>
   <buildNumber>29</buildNumber>
   <revisionKey>8686a9239e43661e68deefcd9fcd99bda40ec7d2</revisionKey>
   <repositoryId>7766029</repositoryId>
   <customXmlData><![CDATA[]]></customXmlData>
  </vcsHistoryItem>
  <vcsHistoryItem>
   <id>8978443</id>
   <planKey>SACO-MAS</planKey>
   <buildNumber>29</buildNumber>
   <revisionKey>f4624c622df0905b3e59a442dde44029764110ff</revisionKey>
   <repositoryId>7766026</repositoryId>
   <customXmlData><![CDATA[]]></customXmlData>
  </vcsHistoryItem>
  <vcsHistoryItem>
   <id>8978444</id>
   <planKey>SACO-MAS</planKey>
   <buildNumber>29</buildNumber>
   <revisionKey>22602a84a8c121067a6e825e1ce982db9284762b</revisionKey>
   <repositoryId>7766025</repositoryId>
   <customXmlData><![CDATA[]]></customXmlData>
  </vcsHistoryItem>
  <vcsHistoryItem>
   <id>8978445</id>
   <planKey>SACO-MAS</planKey>
   <buildNumber>30</buildNumber>
   <revisionKey>46721878931f733fbd5b3693a6124920499bd2ac</revisionKey>
   <repositoryId>7766027</repositoryId>
   <customXmlData><![CDATA[]]></customXmlData>
  </vcsHistoryItem>
  <vcsHistoryItem>
   <id>8978446</id>
   <planKey>SACO-MAS</planKey>
   <buildNumber>30</buildNumber>
   <revisionKey>8686a9239e43661e68deefcd9fcd99bda40ec7d2</revisionKey>
   <repositoryId>7766029</repositoryId>
   <customXmlData><![CDATA[]]></customXmlData>
  </vcsHistoryItem>
  <vcsHistoryItem>
   <id>8978447</id>
   <planKey>SACO-MAS</planKey>
   <buildNumber>30</buildNumber>
   <revisionKey>f4624c622df0905b3e59a442dde44029764110ff</revisionKey>
   <repositoryId>7766026</repositoryId>
   <customXmlData><![CDATA[]]></customXmlData>
  </vcsHistoryItem>
  <vcsHistoryItem>
   <id>8978448</id>
   <planKey>SACO-MAS</planKey>
   <buildNumber>30</buildNumber>
   <revisionKey>22602a84a8c121067a6e825e1ce982db9284762b</revisionKey>
   <repositoryId>7766025</repositoryId>
   <customXmlData><![CDATA[]]></customXmlData>
  </vcsHistoryItem>
  <vcsHistoryItem>
   <id>8978449</id>
   <planKey>SACO-MAS</planKey>
   <buildNumber>30</buildNumber>
   <revisionKey>46721878931f733fbd5b3693a6124920499bd2ac</revisionKey>
   <repositoryId>9437185</repositoryId>
   <customXmlData><![CDATA[]]></customXmlData>
  </vcsHistoryItem>
  <vcsHistoryItem>
   <id>8978450</id>
   <planKey>SACO-MAS</planKey>
   <buildNumber>31</buildNumber>
   <revisionKey>8686a9239e43661e68deefcd9fcd99bda40ec7d2</revisionKey>
   <repositoryId>7766029</repositoryId>
   <customXmlData><![CDATA[]]></customXmlData>
  </vcsHistoryItem>
  <vcsHistoryItem>
   <id>8978451</id>
   <planKey>SACO-MAS</planKey>
   <buildNumber>31</buildNumber>
   <revisionKey>f4624c622df0905b3e59a442dde44029764110ff</revisionKey>
   <repositoryId>7766026</repositoryId>
   <customXmlData><![CDATA[]]></customXmlData>
  </vcsHistoryItem>
  <vcsHistoryItem>
   <id>8978452</id>
   <planKey>SACO-MAS</planKey>
   <buildNumber>31</buildNumber>
   <revisionKey>22602a84a8c121067a6e825e1ce982db9284762b</revisionKey>
   <repositoryId>7766025</repositoryId>
   <customXmlData><![CDATA[]]></customXmlData>
  </vcsHistoryItem>
  <vcsHistoryItem>
   <id>8978453</id>
   <planKey>SACO-MAS</planKey>
   <buildNumber>31</buildNumber>
   <revisionKey>46721878931f733fbd5b3693a6124920499bd2ac</revisionKey>
   <repositoryId>9437185</repositoryId>
   <customXmlData><![CDATA[]]></customXmlData>
  </vcsHistoryItem>
  <vcsHistoryItem>
   <id>8978454</id>
   <planKey>SACO-MAS</planKey>
   <buildNumber>32</buildNumber>
   <revisionKey>8686a9239e43661e68deefcd9fcd99bda40ec7d2</revisionKey>
   <repositoryId>7766029</repositoryId>
   <customXmlData><![CDATA[]]></customXmlData>
  </vcsHistoryItem>
  <vcsHistoryItem>
   <id>8978455</id>
   <planKey>SACO-MAS</planKey>
   <buildNumber>32</buildNumber>
   <revisionKey>f4624c622df0905b3e59a442dde44029764110ff</revisionKey>
   <repositoryId>7766026</repositoryId>
   <customXmlData><![CDATA[]]></customXmlData>
  </vcsHistoryItem>
  <vcsHistoryItem>
   <id>8978456</id>
   <planKey>SACO-MAS</planKey>
   <buildNumber>32</buildNumber>
   <revisionKey>22602a84a8c121067a6e825e1ce982db9284762b</revisionKey>
   <repositoryId>7766025</repositoryId>
   <customXmlData><![CDATA[]]></customXmlData>
  </vcsHistoryItem>
  <vcsHistoryItem>
   <id>8978457</id>
   <planKey>SACO-MAS</planKey>
   <buildNumber>32</buildNumber>
   <revisionKey>6119fb5a501dcb7b284dfa1c156cf6c84247cb7d</revisionKey>
   <repositoryId>9437185</repositoryId>
   <customXmlData><![CDATA[]]></customXmlData>
  </vcsHistoryItem>
  <vcsHistoryItem>
   <id>8978458</id>
   <planKey>SACO-MAS</planKey>
   <buildNumber>33</buildNumber>
   <revisionKey>8686a9239e43661e68deefcd9fcd99bda40ec7d2</revisionKey>
   <repositoryId>7766029</repositoryId>
   <customXmlData><![CDATA[]]></customXmlData>
  </vcsHistoryItem>
  <vcsHistoryItem>
   <id>8978459</id>
   <planKey>SACO-MAS</planKey>
   <buildNumber>33</buildNumber>
   <revisionKey>f4624c622df0905b3e59a442dde44029764110ff</revisionKey>
   <repositoryId>7766026</repositoryId>
   <customXmlData><![CDATA[]]></customXmlData>
  </vcsHistoryItem>
  <vcsHistoryItem>
   <id>8978460</id>
   <planKey>SACO-MAS</planKey>
   <buildNumber>33</buildNumber>
   <revisionKey>22602a84a8c121067a6e825e1ce982db9284762b</revisionKey>
   <repositoryId>7766025</repositoryId>
   <customXmlData><![CDATA[]]></customXmlData>
  </vcsHistoryItem>
  <vcsHistoryItem>
   <id>8978461</id>
   <planKey>SACO-MAS</planKey>
   <buildNumber>33</buildNumber>
   <revisionKey>6119fb5a501dcb7b284dfa1c156cf6c84247cb7d</revisionKey>
   <repositoryId>9437185</repositoryId>
   <customXmlData><![CDATA[]]></customXmlData>
  </vcsHistoryItem>
  <vcsHistoryItem>
   <id>8978462</id>
   <planKey>SACO-MAS</planKey>
   <buildNumber>33</buildNumber>
   <revisionKey>6119fb5a501dcb7b284dfa1c156cf6c84247cb7d</revisionKey>
   <repositoryId>9437186</repositoryId>
   <customXmlData><![CDATA[]]></customXmlData>
  </vcsHistoryItem>
  <vcsHistoryItem>
   <id>8978463</id>
   <planKey>SACO-MAS</planKey>
   <buildNumber>34</buildNumber>
   <revisionKey>8686a9239e43661e68deefcd9fcd99bda40ec7d2</revisionKey>
   <repositoryId>7766029</repositoryId>
   <customXmlData><![CDATA[]]></customXmlData>
  </vcsHistoryItem>
  <vcsHistoryItem>
   <id>8978464</id>
   <planKey>SACO-MAS</planKey>
   <buildNumber>34</buildNumber>
   <revisionKey>f4624c622df0905b3e59a442dde44029764110ff</revisionKey>
   <repositoryId>7766026</repositoryId>
   <customXmlData><![CDATA[]]></customXmlData>
  </vcsHistoryItem>
  <vcsHistoryItem>
   <id>8978465</id>
   <planKey>SACO-MAS</planKey>
   <buildNumber>34</buildNumber>
   <revisionKey>22602a84a8c121067a6e825e1ce982db9284762b</revisionKey>
   <repositoryId>7766025</repositoryId>
   <customXmlData><![CDATA[]]></customXmlData>
  </vcsHistoryItem>
  <vcsHistoryItem>
   <id>8978466</id>
   <planKey>SACO-MAS</planKey>
   <buildNumber>34</buildNumber>
   <revisionKey>6119fb5a501dcb7b284dfa1c156cf6c84247cb7d</revisionKey>
   <repositoryId>9437186</repositoryId>
   <customXmlData><![CDATA[]]></customXmlData>
  </vcsHistoryItem>
  <vcsHistoryItem>
   <id>8978467</id>
   <planKey>SACO-MAS</planKey>
   <buildNumber>35</buildNumber>
   <revisionKey>8686a9239e43661e68deefcd9fcd99bda40ec7d2</revisionKey>
   <repositoryId>7766029</repositoryId>
   <customXmlData><![CDATA[]]></customXmlData>
  </vcsHistoryItem>
  <vcsHistoryItem>
   <id>8978468</id>
   <planKey>SACO-MAS</planKey>
   <buildNumber>35</buildNumber>
   <revisionKey>f4624c622df0905b3e59a442dde44029764110ff</revisionKey>
   <repositoryId>7766026</repositoryId>
   <customXmlData><![CDATA[]]></customXmlData>
  </vcsHistoryItem>
  <vcsHistoryItem>
   <id>8978469</id>
   <planKey>SACO-MAS</planKey>
   <buildNumber>35</buildNumber>
   <revisionKey>22602a84a8c121067a6e825e1ce982db9284762b</revisionKey>
   <repositoryId>7766025</repositoryId>
   <customXmlData><![CDATA[]]></customXmlData>
  </vcsHistoryItem>
  <vcsHistoryItem>
   <id>8978470</id>
   <planKey>SACO-MAS</planKey>
   <buildNumber>35</buildNumber>
   <revisionKey>6119fb5a501dcb7b284dfa1c156cf6c84247cb7d</revisionKey>
   <repositoryId>9437186</repositoryId>
   <customXmlData><![CDATA[]]></customXmlData>
  </vcsHistoryItem>
  <vcsHistoryItem>
   <id>8978471</id>
   <planKey>SACO-MAS</planKey>
   <buildNumber>36</buildNumber>
   <revisionKey>8686a9239e43661e68deefcd9fcd99bda40ec7d2</revisionKey>
   <repositoryId>7766029</repositoryId>
   <customXmlData><![CDATA[]]></customXmlData>
  </vcsHistoryItem>
  <vcsHistoryItem>
   <id>8978472</id>
   <planKey>SACO-MAS</planKey>
   <buildNumber>36</buildNumber>
   <revisionKey>f4624c622df0905b3e59a442dde44029764110ff</revisionKey>
   <repositoryId>7766026</repositoryId>
   <customXmlData><![CDATA[]]></customXmlData>
  </vcsHistoryItem>
  <vcsHistoryItem>
   <id>8978473</id>
   <planKey>SACO-MAS</planKey>
   <buildNumber>36</buildNumber>
   <revisionKey>22602a84a8c121067a6e825e1ce982db9284762b</revisionKey>
   <repositoryId>7766025</repositoryId>
   <customXmlData><![CDATA[]]></customXmlData>
  </vcsHistoryItem>
  <vcsHistoryItem>
   <id>8978474</id>
   <planKey>SACO-MAS</planKey>
   <buildNumber>36</buildNumber>
   <revisionKey>92fe67fd49a349e7c913ae2c235f124775b96a7c</revisionKey>
   <repositoryId>9437186</repositoryId>
   <customXmlData><![CDATA[]]></customXmlData>
  </vcsHistoryItem>
  <vcsHistoryItem>
   <id>8978475</id>
   <planKey>SACO-MAS</planKey>
   <buildNumber>37</buildNumber>
   <revisionKey>8686a9239e43661e68deefcd9fcd99bda40ec7d2</revisionKey>
   <repositoryId>7766029</repositoryId>
   <customXmlData><![CDATA[]]></customXmlData>
  </vcsHistoryItem>
  <vcsHistoryItem>
   <id>8978476</id>
   <planKey>SACO-MAS</planKey>
   <buildNumber>37</buildNumber>
   <revisionKey>79675fb04d990964e22f9ca1e928e39a15f973d3</revisionKey>
   <repositoryId>9437187</repositoryId>
   <customXmlData><![CDATA[]]></customXmlData>
  </vcsHistoryItem>
  <vcsHistoryItem>
   <id>8978477</id>
   <planKey>SACO-MAS</planKey>
   <buildNumber>38</buildNumber>
   <revisionKey>8686a9239e43661e68deefcd9fcd99bda40ec7d2</revisionKey>
   <repositoryId>7766029</repositoryId>
   <customXmlData><![CDATA[]]></customXmlData>
  </vcsHistoryItem>
  <vcsHistoryItem>
   <id>8978478</id>
   <planKey>SACO-MAS</planKey>
   <buildNumber>38</buildNumber>
   <revisionKey>f4624c622df0905b3e59a442dde44029764110ff</revisionKey>
   <repositoryId>7766026</repositoryId>
   <customXmlData><![CDATA[]]></customXmlData>
  </vcsHistoryItem>
  <vcsHistoryItem>
   <id>8978479</id>
   <planKey>SACO-MAS</planKey>
   <buildNumber>38</buildNumber>
   <revisionKey>22602a84a8c121067a6e825e1ce982db9284762b</revisionKey>
   <repositoryId>7766025</repositoryId>
   <customXmlData><![CDATA[]]></customXmlData>
  </vcsHistoryItem>
  <vcsHistoryItem>
   <id>8978480</id>
   <planKey>SACO-MAS</planKey>
   <buildNumber>38</buildNumber>
   <revisionKey>79675fb04d990964e22f9ca1e928e39a15f973d3</revisionKey>
   <repositoryId>9437187</repositoryId>
   <customXmlData><![CDATA[]]></customXmlData>
  </vcsHistoryItem>
  <vcsHistoryItem>
   <id>8978481</id>
   <planKey>SACO-MAS</planKey>
   <buildNumber>39</buildNumber>
   <revisionKey>8686a9239e43661e68deefcd9fcd99bda40ec7d2</revisionKey>
   <repositoryId>7766029</repositoryId>
   <customXmlData><![CDATA[]]></customXmlData>
  </vcsHistoryItem>
  <vcsHistoryItem>
   <id>8978482</id>
   <planKey>SACO-MAS</planKey>
   <buildNumber>39</buildNumber>
   <revisionKey>f4624c622df0905b3e59a442dde44029764110ff</revisionKey>
   <repositoryId>7766026</repositoryId>
   <customXmlData><![CDATA[]]></customXmlData>
  </vcsHistoryItem>
  <vcsHistoryItem>
   <id>8978483</id>
   <planKey>SACO-MAS</planKey>
   <buildNumber>39</buildNumber>
   <revisionKey>22602a84a8c121067a6e825e1ce982db9284762b</revisionKey>
   <repositoryId>7766025</repositoryId>
   <customXmlData><![CDATA[]]></customXmlData>
  </vcsHistoryItem>
  <vcsHistoryItem>
   <id>8978484</id>
   <planKey>SACO-MAS</planKey>
   <buildNumber>39</buildNumber>
   <revisionKey>6119fb5a501dcb7b284dfa1c156cf6c84247cb7d</revisionKey>
   <repositoryId>9437187</repositoryId>
   <customXmlData><![CDATA[]]></customXmlData>
  </vcsHistoryItem>
 </planVcsHistory>
</bamboo>