<?xml version='1.1' encoding='UTF-8' standalone='yes'?>
<bamboo>
 <date>Tue Mar 03 20:36:17 AEDT 2015</date>
 <version>5.7.2</version>
 <buildDate>02-Dec-2014</buildDate>
 <build>5716</build>
 <serverID>BG3Y-XJ99-GC6Z-FPP1</serverID>
 <testCases>
  <testCase>
   <id>1507329</id>
   <testClassId>1474561</testClassId>
   <name>TransientNameTest</name>
   <numOfSuccessfulRuns>26</numOfSuccessfulRuns>
   <numOfFailedRuns>0</numOfFailedRuns>
   <avgDuration>0</avgDuration>
   <firstRanBuildNo>24</firstRanBuildNo>
   <lastRanBuildNo>81</lastRanBuildNo>
  </testCase>
  <testCase>
   <id>1507330</id>
   <testClassId>1474561</testClassId>
   <name>SingeltonLifestyleTest</name>
   <numOfSuccessfulRuns>26</numOfSuccessfulRuns>
   <numOfFailedRuns>0</numOfFailedRuns>
   <avgDuration>1</avgDuration>
   <firstRanBuildNo>24</firstRanBuildNo>
   <lastRanBuildNo>81</lastRanBuildNo>
  </testCase>
  <testCase>
   <id>1507331</id>
   <testClassId>1474562</testClassId>
   <name>InstallCallsLoadTest</name>
   <numOfSuccessfulRuns>26</numOfSuccessfulRuns>
   <numOfFailedRuns>0</numOfFailedRuns>
   <avgDuration>790</avgDuration>
   <firstRanBuildNo>24</firstRanBuildNo>
   <lastRanBuildNo>81</lastRanBuildNo>
  </testCase>
  <testCase>
   <id>1507332</id>
   <testClassId>1474561</testClassId>
   <name>TransientLifestyleTest</name>
   <numOfSuccessfulRuns>26</numOfSuccessfulRuns>
   <numOfFailedRuns>0</numOfFailedRuns>
   <avgDuration>0</avgDuration>
   <firstRanBuildNo>24</firstRanBuildNo>
   <lastRanBuildNo>81</lastRanBuildNo>
  </testCase>
  <testCase>
   <id>1507333</id>
   <testClassId>1474563</testClassId>
   <name>InjectTest</name>
   <numOfSuccessfulRuns>26</numOfSuccessfulRuns>
   <numOfFailedRuns>0</numOfFailedRuns>
   <avgDuration>31</avgDuration>
   <firstRanBuildNo>24</firstRanBuildNo>
   <lastRanBuildNo>81</lastRanBuildNo>
  </testCase>
  <testCase>
   <id>1507334</id>
   <testClassId>1474564</testClassId>
   <name>LifestyleSingletonParseTest</name>
   <numOfSuccessfulRuns>26</numOfSuccessfulRuns>
   <numOfFailedRuns>0</numOfFailedRuns>
   <avgDuration>3</avgDuration>
   <firstRanBuildNo>24</firstRanBuildNo>
   <lastRanBuildNo>81</lastRanBuildNo>
  </testCase>
  <testCase>
   <id>1507335</id>
   <testClassId>1474564</testClassId>
   <name>LifestyleTransientToStringTest</name>
   <numOfSuccessfulRuns>26</numOfSuccessfulRuns>
   <numOfFailedRuns>0</numOfFailedRuns>
   <avgDuration>0</avgDuration>
   <firstRanBuildNo>24</firstRanBuildNo>
   <lastRanBuildNo>81</lastRanBuildNo>
  </testCase>
  <testCase>
   <id>1507336</id>
   <testClassId>1474561</testClassId>
   <name>SingeltonNameTest</name>
   <numOfSuccessfulRuns>26</numOfSuccessfulRuns>
   <numOfFailedRuns>0</numOfFailedRuns>
   <avgDuration>0</avgDuration>
   <firstRanBuildNo>24</firstRanBuildNo>
   <lastRanBuildNo>81</lastRanBuildNo>
  </testCase>
  <testCase>
   <id>1507337</id>
   <testClassId>1474562</testClassId>
   <name>InstallComponentsWasCalledTest</name>
   <numOfSuccessfulRuns>26</numOfSuccessfulRuns>
   <numOfFailedRuns>0</numOfFailedRuns>
   <avgDuration>2</avgDuration>
   <firstRanBuildNo>24</firstRanBuildNo>
   <lastRanBuildNo>81</lastRanBuildNo>
  </testCase>
  <testCase>
   <id>1507338</id>
   <testClassId>1474564</testClassId>
   <name>LifestyleSingletonToStringTest</name>
   <numOfSuccessfulRuns>26</numOfSuccessfulRuns>
   <numOfFailedRuns>0</numOfFailedRuns>
   <avgDuration>0</avgDuration>
   <firstRanBuildNo>24</firstRanBuildNo>
   <lastRanBuildNo>81</lastRanBuildNo>
  </testCase>
  <testCase>
   <id>1507339</id>
   <testClassId>1474564</testClassId>
   <name>LifestyleTransientParseTest</name>
   <numOfSuccessfulRuns>26</numOfSuccessfulRuns>
   <numOfFailedRuns>0</numOfFailedRuns>
   <avgDuration>0</avgDuration>
   <firstRanBuildNo>24</firstRanBuildNo>
   <lastRanBuildNo>81</lastRanBuildNo>
  </testCase>
  <testCase>
   <id>1507340</id>
   <testClassId>1474565</testClassId>
   <name>TransientNameTest</name>
   <numOfSuccessfulRuns>1</numOfSuccessfulRuns>
   <numOfFailedRuns>0</numOfFailedRuns>
   <avgDuration>0</avgDuration>
   <firstRanBuildNo>2</firstRanBuildNo>
   <lastRanBuildNo>2</lastRanBuildNo>
  </testCase>
  <testCase>
   <id>1507341</id>
   <testClassId>1474565</testClassId>
   <name>SingeltonLifestyleTest</name>
   <numOfSuccessfulRuns>1</numOfSuccessfulRuns>
   <numOfFailedRuns>0</numOfFailedRuns>
   <avgDuration>1</avgDuration>
   <firstRanBuildNo>2</firstRanBuildNo>
   <lastRanBuildNo>2</lastRanBuildNo>
  </testCase>
  <testCase>
   <id>1507342</id>
   <testClassId>1474566</testClassId>
   <name>InstallCallsLoadTest</name>
   <numOfSuccessfulRuns>1</numOfSuccessfulRuns>
   <numOfFailedRuns>0</numOfFailedRuns>
   <avgDuration>608</avgDuration>
   <firstRanBuildNo>2</firstRanBuildNo>
   <lastRanBuildNo>2</lastRanBuildNo>
  </testCase>
  <testCase>
   <id>1507343</id>
   <testClassId>1474565</testClassId>
   <name>TransientLifestyleTest</name>
   <numOfSuccessfulRuns>1</numOfSuccessfulRuns>
   <numOfFailedRuns>0</numOfFailedRuns>
   <avgDuration>0</avgDuration>
   <firstRanBuildNo>2</firstRanBuildNo>
   <lastRanBuildNo>2</lastRanBuildNo>
  </testCase>
  <testCase>
   <id>1507344</id>
   <testClassId>1474567</testClassId>
   <name>InjectTest</name>
   <numOfSuccessfulRuns>1</numOfSuccessfulRuns>
   <numOfFailedRuns>0</numOfFailedRuns>
   <avgDuration>30</avgDuration>
   <firstRanBuildNo>2</firstRanBuildNo>
   <lastRanBuildNo>2</lastRanBuildNo>
  </testCase>
  <testCase>
   <id>1507345</id>
   <testClassId>1474568</testClassId>
   <name>LifestyleSingletonParseTest</name>
   <numOfSuccessfulRuns>1</numOfSuccessfulRuns>
   <numOfFailedRuns>0</numOfFailedRuns>
   <avgDuration>3</avgDuration>
   <firstRanBuildNo>2</firstRanBuildNo>
   <lastRanBuildNo>2</lastRanBuildNo>
  </testCase>
  <testCase>
   <id>1507346</id>
   <testClassId>1474568</testClassId>
   <name>LifestyleTransientToStringTest</name>
   <numOfSuccessfulRuns>1</numOfSuccessfulRuns>
   <numOfFailedRuns>0</numOfFailedRuns>
   <avgDuration>0</avgDuration>
   <firstRanBuildNo>2</firstRanBuildNo>
   <lastRanBuildNo>2</lastRanBuildNo>
  </testCase>
  <testCase>
   <id>1507347</id>
   <testClassId>1474565</testClassId>
   <name>SingeltonNameTest</name>
   <numOfSuccessfulRuns>1</numOfSuccessfulRuns>
   <numOfFailedRuns>0</numOfFailedRuns>
   <avgDuration>0</avgDuration>
   <firstRanBuildNo>2</firstRanBuildNo>
   <lastRanBuildNo>2</lastRanBuildNo>
  </testCase>
  <testCase>
   <id>1507348</id>
   <testClassId>1474566</testClassId>
   <name>InstallComponentsWasCalledTest</name>
   <numOfSuccessfulRuns>1</numOfSuccessfulRuns>
   <numOfFailedRuns>0</numOfFailedRuns>
   <avgDuration>2</avgDuration>
   <firstRanBuildNo>2</firstRanBuildNo>
   <lastRanBuildNo>2</lastRanBuildNo>
  </testCase>
  <testCase>
   <id>1507349</id>
   <testClassId>1474568</testClassId>
   <name>LifestyleSingletonToStringTest</name>
   <numOfSuccessfulRuns>1</numOfSuccessfulRuns>
   <numOfFailedRuns>0</numOfFailedRuns>
   <avgDuration>0</avgDuration>
   <firstRanBuildNo>2</firstRanBuildNo>
   <lastRanBuildNo>2</lastRanBuildNo>
  </testCase>
  <testCase>
   <id>1507350</id>
   <testClassId>1474568</testClassId>
   <name>LifestyleTransientParseTest</name>
   <numOfSuccessfulRuns>1</numOfSuccessfulRuns>
   <numOfFailedRuns>0</numOfFailedRuns>
   <avgDuration>0</avgDuration>
   <firstRanBuildNo>2</firstRanBuildNo>
   <lastRanBuildNo>2</lastRanBuildNo>
  </testCase>
  <testCase>
   <id>3211276</id>
   <testClassId>3178501</testClassId>
   <name>SingeltonLifestyleTest</name>
   <numOfSuccessfulRuns>44</numOfSuccessfulRuns>
   <numOfFailedRuns>0</numOfFailedRuns>
   <avgDuration>1</avgDuration>
   <firstRanBuildNo>84</firstRanBuildNo>
   <lastRanBuildNo>150</lastRanBuildNo>
  </testCase>
  <testCase>
   <id>3211277</id>
   <testClassId>3178502</testClassId>
   <name>InstallComponentsWasCalledTest</name>
   <numOfSuccessfulRuns>44</numOfSuccessfulRuns>
   <numOfFailedRuns>0</numOfFailedRuns>
   <avgDuration>1</avgDuration>
   <firstRanBuildNo>84</firstRanBuildNo>
   <lastRanBuildNo>150</lastRanBuildNo>
  </testCase>
  <testCase>
   <id>3211278</id>
   <testClassId>3178503</testClassId>
   <name>LifestyleTransientToStringTest</name>
   <numOfSuccessfulRuns>44</numOfSuccessfulRuns>
   <numOfFailedRuns>0</numOfFailedRuns>
   <avgDuration>0</avgDuration>
   <firstRanBuildNo>84</firstRanBuildNo>
   <lastRanBuildNo>150</lastRanBuildNo>
  </testCase>
  <testCase>
   <id>3211279</id>
   <testClassId>3178501</testClassId>
   <name>TransientLifestyleTest</name>
   <numOfSuccessfulRuns>44</numOfSuccessfulRuns>
   <numOfFailedRuns>0</numOfFailedRuns>
   <avgDuration>0</avgDuration>
   <firstRanBuildNo>84</firstRanBuildNo>
   <lastRanBuildNo>150</lastRanBuildNo>
  </testCase>
  <testCase>
   <id>3211280</id>
   <testClassId>3178503</testClassId>
   <name>LifestyleTransientParseTest</name>
   <numOfSuccessfulRuns>44</numOfSuccessfulRuns>
   <numOfFailedRuns>0</numOfFailedRuns>
   <avgDuration>0</avgDuration>
   <firstRanBuildNo>84</firstRanBuildNo>
   <lastRanBuildNo>150</lastRanBuildNo>
  </testCase>
  <testCase>
   <id>3211281</id>
   <testClassId>3178503</testClassId>
   <name>LifestyleSingletonToStringTest</name>
   <numOfSuccessfulRuns>44</numOfSuccessfulRuns>
   <numOfFailedRuns>0</numOfFailedRuns>
   <avgDuration>0</avgDuration>
   <firstRanBuildNo>84</firstRanBuildNo>
   <lastRanBuildNo>150</lastRanBuildNo>
  </testCase>
  <testCase>
   <id>3211282</id>
   <testClassId>3178504</testClassId>
   <name>InjectTest</name>
   <numOfSuccessfulRuns>44</numOfSuccessfulRuns>
   <numOfFailedRuns>0</numOfFailedRuns>
   <avgDuration>29</avgDuration>
   <firstRanBuildNo>84</firstRanBuildNo>
   <lastRanBuildNo>150</lastRanBuildNo>
  </testCase>
  <testCase>
   <id>3211283</id>
   <testClassId>3178503</testClassId>
   <name>LifestyleSingletonParseTest</name>
   <numOfSuccessfulRuns>44</numOfSuccessfulRuns>
   <numOfFailedRuns>0</numOfFailedRuns>
   <avgDuration>2</avgDuration>
   <firstRanBuildNo>84</firstRanBuildNo>
   <lastRanBuildNo>150</lastRanBuildNo>
  </testCase>
  <testCase>
   <id>3211284</id>
   <testClassId>3178501</testClassId>
   <name>SingeltonNameTest</name>
   <numOfSuccessfulRuns>44</numOfSuccessfulRuns>
   <numOfFailedRuns>0</numOfFailedRuns>
   <avgDuration>0</avgDuration>
   <firstRanBuildNo>84</firstRanBuildNo>
   <lastRanBuildNo>150</lastRanBuildNo>
  </testCase>
  <testCase>
   <id>3211285</id>
   <testClassId>3178501</testClassId>
   <name>TransientNameTest</name>
   <numOfSuccessfulRuns>44</numOfSuccessfulRuns>
   <numOfFailedRuns>0</numOfFailedRuns>
   <avgDuration>0</avgDuration>
   <firstRanBuildNo>84</firstRanBuildNo>
   <lastRanBuildNo>150</lastRanBuildNo>
  </testCase>
  <testCase>
   <id>3211286</id>
   <testClassId>3178502</testClassId>
   <name>InstallCallsLoadTest</name>
   <numOfSuccessfulRuns>44</numOfSuccessfulRuns>
   <numOfFailedRuns>0</numOfFailedRuns>
   <avgDuration>754</avgDuration>
   <firstRanBuildNo>84</firstRanBuildNo>
   <lastRanBuildNo>150</lastRanBuildNo>
  </testCase>
  <testCase>
   <id>3211287</id>
   <testClassId>3178505</testClassId>
   <name>SingeltonLifestyleTest</name>
   <numOfSuccessfulRuns>2</numOfSuccessfulRuns>
   <numOfFailedRuns>0</numOfFailedRuns>
   <avgDuration>1</avgDuration>
   <firstRanBuildNo>3</firstRanBuildNo>
   <lastRanBuildNo>4</lastRanBuildNo>
  </testCase>
  <testCase>
   <id>3211288</id>
   <testClassId>3178506</testClassId>
   <name>InstallComponentsWasCalledTest</name>
   <numOfSuccessfulRuns>2</numOfSuccessfulRuns>
   <numOfFailedRuns>0</numOfFailedRuns>
   <avgDuration>2</avgDuration>
   <firstRanBuildNo>3</firstRanBuildNo>
   <lastRanBuildNo>4</lastRanBuildNo>
  </testCase>
  <testCase>
   <id>3211289</id>
   <testClassId>3178507</testClassId>
   <name>LifestyleTransientToStringTest</name>
   <numOfSuccessfulRuns>2</numOfSuccessfulRuns>
   <numOfFailedRuns>0</numOfFailedRuns>
   <avgDuration>0</avgDuration>
   <firstRanBuildNo>3</firstRanBuildNo>
   <lastRanBuildNo>4</lastRanBuildNo>
  </testCase>
  <testCase>
   <id>3211290</id>
   <testClassId>3178505</testClassId>
   <name>TransientLifestyleTest</name>
   <numOfSuccessfulRuns>2</numOfSuccessfulRuns>
   <numOfFailedRuns>0</numOfFailedRuns>
   <avgDuration>0</avgDuration>
   <firstRanBuildNo>3</firstRanBuildNo>
   <lastRanBuildNo>4</lastRanBuildNo>
  </testCase>
  <testCase>
   <id>3211291</id>
   <testClassId>3178507</testClassId>
   <name>LifestyleTransientParseTest</name>
   <numOfSuccessfulRuns>2</numOfSuccessfulRuns>
   <numOfFailedRuns>0</numOfFailedRuns>
   <avgDuration>0</avgDuration>
   <firstRanBuildNo>3</firstRanBuildNo>
   <lastRanBuildNo>4</lastRanBuildNo>
  </testCase>
  <testCase>
   <id>3211292</id>
   <testClassId>3178507</testClassId>
   <name>LifestyleSingletonToStringTest</name>
   <numOfSuccessfulRuns>2</numOfSuccessfulRuns>
   <numOfFailedRuns>0</numOfFailedRuns>
   <avgDuration>0</avgDuration>
   <firstRanBuildNo>3</firstRanBuildNo>
   <lastRanBuildNo>4</lastRanBuildNo>
  </testCase>
  <testCase>
   <id>3211293</id>
   <testClassId>3178508</testClassId>
   <name>InjectTest</name>
   <numOfSuccessfulRuns>2</numOfSuccessfulRuns>
   <numOfFailedRuns>0</numOfFailedRuns>
   <avgDuration>31</avgDuration>
   <firstRanBuildNo>3</firstRanBuildNo>
   <lastRanBuildNo>4</lastRanBuildNo>
  </testCase>
  <testCase>
   <id>3211294</id>
   <testClassId>3178507</testClassId>
   <name>LifestyleSingletonParseTest</name>
   <numOfSuccessfulRuns>2</numOfSuccessfulRuns>
   <numOfFailedRuns>0</numOfFailedRuns>
   <avgDuration>3</avgDuration>
   <firstRanBuildNo>3</firstRanBuildNo>
   <lastRanBuildNo>4</lastRanBuildNo>
  </testCase>
  <testCase>
   <id>3211295</id>
   <testClassId>3178505</testClassId>
   <name>SingeltonNameTest</name>
   <numOfSuccessfulRuns>2</numOfSuccessfulRuns>
   <numOfFailedRuns>0</numOfFailedRuns>
   <avgDuration>0</avgDuration>
   <firstRanBuildNo>3</firstRanBuildNo>
   <lastRanBuildNo>4</lastRanBuildNo>
  </testCase>
  <testCase>
   <id>3211296</id>
   <testClassId>3178505</testClassId>
   <name>TransientNameTest</name>
   <numOfSuccessfulRuns>2</numOfSuccessfulRuns>
   <numOfFailedRuns>0</numOfFailedRuns>
   <avgDuration>0</avgDuration>
   <firstRanBuildNo>3</firstRanBuildNo>
   <lastRanBuildNo>4</lastRanBuildNo>
  </testCase>
  <testCase>
   <id>3211297</id>
   <testClassId>3178506</testClassId>
   <name>InstallCallsLoadTest</name>
   <numOfSuccessfulRuns>2</numOfSuccessfulRuns>
   <numOfFailedRuns>0</numOfFailedRuns>
   <avgDuration>663</avgDuration>
   <firstRanBuildNo>3</firstRanBuildNo>
   <lastRanBuildNo>4</lastRanBuildNo>
  </testCase>
  <testCase>
   <id>4390913</id>
   <testClassId>4358145</testClassId>
   <name>AddingTest</name>
   <numOfSuccessfulRuns>29</numOfSuccessfulRuns>
   <numOfFailedRuns>0</numOfFailedRuns>
   <avgDuration>356</avgDuration>
   <firstRanBuildNo>103</firstRanBuildNo>
   <lastRanBuildNo>150</lastRanBuildNo>
  </testCase>
  <testCase>
   <id>4390914</id>
   <testClassId>4358146</testClassId>
   <name>CallingResolveShouldReturnOnlyOneInstanceTest</name>
   <numOfSuccessfulRuns>29</numOfSuccessfulRuns>
   <numOfFailedRuns>0</numOfFailedRuns>
   <avgDuration>40</avgDuration>
   <firstRanBuildNo>103</firstRanBuildNo>
   <lastRanBuildNo>150</lastRanBuildNo>
  </testCase>
  <testCase>
   <id>4390915</id>
   <testClassId>4358147</testClassId>
   <name>CallingResolveShouldReturnOnlyOneInstanceTest</name>
   <numOfSuccessfulRuns>29</numOfSuccessfulRuns>
   <numOfFailedRuns>0</numOfFailedRuns>
   <avgDuration>10</avgDuration>
   <firstRanBuildNo>103</firstRanBuildNo>
   <lastRanBuildNo>150</lastRanBuildNo>
  </testCase>
  <testCase>
   <id>4390916</id>
   <testClassId>4358147</testClassId>
   <name>AddingTest</name>
   <numOfSuccessfulRuns>29</numOfSuccessfulRuns>
   <numOfFailedRuns>0</numOfFailedRuns>
   <avgDuration>16</avgDuration>
   <firstRanBuildNo>103</firstRanBuildNo>
   <lastRanBuildNo>150</lastRanBuildNo>
  </testCase>
  <testCase>
   <id>4390917</id>
   <testClassId>4358146</testClassId>
   <name>AddingTest</name>
   <numOfSuccessfulRuns>29</numOfSuccessfulRuns>
   <numOfFailedRuns>0</numOfFailedRuns>
   <avgDuration>1482</avgDuration>
   <firstRanBuildNo>103</firstRanBuildNo>
   <lastRanBuildNo>150</lastRanBuildNo>
  </testCase>
  <testCase>
   <id>4390918</id>
   <testClassId>4358145</testClassId>
   <name>CallingResolveShouldReturnOnlyOneInstanceTest</name>
   <numOfSuccessfulRuns>29</numOfSuccessfulRuns>
   <numOfFailedRuns>0</numOfFailedRuns>
   <avgDuration>15</avgDuration>
   <firstRanBuildNo>103</firstRanBuildNo>
   <lastRanBuildNo>150</lastRanBuildNo>
  </testCase>
  <testCase>
   <id>6782977</id>
   <testClassId>6750209</testClassId>
   <name>WordsTest</name>
   <numOfSuccessfulRuns>46</numOfSuccessfulRuns>
   <numOfFailedRuns>0</numOfFailedRuns>
   <avgDuration>33</avgDuration>
   <firstRanBuildNo>23</firstRanBuildNo>
   <lastRanBuildNo>71</lastRanBuildNo>
  </testCase>
  <testCase>
   <id>6782978</id>
   <testClassId>6750210</testClassId>
   <name>IsEquivalentReturnsFalseForDifferentValuesTest</name>
   <numOfSuccessfulRuns>46</numOfSuccessfulRuns>
   <numOfFailedRuns>0</numOfFailedRuns>
   <avgDuration>0</avgDuration>
   <firstRanBuildNo>23</firstRanBuildNo>
   <lastRanBuildNo>71</lastRanBuildNo>
  </testCase>
  <testCase>
   <id>6782979</id>
   <testClassId>6750210</testClassId>
   <name>AssertDegreesDoesNotThrowForPlusEpsilonTest</name>
   <numOfSuccessfulRuns>46</numOfSuccessfulRuns>
   <numOfFailedRuns>0</numOfFailedRuns>
   <avgDuration>0</avgDuration>
   <firstRanBuildNo>23</firstRanBuildNo>
   <lastRanBuildNo>71</lastRanBuildNo>
  </testCase>
  <testCase>
   <id>6782980</id>
   <testClassId>6750210</testClassId>
   <name>AssertRadiansDoesNotThrowForMinusEpsilonTest</name>
   <numOfSuccessfulRuns>46</numOfSuccessfulRuns>
   <numOfFailedRuns>0</numOfFailedRuns>
   <avgDuration>0</avgDuration>
   <firstRanBuildNo>23</firstRanBuildNo>
   <lastRanBuildNo>71</lastRanBuildNo>
  </testCase>
  <testCase>
   <id>6782981</id>
   <testClassId>6750209</testClassId>
   <name>JoinTest</name>
   <numOfSuccessfulRuns>46</numOfSuccessfulRuns>
   <numOfFailedRuns>0</numOfFailedRuns>
   <avgDuration>1</avgDuration>
   <firstRanBuildNo>23</firstRanBuildNo>
   <lastRanBuildNo>71</lastRanBuildNo>
  </testCase>
  <testCase>
   <id>6782982</id>
   <testClassId>6750209</testClassId>
   <name>AsGroupsOfOneTest</name>
   <numOfSuccessfulRuns>46</numOfSuccessfulRuns>
   <numOfFailedRuns>0</numOfFailedRuns>
   <avgDuration>4</avgDuration>
   <firstRanBuildNo>23</firstRanBuildNo>
   <lastRanBuildNo>71</lastRanBuildNo>
  </testCase>
  <testCase>
   <id>6782983</id>
   <testClassId>6750210</testClassId>
   <name>AssertDegreesDoesNotThrowForMinusEpsilonTest</name>
   <numOfSuccessfulRuns>46</numOfSuccessfulRuns>
   <numOfFailedRuns>0</numOfFailedRuns>
   <avgDuration>116</avgDuration>
   <firstRanBuildNo>23</firstRanBuildNo>
   <lastRanBuildNo>71</lastRanBuildNo>
  </testCase>
  <testCase>
   <id>6782984</id>
   <testClassId>6750210</testClassId>
   <name>AssertIsEquivalentPlusEpsilonTest</name>
   <numOfSuccessfulRuns>46</numOfSuccessfulRuns>
   <numOfFailedRuns>0</numOfFailedRuns>
   <avgDuration>0</avgDuration>
   <firstRanBuildNo>23</firstRanBuildNo>
   <lastRanBuildNo>71</lastRanBuildNo>
  </testCase>
  <testCase>
   <id>6782985</id>
   <testClassId>6750210</testClassId>
   <name>AssertDegreesDoesThrowForPlusEpsilonTest</name>
   <numOfSuccessfulRuns>46</numOfSuccessfulRuns>
   <numOfFailedRuns>0</numOfFailedRuns>
   <avgDuration>0</avgDuration>
   <firstRanBuildNo>23</firstRanBuildNo>
   <lastRanBuildNo>71</lastRanBuildNo>
  </testCase>
  <testCase>
   <id>6782986</id>
   <testClassId>6750210</testClassId>
   <name>AssertSequenceEqualDoesNotThrowTest</name>
   <numOfSuccessfulRuns>46</numOfSuccessfulRuns>
   <numOfFailedRuns>0</numOfFailedRuns>
   <avgDuration>8</avgDuration>
   <firstRanBuildNo>23</firstRanBuildNo>
   <lastRanBuildNo>71</lastRanBuildNo>
  </testCase>
  <testCase>
   <id>6782987</id>
   <testClassId>6750209</testClassId>
   <name>LinesTest</name>
   <numOfSuccessfulRuns>46</numOfSuccessfulRuns>
   <numOfFailedRuns>0</numOfFailedRuns>
   <avgDuration>2</avgDuration>
   <firstRanBuildNo>23</firstRanBuildNo>
   <lastRanBuildNo>71</lastRanBuildNo>
  </testCase>
  <testCase>
   <id>6782988</id>
   <testClassId>6750210</testClassId>
   <name>AssertIsEquivalentMinusEpsilonTest</name>
   <numOfSuccessfulRuns>46</numOfSuccessfulRuns>
   <numOfFailedRuns>0</numOfFailedRuns>
   <avgDuration>0</avgDuration>
   <firstRanBuildNo>23</firstRanBuildNo>
   <lastRanBuildNo>71</lastRanBuildNo>
  </testCase>
  <testCase>
   <id>6782989</id>
   <testClassId>6750210</testClassId>
   <name>AssertSequenceEqualDoesThrowForDifferentTest</name>
   <numOfSuccessfulRuns>46</numOfSuccessfulRuns>
   <numOfFailedRuns>0</numOfFailedRuns>
   <avgDuration>2</avgDuration>
   <firstRanBuildNo>23</firstRanBuildNo>
   <lastRanBuildNo>71</lastRanBuildNo>
  </testCase>
  <testCase>
   <id>6782990</id>
   <testClassId>6750210</testClassId>
   <name>IsEquivalentDoesThrowsForToLongTest</name>
   <numOfSuccessfulRuns>46</numOfSuccessfulRuns>
   <numOfFailedRuns>0</numOfFailedRuns>
   <avgDuration>1</avgDuration>
   <firstRanBuildNo>23</firstRanBuildNo>
   <lastRanBuildNo>71</lastRanBuildNo>
  </testCase>
  <testCase>
   <id>6782991</id>
   <testClassId>6750209</testClassId>
   <name>InjectInvariantTest</name>
   <numOfSuccessfulRuns>46</numOfSuccessfulRuns>
   <numOfFailedRuns>0</numOfFailedRuns>
   <avgDuration>1</avgDuration>
   <firstRanBuildNo>23</firstRanBuildNo>
   <lastRanBuildNo>71</lastRanBuildNo>
  </testCase>
  <testCase>
   <id>6782992</id>
   <testClassId>6750210</testClassId>
   <name>AssertRadiansDoesNotThrowForPlusEpsilonTest</name>
   <numOfSuccessfulRuns>46</numOfSuccessfulRuns>
   <numOfFailedRuns>0</numOfFailedRuns>
   <avgDuration>0</avgDuration>
   <firstRanBuildNo>23</firstRanBuildNo>
   <lastRanBuildNo>71</lastRanBuildNo>
  </testCase>
  <testCase>
   <id>6782993</id>
   <testClassId>6750210</testClassId>
   <name>AssertSequenceEqualDoesThrowForToLongTest</name>
   <numOfSuccessfulRuns>46</numOfSuccessfulRuns>
   <numOfFailedRuns>0</numOfFailedRuns>
   <avgDuration>1</avgDuration>
   <firstRanBuildNo>23</firstRanBuildNo>
   <lastRanBuildNo>71</lastRanBuildNo>
  </testCase>
  <testCase>
   <id>6782994</id>
   <testClassId>6750210</testClassId>
   <name>IsEquivalentReturnsFalseForGreaterEpsilonTest</name>
   <numOfSuccessfulRuns>46</numOfSuccessfulRuns>
   <numOfFailedRuns>0</numOfFailedRuns>
   <avgDuration>0</avgDuration>
   <firstRanBuildNo>23</firstRanBuildNo>
   <lastRanBuildNo>71</lastRanBuildNo>
  </testCase>
  <testCase>
   <id>6782995</id>
   <testClassId>6750209</testClassId>
   <name>InjectTest</name>
   <numOfSuccessfulRuns>46</numOfSuccessfulRuns>
   <numOfFailedRuns>0</numOfFailedRuns>
   <avgDuration>0</avgDuration>
   <firstRanBuildNo>23</firstRanBuildNo>
   <lastRanBuildNo>71</lastRanBuildNo>
  </testCase>
  <testCase>
   <id>6782996</id>
   <testClassId>6750210</testClassId>
   <name>IsEquivalentDoesNotThrowForSameContentTest</name>
   <numOfSuccessfulRuns>46</numOfSuccessfulRuns>
   <numOfFailedRuns>0</numOfFailedRuns>
   <avgDuration>13</avgDuration>
   <firstRanBuildNo>23</firstRanBuildNo>
   <lastRanBuildNo>71</lastRanBuildNo>
  </testCase>
  <testCase>
   <id>6782997</id>
   <testClassId>6750210</testClassId>
   <name>AssertIsEquivalentDoesNotThrowTest</name>
   <numOfSuccessfulRuns>46</numOfSuccessfulRuns>
   <numOfFailedRuns>0</numOfFailedRuns>
   <avgDuration>0</avgDuration>
   <firstRanBuildNo>23</firstRanBuildNo>
   <lastRanBuildNo>71</lastRanBuildNo>
  </testCase>
  <testCase>
   <id>6782998</id>
   <testClassId>6750210</testClassId>
   <name>AssertIsEquivalentPlusEpsilonPlusDeltaTest</name>
   <numOfSuccessfulRuns>46</numOfSuccessfulRuns>
   <numOfFailedRuns>0</numOfFailedRuns>
   <avgDuration>0</avgDuration>
   <firstRanBuildNo>23</firstRanBuildNo>
   <lastRanBuildNo>71</lastRanBuildNo>
  </testCase>
  <testCase>
   <id>6782999</id>
   <testClassId>6750209</testClassId>
   <name>JoinForEmptyElementsTest</name>
   <numOfSuccessfulRuns>46</numOfSuccessfulRuns>
   <numOfFailedRuns>0</numOfFailedRuns>
   <avgDuration>1</avgDuration>
   <firstRanBuildNo>23</firstRanBuildNo>
   <lastRanBuildNo>71</lastRanBuildNo>
  </testCase>
  <testCase>
   <id>6783000</id>
   <testClassId>6750210</testClassId>
   <name>AssertDegreesDoesThrowForMinusEpsilonTest</name>
   <numOfSuccessfulRuns>46</numOfSuccessfulRuns>
   <numOfFailedRuns>0</numOfFailedRuns>
   <avgDuration>182</avgDuration>
   <firstRanBuildNo>23</firstRanBuildNo>
   <lastRanBuildNo>71</lastRanBuildNo>
  </testCase>
  <testCase>
   <id>6783001</id>
   <testClassId>6750210</testClassId>
   <name>AssertRadiansDoesThrowForPlusEpsilonTest</name>
   <numOfSuccessfulRuns>46</numOfSuccessfulRuns>
   <numOfFailedRuns>0</numOfFailedRuns>
   <avgDuration>0</avgDuration>
   <firstRanBuildNo>23</firstRanBuildNo>
   <lastRanBuildNo>71</lastRanBuildNo>
  </testCase>
  <testCase>
   <id>6783002</id>
   <testClassId>6750210</testClassId>
   <name>AssertDegreesDoesNotThrowForSameTest</name>
   <numOfSuccessfulRuns>46</numOfSuccessfulRuns>
   <numOfFailedRuns>0</numOfFailedRuns>
   <avgDuration>0</avgDuration>
   <firstRanBuildNo>23</firstRanBuildNo>
   <lastRanBuildNo>71</lastRanBuildNo>
  </testCase>
  <testCase>
   <id>6783003</id>
   <testClassId>6750210</testClassId>
   <name>IsEquivalentDoesThrowsForToShortTest</name>
   <numOfSuccessfulRuns>46</numOfSuccessfulRuns>
   <numOfFailedRuns>0</numOfFailedRuns>
   <avgDuration>1</avgDuration>
   <firstRanBuildNo>23</firstRanBuildNo>
   <lastRanBuildNo>71</lastRanBuildNo>
  </testCase>
  <testCase>
   <id>6783004</id>
   <testClassId>6750210</testClassId>
   <name>AssertIsEquivalentAbsoluteIsNaNTest</name>
   <numOfSuccessfulRuns>46</numOfSuccessfulRuns>
   <numOfFailedRuns>0</numOfFailedRuns>
   <avgDuration>0</avgDuration>
   <firstRanBuildNo>23</firstRanBuildNo>
   <lastRanBuildNo>71</lastRanBuildNo>
  </testCase>
  <testCase>
   <id>6783005</id>
   <testClassId>6750210</testClassId>
   <name>IsEquivalentDoesNotThrowTest</name>
   <numOfSuccessfulRuns>46</numOfSuccessfulRuns>
   <numOfFailedRuns>0</numOfFailedRuns>
   <avgDuration>1</avgDuration>
   <firstRanBuildNo>23</firstRanBuildNo>
   <lastRanBuildNo>71</lastRanBuildNo>
  </testCase>
  <testCase>
   <id>6783006</id>
   <testClassId>6750210</testClassId>
   <name>IsEquivalentReturnsTrueForSameValuesTest</name>
   <numOfSuccessfulRuns>46</numOfSuccessfulRuns>
   <numOfFailedRuns>0</numOfFailedRuns>
   <avgDuration>0</avgDuration>
   <firstRanBuildNo>23</firstRanBuildNo>
   <lastRanBuildNo>71</lastRanBuildNo>
  </testCase>
  <testCase>
   <id>6783007</id>
   <testClassId>6750210</testClassId>
   <name>ContainsReturnsFalseTest</name>
   <numOfSuccessfulRuns>46</numOfSuccessfulRuns>
   <numOfFailedRuns>0</numOfFailedRuns>
   <avgDuration>3</avgDuration>
   <firstRanBuildNo>23</firstRanBuildNo>
   <lastRanBuildNo>71</lastRanBuildNo>
  </testCase>
  <testCase>
   <id>6783008</id>
   <testClassId>6750210</testClassId>
   <name>IsEquivalentReturnsTrueForValuesInsideEpsilonTest</name>
   <numOfSuccessfulRuns>46</numOfSuccessfulRuns>
   <numOfFailedRuns>0</numOfFailedRuns>
   <avgDuration>0</avgDuration>
   <firstRanBuildNo>23</firstRanBuildNo>
   <lastRanBuildNo>71</lastRanBuildNo>
  </testCase>
  <testCase>
   <id>6783009</id>
   <testClassId>6750209</testClassId>
   <name>ReplaceNewLinesWithDefaultCaseTwoTest</name>
   <numOfSuccessfulRuns>46</numOfSuccessfulRuns>
   <numOfFailedRuns>0</numOfFailedRuns>
   <avgDuration>0</avgDuration>
   <firstRanBuildNo>23</firstRanBuildNo>
   <lastRanBuildNo>71</lastRanBuildNo>
  </testCase>
  <testCase>
   <id>6783010</id>
   <testClassId>6750209</testClassId>
   <name>JoinTwoSeparatorsTest</name>
   <numOfSuccessfulRuns>46</numOfSuccessfulRuns>
   <numOfFailedRuns>0</numOfFailedRuns>
   <avgDuration>0</avgDuration>
   <firstRanBuildNo>23</firstRanBuildNo>
   <lastRanBuildNo>71</lastRanBuildNo>
  </testCase>
  <testCase>
   <id>6783011</id>
   <testClassId>6750210</testClassId>
   <name>ContainsReturnsTrueTest</name>
   <numOfSuccessfulRuns>46</numOfSuccessfulRuns>
   <numOfFailedRuns>0</numOfFailedRuns>
   <avgDuration>1</avgDuration>
   <firstRanBuildNo>23</firstRanBuildNo>
   <lastRanBuildNo>71</lastRanBuildNo>
  </testCase>
  <testCase>
   <id>6783012</id>
   <testClassId>6750210</testClassId>
   <name>IsEquivalentDoesThrowsForDifferentTest</name>
   <numOfSuccessfulRuns>46</numOfSuccessfulRuns>
   <numOfFailedRuns>0</numOfFailedRuns>
   <avgDuration>6</avgDuration>
   <firstRanBuildNo>23</firstRanBuildNo>
   <lastRanBuildNo>71</lastRanBuildNo>
  </testCase>
  <testCase>
   <id>6783013</id>
   <testClassId>6750210</testClassId>
   <name>AssertIsEquivalentMinusEpsilonPlusDeltaTest</name>
   <numOfSuccessfulRuns>46</numOfSuccessfulRuns>
   <numOfFailedRuns>0</numOfFailedRuns>
   <avgDuration>0</avgDuration>
   <firstRanBuildNo>23</firstRanBuildNo>
   <lastRanBuildNo>71</lastRanBuildNo>
  </testCase>
  <testCase>
   <id>6783014</id>
   <testClassId>6750209</testClassId>
   <name>JoinForOneElementTest</name>
   <numOfSuccessfulRuns>46</numOfSuccessfulRuns>
   <numOfFailedRuns>0</numOfFailedRuns>
   <avgDuration>0</avgDuration>
   <firstRanBuildNo>23</firstRanBuildNo>
   <lastRanBuildNo>71</lastRanBuildNo>
  </testCase>
  <testCase>
   <id>6783015</id>
   <testClassId>6750210</testClassId>
   <name>AssertRadiansDoesThrowForMinusEpsilonTest</name>
   <numOfSuccessfulRuns>46</numOfSuccessfulRuns>
   <numOfFailedRuns>0</numOfFailedRuns>
   <avgDuration>0</avgDuration>
   <firstRanBuildNo>23</firstRanBuildNo>
   <lastRanBuildNo>71</lastRanBuildNo>
  </testCase>
  <testCase>
   <id>6783016</id>
   <testClassId>6750210</testClassId>
   <name>AssertIsEquivalentAbsoluteIsBiggerEpsilonTest</name>
   <numOfSuccessfulRuns>46</numOfSuccessfulRuns>
   <numOfFailedRuns>0</numOfFailedRuns>
   <avgDuration>0</avgDuration>
   <firstRanBuildNo>23</firstRanBuildNo>
   <lastRanBuildNo>71</lastRanBuildNo>
  </testCase>
  <testCase>
   <id>6783017</id>
   <testClassId>6750209</testClassId>
   <name>ReplaceNewLinesWithDefaultCaseOneTest</name>
   <numOfSuccessfulRuns>46</numOfSuccessfulRuns>
   <numOfFailedRuns>0</numOfFailedRuns>
   <avgDuration>25</avgDuration>
   <firstRanBuildNo>23</firstRanBuildNo>
   <lastRanBuildNo>71</lastRanBuildNo>
  </testCase>
  <testCase>
   <id>6783018</id>
   <testClassId>6750210</testClassId>
   <name>AssertRadiansDoesNotThrowForSameTest</name>
   <numOfSuccessfulRuns>46</numOfSuccessfulRuns>
   <numOfFailedRuns>0</numOfFailedRuns>
   <avgDuration>0</avgDuration>
   <firstRanBuildNo>23</firstRanBuildNo>
   <lastRanBuildNo>71</lastRanBuildNo>
  </testCase>
  <testCase>
   <id>6783019</id>
   <testClassId>6750210</testClassId>
   <name>AssertSequenceEqualDoesThrowForToShortTest</name>
   <numOfSuccessfulRuns>46</numOfSuccessfulRuns>
   <numOfFailedRuns>0</numOfFailedRuns>
   <avgDuration>1</avgDuration>
   <firstRanBuildNo>23</firstRanBuildNo>
   <lastRanBuildNo>71</lastRanBuildNo>
  </testCase>
 </testCases>
</bamboo>