<?xml version='1.1' encoding='UTF-8' standalone='yes'?>
<bamboo>
 <date>Tue Mar 03 20:36:17 AEDT 2015</date>
 <version>5.7.2</version>
 <buildDate>02-Dec-2014</buildDate>
 <build>5716</build>
 <serverID>BG3Y-XJ99-GC6Z-FPP1</serverID>
 <testClasses>
  <testClass>
   <id>1474561</id>
   <name>Selkie.Windsor.NUnit.ProjectComponentAttributeTests</name>
   <plan>SW-MAS-JOB1</plan>
  </testClass>
  <testClass>
   <id>1474562</id>
   <name>Selkie.Windsor.NUnit.BaseInstallerTests</name>
   <plan>SW-MAS-JOB1</plan>
  </testClass>
  <testClass>
   <id>1474563</id>
   <name>Selkie.Windsor.Extensions.NUnit.StringExtensionsTests</name>
   <plan>SW-MAS-JOB1</plan>
  </testClass>
  <testClass>
   <id>1474564</id>
   <name>Selkie.Windsor.NUnit.LifestyleTests</name>
   <plan>SW-MAS-JOB1</plan>
  </testClass>
  <testClass>
   <id>1474565</id>
   <name>Selkie.Windsor.NUnit.ProjectComponentAttributeTests</name>
   <plan>SW-MAS0-JOB1</plan>
  </testClass>
  <testClass>
   <id>1474566</id>
   <name>Selkie.Windsor.NUnit.BaseInstallerTests</name>
   <plan>SW-MAS0-JOB1</plan>
  </testClass>
  <testClass>
   <id>1474567</id>
   <name>Selkie.Windsor.Extensions.NUnit.StringExtensionsTests</name>
   <plan>SW-MAS0-JOB1</plan>
  </testClass>
  <testClass>
   <id>1474568</id>
   <name>Selkie.Windsor.NUnit.LifestyleTests</name>
   <plan>SW-MAS0-JOB1</plan>
  </testClass>
  <testClass>
   <id>3178501</id>
   <name>Selkie.Windsor.Tests.NUnit.ProjectComponentAttributeTests</name>
   <plan>SW-MAS-JOB1</plan>
  </testClass>
  <testClass>
   <id>3178502</id>
   <name>Selkie.Windsor.Tests.NUnit.BaseInstallerTests</name>
   <plan>SW-MAS-JOB1</plan>
  </testClass>
  <testClass>
   <id>3178503</id>
   <name>Selkie.Windsor.Tests.NUnit.LifestyleTests</name>
   <plan>SW-MAS-JOB1</plan>
  </testClass>
  <testClass>
   <id>3178504</id>
   <name>Selkie.Windsor.Tests.Extensions.NUnit.StringExtensionsTests</name>
   <plan>SW-MAS-JOB1</plan>
  </testClass>
  <testClass>
   <id>3178505</id>
   <name>Selkie.Windsor.Tests.NUnit.ProjectComponentAttributeTests</name>
   <plan>SW-MAS0-JOB1</plan>
  </testClass>
  <testClass>
   <id>3178506</id>
   <name>Selkie.Windsor.Tests.NUnit.BaseInstallerTests</name>
   <plan>SW-MAS0-JOB1</plan>
  </testClass>
  <testClass>
   <id>3178507</id>
   <name>Selkie.Windsor.Tests.NUnit.LifestyleTests</name>
   <plan>SW-MAS0-JOB1</plan>
  </testClass>
  <testClass>
   <id>3178508</id>
   <name>Selkie.Windsor.Tests.Extensions.NUnit.StringExtensionsTests</name>
   <plan>SW-MAS0-JOB1</plan>
  </testClass>
  <testClass>
   <id>4358145</id>
   <name>Selkie.Windsor.Tests.NUnit.TypedFactoryTest</name>
   <plan>SW-MAS-JOB1</plan>
  </testClass>
  <testClass>
   <id>4358146</id>
   <name>Selkie.Windsor.Tests.NUnit.LifestyleSingletonTest</name>
   <plan>SW-MAS-JOB1</plan>
  </testClass>
  <testClass>
   <id>4358147</id>
   <name>Selkie.Windsor.Tests.NUnit.LifestyleTransientTest</name>
   <plan>SW-MAS-JOB1</plan>
  </testClass>
  <testClass>
   <id>6750209</id>
   <name>Selkie.NUnit.Extensions.Tests.StringExtensionsTests</name>
   <plan>SNE-MN-JOB1</plan>
  </testClass>
  <testClass>
   <id>6750210</id>
   <name>Selkie.NUnit.Extensions.Tests.NUnitHelperTests</name>
   <plan>SNE-MN-JOB1</plan>
  </testClass>
 </testClasses>
</bamboo>