<?xml version='1.1' encoding='UTF-8' standalone='yes'?>
<bamboo>
 <date>Mon Mar 02 16:48:47 AEDT 2015</date>
 <version>5.7.2</version>
 <buildDate>02-Dec-2014</buildDate>
 <build>5716</build>
 <serverID>BG3Y-XJ99-GC6Z-FPP1</serverID>
 <artifacts>
  <artifact>
   <id>917505</id>
   <label>NuGet Package</label>
   <sharedArtifact>false</sharedArtifact>
   <globallyStored>false</globallyStored>
   <type>com.atlassian.bamboo.plugin.artifact.handler.local:ServerLocalArtifactHandler</type>
   <size>24342</size>
   <planResultKey>SW-MAS-JOB1-18</planResultKey>
  </artifact>
  <artifact>
   <id>1343489</id>
   <label>NuGet Package</label>
   <sharedArtifact>false</sharedArtifact>
   <globallyStored>false</globallyStored>
   <type>com.atlassian.bamboo.plugin.artifact.handler.local:ServerLocalArtifactHandler</type>
   <size>24363</size>
   <planResultKey>SW-MAS-JOB1-19</planResultKey>
  </artifact>
  <artifact>
   <id>1343490</id>
   <label>NuGet Package</label>
   <sharedArtifact>false</sharedArtifact>
   <globallyStored>false</globallyStored>
   <type>com.atlassian.bamboo.plugin.artifact.handler.local:ServerLocalArtifactHandler</type>
   <size>24333</size>
   <planResultKey>SW-MAS-JOB1-20</planResultKey>
  </artifact>
  <artifact>
   <id>1343491</id>
   <label>NuGet Package</label>
   <sharedArtifact>false</sharedArtifact>
   <globallyStored>false</globallyStored>
   <type>com.atlassian.bamboo.plugin.artifact.handler.local:ServerLocalArtifactHandler</type>
   <size>24361</size>
   <planResultKey>SW-MAS-JOB1-21</planResultKey>
  </artifact>
  <artifact>
   <id>1343492</id>
   <label>NuGet Package</label>
   <sharedArtifact>false</sharedArtifact>
   <globallyStored>false</globallyStored>
   <type>com.atlassian.bamboo.plugin.artifact.handler.local:ServerLocalArtifactHandler</type>
   <size>24322</size>
   <planResultKey>SW-MAS-JOB1-22</planResultKey>
  </artifact>
  <artifact>
   <id>1343493</id>
   <label>NuGet Package</label>
   <sharedArtifact>false</sharedArtifact>
   <globallyStored>false</globallyStored>
   <type>com.atlassian.bamboo.plugin.artifact.handler.local:ServerLocalArtifactHandler</type>
   <size>24377</size>
   <planResultKey>SW-MAS-JOB1-23</planResultKey>
  </artifact>
  <artifact>
   <id>1343494</id>
   <label>NuGet Package</label>
   <sharedArtifact>false</sharedArtifact>
   <globallyStored>false</globallyStored>
   <type>com.atlassian.bamboo.plugin.artifact.handler.local:ServerLocalArtifactHandler</type>
   <size>24378</size>
   <planResultKey>SW-MAS-JOB1-24</planResultKey>
  </artifact>
  <artifact>
   <id>1343495</id>
   <label>NuGet Package</label>
   <sharedArtifact>false</sharedArtifact>
   <globallyStored>false</globallyStored>
   <type>com.atlassian.bamboo.plugin.artifact.handler.local:ServerLocalArtifactHandler</type>
   <size>23524</size>
   <planResultKey>SW-MAS-JOB1-25</planResultKey>
  </artifact>
  <artifact>
   <id>1343496</id>
   <label>NuGet Package</label>
   <sharedArtifact>false</sharedArtifact>
   <globallyStored>false</globallyStored>
   <type>com.atlassian.bamboo.plugin.artifact.handler.local:ServerLocalArtifactHandler</type>
   <size>23520</size>
   <planResultKey>SW-MAS0-JOB1-2</planResultKey>
  </artifact>
  <artifact>
   <id>1343497</id>
   <label>NuGet Package</label>
   <sharedArtifact>false</sharedArtifact>
   <globallyStored>false</globallyStored>
   <type>com.atlassian.bamboo.plugin.artifact.handler.local:ServerLocalArtifactHandler</type>
   <size>23528</size>
   <planResultKey>SW-MAS-JOB1-26</planResultKey>
  </artifact>
  <artifact>
   <id>1343498</id>
   <label>NuGet Package</label>
   <sharedArtifact>true</sharedArtifact>
   <globallyStored>false</globallyStored>
   <type>com.atlassian.bamboo.plugin.artifact.handler.local:ServerLocalArtifactHandler</type>
   <size>23530</size>
   <planResultKey>SW-MAS-27</planResultKey>
  </artifact>
  <artifact>
   <id>1343499</id>
   <label>NuGet Package</label>
   <sharedArtifact>true</sharedArtifact>
   <globallyStored>false</globallyStored>
   <type>com.atlassian.bamboo.plugin.artifact.handler.local:ServerLocalArtifactHandler</type>
   <size>23530</size>
   <planResultKey>SW-MAS-28</planResultKey>
  </artifact>
  <artifact>
   <id>1343500</id>
   <label>NuGet Package</label>
   <sharedArtifact>true</sharedArtifact>
   <globallyStored>false</globallyStored>
   <type>com.atlassian.bamboo.plugin.artifact.handler.local:ServerLocalArtifactHandler</type>
   <size>23530</size>
   <planResultKey>SW-MAS-29</planResultKey>
  </artifact>
  <artifact>
   <id>1343501</id>
   <label>NuGet Package</label>
   <sharedArtifact>true</sharedArtifact>
   <globallyStored>false</globallyStored>
   <type>com.atlassian.bamboo.plugin.artifact.handler.local:ServerLocalArtifactHandler</type>
   <size>23530</size>
   <planResultKey>SW-MAS-30</planResultKey>
  </artifact>
  <artifact>
   <id>1343502</id>
   <label>NuGet Package</label>
   <sharedArtifact>true</sharedArtifact>
   <globallyStored>false</globallyStored>
   <type>com.atlassian.bamboo.plugin.artifact.handler.local:ServerLocalArtifactHandler</type>
   <size>23530</size>
   <planResultKey>SW-MAS-31</planResultKey>
  </artifact>
  <artifact>
   <id>1343503</id>
   <label>NuGet Package</label>
   <sharedArtifact>true</sharedArtifact>
   <globallyStored>false</globallyStored>
   <type>com.atlassian.bamboo.plugin.artifact.handler.local:ServerLocalArtifactHandler</type>
   <size>23530</size>
   <planResultKey>SW-MAS-32</planResultKey>
  </artifact>
  <artifact>
   <id>1343504</id>
   <label>NuGet Package</label>
   <sharedArtifact>true</sharedArtifact>
   <globallyStored>false</globallyStored>
   <type>com.atlassian.bamboo.plugin.artifact.handler.local:ServerLocalArtifactHandler</type>
   <size>23532</size>
   <planResultKey>SW-MAS-33</planResultKey>
  </artifact>
  <artifact>
   <id>1343505</id>
   <label>NuGet Package</label>
   <sharedArtifact>true</sharedArtifact>
   <globallyStored>false</globallyStored>
   <type>com.atlassian.bamboo.plugin.artifact.handler.local:ServerLocalArtifactHandler</type>
   <size>23529</size>
   <planResultKey>SW-MAS-34</planResultKey>
  </artifact>
  <artifact>
   <id>1343506</id>
   <label>NuGet Package</label>
   <sharedArtifact>true</sharedArtifact>
   <globallyStored>false</globallyStored>
   <type>com.atlassian.bamboo.plugin.artifact.handler.local:ServerLocalArtifactHandler</type>
   <size>23528</size>
   <planResultKey>SW-MAS-35</planResultKey>
  </artifact>
  <artifact>
   <id>1343507</id>
   <label>NuGet Package</label>
   <sharedArtifact>true</sharedArtifact>
   <globallyStored>false</globallyStored>
   <type>com.atlassian.bamboo.plugin.artifact.handler.local:ServerLocalArtifactHandler</type>
   <size>23526</size>
   <planResultKey>SW-MAS-36</planResultKey>
  </artifact>
  <artifact>
   <id>1343508</id>
   <label>NuGet Package</label>
   <sharedArtifact>true</sharedArtifact>
   <globallyStored>false</globallyStored>
   <type>com.atlassian.bamboo.plugin.artifact.handler.local:ServerLocalArtifactHandler</type>
   <size>23526</size>
   <planResultKey>SW-MAS-37</planResultKey>
  </artifact>
  <artifact>
   <id>1343509</id>
   <label>NuGet Package</label>
   <sharedArtifact>true</sharedArtifact>
   <globallyStored>false</globallyStored>
   <type>com.atlassian.bamboo.plugin.artifact.handler.local:ServerLocalArtifactHandler</type>
   <size>23526</size>
   <planResultKey>SW-MAS-38</planResultKey>
  </artifact>
  <artifact>
   <id>1343510</id>
   <label>NuGet Package</label>
   <sharedArtifact>true</sharedArtifact>
   <globallyStored>false</globallyStored>
   <type>com.atlassian.bamboo.plugin.artifact.handler.local:ServerLocalArtifactHandler</type>
   <size>23526</size>
   <planResultKey>SW-MAS-39</planResultKey>
  </artifact>
  <artifact>
   <id>1343511</id>
   <label>NuGet Package</label>
   <sharedArtifact>true</sharedArtifact>
   <globallyStored>false</globallyStored>
   <type>com.atlassian.bamboo.plugin.artifact.handler.local:ServerLocalArtifactHandler</type>
   <size>23526</size>
   <planResultKey>SW-MAS-40</planResultKey>
  </artifact>
  <artifact>
   <id>1343513</id>
   <label>NuGet Package</label>
   <sharedArtifact>true</sharedArtifact>
   <globallyStored>false</globallyStored>
   <type>com.atlassian.bamboo.plugin.artifact.handler.local:ServerLocalArtifactHandler</type>
   <size>23526</size>
   <planResultKey>SW-MAS-41</planResultKey>
  </artifact>
  <artifact>
   <id>1343514</id>
   <label>NuGet Package</label>
   <sharedArtifact>true</sharedArtifact>
   <globallyStored>false</globallyStored>
   <type>com.atlassian.bamboo.plugin.artifact.handler.local:ServerLocalArtifactHandler</type>
   <size>23526</size>
   <planResultKey>SW-MAS-42</planResultKey>
  </artifact>
  <artifact>
   <id>1343515</id>
   <label>NuGet Package</label>
   <sharedArtifact>true</sharedArtifact>
   <globallyStored>false</globallyStored>
   <type>com.atlassian.bamboo.plugin.artifact.handler.local:ServerLocalArtifactHandler</type>
   <size>23526</size>
   <planResultKey>SW-MAS-43</planResultKey>
  </artifact>
  <artifact>
   <id>1343516</id>
   <label>NuGet Package</label>
   <sharedArtifact>true</sharedArtifact>
   <globallyStored>false</globallyStored>
   <type>com.atlassian.bamboo.plugin.artifact.handler.local:ServerLocalArtifactHandler</type>
   <size>23526</size>
   <planResultKey>SW-MAS-44</planResultKey>
  </artifact>
  <artifact>
   <id>1343517</id>
   <label>NuGet Package</label>
   <sharedArtifact>true</sharedArtifact>
   <globallyStored>false</globallyStored>
   <type>com.atlassian.bamboo.plugin.artifact.handler.local:ServerLocalArtifactHandler</type>
   <size>23526</size>
   <planResultKey>SW-MAS-45</planResultKey>
  </artifact>
  <artifact>
   <id>1343518</id>
   <label>NuGet Package</label>
   <sharedArtifact>true</sharedArtifact>
   <globallyStored>false</globallyStored>
   <type>com.atlassian.bamboo.plugin.artifact.handler.local:ServerLocalArtifactHandler</type>
   <size>23526</size>
   <planResultKey>SW-MAS-46</planResultKey>
  </artifact>
  <artifact>
   <id>1343519</id>
   <label>NuGet Package</label>
   <sharedArtifact>true</sharedArtifact>
   <globallyStored>false</globallyStored>
   <type>com.atlassian.bamboo.plugin.artifact.handler.local:ServerLocalArtifactHandler</type>
   <size>23526</size>
   <planResultKey>SW-MAS-47</planResultKey>
  </artifact>
  <artifact>
   <id>1343520</id>
   <label>NuGet Package</label>
   <sharedArtifact>true</sharedArtifact>
   <globallyStored>false</globallyStored>
   <type>com.atlassian.bamboo.plugin.artifact.handler.local:ServerLocalArtifactHandler</type>
   <size>23526</size>
   <planResultKey>SW-MAS-48</planResultKey>
  </artifact>
  <artifact>
   <id>1343521</id>
   <label>NuGet Package</label>
   <sharedArtifact>true</sharedArtifact>
   <globallyStored>false</globallyStored>
   <type>com.atlassian.bamboo.plugin.artifact.handler.local:ServerLocalArtifactHandler</type>
   <size>23527</size>
   <planResultKey>SW-MAS-49</planResultKey>
  </artifact>
  <artifact>
   <id>2555905</id>
   <label>NuGet Package</label>
   <sharedArtifact>true</sharedArtifact>
   <globallyStored>false</globallyStored>
   <type>com.atlassian.bamboo.plugin.artifact.handler.local:ServerLocalArtifactHandler</type>
   <size>23525</size>
   <planResultKey>SW-MAS-50</planResultKey>
  </artifact>
  <artifact>
   <id>2555906</id>
   <label>NuGet Package</label>
   <sharedArtifact>true</sharedArtifact>
   <globallyStored>false</globallyStored>
   <type>com.atlassian.bamboo.plugin.artifact.handler.local:ServerLocalArtifactHandler</type>
   <size>23525</size>
   <planResultKey>SW-MAS-51</planResultKey>
  </artifact>
  <artifact>
   <id>2555907</id>
   <label>NuGet Package</label>
   <sharedArtifact>true</sharedArtifact>
   <globallyStored>false</globallyStored>
   <type>com.atlassian.bamboo.plugin.artifact.handler.local:ServerLocalArtifactHandler</type>
   <size>23525</size>
   <planResultKey>SW-MAS-52</planResultKey>
  </artifact>
  <artifact>
   <id>2555908</id>
   <label>NuGet Package</label>
   <sharedArtifact>true</sharedArtifact>
   <globallyStored>false</globallyStored>
   <type>com.atlassian.bamboo.plugin.artifact.handler.local:ServerLocalArtifactHandler</type>
   <size>23522</size>
   <planResultKey>SW-MAS-53</planResultKey>
  </artifact>
  <artifact>
   <id>2555909</id>
   <label>NuGet Package</label>
   <sharedArtifact>true</sharedArtifact>
   <globallyStored>false</globallyStored>
   <type>com.atlassian.bamboo.plugin.artifact.handler.local:ServerLocalArtifactHandler</type>
   <size>23528</size>
   <planResultKey>SW-MAS-54</planResultKey>
  </artifact>
  <artifact>
   <id>2818049</id>
   <label>NuGet Package</label>
   <sharedArtifact>true</sharedArtifact>
   <globallyStored>false</globallyStored>
   <type>com.atlassian.bamboo.plugin.artifact.handler.local:ServerLocalArtifactHandler</type>
   <size>23521</size>
   <planResultKey>SW-MAS-55</planResultKey>
  </artifact>
  <artifact>
   <id>2818050</id>
   <label>NuGet Package</label>
   <sharedArtifact>true</sharedArtifact>
   <globallyStored>false</globallyStored>
   <type>com.atlassian.bamboo.plugin.artifact.handler.local:ServerLocalArtifactHandler</type>
   <size>23524</size>
   <planResultKey>SW-MAS-56</planResultKey>
  </artifact>
  <artifact>
   <id>2818051</id>
   <label>NuGet Package</label>
   <sharedArtifact>true</sharedArtifact>
   <globallyStored>false</globallyStored>
   <type>com.atlassian.bamboo.plugin.artifact.handler.local:ServerLocalArtifactHandler</type>
   <size>23520</size>
   <planResultKey>SW-MAS-57</planResultKey>
  </artifact>
  <artifact>
   <id>2818052</id>
   <label>NuGet Package</label>
   <sharedArtifact>true</sharedArtifact>
   <globallyStored>false</globallyStored>
   <type>com.atlassian.bamboo.plugin.artifact.handler.local:ServerLocalArtifactHandler</type>
   <size>23528</size>
   <planResultKey>SW-MAS-58</planResultKey>
  </artifact>
  <artifact>
   <id>2818053</id>
   <label>NuGet Package</label>
   <sharedArtifact>true</sharedArtifact>
   <globallyStored>false</globallyStored>
   <type>com.atlassian.bamboo.plugin.artifact.handler.local:ServerLocalArtifactHandler</type>
   <size>23524</size>
   <planResultKey>SW-MAS-59</planResultKey>
  </artifact>
  <artifact>
   <id>2818054</id>
   <label>NuGet Package</label>
   <sharedArtifact>true</sharedArtifact>
   <globallyStored>false</globallyStored>
   <type>com.atlassian.bamboo.plugin.artifact.handler.local:ServerLocalArtifactHandler</type>
   <size>23522</size>
   <planResultKey>SW-MAS-60</planResultKey>
  </artifact>
  <artifact>
   <id>2818055</id>
   <label>NuGet Package</label>
   <sharedArtifact>true</sharedArtifact>
   <globallyStored>false</globallyStored>
   <type>com.atlassian.bamboo.plugin.artifact.handler.local:ServerLocalArtifactHandler</type>
   <size>23520</size>
   <planResultKey>SW-MAS-61</planResultKey>
  </artifact>
  <artifact>
   <id>2818056</id>
   <label>NuGet Package</label>
   <sharedArtifact>true</sharedArtifact>
   <globallyStored>false</globallyStored>
   <type>com.atlassian.bamboo.plugin.artifact.handler.local:ServerLocalArtifactHandler</type>
   <size>23520</size>
   <planResultKey>SW-MAS-62</planResultKey>
  </artifact>
  <artifact>
   <id>2818057</id>
   <label>NuGet Package</label>
   <sharedArtifact>true</sharedArtifact>
   <globallyStored>false</globallyStored>
   <type>com.atlassian.bamboo.plugin.artifact.handler.local:ServerLocalArtifactHandler</type>
   <size>23522</size>
   <planResultKey>SW-MAS-63</planResultKey>
  </artifact>
  <artifact>
   <id>2818058</id>
   <label>NuGet Package</label>
   <sharedArtifact>true</sharedArtifact>
   <globallyStored>false</globallyStored>
   <type>com.atlassian.bamboo.plugin.artifact.handler.local:ServerLocalArtifactHandler</type>
   <size>23526</size>
   <planResultKey>SW-MAS-64</planResultKey>
  </artifact>
  <artifact>
   <id>2818059</id>
   <label>NuGet Package</label>
   <sharedArtifact>true</sharedArtifact>
   <globallyStored>false</globallyStored>
   <type>com.atlassian.bamboo.plugin.artifact.handler.local:ServerLocalArtifactHandler</type>
   <size>23523</size>
   <planResultKey>SW-MAS-65</planResultKey>
  </artifact>
  <artifact>
   <id>2818060</id>
   <label>NuGet Package</label>
   <sharedArtifact>true</sharedArtifact>
   <globallyStored>false</globallyStored>
   <type>com.atlassian.bamboo.plugin.artifact.handler.local:ServerLocalArtifactHandler</type>
   <size>23524</size>
   <planResultKey>SW-MAS-66</planResultKey>
  </artifact>
  <artifact>
   <id>2818061</id>
   <label>NuGet Package</label>
   <sharedArtifact>true</sharedArtifact>
   <globallyStored>false</globallyStored>
   <type>com.atlassian.bamboo.plugin.artifact.handler.local:ServerLocalArtifactHandler</type>
   <size>23526</size>
   <planResultKey>SW-MAS-67</planResultKey>
  </artifact>
  <artifact>
   <id>2818062</id>
   <label>NuGet Package</label>
   <sharedArtifact>true</sharedArtifact>
   <globallyStored>false</globallyStored>
   <type>com.atlassian.bamboo.plugin.artifact.handler.local:ServerLocalArtifactHandler</type>
   <size>23525</size>
   <planResultKey>SW-MAS-68</planResultKey>
  </artifact>
  <artifact>
   <id>2818063</id>
   <label>Selkie Dlls</label>
   <sharedArtifact>true</sharedArtifact>
   <globallyStored>false</globallyStored>
   <type>com.atlassian.bamboo.plugin.artifact.handler.local:ServerLocalArtifactHandler</type>
   <size>58789</size>
   <planResultKey>SW-MAS-68</planResultKey>
  </artifact>
  <artifact>
   <id>2818064</id>
   <label>NuGet Package</label>
   <sharedArtifact>true</sharedArtifact>
   <globallyStored>false</globallyStored>
   <type>com.atlassian.bamboo.plugin.artifact.handler.local:ServerLocalArtifactHandler</type>
   <size>23521</size>
   <planResultKey>SW-MAS-69</planResultKey>
  </artifact>
  <artifact>
   <id>2818065</id>
   <label>Selkie Dlls</label>
   <sharedArtifact>true</sharedArtifact>
   <globallyStored>false</globallyStored>
   <type>com.atlassian.bamboo.plugin.artifact.handler.local:ServerLocalArtifactHandler</type>
   <size>58789</size>
   <planResultKey>SW-MAS-69</planResultKey>
  </artifact>
  <artifact>
   <id>2818066</id>
   <label>NuGet Package</label>
   <sharedArtifact>true</sharedArtifact>
   <globallyStored>false</globallyStored>
   <type>com.atlassian.bamboo.plugin.artifact.handler.local:ServerLocalArtifactHandler</type>
   <size>23524</size>
   <planResultKey>SW-MAS-70</planResultKey>
  </artifact>
  <artifact>
   <id>2818067</id>
   <label>Selkie Dlls</label>
   <sharedArtifact>true</sharedArtifact>
   <globallyStored>false</globallyStored>
   <type>com.atlassian.bamboo.plugin.artifact.handler.local:ServerLocalArtifactHandler</type>
   <size>58789</size>
   <planResultKey>SW-MAS-70</planResultKey>
  </artifact>
  <artifact>
   <id>2818068</id>
   <label>NuGet Package</label>
   <sharedArtifact>true</sharedArtifact>
   <globallyStored>false</globallyStored>
   <type>com.atlassian.bamboo.plugin.artifact.handler.local:ServerLocalArtifactHandler</type>
   <size>23523</size>
   <planResultKey>SW-MAS-71</planResultKey>
  </artifact>
  <artifact>
   <id>2818069</id>
   <label>Selkie Dlls</label>
   <sharedArtifact>true</sharedArtifact>
   <globallyStored>false</globallyStored>
   <type>com.atlassian.bamboo.plugin.artifact.handler.local:ServerLocalArtifactHandler</type>
   <size>4225065</size>
   <planResultKey>SW-MAS-71</planResultKey>
  </artifact>
  <artifact>
   <id>2818070</id>
   <label>NuGet Package</label>
   <sharedArtifact>true</sharedArtifact>
   <globallyStored>false</globallyStored>
   <type>com.atlassian.bamboo.plugin.artifact.handler.local:ServerLocalArtifactHandler</type>
   <size>23523</size>
   <planResultKey>SW-MAS-72</planResultKey>
  </artifact>
  <artifact>
   <id>2818071</id>
   <label>Selkie Dlls</label>
   <sharedArtifact>true</sharedArtifact>
   <globallyStored>false</globallyStored>
   <type>com.atlassian.bamboo.plugin.artifact.handler.local:ServerLocalArtifactHandler</type>
   <size>4225065</size>
   <planResultKey>SW-MAS-72</planResultKey>
  </artifact>
  <artifact>
   <id>2818072</id>
   <label>NuGet Package</label>
   <sharedArtifact>true</sharedArtifact>
   <globallyStored>false</globallyStored>
   <type>com.atlassian.bamboo.plugin.artifact.handler.local:ServerLocalArtifactHandler</type>
   <size>23526</size>
   <planResultKey>SW-MAS-73</planResultKey>
  </artifact>
  <artifact>
   <id>2818073</id>
   <label>Selkie Dlls</label>
   <sharedArtifact>true</sharedArtifact>
   <globallyStored>false</globallyStored>
   <type>com.atlassian.bamboo.plugin.artifact.handler.local:ServerLocalArtifactHandler</type>
   <size>4225065</size>
   <planResultKey>SW-MAS-73</planResultKey>
  </artifact>
  <artifact>
   <id>2818074</id>
   <label>NuGet Package</label>
   <sharedArtifact>true</sharedArtifact>
   <globallyStored>false</globallyStored>
   <type>com.atlassian.bamboo.plugin.artifact.handler.local:ServerLocalArtifactHandler</type>
   <size>23524</size>
   <planResultKey>SW-MAS-74</planResultKey>
  </artifact>
  <artifact>
   <id>2818075</id>
   <label>Selkie Dlls</label>
   <sharedArtifact>true</sharedArtifact>
   <globallyStored>false</globallyStored>
   <type>com.atlassian.bamboo.plugin.artifact.handler.local:ServerLocalArtifactHandler</type>
   <size>4225065</size>
   <planResultKey>SW-MAS-74</planResultKey>
  </artifact>
  <artifact>
   <id>2818076</id>
   <label>NuGet Package</label>
   <sharedArtifact>true</sharedArtifact>
   <globallyStored>false</globallyStored>
   <type>com.atlassian.bamboo.plugin.artifact.handler.local:ServerLocalArtifactHandler</type>
   <size>23524</size>
   <planResultKey>SW-MAS-75</planResultKey>
  </artifact>
  <artifact>
   <id>2818077</id>
   <label>Selkie Dlls</label>
   <sharedArtifact>true</sharedArtifact>
   <globallyStored>false</globallyStored>
   <type>com.atlassian.bamboo.plugin.artifact.handler.local:ServerLocalArtifactHandler</type>
   <size>4225065</size>
   <planResultKey>SW-MAS-75</planResultKey>
  </artifact>
  <artifact>
   <id>2818078</id>
   <label>NuGet Package</label>
   <sharedArtifact>false</sharedArtifact>
   <globallyStored>false</globallyStored>
   <type>com.atlassian.bamboo.plugin.artifact.handler.local:ServerLocalArtifactHandler</type>
   <size>15375</size>
   <planResultKey>SW-MAS-GRB-75</planResultKey>
  </artifact>
  <artifact>
   <id>2818079</id>
   <label>NuGet Package</label>
   <sharedArtifact>true</sharedArtifact>
   <globallyStored>false</globallyStored>
   <type>com.atlassian.bamboo.plugin.artifact.handler.local:ServerLocalArtifactHandler</type>
   <size>23524</size>
   <planResultKey>SW-MAS-76</planResultKey>
  </artifact>
  <artifact>
   <id>2818080</id>
   <label>Selkie Dlls</label>
   <sharedArtifact>true</sharedArtifact>
   <globallyStored>false</globallyStored>
   <type>com.atlassian.bamboo.plugin.artifact.handler.local:ServerLocalArtifactHandler</type>
   <size>4225065</size>
   <planResultKey>SW-MAS-76</planResultKey>
  </artifact>
  <artifact>
   <id>2818081</id>
   <label>NuGet Package</label>
   <sharedArtifact>false</sharedArtifact>
   <globallyStored>false</globallyStored>
   <type>com.atlassian.bamboo.plugin.artifact.handler.local:ServerLocalArtifactHandler</type>
   <size>22909</size>
   <planResultKey>SW-MAS-GRB-76</planResultKey>
  </artifact>
  <artifact>
   <id>2818082</id>
   <label>NuGet Package</label>
   <sharedArtifact>true</sharedArtifact>
   <globallyStored>false</globallyStored>
   <type>com.atlassian.bamboo.plugin.artifact.handler.local:ServerLocalArtifactHandler</type>
   <size>23530</size>
   <planResultKey>SW-MAS-77</planResultKey>
  </artifact>
  <artifact>
   <id>2818083</id>
   <label>Selkie Dlls</label>
   <sharedArtifact>true</sharedArtifact>
   <globallyStored>false</globallyStored>
   <type>com.atlassian.bamboo.plugin.artifact.handler.local:ServerLocalArtifactHandler</type>
   <size>4225065</size>
   <planResultKey>SW-MAS-77</planResultKey>
  </artifact>
  <artifact>
   <id>2818084</id>
   <label>NuGet Package</label>
   <sharedArtifact>false</sharedArtifact>
   <globallyStored>false</globallyStored>
   <type>com.atlassian.bamboo.plugin.artifact.handler.local:ServerLocalArtifactHandler</type>
   <size>22908</size>
   <planResultKey>SW-MAS-GRB-77</planResultKey>
  </artifact>
  <artifact>
   <id>2818087</id>
   <label>NuGet Package</label>
   <sharedArtifact>true</sharedArtifact>
   <globallyStored>false</globallyStored>
   <type>com.atlassian.bamboo.plugin.artifact.handler.local:ServerLocalArtifactHandler</type>
   <size>22907</size>
   <planResultKey>SW-MAS-78</planResultKey>
  </artifact>
  <artifact>
   <id>2818088</id>
   <label>NuGet Package</label>
   <sharedArtifact>true</sharedArtifact>
   <globallyStored>false</globallyStored>
   <type>com.atlassian.bamboo.plugin.artifact.handler.local:ServerLocalArtifactHandler</type>
   <size>22907</size>
   <planResultKey>SW-MAS-79</planResultKey>
  </artifact>
  <artifact>
   <id>2818089</id>
   <label>NuGet Package</label>
   <sharedArtifact>true</sharedArtifact>
   <globallyStored>false</globallyStored>
   <type>com.atlassian.bamboo.plugin.artifact.handler.local:ServerLocalArtifactHandler</type>
   <size>22588</size>
   <planResultKey>SW-MAS-80</planResultKey>
  </artifact>
  <artifact>
   <id>2818090</id>
   <label>NuGet Package</label>
   <sharedArtifact>true</sharedArtifact>
   <globallyStored>false</globallyStored>
   <type>com.atlassian.bamboo.plugin.artifact.handler.local:ServerLocalArtifactHandler</type>
   <size>22586</size>
   <planResultKey>SW-MAS-81</planResultKey>
  </artifact>
  <artifact>
   <id>2818091</id>
   <label>NuGet Package</label>
   <sharedArtifact>true</sharedArtifact>
   <globallyStored>false</globallyStored>
   <type>com.atlassian.bamboo.plugin.artifact.handler.local:ServerLocalArtifactHandler</type>
   <size>21809</size>
   <planResultKey>SW-MAS-84</planResultKey>
  </artifact>
  <artifact>
   <id>2818092</id>
   <label>NuGet Package</label>
   <sharedArtifact>true</sharedArtifact>
   <globallyStored>false</globallyStored>
   <type>com.atlassian.bamboo.plugin.artifact.handler.local:ServerLocalArtifactHandler</type>
   <size>21806</size>
   <planResultKey>SW-MAS-85</planResultKey>
  </artifact>
  <artifact>
   <id>2818093</id>
   <label>NuGet Package</label>
   <sharedArtifact>true</sharedArtifact>
   <globallyStored>false</globallyStored>
   <type>com.atlassian.bamboo.plugin.artifact.handler.local:ServerLocalArtifactHandler</type>
   <size>21807</size>
   <planResultKey>SW-MAS-86</planResultKey>
  </artifact>
  <artifact>
   <id>2818094</id>
   <label>NuGet Package</label>
   <sharedArtifact>true</sharedArtifact>
   <globallyStored>false</globallyStored>
   <type>com.atlassian.bamboo.plugin.artifact.handler.local:ServerLocalArtifactHandler</type>
   <size>21810</size>
   <planResultKey>SW-MAS-87</planResultKey>
  </artifact>
  <artifact>
   <id>2818095</id>
   <label>NuGet Package</label>
   <sharedArtifact>true</sharedArtifact>
   <globallyStored>false</globallyStored>
   <type>com.atlassian.bamboo.plugin.artifact.handler.local:ServerLocalArtifactHandler</type>
   <size>21809</size>
   <planResultKey>SW-MAS-88</planResultKey>
  </artifact>
  <artifact>
   <id>2818096</id>
   <label>NuGet Package</label>
   <sharedArtifact>true</sharedArtifact>
   <globallyStored>false</globallyStored>
   <type>com.atlassian.bamboo.plugin.artifact.handler.local:ServerLocalArtifactHandler</type>
   <size>21808</size>
   <planResultKey>SW-MAS-89</planResultKey>
  </artifact>
  <artifact>
   <id>2818097</id>
   <label>NuGet Package</label>
   <sharedArtifact>true</sharedArtifact>
   <globallyStored>false</globallyStored>
   <type>com.atlassian.bamboo.plugin.artifact.handler.local:ServerLocalArtifactHandler</type>
   <size>21809</size>
   <planResultKey>SW-MAS-90</planResultKey>
  </artifact>
  <artifact>
   <id>2818098</id>
   <label>Scripts</label>
   <sharedArtifact>true</sharedArtifact>
   <globallyStored>false</globallyStored>
   <type>com.atlassian.bamboo.plugin.artifact.handler.local:ServerLocalArtifactHandler</type>
   <size>23478</size>
   <planResultKey>SW-MAS-90</planResultKey>
  </artifact>
  <artifact>
   <id>2818099</id>
   <label>NuGet Package</label>
   <sharedArtifact>true</sharedArtifact>
   <globallyStored>false</globallyStored>
   <type>com.atlassian.bamboo.plugin.artifact.handler.local:ServerLocalArtifactHandler</type>
   <size>21807</size>
   <planResultKey>SW-MAS-91</planResultKey>
  </artifact>
  <artifact>
   <id>2818100</id>
   <label>Scripts</label>
   <sharedArtifact>true</sharedArtifact>
   <globallyStored>false</globallyStored>
   <type>com.atlassian.bamboo.plugin.artifact.handler.local:ServerLocalArtifactHandler</type>
   <size>23478</size>
   <planResultKey>SW-MAS-91</planResultKey>
  </artifact>
  <artifact>
   <id>2818101</id>
   <label>NuGet Package</label>
   <sharedArtifact>true</sharedArtifact>
   <globallyStored>false</globallyStored>
   <type>com.atlassian.bamboo.plugin.artifact.handler.local:ServerLocalArtifactHandler</type>
   <size>21809</size>
   <planResultKey>SW-MAS-92</planResultKey>
  </artifact>
  <artifact>
   <id>2818102</id>
   <label>Scripts</label>
   <sharedArtifact>true</sharedArtifact>
   <globallyStored>false</globallyStored>
   <type>com.atlassian.bamboo.plugin.artifact.handler.local:ServerLocalArtifactHandler</type>
   <size>23478</size>
   <planResultKey>SW-MAS-92</planResultKey>
  </artifact>
  <artifact>
   <id>2818103</id>
   <label>NuGet Package</label>
   <sharedArtifact>true</sharedArtifact>
   <globallyStored>false</globallyStored>
   <type>com.atlassian.bamboo.plugin.artifact.handler.local:ServerLocalArtifactHandler</type>
   <size>21808</size>
   <planResultKey>SW-MAS-93</planResultKey>
  </artifact>
  <artifact>
   <id>2818104</id>
   <label>Scripts</label>
   <sharedArtifact>true</sharedArtifact>
   <globallyStored>false</globallyStored>
   <type>com.atlassian.bamboo.plugin.artifact.handler.local:ServerLocalArtifactHandler</type>
   <size>23478</size>
   <planResultKey>SW-MAS-93</planResultKey>
  </artifact>
  <artifact>
   <id>2818105</id>
   <label>NuGet Package</label>
   <sharedArtifact>true</sharedArtifact>
   <globallyStored>false</globallyStored>
   <type>com.atlassian.bamboo.plugin.artifact.handler.local:ServerLocalArtifactHandler</type>
   <size>14589</size>
   <planResultKey>SW-MAS0-3</planResultKey>
  </artifact>
  <artifact>
   <id>2818106</id>
   <label>Scripts</label>
   <sharedArtifact>true</sharedArtifact>
   <globallyStored>false</globallyStored>
   <type>com.atlassian.bamboo.plugin.artifact.handler.local:ServerLocalArtifactHandler</type>
   <size>23478</size>
   <planResultKey>SW-MAS0-3</planResultKey>
  </artifact>
  <artifact>
   <id>2818107</id>
   <label>NuGet Package</label>
   <sharedArtifact>true</sharedArtifact>
   <globallyStored>false</globallyStored>
   <type>com.atlassian.bamboo.plugin.artifact.handler.local:ServerLocalArtifactHandler</type>
   <size>14592</size>
   <planResultKey>SW-MAS0-4</planResultKey>
  </artifact>
  <artifact>
   <id>2818108</id>
   <label>Scripts</label>
   <sharedArtifact>true</sharedArtifact>
   <globallyStored>false</globallyStored>
   <type>com.atlassian.bamboo.plugin.artifact.handler.local:ServerLocalArtifactHandler</type>
   <size>22220</size>
   <planResultKey>SW-MAS0-4</planResultKey>
  </artifact>
  <artifact>
   <id>2818109</id>
   <label>NuGet Package</label>
   <sharedArtifact>true</sharedArtifact>
   <globallyStored>false</globallyStored>
   <type>com.atlassian.bamboo.plugin.artifact.handler.local:ServerLocalArtifactHandler</type>
   <size>21806</size>
   <planResultKey>SW-MAS-94</planResultKey>
  </artifact>
  <artifact>
   <id>2818110</id>
   <label>Scripts</label>
   <sharedArtifact>true</sharedArtifact>
   <globallyStored>false</globallyStored>
   <type>com.atlassian.bamboo.plugin.artifact.handler.local:ServerLocalArtifactHandler</type>
   <size>22220</size>
   <planResultKey>SW-MAS-94</planResultKey>
  </artifact>
  <artifact>
   <id>2818111</id>
   <label>NuGet Package</label>
   <sharedArtifact>true</sharedArtifact>
   <globallyStored>false</globallyStored>
   <type>com.atlassian.bamboo.plugin.artifact.handler.local:ServerLocalArtifactHandler</type>
   <size>14593</size>
   <planResultKey>SW-MAS-99</planResultKey>
  </artifact>
  <artifact>
   <id>2818112</id>
   <label>NuGet Package</label>
   <sharedArtifact>true</sharedArtifact>
   <globallyStored>false</globallyStored>
   <type>com.atlassian.bamboo.plugin.artifact.handler.local:ServerLocalArtifactHandler</type>
   <size>14591</size>
   <planResultKey>SW-MAS-100</planResultKey>
  </artifact>
  <artifact>
   <id>2818113</id>
   <label>Scripts</label>
   <sharedArtifact>true</sharedArtifact>
   <globallyStored>false</globallyStored>
   <type>com.atlassian.bamboo.plugin.artifact.handler.local:ServerLocalArtifactHandler</type>
   <size>22052</size>
   <planResultKey>SW-MAS-100</planResultKey>
  </artifact>
  <artifact>
   <id>4030465</id>
   <label>NuGet Package</label>
   <sharedArtifact>true</sharedArtifact>
   <globallyStored>false</globallyStored>
   <type>com.atlassian.bamboo.plugin.artifact.handler.local:ServerLocalArtifactHandler</type>
   <size>16281</size>
   <planResultKey>SW-MAS-101</planResultKey>
  </artifact>
  <artifact>
   <id>4030466</id>
   <label>Scripts</label>
   <sharedArtifact>true</sharedArtifact>
   <globallyStored>false</globallyStored>
   <type>com.atlassian.bamboo.plugin.artifact.handler.local:ServerLocalArtifactHandler</type>
   <size>22052</size>
   <planResultKey>SW-MAS-101</planResultKey>
  </artifact>
  <artifact>
   <id>4030467</id>
   <label>NuGet Package</label>
   <sharedArtifact>true</sharedArtifact>
   <globallyStored>false</globallyStored>
   <type>com.atlassian.bamboo.plugin.artifact.handler.local:ServerLocalArtifactHandler</type>
   <size>16305</size>
   <planResultKey>SW-MAS-102</planResultKey>
  </artifact>
  <artifact>
   <id>4030468</id>
   <label>Scripts</label>
   <sharedArtifact>true</sharedArtifact>
   <globallyStored>false</globallyStored>
   <type>com.atlassian.bamboo.plugin.artifact.handler.local:ServerLocalArtifactHandler</type>
   <size>22052</size>
   <planResultKey>SW-MAS-102</planResultKey>
  </artifact>
  <artifact>
   <id>4030469</id>
   <label>NuGet Package</label>
   <sharedArtifact>true</sharedArtifact>
   <globallyStored>false</globallyStored>
   <type>com.atlassian.bamboo.plugin.artifact.handler.local:ServerLocalArtifactHandler</type>
   <size>16291</size>
   <planResultKey>SW-MAS-103</planResultKey>
  </artifact>
  <artifact>
   <id>4030470</id>
   <label>Scripts</label>
   <sharedArtifact>true</sharedArtifact>
   <globallyStored>false</globallyStored>
   <type>com.atlassian.bamboo.plugin.artifact.handler.local:ServerLocalArtifactHandler</type>
   <size>22052</size>
   <planResultKey>SW-MAS-103</planResultKey>
  </artifact>
  <artifact>
   <id>4030471</id>
   <label>NuGet Package</label>
   <sharedArtifact>true</sharedArtifact>
   <globallyStored>false</globallyStored>
   <type>com.atlassian.bamboo.plugin.artifact.handler.local:ServerLocalArtifactHandler</type>
   <size>16404</size>
   <planResultKey>SW-MAS-104</planResultKey>
  </artifact>
  <artifact>
   <id>4030472</id>
   <label>Scripts</label>
   <sharedArtifact>true</sharedArtifact>
   <globallyStored>false</globallyStored>
   <type>com.atlassian.bamboo.plugin.artifact.handler.local:ServerLocalArtifactHandler</type>
   <size>22052</size>
   <planResultKey>SW-MAS-104</planResultKey>
  </artifact>
  <artifact>
   <id>4030473</id>
   <label>NuGet Package</label>
   <sharedArtifact>true</sharedArtifact>
   <globallyStored>false</globallyStored>
   <type>com.atlassian.bamboo.plugin.artifact.handler.local:ServerLocalArtifactHandler</type>
   <size>16404</size>
   <planResultKey>SW-MAS-105</planResultKey>
  </artifact>
  <artifact>
   <id>4030474</id>
   <label>Scripts</label>
   <sharedArtifact>true</sharedArtifact>
   <globallyStored>false</globallyStored>
   <type>com.atlassian.bamboo.plugin.artifact.handler.local:ServerLocalArtifactHandler</type>
   <size>22052</size>
   <planResultKey>SW-MAS-105</planResultKey>
  </artifact>
  <artifact>
   <id>4030475</id>
   <label>NuGet Package</label>
   <sharedArtifact>true</sharedArtifact>
   <globallyStored>false</globallyStored>
   <type>com.atlassian.bamboo.plugin.artifact.handler.local:ServerLocalArtifactHandler</type>
   <size>16404</size>
   <planResultKey>SW-MAS-106</planResultKey>
  </artifact>
  <artifact>
   <id>4030476</id>
   <label>Scripts</label>
   <sharedArtifact>true</sharedArtifact>
   <globallyStored>false</globallyStored>
   <type>com.atlassian.bamboo.plugin.artifact.handler.local:ServerLocalArtifactHandler</type>
   <size>22052</size>
   <planResultKey>SW-MAS-106</planResultKey>
  </artifact>
  <artifact>
   <id>4030477</id>
   <label>NuGet Package</label>
   <sharedArtifact>true</sharedArtifact>
   <globallyStored>false</globallyStored>
   <type>com.atlassian.bamboo.plugin.artifact.handler.local:ServerLocalArtifactHandler</type>
   <size>16405</size>
   <planResultKey>SW-MAS-107</planResultKey>
  </artifact>
  <artifact>
   <id>4030478</id>
   <label>Scripts</label>
   <sharedArtifact>true</sharedArtifact>
   <globallyStored>false</globallyStored>
   <type>com.atlassian.bamboo.plugin.artifact.handler.local:ServerLocalArtifactHandler</type>
   <size>22052</size>
   <planResultKey>SW-MAS-107</planResultKey>
  </artifact>
  <artifact>
   <id>4030479</id>
   <label>NuGet Package</label>
   <sharedArtifact>true</sharedArtifact>
   <globallyStored>false</globallyStored>
   <type>com.atlassian.bamboo.plugin.artifact.handler.local:ServerLocalArtifactHandler</type>
   <size>16293</size>
   <planResultKey>SW-MAS-108</planResultKey>
  </artifact>
  <artifact>
   <id>4030480</id>
   <label>Scripts</label>
   <sharedArtifact>true</sharedArtifact>
   <globallyStored>false</globallyStored>
   <type>com.atlassian.bamboo.plugin.artifact.handler.local:ServerLocalArtifactHandler</type>
   <size>22052</size>
   <planResultKey>SW-MAS-108</planResultKey>
  </artifact>
  <artifact>
   <id>4816897</id>
   <label>NuGet Package</label>
   <sharedArtifact>true</sharedArtifact>
   <globallyStored>false</globallyStored>
   <type>com.atlassian.bamboo.plugin.artifact.handler.local:ServerLocalArtifactHandler</type>
   <size>16293</size>
   <planResultKey>SW-MAS-124</planResultKey>
  </artifact>
  <artifact>
   <id>4816898</id>
   <label>Scripts</label>
   <sharedArtifact>true</sharedArtifact>
   <globallyStored>false</globallyStored>
   <type>com.atlassian.bamboo.plugin.artifact.handler.local:ServerLocalArtifactHandler</type>
   <size>22052</size>
   <planResultKey>SW-MAS-124</planResultKey>
  </artifact>
  <artifact>
   <id>4816899</id>
   <label>NuGet Package</label>
   <sharedArtifact>true</sharedArtifact>
   <globallyStored>false</globallyStored>
   <type>com.atlassian.bamboo.plugin.artifact.handler.local:ServerLocalArtifactHandler</type>
   <size>16290</size>
   <planResultKey>SW-MAS-125</planResultKey>
  </artifact>
  <artifact>
   <id>4816900</id>
   <label>Scripts</label>
   <sharedArtifact>true</sharedArtifact>
   <globallyStored>false</globallyStored>
   <type>com.atlassian.bamboo.plugin.artifact.handler.local:ServerLocalArtifactHandler</type>
   <size>22052</size>
   <planResultKey>SW-MAS-125</planResultKey>
  </artifact>
  <artifact>
   <id>4816901</id>
   <label>NuGet Package</label>
   <sharedArtifact>true</sharedArtifact>
   <globallyStored>false</globallyStored>
   <type>com.atlassian.bamboo.plugin.artifact.handler.local:ServerLocalArtifactHandler</type>
   <size>16289</size>
   <planResultKey>SW-MAS-126</planResultKey>
  </artifact>
  <artifact>
   <id>4816902</id>
   <label>Scripts</label>
   <sharedArtifact>true</sharedArtifact>
   <globallyStored>false</globallyStored>
   <type>com.atlassian.bamboo.plugin.artifact.handler.local:ServerLocalArtifactHandler</type>
   <size>22052</size>
   <planResultKey>SW-MAS-126</planResultKey>
  </artifact>
  <artifact>
   <id>4816903</id>
   <label>NuGet Package</label>
   <sharedArtifact>true</sharedArtifact>
   <globallyStored>false</globallyStored>
   <type>com.atlassian.bamboo.plugin.artifact.handler.local:ServerLocalArtifactHandler</type>
   <size>16287</size>
   <planResultKey>SW-MAS-127</planResultKey>
  </artifact>
  <artifact>
   <id>4816904</id>
   <label>Scripts</label>
   <sharedArtifact>true</sharedArtifact>
   <globallyStored>false</globallyStored>
   <type>com.atlassian.bamboo.plugin.artifact.handler.local:ServerLocalArtifactHandler</type>
   <size>22052</size>
   <planResultKey>SW-MAS-127</planResultKey>
  </artifact>
  <artifact>
   <id>4816905</id>
   <label>NuGet Package</label>
   <sharedArtifact>true</sharedArtifact>
   <globallyStored>false</globallyStored>
   <type>com.atlassian.bamboo.plugin.artifact.handler.local:ServerLocalArtifactHandler</type>
   <size>16406</size>
   <planResultKey>SW-MAS-128</planResultKey>
  </artifact>
  <artifact>
   <id>4816906</id>
   <label>Scripts</label>
   <sharedArtifact>true</sharedArtifact>
   <globallyStored>false</globallyStored>
   <type>com.atlassian.bamboo.plugin.artifact.handler.local:ServerLocalArtifactHandler</type>
   <size>22052</size>
   <planResultKey>SW-MAS-128</planResultKey>
  </artifact>
  <artifact>
   <id>4816909</id>
   <label>NuGet Package</label>
   <sharedArtifact>true</sharedArtifact>
   <globallyStored>false</globallyStored>
   <type>com.atlassian.bamboo.plugin.artifact.handler.local:ServerLocalArtifactHandler</type>
   <size>16293</size>
   <planResultKey>SW-MAS-129</planResultKey>
  </artifact>
  <artifact>
   <id>4816910</id>
   <label>Scripts</label>
   <sharedArtifact>true</sharedArtifact>
   <globallyStored>false</globallyStored>
   <type>com.atlassian.bamboo.plugin.artifact.handler.local:ServerLocalArtifactHandler</type>
   <size>22052</size>
   <planResultKey>SW-MAS-129</planResultKey>
  </artifact>
  <artifact>
   <id>4816911</id>
   <label>NuGet Package</label>
   <sharedArtifact>true</sharedArtifact>
   <globallyStored>false</globallyStored>
   <type>com.atlassian.bamboo.plugin.artifact.handler.local:ServerLocalArtifactHandler</type>
   <size>16406</size>
   <planResultKey>SW-MAS-130</planResultKey>
  </artifact>
  <artifact>
   <id>4816912</id>
   <label>Scripts</label>
   <sharedArtifact>true</sharedArtifact>
   <globallyStored>false</globallyStored>
   <type>com.atlassian.bamboo.plugin.artifact.handler.local:ServerLocalArtifactHandler</type>
   <size>22052</size>
   <planResultKey>SW-MAS-130</planResultKey>
  </artifact>
  <artifact>
   <id>5767169</id>
   <label>Scripts</label>
   <sharedArtifact>true</sharedArtifact>
   <globallyStored>false</globallyStored>
   <type>com.atlassian.bamboo.plugin.artifact.handler.local:ServerLocalArtifactHandler</type>
   <size>22052</size>
   <planResultKey>SC-MAS-22</planResultKey>
  </artifact>
  <artifact>
   <id>5767170</id>
   <label>Scripts</label>
   <sharedArtifact>true</sharedArtifact>
   <globallyStored>false</globallyStored>
   <type>com.atlassian.bamboo.plugin.artifact.handler.local:ServerLocalArtifactHandler</type>
   <size>22052</size>
   <planResultKey>SC-MAS-23</planResultKey>
  </artifact>
  <artifact>
   <id>5767171</id>
   <label>NuGet.Selkie.Common</label>
   <sharedArtifact>false</sharedArtifact>
   <globallyStored>false</globallyStored>
   <type>com.atlassian.bamboo.plugin.artifact.handler.local:ServerLocalArtifactHandler</type>
   <size>8914</size>
   <planResultKey>SC-MAS-GRB-23</planResultKey>
  </artifact>
  <artifact>
   <id>5767172</id>
   <label>Scripts</label>
   <sharedArtifact>true</sharedArtifact>
   <globallyStored>false</globallyStored>
   <type>com.atlassian.bamboo.plugin.artifact.handler.local:ServerLocalArtifactHandler</type>
   <size>22052</size>
   <planResultKey>SC-MAS-25</planResultKey>
  </artifact>
  <artifact>
   <id>5767173</id>
   <label>NuGet.Selkie.Common</label>
   <sharedArtifact>false</sharedArtifact>
   <globallyStored>false</globallyStored>
   <type>com.atlassian.bamboo.plugin.artifact.handler.local:ServerLocalArtifactHandler</type>
   <size>8913</size>
   <planResultKey>SC-MAS-GRB-25</planResultKey>
  </artifact>
  <artifact>
   <id>5767174</id>
   <label>Scripts</label>
   <sharedArtifact>true</sharedArtifact>
   <globallyStored>false</globallyStored>
   <type>com.atlassian.bamboo.plugin.artifact.handler.local:ServerLocalArtifactHandler</type>
   <size>22052</size>
   <planResultKey>SC-MAS-26</planResultKey>
  </artifact>
  <artifact>
   <id>5767175</id>
   <label>NuGet.Selkie.Common</label>
   <sharedArtifact>true</sharedArtifact>
   <globallyStored>false</globallyStored>
   <type>com.atlassian.bamboo.plugin.artifact.handler.local:ServerLocalArtifactHandler</type>
   <size>8914</size>
   <planResultKey>SC-MAS-26</planResultKey>
  </artifact>
  <artifact>
   <id>5767176</id>
   <label>NuGet.Selkie.Windsor</label>
   <sharedArtifact>true</sharedArtifact>
   <globallyStored>false</globallyStored>
   <type>com.atlassian.bamboo.plugin.artifact.handler.local:ServerLocalArtifactHandler</type>
   <size>16291</size>
   <planResultKey>SW-MAS-131</planResultKey>
  </artifact>
  <artifact>
   <id>5767177</id>
   <label>Scripts</label>
   <sharedArtifact>true</sharedArtifact>
   <globallyStored>false</globallyStored>
   <type>com.atlassian.bamboo.plugin.artifact.handler.local:ServerLocalArtifactHandler</type>
   <size>22052</size>
   <planResultKey>SW-MAS-131</planResultKey>
  </artifact>
  <artifact>
   <id>5767178</id>
   <label>Scripts</label>
   <sharedArtifact>true</sharedArtifact>
   <globallyStored>false</globallyStored>
   <type>com.atlassian.bamboo.plugin.artifact.handler.local:ServerLocalArtifactHandler</type>
   <size>22052</size>
   <planResultKey>SC-MAS-28</planResultKey>
  </artifact>
  <artifact>
   <id>5767179</id>
   <label>NuGet.Selkie.Common</label>
   <sharedArtifact>true</sharedArtifact>
   <globallyStored>false</globallyStored>
   <type>com.atlassian.bamboo.plugin.artifact.handler.local:ServerLocalArtifactHandler</type>
   <size>8915</size>
   <planResultKey>SC-MAS-28</planResultKey>
  </artifact>
  <artifact>
   <id>5767180</id>
   <label>Scripts</label>
   <sharedArtifact>true</sharedArtifact>
   <globallyStored>false</globallyStored>
   <type>com.atlassian.bamboo.plugin.artifact.handler.local:ServerLocalArtifactHandler</type>
   <size>22052</size>
   <planResultKey>SC-MAS-29</planResultKey>
  </artifact>
  <artifact>
   <id>5767181</id>
   <label>NuGet.Selkie.Common</label>
   <sharedArtifact>true</sharedArtifact>
   <globallyStored>false</globallyStored>
   <type>com.atlassian.bamboo.plugin.artifact.handler.local:ServerLocalArtifactHandler</type>
   <size>8915</size>
   <planResultKey>SC-MAS-29</planResultKey>
  </artifact>
  <artifact>
   <id>5767182</id>
   <label>Scripts</label>
   <sharedArtifact>true</sharedArtifact>
   <globallyStored>false</globallyStored>
   <type>com.atlassian.bamboo.plugin.artifact.handler.local:ServerLocalArtifactHandler</type>
   <size>22052</size>
   <planResultKey>SC-MAS-30</planResultKey>
  </artifact>
  <artifact>
   <id>5767183</id>
   <label>NuGet.Selkie.Common</label>
   <sharedArtifact>true</sharedArtifact>
   <globallyStored>false</globallyStored>
   <type>com.atlassian.bamboo.plugin.artifact.handler.local:ServerLocalArtifactHandler</type>
   <size>8914</size>
   <planResultKey>SC-MAS-30</planResultKey>
  </artifact>
  <artifact>
   <id>5767184</id>
   <label>NuGet.Selkie.Windsor</label>
   <sharedArtifact>true</sharedArtifact>
   <globallyStored>false</globallyStored>
   <type>com.atlassian.bamboo.plugin.artifact.handler.local:ServerLocalArtifactHandler</type>
   <size>16291</size>
   <planResultKey>SW-MAS-132</planResultKey>
  </artifact>
  <artifact>
   <id>5767185</id>
   <label>Scripts</label>
   <sharedArtifact>true</sharedArtifact>
   <globallyStored>false</globallyStored>
   <type>com.atlassian.bamboo.plugin.artifact.handler.local:ServerLocalArtifactHandler</type>
   <size>22052</size>
   <planResultKey>SW-MAS-132</planResultKey>
  </artifact>
  <artifact>
   <id>5767186</id>
   <label>NuGet.Selkie.Windsor</label>
   <sharedArtifact>true</sharedArtifact>
   <globallyStored>false</globallyStored>
   <type>com.atlassian.bamboo.plugin.artifact.handler.local:ServerLocalArtifactHandler</type>
   <size>16293</size>
   <planResultKey>SW-MAS-133</planResultKey>
  </artifact>
  <artifact>
   <id>5767187</id>
   <label>Scripts</label>
   <sharedArtifact>true</sharedArtifact>
   <globallyStored>false</globallyStored>
   <type>com.atlassian.bamboo.plugin.artifact.handler.local:ServerLocalArtifactHandler</type>
   <size>22052</size>
   <planResultKey>SW-MAS-133</planResultKey>
  </artifact>
  <artifact>
   <id>5767188</id>
   <label>Scripts</label>
   <sharedArtifact>true</sharedArtifact>
   <globallyStored>false</globallyStored>
   <type>com.atlassian.bamboo.plugin.artifact.handler.local:ServerLocalArtifactHandler</type>
   <size>22052</size>
   <planResultKey>SC-MAS-31</planResultKey>
  </artifact>
  <artifact>
   <id>5767189</id>
   <label>NuGet.Selkie.Common</label>
   <sharedArtifact>true</sharedArtifact>
   <globallyStored>false</globallyStored>
   <type>com.atlassian.bamboo.plugin.artifact.handler.local:ServerLocalArtifactHandler</type>
   <size>8912</size>
   <planResultKey>SC-MAS-31</planResultKey>
  </artifact>
  <artifact>
   <id>5767190</id>
   <label>NuGet.Selkie.Windsor</label>
   <sharedArtifact>true</sharedArtifact>
   <globallyStored>false</globallyStored>
   <type>com.atlassian.bamboo.plugin.artifact.handler.local:ServerLocalArtifactHandler</type>
   <size>16289</size>
   <planResultKey>SW-MAS-134</planResultKey>
  </artifact>
  <artifact>
   <id>5767191</id>
   <label>Scripts</label>
   <sharedArtifact>true</sharedArtifact>
   <globallyStored>false</globallyStored>
   <type>com.atlassian.bamboo.plugin.artifact.handler.local:ServerLocalArtifactHandler</type>
   <size>22052</size>
   <planResultKey>SW-MAS-134</planResultKey>
  </artifact>
  <artifact>
   <id>5767192</id>
   <label>Scripts</label>
   <sharedArtifact>true</sharedArtifact>
   <globallyStored>false</globallyStored>
   <type>com.atlassian.bamboo.plugin.artifact.handler.local:ServerLocalArtifactHandler</type>
   <size>22052</size>
   <planResultKey>SC-MAS-32</planResultKey>
  </artifact>
  <artifact>
   <id>5767193</id>
   <label>NuGet.Selkie.Common</label>
   <sharedArtifact>true</sharedArtifact>
   <globallyStored>false</globallyStored>
   <type>com.atlassian.bamboo.plugin.artifact.handler.local:ServerLocalArtifactHandler</type>
   <size>8913</size>
   <planResultKey>SC-MAS-32</planResultKey>
  </artifact>
 </artifacts>
</bamboo>