<?xml version='1.1' encoding='UTF-8' standalone='yes'?>
<bamboo>
 <date>Mon Mar 02 16:48:47 AEDT 2015</date>
 <version>5.7.2</version>
 <buildDate>02-Dec-2014</buildDate>
 <build>5716</build>
 <serverID>BG3Y-XJ99-GC6Z-FPP1</serverID>
 <artifactDefinitions>
  <definition>
   <id>3112965</id>
   <name>NuGet.Selkie.Windsor</name>
   <location>NuGet.Selkie.Windsor</location>
   <copyPattern>Selkie.*.nupkg</copyPattern>
   <sharedArtifact>true</sharedArtifact>
   <producerJob>SW-MAS-GRB</producerJob>
  </definition>
  <definition>
   <id>3112968</id>
   <name>Scripts</name>
   <location>Scripts</location>
   <copyPattern>*.ps1</copyPattern>
   <sharedArtifact>true</sharedArtifact>
   <producerJob>SW-MAS-GRB</producerJob>
  </definition>
  <definition>
   <id>5275653</id>
   <name>Scripts</name>
   <location>Scripts</location>
   <copyPattern>*.ps1</copyPattern>
   <sharedArtifact>true</sharedArtifact>
   <producerJob>SC-MAS-GRB</producerJob>
  </definition>
  <definition>
   <id>5865473</id>
   <name>NuGet.Selkie.Common</name>
   <location>NuGet.Selkie.Common</location>
   <copyPattern>Selkie.*.nupkg</copyPattern>
   <sharedArtifact>true</sharedArtifact>
   <producerJob>SC-MAS-GRB</producerJob>
  </definition>
 </artifactDefinitions>
</bamboo>