<?xml version='1.1' encoding='UTF-8' standalone='yes'?>
<bamboo>
 <date>Mon Mar 02 16:48:47 AEDT 2015</date>
 <version>5.7.2</version>
 <buildDate>02-Dec-2014</buildDate>
 <build>5716</build>
 <serverID>BG3Y-XJ99-GC6Z-FPP1</serverID>
 <deploymentProjects>
  <project>
   <properties>
    <id>1835009</id>
    <name>Selkie Windsor Deploy Master</name>
    <description>Deploy Master To Local NuGet Server</description>
    <planKey>SW-MAS</planKey>
   </properties>
   <deploymentProjectItems>
    <item type="BAM_ARTIFACT">
     <id>3145730</id>
     <name>NuGet Package</name>
     <artifactDefinitionId>3112965</artifactDefinitionId>
    </item>
    <item type="BAM_ARTIFACT">
     <id>3145732</id>
     <name>Scripts</name>
     <artifactDefinitionId>3112968</artifactDefinitionId>
    </item>
   </deploymentProjectItems>
   <versionNamingScheme>
    <id>1933313</id>
    <nextVersionName>${bamboo.majorVersionNumber}.${bamboo.minorVersionNumber}.${bamboo.buildNumber}</nextVersionName>
    <autoIncrement>false</autoIncrement>
   </versionNamingScheme>
   <environments>
    <environment>
     <properties>
      <id>1966081</id>
      <name>Development</name>
      <configurationState>TASKED</configurationState>
      <position>0</position>
      <tasks><![CDATA[<?xml version="1.0" encoding="UTF-8" standalone="no"?>
<configuration xml:space="preserve">
  <taskDefinition>
    <id>1</id>
    <userDescription/>
    <isEnabled>true</isEnabled>
    <pluginKey>com.atlassian.bamboo.plugins.bamboo-artifact-downloader-plugin:cleanWorkingDirectoryTask</pluginKey>
    <finalising>false</finalising>
    <rootDirectoryType>DEFAULT</rootDirectoryType>
    <repositoryDefiningWorkingDir>-1</repositoryDefiningWorkingDir>
  </taskDefinition>
  <taskDefinition>
    <id>2</id>
    <userDescription>Download NuGet Package</userDescription>
    <isEnabled>true</isEnabled>
    <pluginKey>com.atlassian.bamboo.plugins.bamboo-artifact-downloader-plugin:artifactdownloadertask</pluginKey>
    <finalising>false</finalising>
    <rootDirectoryType>DEFAULT</rootDirectoryType>
    <repositoryDefiningWorkingDir>-1</repositoryDefiningWorkingDir>
    <config>
      <item>
        <key>artifactName_0</key>
        <value>NuGet.Selkie.Windsor</value>
      </item>
      <item>
        <key>artifactName_1</key>
        <value>Scripts</value>
      </item>
      <item>
        <key>artifactId_1</key>
        <value>3112968</value>
      </item>
      <item>
        <key>artifactId_0</key>
        <value>3112965</value>
      </item>
      <item>
        <key>sourcePlanKey</key>
        <value>SW-MAS</value>
      </item>
      <item>
        <key>localPath_1</key>
        <value>Scripts</value>
      </item>
      <item>
        <key>localPath_0</key>
        <value/>
      </item>
    </config>
  </taskDefinition>
  <taskDefinition>
    <id>3</id>
    <userDescription>Copy NuGet Package To LocalNuGetServer</userDescription>
    <isEnabled>true</isEnabled>
    <pluginKey>com.atlassian.bamboo.plugins.scripttask:task.builder.script</pluginKey>
    <finalising>false</finalising>
    <rootDirectoryType>DEFAULT</rootDirectoryType>
    <repositoryDefiningWorkingDir>-1</repositoryDefiningWorkingDir>
    <config>
      <item>
        <key>argument</key>
        <value>*Windsor* .\ ${bamboo.packagesFolderLocalNuGetServer}</value>
      </item>
      <item>
        <key>scriptLocation</key>
        <value>FILE</value>
      </item>
      <item>
        <key>environmentVariables</key>
        <value/>
      </item>
      <item>
        <key>runWithPowershell</key>
        <value>true</value>
      </item>
      <item>
        <key>scriptBody</key>
        <value/>
      </item>
      <item>
        <key>script</key>
        <value>Scripts/Copy-NuGetPackage.ps1</value>
      </item>
      <item>
        <key>workingSubDirectory</key>
        <value/>
      </item>
    </config>
  </taskDefinition>
  <bambooDelimiterParsingDisabled>true</bambooDelimiterParsingDisabled>
</configuration>
]]></tasks>
      <triggers><![CDATA[<?xml version="1.0" encoding="UTF-8" standalone="no"?>
<configuration xml:space="preserve">
  
<buildStrategies>
    <defined>true</defined>
    <buildStrategy>
      <id>1</id>
      <key>afterSuccessfulPlan</key>
      <name>Trigger after successfull build plan</name>
      <config>
        <item>
          <key>deployment.trigger.afterSuccessfulPlan.triggeringBranch</key>
          <value>SW-MAS</value>
        </item>
        <item>
          <key>bambooDelimiterParsingDisabled</key>
          <value>true</value>
        </item>
        <item>
          <key>custom.triggerrCondition.plansGreen.enabled</key>
          <value>false</value>
        </item>
        <item>
          <key>deployment.trigger.afterSuccessfulPlan.triggeringPlan</key>
          <value>SW-MAS</value>
        </item>
        <item>
          <key>deployment.trigger.afterSuccessfulPlan.branchSelectionMode</key>
          <value>INHERITED</value>
        </item>
      </config>
    </buildStrategy>
  </buildStrategies>
  <bambooDelimiterParsingDisabled>true</bambooDelimiterParsingDisabled>
</configuration>
]]></triggers>
     </properties>
     <requirementSet>
      <id>1081347</id>
     </requirementSet>
     <notificationSet>
      <id>1441795</id>
     </notificationSet>
    </environment>
   </environments>
  </project>
  <project>
   <properties>
    <id>5898241</id>
    <name>Selkie.Common Master Release</name>
    <planKey>SC-MAS</planKey>
   </properties>
   <deploymentProjectItems>
    <item type="BAM_ARTIFACT">
     <id>5931009</id>
     <name>Scripts</name>
     <artifactDefinitionId>5275653</artifactDefinitionId>
    </item>
    <item type="BAM_ARTIFACT">
     <id>5931012</id>
     <name>NuGet.Selkie.Common</name>
     <artifactDefinitionId>5865473</artifactDefinitionId>
    </item>
   </deploymentProjectItems>
   <versionNamingScheme>
    <id>6029313</id>
    <nextVersionName>release-1</nextVersionName>
    <autoIncrement>true</autoIncrement>
   </versionNamingScheme>
  </project>
  <project>
   <properties>
    <id>5898242</id>
    <name>Selkie Common Master Release</name>
    <planKey>SC-MAS</planKey>
   </properties>
   <deploymentProjectItems>
    <item type="BAM_ARTIFACT">
     <id>5931010</id>
     <name>Scripts</name>
     <artifactDefinitionId>5275653</artifactDefinitionId>
    </item>
    <item type="BAM_ARTIFACT">
     <id>5931011</id>
     <name>NuGet.Selkie.Common</name>
     <artifactDefinitionId>5865473</artifactDefinitionId>
    </item>
   </deploymentProjectItems>
   <versionNamingScheme>
    <id>6029314</id>
    <nextVersionName>${bamboo.majorVersionNumber}.${bamboo.minorVersionNumber}.${bamboo.buildNumber}</nextVersionName>
    <autoIncrement>false</autoIncrement>
   </versionNamingScheme>
   <environments>
    <environment>
     <properties>
      <id>6062081</id>
      <name>Development</name>
      <configurationState>TASKED</configurationState>
      <position>0</position>
      <tasks><![CDATA[<?xml version="1.0" encoding="UTF-8" standalone="no"?>
<configuration xml:space="preserve">
  <taskDefinition>
    <id>1</id>
    <userDescription/>
    <isEnabled>true</isEnabled>
    <pluginKey>com.atlassian.bamboo.plugins.bamboo-artifact-downloader-plugin:cleanWorkingDirectoryTask</pluginKey>
    <finalising>false</finalising>
    <rootDirectoryType>DEFAULT</rootDirectoryType>
    <repositoryDefiningWorkingDir>-1</repositoryDefiningWorkingDir>
  </taskDefinition>
  <taskDefinition>
    <id>2</id>
    <userDescription>Download release contents</userDescription>
    <isEnabled>true</isEnabled>
    <pluginKey>com.atlassian.bamboo.plugins.bamboo-artifact-downloader-plugin:artifactdownloadertask</pluginKey>
    <finalising>false</finalising>
    <rootDirectoryType>DEFAULT</rootDirectoryType>
    <repositoryDefiningWorkingDir>-1</repositoryDefiningWorkingDir>
    <config>
      <item>
        <key>artifactName_0</key>
        <value>NuGet.Selkie.Common</value>
      </item>
      <item>
        <key>artifactName_1</key>
        <value>Scripts</value>
      </item>
      <item>
        <key>artifactId_1</key>
        <value>5275653</value>
      </item>
      <item>
        <key>artifactId_0</key>
        <value>5865473</value>
      </item>
      <item>
        <key>sourcePlanKey</key>
        <value>SC-MAS</value>
      </item>
      <item>
        <key>localPath_1</key>
        <value>Scripts</value>
      </item>
      <item>
        <key>localPath_0</key>
        <value/>
      </item>
    </config>
  </taskDefinition>
  <taskDefinition>
    <id>3</id>
    <userDescription>Copy NuGet Package To LocalNuGetServer</userDescription>
    <isEnabled>true</isEnabled>
    <pluginKey>com.atlassian.bamboo.plugins.scripttask:task.builder.script</pluginKey>
    <finalising>false</finalising>
    <rootDirectoryType>DEFAULT</rootDirectoryType>
    <repositoryDefiningWorkingDir>-1</repositoryDefiningWorkingDir>
    <config>
      <item>
        <key>argument</key>
        <value>*Common* .\ ${bamboo.packagesFolderLocalNuGetServer}</value>
      </item>
      <item>
        <key>scriptLocation</key>
        <value>FILE</value>
      </item>
      <item>
        <key>environmentVariables</key>
        <value/>
      </item>
      <item>
        <key>runWithPowershell</key>
        <value>true</value>
      </item>
      <item>
        <key>scriptBody</key>
        <value/>
      </item>
      <item>
        <key>script</key>
        <value>Scripts\Copy-NuGetPackage.ps1</value>
      </item>
      <item>
        <key>workingSubDirectory</key>
        <value/>
      </item>
    </config>
  </taskDefinition>
  <bambooDelimiterParsingDisabled>true</bambooDelimiterParsingDisabled>
</configuration>
]]></tasks>
      <triggers><![CDATA[<?xml version="1.0" encoding="UTF-8" standalone="no"?>
<configuration xml:space="preserve">
  
<buildStrategies>
    <defined>true</defined>
    <buildStrategy>
      <id>1</id>
      <key>afterSuccessfulPlan</key>
      <name>After successgul build plan</name>
      <config>
        <item>
          <key>deployment.trigger.afterSuccessfulPlan.triggeringBranch</key>
          <value>SC-MAS</value>
        </item>
        <item>
          <key>bambooDelimiterParsingDisabled</key>
          <value>true</value>
        </item>
        <item>
          <key>custom.triggerrCondition.plansGreen.enabled</key>
          <value>false</value>
        </item>
        <item>
          <key>deployment.trigger.afterSuccessfulPlan.triggeringPlan</key>
          <value>SC-MAS</value>
        </item>
        <item>
          <key>deployment.trigger.afterSuccessfulPlan.branchSelectionMode</key>
          <value>INHERITED</value>
        </item>
      </config>
    </buildStrategy>
  </buildStrategies>
  <bambooDelimiterParsingDisabled>true</bambooDelimiterParsingDisabled>
</configuration>
]]></triggers>
     </properties>
     <requirementSet>
      <id>6094849</id>
     </requirementSet>
     <notificationSet>
      <id>6127617</id>
     </notificationSet>
    </environment>
   </environments>
  </project>
 </deploymentProjects>
</bamboo>