<?xml version='1.1' encoding='UTF-8' standalone='yes'?>
<bamboo>
 <date>Mon Mar 02 16:48:47 AEDT 2015</date>
 <version>5.7.2</version>
 <buildDate>02-Dec-2014</buildDate>
 <build>5716</build>
 <serverID>BG3Y-XJ99-GC6Z-FPP1</serverID>
 <labels>
  <label>
   <id>2293761</id>
   <creationDate>portable AD 2015-02-24 19:53:23.552 +1100</creationDate>
   <modificationDate>portable AD 2015-02-24 19:53:23.554 +1100</modificationDate>
   <name>:favourite</name>
   <namespace>thomas</namespace>
  </label>
 </labels>
</bamboo>