<?xml version='1.1' encoding='UTF-8' standalone='yes'?>
<bamboo>
 <date>Mon Mar 02 16:48:47 AEDT 2015</date>
 <version>5.7.2</version>
 <buildDate>02-Dec-2014</buildDate>
 <build>5716</build>
 <serverID>BG3Y-XJ99-GC6Z-FPP1</serverID>
 <planRepositories>
  <planRepository>
   <id>1703937</id>
   <plan>SW-MAS0</plan>
   <repositoryDefinition>1671169</repositoryDefinition>
   <position>0</position>
   <buildTrigger>false</buildTrigger>
  </planRepository>
  <planRepository>
   <id>3768321</id>
   <plan>SW-MAS</plan>
   <repositoryDefinition>3735554</repositoryDefinition>
   <position>0</position>
   <buildTrigger>false</buildTrigger>
  </planRepository>
  <planRepository>
   <id>3768322</id>
   <plan>SW-MAS</plan>
   <repositoryDefinition>3735555</repositoryDefinition>
   <position>1</position>
   <buildTrigger>false</buildTrigger>
  </planRepository>
  <planRepository>
   <id>4521985</id>
   <plan>SW-MAS</plan>
   <repositoryDefinition>4489217</repositoryDefinition>
   <position>2</position>
   <buildTrigger>false</buildTrigger>
  </planRepository>
  <planRepository>
   <id>5373957</id>
   <plan>SC-MAS</plan>
   <repositoryDefinition>5341191</repositoryDefinition>
   <position>0</position>
   <buildTrigger>false</buildTrigger>
  </planRepository>
  <planRepository>
   <id>5373959</id>
   <plan>SC-MAS</plan>
   <repositoryDefinition>5341189</repositoryDefinition>
   <position>2</position>
   <buildTrigger>false</buildTrigger>
  </planRepository>
  <planRepository>
   <id>5373960</id>
   <plan>SC-MAS</plan>
   <repositoryDefinition>5341192</repositoryDefinition>
   <position>1</position>
   <buildTrigger>false</buildTrigger>
  </planRepository>
  <planRepository>
   <id>6455297</id>
   <plan>SC-MAS</plan>
   <repositoryDefinition>6422529</repositoryDefinition>
   <position>3</position>
   <buildTrigger>false</buildTrigger>
  </planRepository>
 </planRepositories>
</bamboo>