<?xml version='1.1' encoding='UTF-8' standalone='yes'?>
<bamboo>
 <date>Mon Mar 02 16:48:47 AEDT 2015</date>
 <version>5.7.2</version>
 <buildDate>02-Dec-2014</buildDate>
 <build>5716</build>
 <serverID>BG3Y-XJ99-GC6Z-FPP1</serverID>
 <planVcsHistory>
  <vcsHistoryItem>
   <id>1310728</id>
   <planKey>SW-MAS0</planKey>
   <buildNumber>0</buildNumber>
   <revisionKey>e8e8777466f0e7d1357cc126f3d539caec83d701</revisionKey>
   <repositoryId>1671169</repositoryId>
   <customXmlData><![CDATA[]]></customXmlData>
  </vcsHistoryItem>
  <vcsHistoryItem>
   <id>1310729</id>
   <planKey>SW-MAS0</planKey>
   <buildNumber>1</buildNumber>
   <revisionKey>e8e8777466f0e7d1357cc126f3d539caec83d701</revisionKey>
   <repositoryId>1671169</repositoryId>
   <customXmlData><![CDATA[]]></customXmlData>
  </vcsHistoryItem>
  <vcsHistoryItem>
   <id>1310730</id>
   <planKey>SW-MAS0</planKey>
   <buildNumber>1</buildNumber>
   <revisionKey>90c93dfc7224fc4d76229945cb57b769a2740280</revisionKey>
   <repositoryId>327681</repositoryId>
   <customXmlData><![CDATA[]]></customXmlData>
  </vcsHistoryItem>
  <vcsHistoryItem>
   <id>1310731</id>
   <planKey>SW-MAS0</planKey>
   <buildNumber>2</buildNumber>
   <revisionKey>5324e53288997161a4f9236c862da2946317de8b</revisionKey>
   <repositoryId>1671169</repositoryId>
   <customXmlData><![CDATA[]]></customXmlData>
  </vcsHistoryItem>
  <vcsHistoryItem>
   <id>1310732</id>
   <planKey>SW-MAS0</planKey>
   <buildNumber>2</buildNumber>
   <revisionKey>90c93dfc7224fc4d76229945cb57b769a2740280</revisionKey>
   <repositoryId>327681</repositoryId>
   <customXmlData><![CDATA[]]></customXmlData>
  </vcsHistoryItem>
  <vcsHistoryItem>
   <id>2785311</id>
   <planKey>SW-MAS</planKey>
   <buildNumber>85</buildNumber>
   <revisionKey>aad00f9d01a68f4f7a41e2375d06ea8a11016d07</revisionKey>
   <repositoryId>327681</repositoryId>
   <customXmlData><![CDATA[]]></customXmlData>
  </vcsHistoryItem>
  <vcsHistoryItem>
   <id>2785312</id>
   <planKey>SW-MAS</planKey>
   <buildNumber>86</buildNumber>
   <revisionKey>aad00f9d01a68f4f7a41e2375d06ea8a11016d07</revisionKey>
   <repositoryId>327681</repositoryId>
   <customXmlData><![CDATA[]]></customXmlData>
  </vcsHistoryItem>
  <vcsHistoryItem>
   <id>2785313</id>
   <planKey>SW-MAS</planKey>
   <buildNumber>87</buildNumber>
   <revisionKey>aad00f9d01a68f4f7a41e2375d06ea8a11016d07</revisionKey>
   <repositoryId>327681</repositoryId>
   <customXmlData><![CDATA[]]></customXmlData>
  </vcsHistoryItem>
  <vcsHistoryItem>
   <id>2785314</id>
   <planKey>SW-MAS</planKey>
   <buildNumber>88</buildNumber>
   <revisionKey>9bc49eaf377573453d479c1705d7b23945585448</revisionKey>
   <repositoryId>327681</repositoryId>
   <customXmlData><![CDATA[]]></customXmlData>
  </vcsHistoryItem>
  <vcsHistoryItem>
   <id>2785315</id>
   <planKey>SW-MAS</planKey>
   <buildNumber>89</buildNumber>
   <revisionKey>9bc49eaf377573453d479c1705d7b23945585448</revisionKey>
   <repositoryId>327681</repositoryId>
   <customXmlData><![CDATA[]]></customXmlData>
  </vcsHistoryItem>
  <vcsHistoryItem>
   <id>2785316</id>
   <planKey>SW-MAS</planKey>
   <buildNumber>90</buildNumber>
   <revisionKey>9bc49eaf377573453d479c1705d7b23945585448</revisionKey>
   <repositoryId>327681</repositoryId>
   <customXmlData><![CDATA[]]></customXmlData>
  </vcsHistoryItem>
  <vcsHistoryItem>
   <id>2785317</id>
   <planKey>SW-MAS</planKey>
   <buildNumber>91</buildNumber>
   <revisionKey>9bc49eaf377573453d479c1705d7b23945585448</revisionKey>
   <repositoryId>327681</repositoryId>
   <customXmlData><![CDATA[]]></customXmlData>
  </vcsHistoryItem>
  <vcsHistoryItem>
   <id>2785318</id>
   <planKey>SW-MAS</planKey>
   <buildNumber>92</buildNumber>
   <revisionKey>9bc49eaf377573453d479c1705d7b23945585448</revisionKey>
   <repositoryId>327681</repositoryId>
   <customXmlData><![CDATA[]]></customXmlData>
  </vcsHistoryItem>
  <vcsHistoryItem>
   <id>2785319</id>
   <planKey>SW-MAS</planKey>
   <buildNumber>93</buildNumber>
   <revisionKey>9bc49eaf377573453d479c1705d7b23945585448</revisionKey>
   <repositoryId>327681</repositoryId>
   <customXmlData><![CDATA[]]></customXmlData>
  </vcsHistoryItem>
  <vcsHistoryItem>
   <id>2785320</id>
   <planKey>SW-MAS0</planKey>
   <buildNumber>3</buildNumber>
   <revisionKey>9bc49eaf377573453d479c1705d7b23945585448</revisionKey>
   <repositoryId>1671169</repositoryId>
   <customXmlData><![CDATA[]]></customXmlData>
  </vcsHistoryItem>
  <vcsHistoryItem>
   <id>2785321</id>
   <planKey>SW-MAS0</planKey>
   <buildNumber>3</buildNumber>
   <revisionKey>9bc49eaf377573453d479c1705d7b23945585448</revisionKey>
   <repositoryId>327681</repositoryId>
   <customXmlData><![CDATA[]]></customXmlData>
  </vcsHistoryItem>
  <vcsHistoryItem>
   <id>2785322</id>
   <planKey>SW-MAS0</planKey>
   <buildNumber>4</buildNumber>
   <revisionKey>3ba7d62ee9fb08f8497b0bbcedd2dfb8e3b04d0a</revisionKey>
   <repositoryId>1671169</repositoryId>
   <customXmlData><![CDATA[]]></customXmlData>
  </vcsHistoryItem>
  <vcsHistoryItem>
   <id>2785323</id>
   <planKey>SW-MAS0</planKey>
   <buildNumber>4</buildNumber>
   <revisionKey>9bc49eaf377573453d479c1705d7b23945585448</revisionKey>
   <repositoryId>327681</repositoryId>
   <customXmlData><![CDATA[]]></customXmlData>
  </vcsHistoryItem>
  <vcsHistoryItem>
   <id>2785324</id>
   <planKey>SW-MAS</planKey>
   <buildNumber>94</buildNumber>
   <revisionKey>3ba7d62ee9fb08f8497b0bbcedd2dfb8e3b04d0a</revisionKey>
   <repositoryId>327681</repositoryId>
   <customXmlData><![CDATA[]]></customXmlData>
  </vcsHistoryItem>
  <vcsHistoryItem>
   <id>4718657</id>
   <planKey>SC-MAS</planKey>
   <buildNumber>1</buildNumber>
   <revisionKey>8ae35e0ed8f115a1af51599da20a728db1ac8d7b</revisionKey>
   <repositoryId>5341190</repositoryId>
   <customXmlData><![CDATA[]]></customXmlData>
  </vcsHistoryItem>
  <vcsHistoryItem>
   <id>4718714</id>
   <planKey>SW-MAS</planKey>
   <buildNumber>130</buildNumber>
   <revisionKey>2a9ea7a5a3e392b6c595048bcc8a1f6a8420f414</revisionKey>
   <repositoryId>3735554</repositoryId>
   <customXmlData><![CDATA[]]></customXmlData>
  </vcsHistoryItem>
  <vcsHistoryItem>
   <id>4718715</id>
   <planKey>SW-MAS</planKey>
   <buildNumber>130</buildNumber>
   <revisionKey>8ae35e0ed8f115a1af51599da20a728db1ac8d7b</revisionKey>
   <repositoryId>3735555</repositoryId>
   <customXmlData><![CDATA[]]></customXmlData>
  </vcsHistoryItem>
  <vcsHistoryItem>
   <id>4718716</id>
   <planKey>SW-MAS</planKey>
   <buildNumber>130</buildNumber>
   <revisionKey>c6b8039c7039e923ab23b2bf404dc20eb7bb60fc</revisionKey>
   <repositoryId>4489217</repositoryId>
   <customXmlData><![CDATA[]]></customXmlData>
  </vcsHistoryItem>
  <vcsHistoryItem>
   <id>4718717</id>
   <planKey>SC-MAS</planKey>
   <buildNumber>19</buildNumber>
   <revisionKey>2a9ea7a5a3e392b6c595048bcc8a1f6a8420f414</revisionKey>
   <repositoryId>5341191</repositoryId>
   <customXmlData><![CDATA[]]></customXmlData>
  </vcsHistoryItem>
  <vcsHistoryItem>
   <id>4718718</id>
   <planKey>SC-MAS</planKey>
   <buildNumber>19</buildNumber>
   <revisionKey>a61c62f00ecaac2c003fd1aa21757a3c678d4c49</revisionKey>
   <repositoryId>5341192</repositoryId>
   <customXmlData><![CDATA[]]></customXmlData>
  </vcsHistoryItem>
  <vcsHistoryItem>
   <id>4718719</id>
   <planKey>SC-MAS</planKey>
   <buildNumber>19</buildNumber>
   <revisionKey>c6b8039c7039e923ab23b2bf404dc20eb7bb60fc</revisionKey>
   <repositoryId>5341189</repositoryId>
   <customXmlData><![CDATA[]]></customXmlData>
  </vcsHistoryItem>
  <vcsHistoryItem>
   <id>5701633</id>
   <planKey>SC-MAS</planKey>
   <buildNumber>20</buildNumber>
   <revisionKey>2a9ea7a5a3e392b6c595048bcc8a1f6a8420f414</revisionKey>
   <repositoryId>5341191</repositoryId>
   <customXmlData><![CDATA[]]></customXmlData>
  </vcsHistoryItem>
  <vcsHistoryItem>
   <id>5701634</id>
   <planKey>SC-MAS</planKey>
   <buildNumber>20</buildNumber>
   <revisionKey>a61c62f00ecaac2c003fd1aa21757a3c678d4c49</revisionKey>
   <repositoryId>5341192</repositoryId>
   <customXmlData><![CDATA[]]></customXmlData>
  </vcsHistoryItem>
  <vcsHistoryItem>
   <id>5701635</id>
   <planKey>SC-MAS</planKey>
   <buildNumber>20</buildNumber>
   <revisionKey>c6b8039c7039e923ab23b2bf404dc20eb7bb60fc</revisionKey>
   <repositoryId>5341189</repositoryId>
   <customXmlData><![CDATA[]]></customXmlData>
  </vcsHistoryItem>
  <vcsHistoryItem>
   <id>5701636</id>
   <planKey>SC-MAS</planKey>
   <buildNumber>21</buildNumber>
   <revisionKey>2a9ea7a5a3e392b6c595048bcc8a1f6a8420f414</revisionKey>
   <repositoryId>5341191</repositoryId>
   <customXmlData><![CDATA[]]></customXmlData>
  </vcsHistoryItem>
  <vcsHistoryItem>
   <id>5701637</id>
   <planKey>SC-MAS</planKey>
   <buildNumber>21</buildNumber>
   <revisionKey>42eb27c9b27530bc73fa0fd3dd54b21e2ea355f5</revisionKey>
   <repositoryId>5341192</repositoryId>
   <customXmlData><![CDATA[]]></customXmlData>
  </vcsHistoryItem>
  <vcsHistoryItem>
   <id>5701638</id>
   <planKey>SC-MAS</planKey>
   <buildNumber>21</buildNumber>
   <revisionKey>c6b8039c7039e923ab23b2bf404dc20eb7bb60fc</revisionKey>
   <repositoryId>5341189</repositoryId>
   <customXmlData><![CDATA[]]></customXmlData>
  </vcsHistoryItem>
  <vcsHistoryItem>
   <id>5701639</id>
   <planKey>SC-MAS</planKey>
   <buildNumber>22</buildNumber>
   <revisionKey>2a9ea7a5a3e392b6c595048bcc8a1f6a8420f414</revisionKey>
   <repositoryId>5341191</repositoryId>
   <customXmlData><![CDATA[]]></customXmlData>
  </vcsHistoryItem>
  <vcsHistoryItem>
   <id>5701640</id>
   <planKey>SC-MAS</planKey>
   <buildNumber>22</buildNumber>
   <revisionKey>5bdb92180ef4ca088bbacc5d77c97c018d7ad532</revisionKey>
   <repositoryId>5341192</repositoryId>
   <customXmlData><![CDATA[]]></customXmlData>
  </vcsHistoryItem>
  <vcsHistoryItem>
   <id>5701641</id>
   <planKey>SC-MAS</planKey>
   <buildNumber>22</buildNumber>
   <revisionKey>c6b8039c7039e923ab23b2bf404dc20eb7bb60fc</revisionKey>
   <repositoryId>5341189</repositoryId>
   <customXmlData><![CDATA[]]></customXmlData>
  </vcsHistoryItem>
  <vcsHistoryItem>
   <id>5701642</id>
   <planKey>SC-MAS</planKey>
   <buildNumber>23</buildNumber>
   <revisionKey>2a9ea7a5a3e392b6c595048bcc8a1f6a8420f414</revisionKey>
   <repositoryId>5341191</repositoryId>
   <customXmlData><![CDATA[]]></customXmlData>
  </vcsHistoryItem>
  <vcsHistoryItem>
   <id>5701643</id>
   <planKey>SC-MAS</planKey>
   <buildNumber>23</buildNumber>
   <revisionKey>5bdb92180ef4ca088bbacc5d77c97c018d7ad532</revisionKey>
   <repositoryId>5341192</repositoryId>
   <customXmlData><![CDATA[]]></customXmlData>
  </vcsHistoryItem>
  <vcsHistoryItem>
   <id>5701644</id>
   <planKey>SC-MAS</planKey>
   <buildNumber>23</buildNumber>
   <revisionKey>c6b8039c7039e923ab23b2bf404dc20eb7bb60fc</revisionKey>
   <repositoryId>5341189</repositoryId>
   <customXmlData><![CDATA[]]></customXmlData>
  </vcsHistoryItem>
  <vcsHistoryItem>
   <id>5701645</id>
   <planKey>SC-MAS</planKey>
   <buildNumber>24</buildNumber>
   <revisionKey>2a9ea7a5a3e392b6c595048bcc8a1f6a8420f414</revisionKey>
   <repositoryId>5341191</repositoryId>
   <customXmlData><![CDATA[]]></customXmlData>
  </vcsHistoryItem>
  <vcsHistoryItem>
   <id>5701646</id>
   <planKey>SC-MAS</planKey>
   <buildNumber>24</buildNumber>
   <revisionKey>763d62ee1312dd5eafe7c077212b45d6e41cf0b0</revisionKey>
   <repositoryId>5341192</repositoryId>
   <customXmlData><![CDATA[]]></customXmlData>
  </vcsHistoryItem>
  <vcsHistoryItem>
   <id>5701647</id>
   <planKey>SC-MAS</planKey>
   <buildNumber>24</buildNumber>
   <revisionKey>c6b8039c7039e923ab23b2bf404dc20eb7bb60fc</revisionKey>
   <repositoryId>5341189</repositoryId>
   <customXmlData><![CDATA[]]></customXmlData>
  </vcsHistoryItem>
  <vcsHistoryItem>
   <id>5701648</id>
   <planKey>SC-MAS</planKey>
   <buildNumber>25</buildNumber>
   <revisionKey>2a9ea7a5a3e392b6c595048bcc8a1f6a8420f414</revisionKey>
   <repositoryId>5341191</repositoryId>
   <customXmlData><![CDATA[]]></customXmlData>
  </vcsHistoryItem>
  <vcsHistoryItem>
   <id>5701649</id>
   <planKey>SC-MAS</planKey>
   <buildNumber>25</buildNumber>
   <revisionKey>763d62ee1312dd5eafe7c077212b45d6e41cf0b0</revisionKey>
   <repositoryId>5341192</repositoryId>
   <customXmlData><![CDATA[]]></customXmlData>
  </vcsHistoryItem>
  <vcsHistoryItem>
   <id>5701650</id>
   <planKey>SC-MAS</planKey>
   <buildNumber>25</buildNumber>
   <revisionKey>c6b8039c7039e923ab23b2bf404dc20eb7bb60fc</revisionKey>
   <repositoryId>5341189</repositoryId>
   <customXmlData><![CDATA[]]></customXmlData>
  </vcsHistoryItem>
  <vcsHistoryItem>
   <id>5701651</id>
   <planKey>SC-MAS</planKey>
   <buildNumber>26</buildNumber>
   <revisionKey>2a9ea7a5a3e392b6c595048bcc8a1f6a8420f414</revisionKey>
   <repositoryId>5341191</repositoryId>
   <customXmlData><![CDATA[]]></customXmlData>
  </vcsHistoryItem>
  <vcsHistoryItem>
   <id>5701652</id>
   <planKey>SC-MAS</planKey>
   <buildNumber>26</buildNumber>
   <revisionKey>763d62ee1312dd5eafe7c077212b45d6e41cf0b0</revisionKey>
   <repositoryId>5341192</repositoryId>
   <customXmlData><![CDATA[]]></customXmlData>
  </vcsHistoryItem>
  <vcsHistoryItem>
   <id>5701653</id>
   <planKey>SC-MAS</planKey>
   <buildNumber>26</buildNumber>
   <revisionKey>c6b8039c7039e923ab23b2bf404dc20eb7bb60fc</revisionKey>
   <repositoryId>5341189</repositoryId>
   <customXmlData><![CDATA[]]></customXmlData>
  </vcsHistoryItem>
  <vcsHistoryItem>
   <id>5701654</id>
   <planKey>SW-MAS</planKey>
   <buildNumber>131</buildNumber>
   <revisionKey>2a9ea7a5a3e392b6c595048bcc8a1f6a8420f414</revisionKey>
   <repositoryId>3735554</repositoryId>
   <customXmlData><![CDATA[]]></customXmlData>
  </vcsHistoryItem>
  <vcsHistoryItem>
   <id>5701655</id>
   <planKey>SW-MAS</planKey>
   <buildNumber>131</buildNumber>
   <revisionKey>8ae35e0ed8f115a1af51599da20a728db1ac8d7b</revisionKey>
   <repositoryId>3735555</repositoryId>
   <customXmlData><![CDATA[]]></customXmlData>
  </vcsHistoryItem>
  <vcsHistoryItem>
   <id>5701656</id>
   <planKey>SW-MAS</planKey>
   <buildNumber>131</buildNumber>
   <revisionKey>c6b8039c7039e923ab23b2bf404dc20eb7bb60fc</revisionKey>
   <repositoryId>4489217</repositoryId>
   <customXmlData><![CDATA[]]></customXmlData>
  </vcsHistoryItem>
  <vcsHistoryItem>
   <id>5701657</id>
   <planKey>SC-MAS</planKey>
   <buildNumber>27</buildNumber>
   <revisionKey>2a9ea7a5a3e392b6c595048bcc8a1f6a8420f414</revisionKey>
   <repositoryId>5341191</repositoryId>
   <customXmlData><![CDATA[]]></customXmlData>
  </vcsHistoryItem>
  <vcsHistoryItem>
   <id>5701658</id>
   <planKey>SC-MAS</planKey>
   <buildNumber>27</buildNumber>
   <revisionKey>763d62ee1312dd5eafe7c077212b45d6e41cf0b0</revisionKey>
   <repositoryId>5341192</repositoryId>
   <customXmlData><![CDATA[]]></customXmlData>
  </vcsHistoryItem>
  <vcsHistoryItem>
   <id>5701659</id>
   <planKey>SC-MAS</planKey>
   <buildNumber>27</buildNumber>
   <revisionKey>c6b8039c7039e923ab23b2bf404dc20eb7bb60fc</revisionKey>
   <repositoryId>5341189</repositoryId>
   <customXmlData><![CDATA[]]></customXmlData>
  </vcsHistoryItem>
  <vcsHistoryItem>
   <id>5701660</id>
   <planKey>SC-MAS</planKey>
   <buildNumber>28</buildNumber>
   <revisionKey>2a9ea7a5a3e392b6c595048bcc8a1f6a8420f414</revisionKey>
   <repositoryId>5341191</repositoryId>
   <customXmlData><![CDATA[]]></customXmlData>
  </vcsHistoryItem>
  <vcsHistoryItem>
   <id>5701661</id>
   <planKey>SC-MAS</planKey>
   <buildNumber>28</buildNumber>
   <revisionKey>763d62ee1312dd5eafe7c077212b45d6e41cf0b0</revisionKey>
   <repositoryId>5341192</repositoryId>
   <customXmlData><![CDATA[]]></customXmlData>
  </vcsHistoryItem>
  <vcsHistoryItem>
   <id>5701662</id>
   <planKey>SC-MAS</planKey>
   <buildNumber>28</buildNumber>
   <revisionKey>c6b8039c7039e923ab23b2bf404dc20eb7bb60fc</revisionKey>
   <repositoryId>5341189</repositoryId>
   <customXmlData><![CDATA[]]></customXmlData>
  </vcsHistoryItem>
  <vcsHistoryItem>
   <id>5701663</id>
   <planKey>SC-MAS</planKey>
   <buildNumber>29</buildNumber>
   <revisionKey>2a9ea7a5a3e392b6c595048bcc8a1f6a8420f414</revisionKey>
   <repositoryId>5341191</repositoryId>
   <customXmlData><![CDATA[]]></customXmlData>
  </vcsHistoryItem>
  <vcsHistoryItem>
   <id>5701664</id>
   <planKey>SC-MAS</planKey>
   <buildNumber>29</buildNumber>
   <revisionKey>763d62ee1312dd5eafe7c077212b45d6e41cf0b0</revisionKey>
   <repositoryId>5341192</repositoryId>
   <customXmlData><![CDATA[]]></customXmlData>
  </vcsHistoryItem>
  <vcsHistoryItem>
   <id>5701665</id>
   <planKey>SC-MAS</planKey>
   <buildNumber>29</buildNumber>
   <revisionKey>c6b8039c7039e923ab23b2bf404dc20eb7bb60fc</revisionKey>
   <repositoryId>5341189</repositoryId>
   <customXmlData><![CDATA[]]></customXmlData>
  </vcsHistoryItem>
  <vcsHistoryItem>
   <id>5701666</id>
   <planKey>SC-MAS</planKey>
   <buildNumber>30</buildNumber>
   <revisionKey>2a9ea7a5a3e392b6c595048bcc8a1f6a8420f414</revisionKey>
   <repositoryId>5341191</repositoryId>
   <customXmlData><![CDATA[]]></customXmlData>
  </vcsHistoryItem>
  <vcsHistoryItem>
   <id>5701667</id>
   <planKey>SC-MAS</planKey>
   <buildNumber>30</buildNumber>
   <revisionKey>73628f8ab0e7d309cba1064536f909dcb5d6ca16</revisionKey>
   <repositoryId>5341192</repositoryId>
   <customXmlData><![CDATA[]]></customXmlData>
  </vcsHistoryItem>
  <vcsHistoryItem>
   <id>5701668</id>
   <planKey>SC-MAS</planKey>
   <buildNumber>30</buildNumber>
   <revisionKey>c6b8039c7039e923ab23b2bf404dc20eb7bb60fc</revisionKey>
   <repositoryId>5341189</repositoryId>
   <customXmlData><![CDATA[]]></customXmlData>
  </vcsHistoryItem>
  <vcsHistoryItem>
   <id>5701669</id>
   <planKey>SW-MAS</planKey>
   <buildNumber>132</buildNumber>
   <revisionKey>2a9ea7a5a3e392b6c595048bcc8a1f6a8420f414</revisionKey>
   <repositoryId>3735554</repositoryId>
   <customXmlData><![CDATA[]]></customXmlData>
  </vcsHistoryItem>
  <vcsHistoryItem>
   <id>5701670</id>
   <planKey>SW-MAS</planKey>
   <buildNumber>132</buildNumber>
   <revisionKey>22602a84a8c121067a6e825e1ce982db9284762b</revisionKey>
   <repositoryId>3735555</repositoryId>
   <customXmlData><![CDATA[]]></customXmlData>
  </vcsHistoryItem>
  <vcsHistoryItem>
   <id>5701671</id>
   <planKey>SW-MAS</planKey>
   <buildNumber>132</buildNumber>
   <revisionKey>c6b8039c7039e923ab23b2bf404dc20eb7bb60fc</revisionKey>
   <repositoryId>4489217</repositoryId>
   <customXmlData><![CDATA[]]></customXmlData>
  </vcsHistoryItem>
  <vcsHistoryItem>
   <id>5701672</id>
   <planKey>SC-MAS</planKey>
   <buildNumber>30</buildNumber>
   <revisionKey>22602a84a8c121067a6e825e1ce982db9284762b</revisionKey>
   <repositoryId>6422529</repositoryId>
   <customXmlData><![CDATA[]]></customXmlData>
  </vcsHistoryItem>
  <vcsHistoryItem>
   <id>5701673</id>
   <planKey>SW-MAS</planKey>
   <buildNumber>133</buildNumber>
   <revisionKey>2a9ea7a5a3e392b6c595048bcc8a1f6a8420f414</revisionKey>
   <repositoryId>3735554</repositoryId>
   <customXmlData><![CDATA[]]></customXmlData>
  </vcsHistoryItem>
  <vcsHistoryItem>
   <id>5701674</id>
   <planKey>SW-MAS</planKey>
   <buildNumber>133</buildNumber>
   <revisionKey>8ae35e0ed8f115a1af51599da20a728db1ac8d7b</revisionKey>
   <repositoryId>3735555</repositoryId>
   <customXmlData><![CDATA[]]></customXmlData>
  </vcsHistoryItem>
  <vcsHistoryItem>
   <id>5701675</id>
   <planKey>SW-MAS</planKey>
   <buildNumber>133</buildNumber>
   <revisionKey>c6b8039c7039e923ab23b2bf404dc20eb7bb60fc</revisionKey>
   <repositoryId>4489217</repositoryId>
   <customXmlData><![CDATA[]]></customXmlData>
  </vcsHistoryItem>
  <vcsHistoryItem>
   <id>5701676</id>
   <planKey>SC-MAS</planKey>
   <buildNumber>31</buildNumber>
   <revisionKey>2a9ea7a5a3e392b6c595048bcc8a1f6a8420f414</revisionKey>
   <repositoryId>5341191</repositoryId>
   <customXmlData><![CDATA[]]></customXmlData>
  </vcsHistoryItem>
  <vcsHistoryItem>
   <id>5701677</id>
   <planKey>SC-MAS</planKey>
   <buildNumber>31</buildNumber>
   <revisionKey>73628f8ab0e7d309cba1064536f909dcb5d6ca16</revisionKey>
   <repositoryId>5341192</repositoryId>
   <customXmlData><![CDATA[]]></customXmlData>
  </vcsHistoryItem>
  <vcsHistoryItem>
   <id>5701678</id>
   <planKey>SC-MAS</planKey>
   <buildNumber>31</buildNumber>
   <revisionKey>c6b8039c7039e923ab23b2bf404dc20eb7bb60fc</revisionKey>
   <repositoryId>5341189</repositoryId>
   <customXmlData><![CDATA[]]></customXmlData>
  </vcsHistoryItem>
  <vcsHistoryItem>
   <id>5701679</id>
   <planKey>SC-MAS</planKey>
   <buildNumber>31</buildNumber>
   <revisionKey>8ae35e0ed8f115a1af51599da20a728db1ac8d7b</revisionKey>
   <repositoryId>6422529</repositoryId>
   <customXmlData><![CDATA[]]></customXmlData>
  </vcsHistoryItem>
  <vcsHistoryItem>
   <id>5701680</id>
   <planKey>SW-MAS</planKey>
   <buildNumber>134</buildNumber>
   <revisionKey>2a9ea7a5a3e392b6c595048bcc8a1f6a8420f414</revisionKey>
   <repositoryId>3735554</repositoryId>
   <customXmlData><![CDATA[]]></customXmlData>
  </vcsHistoryItem>
  <vcsHistoryItem>
   <id>5701681</id>
   <planKey>SW-MAS</planKey>
   <buildNumber>134</buildNumber>
   <revisionKey>22602a84a8c121067a6e825e1ce982db9284762b</revisionKey>
   <repositoryId>3735555</repositoryId>
   <customXmlData><![CDATA[]]></customXmlData>
  </vcsHistoryItem>
  <vcsHistoryItem>
   <id>5701682</id>
   <planKey>SW-MAS</planKey>
   <buildNumber>134</buildNumber>
   <revisionKey>c6b8039c7039e923ab23b2bf404dc20eb7bb60fc</revisionKey>
   <repositoryId>4489217</repositoryId>
   <customXmlData><![CDATA[]]></customXmlData>
  </vcsHistoryItem>
  <vcsHistoryItem>
   <id>5701683</id>
   <planKey>SC-MAS</planKey>
   <buildNumber>32</buildNumber>
   <revisionKey>2a9ea7a5a3e392b6c595048bcc8a1f6a8420f414</revisionKey>
   <repositoryId>5341191</repositoryId>
   <customXmlData><![CDATA[]]></customXmlData>
  </vcsHistoryItem>
  <vcsHistoryItem>
   <id>5701684</id>
   <planKey>SC-MAS</planKey>
   <buildNumber>32</buildNumber>
   <revisionKey>73628f8ab0e7d309cba1064536f909dcb5d6ca16</revisionKey>
   <repositoryId>5341192</repositoryId>
   <customXmlData><![CDATA[]]></customXmlData>
  </vcsHistoryItem>
  <vcsHistoryItem>
   <id>5701685</id>
   <planKey>SC-MAS</planKey>
   <buildNumber>32</buildNumber>
   <revisionKey>c6b8039c7039e923ab23b2bf404dc20eb7bb60fc</revisionKey>
   <repositoryId>5341189</repositoryId>
   <customXmlData><![CDATA[]]></customXmlData>
  </vcsHistoryItem>
  <vcsHistoryItem>
   <id>5701686</id>
   <planKey>SC-MAS</planKey>
   <buildNumber>32</buildNumber>
   <revisionKey>22602a84a8c121067a6e825e1ce982db9284762b</revisionKey>
   <repositoryId>6422529</repositoryId>
   <customXmlData><![CDATA[]]></customXmlData>
  </vcsHistoryItem>
 </planVcsHistory>
</bamboo>