<?xml version='1.1' encoding='UTF-8' standalone='yes'?>
<bamboo>
 <date>Mon Mar 02 16:48:47 AEDT 2015</date>
 <version>5.7.2</version>
 <buildDate>02-Dec-2014</buildDate>
 <build>5716</build>
 <serverID>BG3Y-XJ99-GC6Z-FPP1</serverID>
 <projects>
  <project>
   <id>360449</id>
   <creationDate>portable AD 2015-02-21 16:59:27.780 +1100</creationDate>
   <modificationDate>portable AD 2015-02-21 16:59:27.780 +1100</modificationDate>
   <key>SW</key>
   <name>Selkie Windsor</name>
   <subplans>
    <subplan>
     <id>393218</id>
     <creationDate>portable AD 2015-02-21 16:59:28.024 +1100</creationDate>
     <modificationDate>portable AD 2015-03-02 09:15:55.300 +1100</modificationDate>
     <key>SW-MAS-JOB1</key>
     <buildKey>JOB1</buildKey>
     <buildName>NUnit Build</buildName>
     <firstBuildNumber>1</firstBuildNumber>
     <lastBuildNumber>134</lastBuildNumber>
     <nextBuildNumber>135</nextBuildNumber>
     <suspendedFromBuilding>false</suspendedFromBuilding>
     <definition>
      <id>458754</id>
      <xml><![CDATA[<?xml version="1.0" encoding="UTF-8" standalone="no"?>
<configuration xml:space="preserve">
  <isMergedConfiguration>false</isMergedConfiguration>
  <cleanWorkingDirectory>false</cleanWorkingDirectory>
  <repositoryDefiningWorkingDirectory>-1</repositoryDefiningWorkingDirectory>
  <buildTasks>
    <taskDefinition>
      <id>1</id>
      <userDescription>Checkout Code</userDescription>
      <isEnabled>true</isEnabled>
      <pluginKey>com.atlassian.bamboo.plugins.vcs:task.vcs.checkout</pluginKey>
      <finalising>false</finalising>
      <rootDirectoryType>INHERITED</rootDirectoryType>
      <repositoryDefiningWorkingDir>-1</repositoryDefiningWorkingDir>
      <config>
        <item>
          <key>selectedRepository_2</key>
          <value>4489217</value>
        </item>
        <item>
          <key>checkoutDir_2</key>
          <value>Tools</value>
        </item>
        <item>
          <key>cleanCheckout</key>
          <value/>
        </item>
        <item>
          <key>checkoutDir_1</key>
          <value>Scripts</value>
        </item>
        <item>
          <key>checkoutDir_0</key>
          <value/>
        </item>
        <item>
          <key>selectedRepository_0</key>
          <value>3735555</value>
        </item>
        <item>
          <key>selectedRepository_1</key>
          <value>3735554</value>
        </item>
      </config>
    </taskDefinition>
    <taskDefinition>
      <id>2</id>
      <userDescription>Search For Lost Files</userDescription>
      <isEnabled>true</isEnabled>
      <pluginKey>com.atlassian.bamboo.plugins.scripttask:task.builder.script</pluginKey>
      <finalising>false</finalising>
      <rootDirectoryType>INHERITED</rootDirectoryType>
      <repositoryDefiningWorkingDir>-1</repositoryDefiningWorkingDir>
      <config>
        <item>
          <key>argument</key>
          <value>Selkie.Windsor.sln</value>
        </item>
        <item>
          <key>scriptLocation</key>
          <value>FILE</value>
        </item>
        <item>
          <key>environmentVariables</key>
          <value/>
        </item>
        <item>
          <key>runWithPowershell</key>
          <value>true</value>
        </item>
        <item>
          <key>scriptBody</key>
          <value/>
        </item>
        <item>
          <key>script</key>
          <value>Scripts/Get-FilesNotInSolution.ps1</value>
        </item>
        <item>
          <key>workingSubDirectory</key>
          <value/>
        </item>
      </config>
    </taskDefinition>
    <taskDefinition>
      <id>4</id>
      <userDescription>Update Assembly Version</userDescription>
      <isEnabled>true</isEnabled>
      <pluginKey>com.atlassian.bamboo.plugins.scripttask:task.builder.script</pluginKey>
      <finalising>false</finalising>
      <rootDirectoryType>INHERITED</rootDirectoryType>
      <repositoryDefiningWorkingDir>-1</repositoryDefiningWorkingDir>
      <config>
        <item>
          <key>argument</key>
          <value>${bamboo.majorVersionNumber}.${bamboo.minorVersionNumber}.${bamboo.buildNumber} .\</value>
        </item>
        <item>
          <key>scriptLocation</key>
          <value>FILE</value>
        </item>
        <item>
          <key>environmentVariables</key>
          <value/>
        </item>
        <item>
          <key>runWithPowershell</key>
          <value>true</value>
        </item>
        <item>
          <key>scriptBody</key>
          <value/>
        </item>
        <item>
          <key>script</key>
          <value>Scripts/Set-AssemblyVersion.ps1</value>
        </item>
        <item>
          <key>workingSubDirectory</key>
          <value/>
        </item>
      </config>
    </taskDefinition>
    <taskDefinition>
      <id>5</id>
      <userDescription>Update NuGet Version</userDescription>
      <isEnabled>true</isEnabled>
      <pluginKey>com.atlassian.bamboo.plugins.scripttask:task.builder.script</pluginKey>
      <finalising>false</finalising>
      <rootDirectoryType>INHERITED</rootDirectoryType>
      <repositoryDefiningWorkingDir>-1</repositoryDefiningWorkingDir>
      <config>
        <item>
          <key>argument</key>
          <value>${bamboo.majorVersionNumber}.${bamboo.minorVersionNumber}.${bamboo.buildNumber}.0  NuGet.Selkie.Windsor\Package.nuspec</value>
        </item>
        <item>
          <key>scriptLocation</key>
          <value>FILE</value>
        </item>
        <item>
          <key>environmentVariables</key>
          <value/>
        </item>
        <item>
          <key>runWithPowershell</key>
          <value>true</value>
        </item>
        <item>
          <key>scriptBody</key>
          <value/>
        </item>
        <item>
          <key>script</key>
          <value>Scripts/Set-NuGetVersion.ps1</value>
        </item>
        <item>
          <key>workingSubDirectory</key>
          <value/>
        </item>
      </config>
    </taskDefinition>
    <taskDefinition>
      <id>9</id>
      <userDescription>Update NuGet Dependencies</userDescription>
      <isEnabled>true</isEnabled>
      <pluginKey>com.atlassian.bamboo.plugins.scripttask:task.builder.script</pluginKey>
      <finalising>false</finalising>
      <rootDirectoryType>INHERITED</rootDirectoryType>
      <repositoryDefiningWorkingDir>-1</repositoryDefiningWorkingDir>
      <config>
        <item>
          <key>argument</key>
          <value>Selkie.Windsor\packages.config NuGet.Selkie.Windsor\Package.nuspec</value>
        </item>
        <item>
          <key>scriptLocation</key>
          <value>INLINE</value>
        </item>
        <item>
          <key>environmentVariables</key>
          <value/>
        </item>
        <item>
          <key>runWithPowershell</key>
          <value/>
        </item>
        <item>
          <key>scriptBody</key>
          <value>Tools\NuSpecUpdater\Selkie.NuGet.DependencyUpdater.exe %1 %2</value>
        </item>
        <item>
          <key>script</key>
          <value>Tools\NuSpecUpdater\Selkie.NuGet.DependencyUpdater.exe</value>
        </item>
        <item>
          <key>workingSubDirectory</key>
          <value/>
        </item>
      </config>
    </taskDefinition>
    <taskDefinition>
      <id>3</id>
      <userDescription>Clean Debug Build</userDescription>
      <isEnabled>true</isEnabled>
      <pluginKey>com.atlassian.bamboo.plugin.dotnet:msbuild</pluginKey>
      <finalising>false</finalising>
      <rootDirectoryType>INHERITED</rootDirectoryType>
      <repositoryDefiningWorkingDir>-1</repositoryDefiningWorkingDir>
      <config>
        <item>
          <key>solution</key>
          <value>Selkie.Windsor.sln</value>
        </item>
        <item>
          <key>environmentVariables</key>
          <value/>
        </item>
        <item>
          <key>options</key>
          <value>/t:Clean,Build /p:configuration=Debug /m</value>
        </item>
        <item>
          <key>label</key>
          <value>MSBuild Amd64</value>
        </item>
        <item>
          <key>workingSubDirectory</key>
          <value/>
        </item>
      </config>
    </taskDefinition>
    <taskDefinition>
      <id>6</id>
      <userDescription>NUnit Tests</userDescription>
      <isEnabled>true</isEnabled>
      <pluginKey>com.atlassian.bamboo.plugin.dotnet:nunitRunner</pluginKey>
      <finalising>false</finalising>
      <rootDirectoryType>INHERITED</rootDirectoryType>
      <repositoryDefiningWorkingDir>-1</repositoryDefiningWorkingDir>
      <config>
        <item>
          <key>include</key>
          <value/>
        </item>
        <item>
          <key>environmentVariables</key>
          <value/>
        </item>
        <item>
          <key>nunitResultsFile</key>
          <value>TestResult.xml</value>
        </item>
        <item>
          <key>commandLineOptions</key>
          <value/>
        </item>
        <item>
          <key>run</key>
          <value/>
        </item>
        <item>
          <key>exclude</key>
          <value/>
        </item>
        <item>
          <key>label</key>
          <value>NUnit 2.6.4</value>
        </item>
        <item>
          <key>nunitTestFiles</key>
          <value>Selkie.Windsor.Tests/bin/Debug/Selkie.Windsor.Tests.dll</value>
        </item>
      </config>
    </taskDefinition>
    <taskDefinition>
      <id>8</id>
      <userDescription>NUnit Parser</userDescription>
      <isEnabled>true</isEnabled>
      <pluginKey>com.atlassian.bamboo.plugin.dotnet:nunit</pluginKey>
      <finalising>false</finalising>
      <rootDirectoryType>INHERITED</rootDirectoryType>
      <repositoryDefiningWorkingDir>-1</repositoryDefiningWorkingDir>
      <config>
        <item>
          <key>testResultsDirectory</key>
          <value>**/test-reports/*.xml</value>
        </item>
        <item>
          <key>pickupOutdatedFiles</key>
          <value/>
        </item>
      </config>
    </taskDefinition>
    <taskDefinition>
      <id>7</id>
      <userDescription>NCrunch</userDescription>
      <isEnabled>false</isEnabled>
      <pluginKey>com.atlassian.bamboo.plugins.scripttask:task.builder.script</pluginKey>
      <finalising>false</finalising>
      <rootDirectoryType>INHERITED</rootDirectoryType>
      <repositoryDefiningWorkingDir>-1</repositoryDefiningWorkingDir>
      <config>
        <item>
          <key>argument</key>
          <value/>
        </item>
        <item>
          <key>scriptLocation</key>
          <value>INLINE</value>
        </item>
        <item>
          <key>environmentVariables</key>
          <value/>
        </item>
        <item>
          <key>runWithPowershell</key>
          <value/>
        </item>
        <item>
          <key>scriptBody</key>
          <value>"C:\Program Files (x86)\Remco Software\NCrunch Console Tool\NCrunch.exe" /license "Thomas Schroedter" "PIGI-4FIA-MVCJ-BESU-MR2X-462Q-3B1N-WGBM-UVLS-NQW4-NQEW-5D5L"  Selkie.Windsor.sln /vs 2013 -MaxNumberOfProcessingThreads 4</value>
        </item>
        <item>
          <key>script</key>
          <value/>
        </item>
        <item>
          <key>workingSubDirectory</key>
          <value/>
        </item>
      </config>
    </taskDefinition>
  </buildTasks>
  <buildStrategies>
    <defined>true</defined>
  </buildStrategies>
  <branches>
    <monitoringEnabled>false</monitoringEnabled>
    <matchingPattern/>
    <inactivityInDays>30</inactivityInDays>
    <defaultNotificationStrategy>notifyCommitters</defaultNotificationStrategy>
    <issueLinking>true</issueLinking>
    <monitorPullRequests>false</monitorPullRequests>
  </branches>
  <branches>
    <defaultBranchIntegration>
      <enabled>false</enabled>
    </defaultBranchIntegration>
  </branches>
  <branchIntegration>
    <enabled>false</enabled>
  </branchIntegration>
  <branchConfiguration>
    <cleanup>
      <disabled>false</disabled>
    </cleanup>
    <notificationStrategy>notifyCommitters</notificationStrategy>
  </branchConfiguration>
  <bambooDelimiterParsingDisabled>true</bambooDelimiterParsingDisabled>
</configuration>
]]></xml>
     </definition>
     <requirementSet>
      <id>557057</id>
      <requirement>
       <id>2916353</id>
       <key>system.builder.msbuild.MSBuild Amd64</key>
       <pluginModuleKey>com.atlassian.bamboo.plugin.dotnet:msbuild</pluginModuleKey>
       <ownerId>3</ownerId>
       <value readOnly="true" regex="true">.*</value>
      </requirement>
      <requirement>
       <id>2916372</id>
       <key>system.builder.nunit.NUnit 2.6.4</key>
       <pluginModuleKey>com.atlassian.bamboo.plugin.dotnet:nunitRunner</pluginModuleKey>
       <ownerId>6</ownerId>
       <value readOnly="true" regex="true">.*</value>
      </requirement>
     </requirementSet>
    </subplan>
   </subplans>
   <subplans>
    <subplan>
     <id>3014663</id>
     <creationDate>portable AD 2015-02-25 21:55:40.519 +1100</creationDate>
     <modificationDate>portable AD 2015-03-02 09:16:09.519 +1100</modificationDate>
     <key>SW-MAS-GRB</key>
     <buildKey>GRB</buildKey>
     <buildName>Release Build</buildName>
     <description>Get the source and build the solution</description>
     <firstBuildNumber>75</firstBuildNumber>
     <lastBuildNumber>134</lastBuildNumber>
     <nextBuildNumber>135</nextBuildNumber>
     <suspendedFromBuilding>false</suspendedFromBuilding>
     <definition>
      <id>3080199</id>
      <xml><![CDATA[<?xml version="1.0" encoding="UTF-8" standalone="no"?>
<configuration xml:space="preserve">
  <isMergedConfiguration>false</isMergedConfiguration>
  <cleanWorkingDirectory>false</cleanWorkingDirectory>
  <repositoryDefiningWorkingDirectory>-1</repositoryDefiningWorkingDirectory>
  <buildTasks>
    <taskDefinition>
      <id>1</id>
      <userDescription>Checkout Code</userDescription>
      <isEnabled>true</isEnabled>
      <pluginKey>com.atlassian.bamboo.plugins.vcs:task.vcs.checkout</pluginKey>
      <finalising>false</finalising>
      <rootDirectoryType>INHERITED</rootDirectoryType>
      <repositoryDefiningWorkingDir>-1</repositoryDefiningWorkingDir>
      <config>
        <item>
          <key>selectedRepository_2</key>
          <value>4489217</value>
        </item>
        <item>
          <key>checkoutDir_2</key>
          <value>Tools</value>
        </item>
        <item>
          <key>cleanCheckout</key>
          <value/>
        </item>
        <item>
          <key>checkoutDir_1</key>
          <value>Scripts</value>
        </item>
        <item>
          <key>checkoutDir_0</key>
          <value/>
        </item>
        <item>
          <key>selectedRepository_0</key>
          <value>3735555</value>
        </item>
        <item>
          <key>selectedRepository_1</key>
          <value>3735554</value>
        </item>
      </config>
    </taskDefinition>
    <taskDefinition>
      <id>2</id>
      <userDescription>Search For Lost Files</userDescription>
      <isEnabled>true</isEnabled>
      <pluginKey>com.atlassian.bamboo.plugins.scripttask:task.builder.script</pluginKey>
      <finalising>false</finalising>
      <rootDirectoryType>INHERITED</rootDirectoryType>
      <repositoryDefiningWorkingDir>-1</repositoryDefiningWorkingDir>
      <config>
        <item>
          <key>argument</key>
          <value>Selkie.Windsor.sln</value>
        </item>
        <item>
          <key>scriptLocation</key>
          <value>FILE</value>
        </item>
        <item>
          <key>environmentVariables</key>
          <value/>
        </item>
        <item>
          <key>runWithPowershell</key>
          <value>true</value>
        </item>
        <item>
          <key>scriptBody</key>
          <value/>
        </item>
        <item>
          <key>script</key>
          <value>Scripts/Get-FilesNotInSolution.ps1</value>
        </item>
        <item>
          <key>workingSubDirectory</key>
          <value/>
        </item>
      </config>
    </taskDefinition>
    <taskDefinition>
      <id>4</id>
      <userDescription>Update Assembly Version</userDescription>
      <isEnabled>true</isEnabled>
      <pluginKey>com.atlassian.bamboo.plugins.scripttask:task.builder.script</pluginKey>
      <finalising>false</finalising>
      <rootDirectoryType>INHERITED</rootDirectoryType>
      <repositoryDefiningWorkingDir>-1</repositoryDefiningWorkingDir>
      <config>
        <item>
          <key>argument</key>
          <value>${bamboo.majorVersionNumber}.${bamboo.minorVersionNumber}.${bamboo.buildNumber} .\</value>
        </item>
        <item>
          <key>scriptLocation</key>
          <value>FILE</value>
        </item>
        <item>
          <key>environmentVariables</key>
          <value/>
        </item>
        <item>
          <key>runWithPowershell</key>
          <value>true</value>
        </item>
        <item>
          <key>scriptBody</key>
          <value/>
        </item>
        <item>
          <key>script</key>
          <value>Scripts/Set-AssemblyVersion.ps1</value>
        </item>
        <item>
          <key>workingSubDirectory</key>
          <value/>
        </item>
      </config>
    </taskDefinition>
    <taskDefinition>
      <id>5</id>
      <userDescription>Update NuGet Version</userDescription>
      <isEnabled>true</isEnabled>
      <pluginKey>com.atlassian.bamboo.plugins.scripttask:task.builder.script</pluginKey>
      <finalising>false</finalising>
      <rootDirectoryType>INHERITED</rootDirectoryType>
      <repositoryDefiningWorkingDir>-1</repositoryDefiningWorkingDir>
      <config>
        <item>
          <key>argument</key>
          <value>${bamboo.majorVersionNumber}.${bamboo.minorVersionNumber}.${bamboo.buildNumber}.0  NuGet.Selkie.Windsor\Package.nuspec</value>
        </item>
        <item>
          <key>scriptLocation</key>
          <value>FILE</value>
        </item>
        <item>
          <key>environmentVariables</key>
          <value/>
        </item>
        <item>
          <key>runWithPowershell</key>
          <value>true</value>
        </item>
        <item>
          <key>scriptBody</key>
          <value/>
        </item>
        <item>
          <key>script</key>
          <value>Scripts/Set-NuGetVersion.ps1</value>
        </item>
        <item>
          <key>workingSubDirectory</key>
          <value/>
        </item>
      </config>
    </taskDefinition>
    <taskDefinition>
      <id>6</id>
      <userDescription>Update NuGet Dependencies</userDescription>
      <isEnabled>true</isEnabled>
      <pluginKey>com.atlassian.bamboo.plugins.scripttask:task.builder.script</pluginKey>
      <finalising>false</finalising>
      <rootDirectoryType>INHERITED</rootDirectoryType>
      <repositoryDefiningWorkingDir>-1</repositoryDefiningWorkingDir>
      <config>
        <item>
          <key>argument</key>
          <value>Selkie.Windsor\packages.config NuGet.Selkie.Windsor\Package.nuspec</value>
        </item>
        <item>
          <key>scriptLocation</key>
          <value>INLINE</value>
        </item>
        <item>
          <key>environmentVariables</key>
          <value/>
        </item>
        <item>
          <key>runWithPowershell</key>
          <value/>
        </item>
        <item>
          <key>scriptBody</key>
          <value>Tools\NuSpecUpdater\Selkie.NuGet.DependencyUpdater.exe %1 %2</value>
        </item>
        <item>
          <key>script</key>
          <value>Tools\NuSpecUpdater\Selkie.NuGet.DependencyUpdater.exe</value>
        </item>
        <item>
          <key>workingSubDirectory</key>
          <value/>
        </item>
      </config>
    </taskDefinition>
    <taskDefinition>
      <id>3</id>
      <userDescription>Clean Release Build</userDescription>
      <isEnabled>true</isEnabled>
      <pluginKey>com.atlassian.bamboo.plugin.dotnet:msbuild</pluginKey>
      <finalising>false</finalising>
      <rootDirectoryType>INHERITED</rootDirectoryType>
      <repositoryDefiningWorkingDir>-1</repositoryDefiningWorkingDir>
      <config>
        <item>
          <key>solution</key>
          <value>Selkie.Windsor.sln</value>
        </item>
        <item>
          <key>environmentVariables</key>
          <value/>
        </item>
        <item>
          <key>options</key>
          <value>/t:Clean,Build /p:configuration=Release /m</value>
        </item>
        <item>
          <key>label</key>
          <value>MSBuild Amd64</value>
        </item>
        <item>
          <key>workingSubDirectory</key>
          <value/>
        </item>
      </config>
    </taskDefinition>
  </buildTasks>
  <buildStrategies>
    <defined>true</defined>
  </buildStrategies>
  <branches>
    <monitoringEnabled>false</monitoringEnabled>
    <matchingPattern/>
    <inactivityInDays>30</inactivityInDays>
    <defaultNotificationStrategy>notifyCommitters</defaultNotificationStrategy>
    <issueLinking>true</issueLinking>
    <monitorPullRequests>false</monitorPullRequests>
  </branches>
  <branches>
    <defaultBranchIntegration>
      <enabled>false</enabled>
    </defaultBranchIntegration>
  </branches>
  <branchIntegration>
    <enabled>false</enabled>
  </branchIntegration>
  <branchConfiguration>
    <cleanup>
      <disabled>false</disabled>
    </cleanup>
    <notificationStrategy>notifyCommitters</notificationStrategy>
  </branchConfiguration>
  <bambooDelimiterParsingDisabled>true</bambooDelimiterParsingDisabled>
</configuration>
]]></xml>
     </definition>
     <requirementSet>
      <id>3047431</id>
      <requirement>
       <id>2916370</id>
       <key>system.builder.msbuild.MSBuild Amd64</key>
       <pluginModuleKey>com.atlassian.bamboo.plugin.dotnet:msbuild</pluginModuleKey>
       <ownerId>3</ownerId>
       <value readOnly="true" regex="true">.*</value>
      </requirement>
     </requirementSet>
    </subplan>
   </subplans>
   <subplans>
    <subplan>
     <id>1048579</id>
     <creationDate>portable AD 2015-02-25 21:19:38.291 +1100</creationDate>
     <modificationDate>portable AD 2015-03-02 09:15:55.288 +1100</modificationDate>
     <key>SW-MAS0-JOB1</key>
     <buildKey>JOB1</buildKey>
     <buildName>NUnit Build</buildName>
     <firstBuildNumber>1</firstBuildNumber>
     <lastBuildNumber>4</lastBuildNumber>
     <nextBuildNumber>5</nextBuildNumber>
     <suspendedFromBuilding>false</suspendedFromBuilding>
     <master>SW-MAS-JOB1</master>
     <requirementSet>
      <id>1081346</id>
     </requirementSet>
    </subplan>
   </subplans>
   <subplans>
    <subplan>
     <id>3014664</id>
     <creationDate>portable AD 2015-02-25 21:55:40.526 +1100</creationDate>
     <modificationDate>portable AD 2015-03-02 09:16:09.503 +1100</modificationDate>
     <key>SW-MAS0-GRB</key>
     <buildKey>GRB</buildKey>
     <buildName>Release Build</buildName>
     <description>Get the source and build the solution</description>
     <firstBuildNumber>3</firstBuildNumber>
     <lastBuildNumber>4</lastBuildNumber>
     <nextBuildNumber>5</nextBuildNumber>
     <suspendedFromBuilding>false</suspendedFromBuilding>
     <master>SW-MAS-GRB</master>
     <definition>
      <id>3080200</id>
      <xml><![CDATA[<?xml version="1.0" encoding="UTF-8" standalone="no"?>
<configuration xml:space="preserve">
  <isMergedConfiguration>false</isMergedConfiguration>
  <bambooDelimiterParsingDisabled>true</bambooDelimiterParsingDisabled>
</configuration>
]]></xml>
     </definition>
     <requirementSet>
      <id>3047432</id>
     </requirementSet>
    </subplan>
   </subplans>
   <chains>
    <chain>
     <id>393217</id>
     <creationDate>portable AD 2015-02-21 16:59:27.785 +1100</creationDate>
     <modificationDate>portable AD 2015-03-01 19:51:39.385 +1100</modificationDate>
     <key>SW-MAS</key>
     <buildKey>MAS</buildKey>
     <buildName>Master</buildName>
     <firstBuildNumber>1</firstBuildNumber>
     <lastBuildNumber>134</lastBuildNumber>
     <nextBuildNumber>135</nextBuildNumber>
     <suspendedFromBuilding>false</suspendedFromBuilding>
     <definition>
      <id>458753</id>
      <xml><![CDATA[<?xml version="1.0" encoding="UTF-8" standalone="no"?>
<configuration xml:space="preserve">
  <isMergedConfiguration>false</isMergedConfiguration>
  <cleanWorkingDirectory>false</cleanWorkingDirectory>
  <repositoryDefiningWorkingDirectory>0</repositoryDefiningWorkingDirectory>
  <buildStrategies>
    <defined>true</defined>
    <buildStrategy>
      <id>0</id>
      <key>poll</key>
      <name/>
      <triggeringRepositories>4489217,3735555,3735554</triggeringRepositories>
      <config>
        <item>
          <key>bambooDelimiterParsingDisabled</key>
          <value>true</value>
        </item>
        <item>
          <key>custom.triggerrCondition.plansGreen.enabled</key>
          <value>false</value>
        </item>
        <item>
          <key>repository.change.poll.pollingPeriod</key>
          <value>180</value>
        </item>
        <item>
          <key>repository.change.poll.type</key>
          <value>PERIOD</value>
        </item>
        <item>
          <key>repository.change.poll.cronExpression</key>
          <value>0 0 0 ? * *</value>
        </item>
      </config>
    </buildStrategy>
  </buildStrategies>
  <branches>
    <monitoringEnabled>true</monitoringEnabled>
    <matchingPattern>development</matchingPattern>
    <inactivityInDays>30</inactivityInDays>
    <defaultNotificationStrategy>notifyCommitters</defaultNotificationStrategy>
    <issueLinking>false</issueLinking>
    <monitorPullRequests>false</monitorPullRequests>
  </branches>
  <branches>
    <defaultBranchIntegration>
      <enabled>true</enabled>
      <strategy>GATE_KEEPER</strategy>
      <gateKeeper>
        <checkoutBranch>SW-MAS</checkoutBranch>
        <pushEnabled>false</pushEnabled>
      </gateKeeper>
    </defaultBranchIntegration>
  </branches>
  <branchIntegration>
    <enabled>false</enabled>
  </branchIntegration>
  <branchConfiguration>
    <cleanup>
      <disabled>false</disabled>
    </cleanup>
    <notificationStrategy>notifyCommitters</notificationStrategy>
  </branchConfiguration>
  <custom>
    <dependencies>
      <triggerForBranches>true</triggerForBranches>
      <trigger>
        <remote>
          <strategy>None</strategy>
        </remote>
      </trigger>
    </dependencies>
  </custom>
  <bambooDelimiterParsingDisabled>true</bambooDelimiterParsingDisabled>
</configuration>
]]></xml>
     </definition>
     <labellings>
      <labelling>
       <id>2326529</id>
       <creationDate>portable AD 2015-02-24 19:53:23.552 +1100</creationDate>
       <modificationDate>portable AD 2015-02-24 19:53:23.556 +1100</modificationDate>
       <label>2293761</label>
       <user>thomas</user>
      </labelling>
     </labellings>
     <notificationSet>
      <id>425985</id>
     </notificationSet>
     <stages>
      <stage>
       <id>524289</id>
       <name>Default Stage</name>
       <builds>
        <build>
         <buildKey>SW-MAS-JOB1</buildKey>
        </build>
       </builds>
      </stage>
      <stage>
       <id>2981891</id>
       <name>Release Build</name>
       <description>Builds the NuGet package</description>
       <builds>
        <build>
         <buildKey>SW-MAS-GRB</buildKey>
        </build>
       </builds>
      </stage>
     </stages>
    </chain>
   </chains>
   <branches>
    <branch>
     <id>1048578</id>
     <creationDate>portable AD 2015-02-22 17:38:14.380 +1100</creationDate>
     <modificationDate>portable AD 2015-02-26 21:55:17.835 +1100</modificationDate>
     <key>SW-MAS0</key>
     <buildKey>MAS0</buildKey>
     <buildName>Development</buildName>
     <firstBuildNumber>1</firstBuildNumber>
     <lastBuildNumber>4</lastBuildNumber>
     <nextBuildNumber>5</nextBuildNumber>
     <suspendedFromBuilding>true</suspendedFromBuilding>
     <master>SW-MAS</master>
     <definition>
      <id>1114114</id>
      <xml><![CDATA[<?xml version="1.0" encoding="UTF-8" standalone="no"?>
<configuration xml:space="preserve">
  <isMergedConfiguration>false</isMergedConfiguration>
  <buildStrategies>
    <defined>true</defined>
    <buildStrategy>
      <id>0</id>
      <key>poll</key>
      <name/>
      <triggeringRepositories>1671169</triggeringRepositories>
      <config>
        <item>
          <key>bambooDelimiterParsingDisabled</key>
          <value>true</value>
        </item>
        <item>
          <key>custom.triggerrCondition.plansGreen.enabled</key>
          <value>false</value>
        </item>
        <item>
          <key>repository.change.poll.pollingPeriod</key>
          <value>180</value>
        </item>
        <item>
          <key>repository.change.poll.type</key>
          <value>PERIOD</value>
        </item>
        <item>
          <key>repository.change.poll.cronExpression</key>
          <value>0 0 0 ? * *</value>
        </item>
      </config>
    </buildStrategy>
  </buildStrategies>
  <branchIntegration>
    <enabled>true</enabled>
    <strategy>GATE_KEEPER</strategy>
    <gateKeeper>
      <checkoutBranch>SW-MAS</checkoutBranch>
      <pushEnabled>false</pushEnabled>
    </gateKeeper>
  </branchIntegration>
  <branchConfiguration>
    <cleanup>
      <disabled>true</disabled>
    </cleanup>
    <notificationStrategy>notifyCommitters</notificationStrategy>
  </branchConfiguration>
  <bambooDelimiterParsingDisabled>true</bambooDelimiterParsingDisabled>
</configuration>
]]></xml>
     </definition>
     <notificationSet>
      <id>1441794</id>
      <notification>
       <id>1605633</id>
       <conditionKey>com.atlassian.bamboo.plugin.system.notifications:chainCompleted.failedChains</conditionKey>
       <recipientType>com.atlassian.bamboo.plugin.system.notifications:recipient.committer</recipientType>
      </notification>
      <notification>
       <id>1605634</id>
       <conditionKey>com.atlassian.bamboo.plugin.system.notifications:chainCompleted.failedChains</conditionKey>
       <recipientType>com.atlassian.bamboo.plugin.system.notifications:recipient.watcher</recipientType>
      </notification>
     </notificationSet>
     <stages>
      <stage>
       <id>1638401</id>
       <name>Default Stage</name>
       <builds>
        <build>
         <buildKey>SW-MAS0-JOB1</buildKey>
        </build>
       </builds>
      </stage>
      <stage>
       <id>2981892</id>
       <name>Release Build</name>
       <description>Builds the NuGet package</description>
       <builds>
        <build>
         <buildKey>SW-MAS0-GRB</buildKey>
        </build>
       </builds>
      </stage>
     </stages>
     <commitInformation>
      <id>1769473</id>
      <latestChangesetId>3ba7d62ee9fb08f8497b0bbcedd2dfb8e3b04d0a</latestChangesetId>
      <latestCommitDate>portable AD 2015-02-26 21:27:25.000 +1100</latestCommitDate>
      <latestCommitAuthorId>786433</latestCommitAuthorId>
     </commitInformation>
     <remoteJiraLinkRequired>false</remoteJiraLinkRequired>
    </branch>
   </branches>
  </project>
  <project>
   <id>4980737</id>
   <creationDate>portable AD 2015-03-02 11:56:09.049 +1100</creationDate>
   <modificationDate>portable AD 2015-03-02 11:56:09.049 +1100</modificationDate>
   <key>SC</key>
   <name>Selkie Common</name>
   <subplans>
    <subplan>
     <id>5013510</id>
     <creationDate>portable AD 2015-03-02 13:10:48.447 +1100</creationDate>
     <modificationDate>portable AD 2015-03-02 15:55:08.023 +1100</modificationDate>
     <key>SC-MAS-JOB1</key>
     <buildKey>JOB1</buildKey>
     <buildName>NUnit Build</buildName>
     <firstBuildNumber>1</firstBuildNumber>
     <lastBuildNumber>32</lastBuildNumber>
     <nextBuildNumber>33</nextBuildNumber>
     <suspendedFromBuilding>false</suspendedFromBuilding>
     <definition>
      <id>5177349</id>
      <xml><![CDATA[<?xml version="1.0" encoding="UTF-8" standalone="no"?>
<configuration xml:space="preserve">
  <isMergedConfiguration>false</isMergedConfiguration>
  <cleanWorkingDirectory>false</cleanWorkingDirectory>
  <repositoryDefiningWorkingDirectory>-1</repositoryDefiningWorkingDirectory>
  <buildTasks>
    <taskDefinition>
      <id>1</id>
      <userDescription>Checkout Code</userDescription>
      <isEnabled>true</isEnabled>
      <pluginKey>com.atlassian.bamboo.plugins.vcs:task.vcs.checkout</pluginKey>
      <finalising>false</finalising>
      <rootDirectoryType>INHERITED</rootDirectoryType>
      <repositoryDefiningWorkingDir>-1</repositoryDefiningWorkingDir>
      <config>
        <item>
          <key>selectedRepository_2</key>
          <value>5341189</value>
        </item>
        <item>
          <key>checkoutDir_2</key>
          <value>Tools</value>
        </item>
        <item>
          <key>cleanCheckout</key>
          <value/>
        </item>
        <item>
          <key>checkoutDir_1</key>
          <value>Scripts</value>
        </item>
        <item>
          <key>checkoutDir_0</key>
          <value/>
        </item>
        <item>
          <key>selectedRepository_0</key>
          <value>5341192</value>
        </item>
        <item>
          <key>selectedRepository_1</key>
          <value>5341191</value>
        </item>
      </config>
    </taskDefinition>
    <taskDefinition>
      <id>2</id>
      <userDescription>Search For Lost Files</userDescription>
      <isEnabled>true</isEnabled>
      <pluginKey>com.atlassian.bamboo.plugins.scripttask:task.builder.script</pluginKey>
      <finalising>false</finalising>
      <rootDirectoryType>INHERITED</rootDirectoryType>
      <repositoryDefiningWorkingDir>-1</repositoryDefiningWorkingDir>
      <config>
        <item>
          <key>argument</key>
          <value>Selkie.Common.sln</value>
        </item>
        <item>
          <key>scriptLocation</key>
          <value>FILE</value>
        </item>
        <item>
          <key>environmentVariables</key>
          <value/>
        </item>
        <item>
          <key>runWithPowershell</key>
          <value>true</value>
        </item>
        <item>
          <key>scriptBody</key>
          <value/>
        </item>
        <item>
          <key>script</key>
          <value>Scripts/Get-FilesNotInSolution.ps1</value>
        </item>
        <item>
          <key>workingSubDirectory</key>
          <value/>
        </item>
      </config>
    </taskDefinition>
    <taskDefinition>
      <id>4</id>
      <userDescription>Update Assembly Version</userDescription>
      <isEnabled>true</isEnabled>
      <pluginKey>com.atlassian.bamboo.plugins.scripttask:task.builder.script</pluginKey>
      <finalising>false</finalising>
      <rootDirectoryType>INHERITED</rootDirectoryType>
      <repositoryDefiningWorkingDir>-1</repositoryDefiningWorkingDir>
      <config>
        <item>
          <key>argument</key>
          <value>${bamboo.majorVersionNumber}.${bamboo.minorVersionNumber}.${bamboo.buildNumber} .\</value>
        </item>
        <item>
          <key>scriptLocation</key>
          <value>FILE</value>
        </item>
        <item>
          <key>environmentVariables</key>
          <value/>
        </item>
        <item>
          <key>runWithPowershell</key>
          <value>true</value>
        </item>
        <item>
          <key>scriptBody</key>
          <value/>
        </item>
        <item>
          <key>script</key>
          <value>Scripts/Set-AssemblyVersion.ps1</value>
        </item>
        <item>
          <key>workingSubDirectory</key>
          <value/>
        </item>
      </config>
    </taskDefinition>
    <taskDefinition>
      <id>5</id>
      <userDescription>Update NuGet Version</userDescription>
      <isEnabled>true</isEnabled>
      <pluginKey>com.atlassian.bamboo.plugins.scripttask:task.builder.script</pluginKey>
      <finalising>false</finalising>
      <rootDirectoryType>INHERITED</rootDirectoryType>
      <repositoryDefiningWorkingDir>-1</repositoryDefiningWorkingDir>
      <config>
        <item>
          <key>argument</key>
          <value>${bamboo.majorVersionNumber}.${bamboo.minorVersionNumber}.${bamboo.buildNumber}.0  NuGet.Selkie.Common\Package.nuspec</value>
        </item>
        <item>
          <key>scriptLocation</key>
          <value>FILE</value>
        </item>
        <item>
          <key>environmentVariables</key>
          <value/>
        </item>
        <item>
          <key>runWithPowershell</key>
          <value>true</value>
        </item>
        <item>
          <key>scriptBody</key>
          <value/>
        </item>
        <item>
          <key>script</key>
          <value>Scripts/Set-NuGetVersion.ps1</value>
        </item>
        <item>
          <key>workingSubDirectory</key>
          <value/>
        </item>
      </config>
    </taskDefinition>
    <taskDefinition>
      <id>9</id>
      <userDescription>Update NuGet Dependencies</userDescription>
      <isEnabled>true</isEnabled>
      <pluginKey>com.atlassian.bamboo.plugins.scripttask:task.builder.script</pluginKey>
      <finalising>false</finalising>
      <rootDirectoryType>INHERITED</rootDirectoryType>
      <repositoryDefiningWorkingDir>-1</repositoryDefiningWorkingDir>
      <config>
        <item>
          <key>argument</key>
          <value>Selkie.Common\packages.config NuGet.Selkie.Common\Package.nuspec</value>
        </item>
        <item>
          <key>scriptLocation</key>
          <value>INLINE</value>
        </item>
        <item>
          <key>environmentVariables</key>
          <value/>
        </item>
        <item>
          <key>runWithPowershell</key>
          <value/>
        </item>
        <item>
          <key>scriptBody</key>
          <value>Tools\NuSpecUpdater\Selkie.NuGet.DependencyUpdater.exe %1 %2</value>
        </item>
        <item>
          <key>script</key>
          <value>Tools\NuSpecUpdater\Selkie.NuGet.DependencyUpdater.exe</value>
        </item>
        <item>
          <key>workingSubDirectory</key>
          <value/>
        </item>
      </config>
    </taskDefinition>
    <taskDefinition>
      <id>6</id>
      <userDescription>NUnit Tests</userDescription>
      <isEnabled>false</isEnabled>
      <pluginKey>com.atlassian.bamboo.plugin.dotnet:nunitRunner</pluginKey>
      <finalising>false</finalising>
      <rootDirectoryType>INHERITED</rootDirectoryType>
      <repositoryDefiningWorkingDir>-1</repositoryDefiningWorkingDir>
      <config>
        <item>
          <key>include</key>
          <value/>
        </item>
        <item>
          <key>environmentVariables</key>
          <value/>
        </item>
        <item>
          <key>nunitResultsFile</key>
          <value>TestResult.xml</value>
        </item>
        <item>
          <key>commandLineOptions</key>
          <value/>
        </item>
        <item>
          <key>run</key>
          <value/>
        </item>
        <item>
          <key>exclude</key>
          <value/>
        </item>
        <item>
          <key>label</key>
          <value>NUnit 2.6.4</value>
        </item>
        <item>
          <key>nunitTestFiles</key>
          <value>Selkie.Windsor.Tests/bin/Debug/Selkie.Windsor.Tests.dll</value>
        </item>
      </config>
    </taskDefinition>
    <taskDefinition>
      <id>3</id>
      <userDescription>Clean Debug Build</userDescription>
      <isEnabled>true</isEnabled>
      <pluginKey>com.atlassian.bamboo.plugin.dotnet:msbuild</pluginKey>
      <finalising>false</finalising>
      <rootDirectoryType>INHERITED</rootDirectoryType>
      <repositoryDefiningWorkingDir>-1</repositoryDefiningWorkingDir>
      <config>
        <item>
          <key>solution</key>
          <value>Selkie.Common.sln</value>
        </item>
        <item>
          <key>environmentVariables</key>
          <value/>
        </item>
        <item>
          <key>options</key>
          <value>/t:Clean,Build /p:configuration=Debug /m</value>
        </item>
        <item>
          <key>label</key>
          <value>MSBuild Amd64</value>
        </item>
        <item>
          <key>workingSubDirectory</key>
          <value/>
        </item>
      </config>
    </taskDefinition>
    <taskDefinition>
      <id>8</id>
      <userDescription>NUnit Parser</userDescription>
      <isEnabled>false</isEnabled>
      <pluginKey>com.atlassian.bamboo.plugin.dotnet:nunit</pluginKey>
      <finalising>false</finalising>
      <rootDirectoryType>INHERITED</rootDirectoryType>
      <repositoryDefiningWorkingDir>-1</repositoryDefiningWorkingDir>
      <config>
        <item>
          <key>testResultsDirectory</key>
          <value>**/test-reports/*.xml</value>
        </item>
        <item>
          <key>pickupOutdatedFiles</key>
          <value/>
        </item>
      </config>
    </taskDefinition>
    <taskDefinition>
      <id>7</id>
      <userDescription>NCrunch</userDescription>
      <isEnabled>false</isEnabled>
      <pluginKey>com.atlassian.bamboo.plugins.scripttask:task.builder.script</pluginKey>
      <finalising>false</finalising>
      <rootDirectoryType>INHERITED</rootDirectoryType>
      <repositoryDefiningWorkingDir>-1</repositoryDefiningWorkingDir>
      <config>
        <item>
          <key>argument</key>
          <value/>
        </item>
        <item>
          <key>scriptLocation</key>
          <value>INLINE</value>
        </item>
        <item>
          <key>environmentVariables</key>
          <value/>
        </item>
        <item>
          <key>runWithPowershell</key>
          <value/>
        </item>
        <item>
          <key>scriptBody</key>
          <value>"C:\Program Files (x86)\Remco Software\NCrunch Console Tool\NCrunch.exe" /license "Thomas Schroedter" "PIGI-4FIA-MVCJ-BESU-MR2X-462Q-3B1N-WGBM-UVLS-NQW4-NQEW-5D5L"  Selkie.Windsor.sln /vs 2013 -MaxNumberOfProcessingThreads 4</value>
        </item>
        <item>
          <key>script</key>
          <value/>
        </item>
        <item>
          <key>workingSubDirectory</key>
          <value/>
        </item>
      </config>
    </taskDefinition>
  </buildTasks>
  <buildStrategies>
    <defined>true</defined>
  </buildStrategies>
  <branches>
    <monitoringEnabled>false</monitoringEnabled>
    <matchingPattern/>
    <inactivityInDays>30</inactivityInDays>
    <defaultNotificationStrategy>notifyCommitters</defaultNotificationStrategy>
    <issueLinking>true</issueLinking>
    <monitorPullRequests>false</monitorPullRequests>
  </branches>
  <branches>
    <defaultBranchIntegration>
      <enabled>false</enabled>
    </defaultBranchIntegration>
  </branches>
  <branchIntegration>
    <enabled>false</enabled>
  </branchIntegration>
  <branchConfiguration>
    <cleanup>
      <disabled>false</disabled>
    </cleanup>
    <notificationStrategy>notifyCommitters</notificationStrategy>
  </branchConfiguration>
  <bambooDelimiterParsingDisabled>true</bambooDelimiterParsingDisabled>
</configuration>
]]></xml>
     </definition>
     <requirementSet>
      <id>5111812</id>
      <requirement>
       <id>5144603</id>
       <key>system.builder.msbuild.MSBuild Amd64</key>
       <pluginModuleKey>com.atlassian.bamboo.plugin.dotnet:msbuild</pluginModuleKey>
       <ownerId>3</ownerId>
       <value readOnly="true" regex="true">.*</value>
      </requirement>
     </requirementSet>
    </subplan>
   </subplans>
   <subplans>
    <subplan>
     <id>5013511</id>
     <creationDate>portable AD 2015-03-02 13:10:48.477 +1100</creationDate>
     <modificationDate>portable AD 2015-03-02 15:55:55.369 +1100</modificationDate>
     <key>SC-MAS-GRB</key>
     <buildKey>GRB</buildKey>
     <buildName>Release Build</buildName>
     <description>Get the source and build the solution</description>
     <firstBuildNumber>1</firstBuildNumber>
     <lastBuildNumber>32</lastBuildNumber>
     <nextBuildNumber>33</nextBuildNumber>
     <suspendedFromBuilding>false</suspendedFromBuilding>
     <definition>
      <id>5177350</id>
      <xml><![CDATA[<?xml version="1.0" encoding="UTF-8" standalone="no"?>
<configuration xml:space="preserve">
  <isMergedConfiguration>false</isMergedConfiguration>
  <cleanWorkingDirectory>false</cleanWorkingDirectory>
  <repositoryDefiningWorkingDirectory>-1</repositoryDefiningWorkingDirectory>
  <buildTasks>
    <taskDefinition>
      <id>1</id>
      <userDescription>Checkout Code</userDescription>
      <isEnabled>true</isEnabled>
      <pluginKey>com.atlassian.bamboo.plugins.vcs:task.vcs.checkout</pluginKey>
      <finalising>false</finalising>
      <rootDirectoryType>INHERITED</rootDirectoryType>
      <repositoryDefiningWorkingDir>-1</repositoryDefiningWorkingDir>
      <config>
        <item>
          <key>selectedRepository_2</key>
          <value>5341189</value>
        </item>
        <item>
          <key>checkoutDir_2</key>
          <value>Tools</value>
        </item>
        <item>
          <key>cleanCheckout</key>
          <value/>
        </item>
        <item>
          <key>checkoutDir_1</key>
          <value>Scripts</value>
        </item>
        <item>
          <key>checkoutDir_0</key>
          <value/>
        </item>
        <item>
          <key>selectedRepository_0</key>
          <value>5341192</value>
        </item>
        <item>
          <key>selectedRepository_1</key>
          <value>5341191</value>
        </item>
      </config>
    </taskDefinition>
    <taskDefinition>
      <id>2</id>
      <userDescription>Search For Lost Files</userDescription>
      <isEnabled>true</isEnabled>
      <pluginKey>com.atlassian.bamboo.plugins.scripttask:task.builder.script</pluginKey>
      <finalising>false</finalising>
      <rootDirectoryType>INHERITED</rootDirectoryType>
      <repositoryDefiningWorkingDir>-1</repositoryDefiningWorkingDir>
      <config>
        <item>
          <key>argument</key>
          <value>Selkie.Common.sln</value>
        </item>
        <item>
          <key>scriptLocation</key>
          <value>FILE</value>
        </item>
        <item>
          <key>environmentVariables</key>
          <value/>
        </item>
        <item>
          <key>runWithPowershell</key>
          <value>true</value>
        </item>
        <item>
          <key>scriptBody</key>
          <value/>
        </item>
        <item>
          <key>script</key>
          <value>Scripts/Get-FilesNotInSolution.ps1</value>
        </item>
        <item>
          <key>workingSubDirectory</key>
          <value/>
        </item>
      </config>
    </taskDefinition>
    <taskDefinition>
      <id>4</id>
      <userDescription>Update Assembly Version</userDescription>
      <isEnabled>true</isEnabled>
      <pluginKey>com.atlassian.bamboo.plugins.scripttask:task.builder.script</pluginKey>
      <finalising>false</finalising>
      <rootDirectoryType>INHERITED</rootDirectoryType>
      <repositoryDefiningWorkingDir>-1</repositoryDefiningWorkingDir>
      <config>
        <item>
          <key>argument</key>
          <value>${bamboo.majorVersionNumber}.${bamboo.minorVersionNumber}.${bamboo.buildNumber} .\</value>
        </item>
        <item>
          <key>scriptLocation</key>
          <value>FILE</value>
        </item>
        <item>
          <key>environmentVariables</key>
          <value/>
        </item>
        <item>
          <key>runWithPowershell</key>
          <value>true</value>
        </item>
        <item>
          <key>scriptBody</key>
          <value/>
        </item>
        <item>
          <key>script</key>
          <value>Scripts/Set-AssemblyVersion.ps1</value>
        </item>
        <item>
          <key>workingSubDirectory</key>
          <value/>
        </item>
      </config>
    </taskDefinition>
    <taskDefinition>
      <id>5</id>
      <userDescription>Update NuGet Version</userDescription>
      <isEnabled>true</isEnabled>
      <pluginKey>com.atlassian.bamboo.plugins.scripttask:task.builder.script</pluginKey>
      <finalising>false</finalising>
      <rootDirectoryType>INHERITED</rootDirectoryType>
      <repositoryDefiningWorkingDir>-1</repositoryDefiningWorkingDir>
      <config>
        <item>
          <key>argument</key>
          <value>${bamboo.majorVersionNumber}.${bamboo.minorVersionNumber}.${bamboo.buildNumber}.0  NuGet.Selkie.Common\Package.nuspec</value>
        </item>
        <item>
          <key>scriptLocation</key>
          <value>FILE</value>
        </item>
        <item>
          <key>environmentVariables</key>
          <value/>
        </item>
        <item>
          <key>runWithPowershell</key>
          <value>true</value>
        </item>
        <item>
          <key>scriptBody</key>
          <value/>
        </item>
        <item>
          <key>script</key>
          <value>Scripts/Set-NuGetVersion.ps1</value>
        </item>
        <item>
          <key>workingSubDirectory</key>
          <value/>
        </item>
      </config>
    </taskDefinition>
    <taskDefinition>
      <id>6</id>
      <userDescription>Update NuGet Dependencies</userDescription>
      <isEnabled>true</isEnabled>
      <pluginKey>com.atlassian.bamboo.plugins.scripttask:task.builder.script</pluginKey>
      <finalising>false</finalising>
      <rootDirectoryType>INHERITED</rootDirectoryType>
      <repositoryDefiningWorkingDir>-1</repositoryDefiningWorkingDir>
      <config>
        <item>
          <key>argument</key>
          <value>Selkie.Common\packages.config NuGet.Selkie.Common\Package.nuspec</value>
        </item>
        <item>
          <key>scriptLocation</key>
          <value>INLINE</value>
        </item>
        <item>
          <key>environmentVariables</key>
          <value/>
        </item>
        <item>
          <key>runWithPowershell</key>
          <value/>
        </item>
        <item>
          <key>scriptBody</key>
          <value>Tools\NuSpecUpdater\Selkie.NuGet.DependencyUpdater.exe %1 %2</value>
        </item>
        <item>
          <key>script</key>
          <value>Tools\NuSpecUpdater\Selkie.NuGet.DependencyUpdater.exe</value>
        </item>
        <item>
          <key>workingSubDirectory</key>
          <value/>
        </item>
      </config>
    </taskDefinition>
    <taskDefinition>
      <id>3</id>
      <userDescription>Clean Release Build</userDescription>
      <isEnabled>true</isEnabled>
      <pluginKey>com.atlassian.bamboo.plugin.dotnet:msbuild</pluginKey>
      <finalising>false</finalising>
      <rootDirectoryType>INHERITED</rootDirectoryType>
      <repositoryDefiningWorkingDir>-1</repositoryDefiningWorkingDir>
      <config>
        <item>
          <key>solution</key>
          <value>Selkie.Common.sln</value>
        </item>
        <item>
          <key>environmentVariables</key>
          <value/>
        </item>
        <item>
          <key>options</key>
          <value>/t:Clean,Build /p:configuration=Release /m</value>
        </item>
        <item>
          <key>label</key>
          <value>MSBuild Amd64</value>
        </item>
        <item>
          <key>workingSubDirectory</key>
          <value/>
        </item>
      </config>
    </taskDefinition>
  </buildTasks>
  <buildStrategies>
    <defined>true</defined>
  </buildStrategies>
  <branches>
    <monitoringEnabled>false</monitoringEnabled>
    <matchingPattern/>
    <inactivityInDays>30</inactivityInDays>
    <defaultNotificationStrategy>notifyCommitters</defaultNotificationStrategy>
    <issueLinking>true</issueLinking>
    <monitorPullRequests>false</monitorPullRequests>
  </branches>
  <branches>
    <defaultBranchIntegration>
      <enabled>false</enabled>
    </defaultBranchIntegration>
  </branches>
  <branchIntegration>
    <enabled>false</enabled>
  </branchIntegration>
  <branchConfiguration>
    <cleanup>
      <disabled>false</disabled>
    </cleanup>
    <notificationStrategy>notifyCommitters</notificationStrategy>
  </branchConfiguration>
  <bambooDelimiterParsingDisabled>true</bambooDelimiterParsingDisabled>
</configuration>
]]></xml>
     </definition>
     <requirementSet>
      <id>5111813</id>
      <requirement>
       <id>5144599</id>
       <key>system.builder.msbuild.MSBuild Amd64</key>
       <pluginModuleKey>com.atlassian.bamboo.plugin.dotnet:msbuild</pluginModuleKey>
       <ownerId>3</ownerId>
       <value readOnly="true" regex="true">.*</value>
      </requirement>
     </requirementSet>
    </subplan>
   </subplans>
   <chains>
    <chain>
     <id>5013509</id>
     <creationDate>portable AD 2015-03-02 13:10:48.392 +1100</creationDate>
     <modificationDate>portable AD 2015-03-02 16:34:35.972 +1100</modificationDate>
     <key>SC-MAS</key>
     <buildKey>MAS</buildKey>
     <buildName>Master</buildName>
     <firstBuildNumber>1</firstBuildNumber>
     <lastBuildNumber>32</lastBuildNumber>
     <nextBuildNumber>33</nextBuildNumber>
     <suspendedFromBuilding>false</suspendedFromBuilding>
     <definition>
      <id>5177351</id>
      <xml><![CDATA[<?xml version="1.0" encoding="UTF-8" standalone="no"?>
<configuration xml:space="preserve">
  <isMergedConfiguration>false</isMergedConfiguration>
  <cleanWorkingDirectory>false</cleanWorkingDirectory>
  <repositoryDefiningWorkingDirectory>0</repositoryDefiningWorkingDirectory>
  <buildStrategies>
    <defined>true</defined>
    <buildStrategy>
      <id>0</id>
      <key>poll</key>
      <name/>
      <triggeringRepositories>6422529,5341189,5341191,5341192</triggeringRepositories>
      <config>
        <item>
          <key>bambooDelimiterParsingDisabled</key>
          <value>true</value>
        </item>
        <item>
          <key>custom.triggerrCondition.plansGreen.enabled</key>
          <value>true</value>
        </item>
        <item>
          <key>custom.triggerrCondition.plansGreen.plans</key>
          <value>SW-MAS</value>
        </item>
        <item>
          <key>repository.change.poll.pollingPeriod</key>
          <value>180</value>
        </item>
        <item>
          <key>repository.change.poll.type</key>
          <value>PERIOD</value>
        </item>
        <item>
          <key>repository.change.poll.cronExpression</key>
          <value>0 0 0 ? * *</value>
        </item>
      </config>
    </buildStrategy>
  </buildStrategies>
  <branches>
    <monitoringEnabled>true</monitoringEnabled>
    <matchingPattern>development</matchingPattern>
    <inactivityInDays>30</inactivityInDays>
    <defaultNotificationStrategy>notifyCommitters</defaultNotificationStrategy>
    <issueLinking>false</issueLinking>
    <monitorPullRequests>false</monitorPullRequests>
  </branches>
  <branches>
    <defaultBranchIntegration>
      <enabled>true</enabled>
      <strategy>GATE_KEEPER</strategy>
      <gateKeeper>
        <checkoutBranch>SC-MAS</checkoutBranch>
        <pushEnabled>false</pushEnabled>
      </gateKeeper>
    </defaultBranchIntegration>
  </branches>
  <branchIntegration>
    <enabled>false</enabled>
  </branchIntegration>
  <branchConfiguration>
    <cleanup>
      <disabled>false</disabled>
    </cleanup>
    <notificationStrategy>notifyCommitters</notificationStrategy>
  </branchConfiguration>
  <custom>
    <dependencies>
      <triggerForBranches>true</triggerForBranches>
      <trigger>
        <remote>
          <strategy>None</strategy>
        </remote>
      </trigger>
    </dependencies>
  </custom>
  <bambooDelimiterParsingDisabled>true</bambooDelimiterParsingDisabled>
</configuration>
]]></xml>
     </definition>
     <notificationSet>
      <id>5046274</id>
     </notificationSet>
     <stages>
      <stage>
       <id>5079044</id>
       <name>Default Stage</name>
       <builds>
        <build>
         <buildKey>SC-MAS-JOB1</buildKey>
        </build>
       </builds>
      </stage>
      <stage>
       <id>5079045</id>
       <name>Release Build</name>
       <description>Builds the NuGet package</description>
       <builds>
        <build>
         <buildKey>SC-MAS-GRB</buildKey>
        </build>
       </builds>
      </stage>
     </stages>
    </chain>
   </chains>
  </project>
 </projects>
</bamboo>