<?xml version='1.1' encoding='UTF-8' standalone='yes'?>
<bamboo>
 <date>Mon Mar 02 16:48:47 AEDT 2015</date>
 <version>5.7.2</version>
 <buildDate>02-Dec-2014</buildDate>
 <build>5716</build>
 <serverID>BG3Y-XJ99-GC6Z-FPP1</serverID>
 <testCases>
  <testCase>
   <id>1507329</id>
   <testClassId>1474561</testClassId>
   <name>TransientNameTest</name>
   <numOfSuccessfulRuns>26</numOfSuccessfulRuns>
   <numOfFailedRuns>0</numOfFailedRuns>
   <avgDuration>0</avgDuration>
   <firstRanBuildNo>24</firstRanBuildNo>
   <lastRanBuildNo>81</lastRanBuildNo>
  </testCase>
  <testCase>
   <id>1507330</id>
   <testClassId>1474561</testClassId>
   <name>SingeltonLifestyleTest</name>
   <numOfSuccessfulRuns>26</numOfSuccessfulRuns>
   <numOfFailedRuns>0</numOfFailedRuns>
   <avgDuration>1</avgDuration>
   <firstRanBuildNo>24</firstRanBuildNo>
   <lastRanBuildNo>81</lastRanBuildNo>
  </testCase>
  <testCase>
   <id>1507331</id>
   <testClassId>1474562</testClassId>
   <name>InstallCallsLoadTest</name>
   <numOfSuccessfulRuns>26</numOfSuccessfulRuns>
   <numOfFailedRuns>0</numOfFailedRuns>
   <avgDuration>790</avgDuration>
   <firstRanBuildNo>24</firstRanBuildNo>
   <lastRanBuildNo>81</lastRanBuildNo>
  </testCase>
  <testCase>
   <id>1507332</id>
   <testClassId>1474561</testClassId>
   <name>TransientLifestyleTest</name>
   <numOfSuccessfulRuns>26</numOfSuccessfulRuns>
   <numOfFailedRuns>0</numOfFailedRuns>
   <avgDuration>0</avgDuration>
   <firstRanBuildNo>24</firstRanBuildNo>
   <lastRanBuildNo>81</lastRanBuildNo>
  </testCase>
  <testCase>
   <id>1507333</id>
   <testClassId>1474563</testClassId>
   <name>InjectTest</name>
   <numOfSuccessfulRuns>26</numOfSuccessfulRuns>
   <numOfFailedRuns>0</numOfFailedRuns>
   <avgDuration>31</avgDuration>
   <firstRanBuildNo>24</firstRanBuildNo>
   <lastRanBuildNo>81</lastRanBuildNo>
  </testCase>
  <testCase>
   <id>1507334</id>
   <testClassId>1474564</testClassId>
   <name>LifestyleSingletonParseTest</name>
   <numOfSuccessfulRuns>26</numOfSuccessfulRuns>
   <numOfFailedRuns>0</numOfFailedRuns>
   <avgDuration>3</avgDuration>
   <firstRanBuildNo>24</firstRanBuildNo>
   <lastRanBuildNo>81</lastRanBuildNo>
  </testCase>
  <testCase>
   <id>1507335</id>
   <testClassId>1474564</testClassId>
   <name>LifestyleTransientToStringTest</name>
   <numOfSuccessfulRuns>26</numOfSuccessfulRuns>
   <numOfFailedRuns>0</numOfFailedRuns>
   <avgDuration>0</avgDuration>
   <firstRanBuildNo>24</firstRanBuildNo>
   <lastRanBuildNo>81</lastRanBuildNo>
  </testCase>
  <testCase>
   <id>1507336</id>
   <testClassId>1474561</testClassId>
   <name>SingeltonNameTest</name>
   <numOfSuccessfulRuns>26</numOfSuccessfulRuns>
   <numOfFailedRuns>0</numOfFailedRuns>
   <avgDuration>0</avgDuration>
   <firstRanBuildNo>24</firstRanBuildNo>
   <lastRanBuildNo>81</lastRanBuildNo>
  </testCase>
  <testCase>
   <id>1507337</id>
   <testClassId>1474562</testClassId>
   <name>InstallComponentsWasCalledTest</name>
   <numOfSuccessfulRuns>26</numOfSuccessfulRuns>
   <numOfFailedRuns>0</numOfFailedRuns>
   <avgDuration>2</avgDuration>
   <firstRanBuildNo>24</firstRanBuildNo>
   <lastRanBuildNo>81</lastRanBuildNo>
  </testCase>
  <testCase>
   <id>1507338</id>
   <testClassId>1474564</testClassId>
   <name>LifestyleSingletonToStringTest</name>
   <numOfSuccessfulRuns>26</numOfSuccessfulRuns>
   <numOfFailedRuns>0</numOfFailedRuns>
   <avgDuration>0</avgDuration>
   <firstRanBuildNo>24</firstRanBuildNo>
   <lastRanBuildNo>81</lastRanBuildNo>
  </testCase>
  <testCase>
   <id>1507339</id>
   <testClassId>1474564</testClassId>
   <name>LifestyleTransientParseTest</name>
   <numOfSuccessfulRuns>26</numOfSuccessfulRuns>
   <numOfFailedRuns>0</numOfFailedRuns>
   <avgDuration>0</avgDuration>
   <firstRanBuildNo>24</firstRanBuildNo>
   <lastRanBuildNo>81</lastRanBuildNo>
  </testCase>
  <testCase>
   <id>1507340</id>
   <testClassId>1474565</testClassId>
   <name>TransientNameTest</name>
   <numOfSuccessfulRuns>1</numOfSuccessfulRuns>
   <numOfFailedRuns>0</numOfFailedRuns>
   <avgDuration>0</avgDuration>
   <firstRanBuildNo>2</firstRanBuildNo>
   <lastRanBuildNo>2</lastRanBuildNo>
  </testCase>
  <testCase>
   <id>1507341</id>
   <testClassId>1474565</testClassId>
   <name>SingeltonLifestyleTest</name>
   <numOfSuccessfulRuns>1</numOfSuccessfulRuns>
   <numOfFailedRuns>0</numOfFailedRuns>
   <avgDuration>1</avgDuration>
   <firstRanBuildNo>2</firstRanBuildNo>
   <lastRanBuildNo>2</lastRanBuildNo>
  </testCase>
  <testCase>
   <id>1507342</id>
   <testClassId>1474566</testClassId>
   <name>InstallCallsLoadTest</name>
   <numOfSuccessfulRuns>1</numOfSuccessfulRuns>
   <numOfFailedRuns>0</numOfFailedRuns>
   <avgDuration>608</avgDuration>
   <firstRanBuildNo>2</firstRanBuildNo>
   <lastRanBuildNo>2</lastRanBuildNo>
  </testCase>
  <testCase>
   <id>1507343</id>
   <testClassId>1474565</testClassId>
   <name>TransientLifestyleTest</name>
   <numOfSuccessfulRuns>1</numOfSuccessfulRuns>
   <numOfFailedRuns>0</numOfFailedRuns>
   <avgDuration>0</avgDuration>
   <firstRanBuildNo>2</firstRanBuildNo>
   <lastRanBuildNo>2</lastRanBuildNo>
  </testCase>
  <testCase>
   <id>1507344</id>
   <testClassId>1474567</testClassId>
   <name>InjectTest</name>
   <numOfSuccessfulRuns>1</numOfSuccessfulRuns>
   <numOfFailedRuns>0</numOfFailedRuns>
   <avgDuration>30</avgDuration>
   <firstRanBuildNo>2</firstRanBuildNo>
   <lastRanBuildNo>2</lastRanBuildNo>
  </testCase>
  <testCase>
   <id>1507345</id>
   <testClassId>1474568</testClassId>
   <name>LifestyleSingletonParseTest</name>
   <numOfSuccessfulRuns>1</numOfSuccessfulRuns>
   <numOfFailedRuns>0</numOfFailedRuns>
   <avgDuration>3</avgDuration>
   <firstRanBuildNo>2</firstRanBuildNo>
   <lastRanBuildNo>2</lastRanBuildNo>
  </testCase>
  <testCase>
   <id>1507346</id>
   <testClassId>1474568</testClassId>
   <name>LifestyleTransientToStringTest</name>
   <numOfSuccessfulRuns>1</numOfSuccessfulRuns>
   <numOfFailedRuns>0</numOfFailedRuns>
   <avgDuration>0</avgDuration>
   <firstRanBuildNo>2</firstRanBuildNo>
   <lastRanBuildNo>2</lastRanBuildNo>
  </testCase>
  <testCase>
   <id>1507347</id>
   <testClassId>1474565</testClassId>
   <name>SingeltonNameTest</name>
   <numOfSuccessfulRuns>1</numOfSuccessfulRuns>
   <numOfFailedRuns>0</numOfFailedRuns>
   <avgDuration>0</avgDuration>
   <firstRanBuildNo>2</firstRanBuildNo>
   <lastRanBuildNo>2</lastRanBuildNo>
  </testCase>
  <testCase>
   <id>1507348</id>
   <testClassId>1474566</testClassId>
   <name>InstallComponentsWasCalledTest</name>
   <numOfSuccessfulRuns>1</numOfSuccessfulRuns>
   <numOfFailedRuns>0</numOfFailedRuns>
   <avgDuration>2</avgDuration>
   <firstRanBuildNo>2</firstRanBuildNo>
   <lastRanBuildNo>2</lastRanBuildNo>
  </testCase>
  <testCase>
   <id>1507349</id>
   <testClassId>1474568</testClassId>
   <name>LifestyleSingletonToStringTest</name>
   <numOfSuccessfulRuns>1</numOfSuccessfulRuns>
   <numOfFailedRuns>0</numOfFailedRuns>
   <avgDuration>0</avgDuration>
   <firstRanBuildNo>2</firstRanBuildNo>
   <lastRanBuildNo>2</lastRanBuildNo>
  </testCase>
  <testCase>
   <id>1507350</id>
   <testClassId>1474568</testClassId>
   <name>LifestyleTransientParseTest</name>
   <numOfSuccessfulRuns>1</numOfSuccessfulRuns>
   <numOfFailedRuns>0</numOfFailedRuns>
   <avgDuration>0</avgDuration>
   <firstRanBuildNo>2</firstRanBuildNo>
   <lastRanBuildNo>2</lastRanBuildNo>
  </testCase>
  <testCase>
   <id>3211276</id>
   <testClassId>3178501</testClassId>
   <name>SingeltonLifestyleTest</name>
   <numOfSuccessfulRuns>32</numOfSuccessfulRuns>
   <numOfFailedRuns>0</numOfFailedRuns>
   <avgDuration>1</avgDuration>
   <firstRanBuildNo>84</firstRanBuildNo>
   <lastRanBuildNo>134</lastRanBuildNo>
  </testCase>
  <testCase>
   <id>3211277</id>
   <testClassId>3178502</testClassId>
   <name>InstallComponentsWasCalledTest</name>
   <numOfSuccessfulRuns>32</numOfSuccessfulRuns>
   <numOfFailedRuns>0</numOfFailedRuns>
   <avgDuration>1</avgDuration>
   <firstRanBuildNo>84</firstRanBuildNo>
   <lastRanBuildNo>134</lastRanBuildNo>
  </testCase>
  <testCase>
   <id>3211278</id>
   <testClassId>3178503</testClassId>
   <name>LifestyleTransientToStringTest</name>
   <numOfSuccessfulRuns>32</numOfSuccessfulRuns>
   <numOfFailedRuns>0</numOfFailedRuns>
   <avgDuration>0</avgDuration>
   <firstRanBuildNo>84</firstRanBuildNo>
   <lastRanBuildNo>134</lastRanBuildNo>
  </testCase>
  <testCase>
   <id>3211279</id>
   <testClassId>3178501</testClassId>
   <name>TransientLifestyleTest</name>
   <numOfSuccessfulRuns>32</numOfSuccessfulRuns>
   <numOfFailedRuns>0</numOfFailedRuns>
   <avgDuration>0</avgDuration>
   <firstRanBuildNo>84</firstRanBuildNo>
   <lastRanBuildNo>134</lastRanBuildNo>
  </testCase>
  <testCase>
   <id>3211280</id>
   <testClassId>3178503</testClassId>
   <name>LifestyleTransientParseTest</name>
   <numOfSuccessfulRuns>32</numOfSuccessfulRuns>
   <numOfFailedRuns>0</numOfFailedRuns>
   <avgDuration>0</avgDuration>
   <firstRanBuildNo>84</firstRanBuildNo>
   <lastRanBuildNo>134</lastRanBuildNo>
  </testCase>
  <testCase>
   <id>3211281</id>
   <testClassId>3178503</testClassId>
   <name>LifestyleSingletonToStringTest</name>
   <numOfSuccessfulRuns>32</numOfSuccessfulRuns>
   <numOfFailedRuns>0</numOfFailedRuns>
   <avgDuration>0</avgDuration>
   <firstRanBuildNo>84</firstRanBuildNo>
   <lastRanBuildNo>134</lastRanBuildNo>
  </testCase>
  <testCase>
   <id>3211282</id>
   <testClassId>3178504</testClassId>
   <name>InjectTest</name>
   <numOfSuccessfulRuns>32</numOfSuccessfulRuns>
   <numOfFailedRuns>0</numOfFailedRuns>
   <avgDuration>29</avgDuration>
   <firstRanBuildNo>84</firstRanBuildNo>
   <lastRanBuildNo>134</lastRanBuildNo>
  </testCase>
  <testCase>
   <id>3211283</id>
   <testClassId>3178503</testClassId>
   <name>LifestyleSingletonParseTest</name>
   <numOfSuccessfulRuns>32</numOfSuccessfulRuns>
   <numOfFailedRuns>0</numOfFailedRuns>
   <avgDuration>2</avgDuration>
   <firstRanBuildNo>84</firstRanBuildNo>
   <lastRanBuildNo>134</lastRanBuildNo>
  </testCase>
  <testCase>
   <id>3211284</id>
   <testClassId>3178501</testClassId>
   <name>SingeltonNameTest</name>
   <numOfSuccessfulRuns>32</numOfSuccessfulRuns>
   <numOfFailedRuns>0</numOfFailedRuns>
   <avgDuration>0</avgDuration>
   <firstRanBuildNo>84</firstRanBuildNo>
   <lastRanBuildNo>134</lastRanBuildNo>
  </testCase>
  <testCase>
   <id>3211285</id>
   <testClassId>3178501</testClassId>
   <name>TransientNameTest</name>
   <numOfSuccessfulRuns>32</numOfSuccessfulRuns>
   <numOfFailedRuns>0</numOfFailedRuns>
   <avgDuration>0</avgDuration>
   <firstRanBuildNo>84</firstRanBuildNo>
   <lastRanBuildNo>134</lastRanBuildNo>
  </testCase>
  <testCase>
   <id>3211286</id>
   <testClassId>3178502</testClassId>
   <name>InstallCallsLoadTest</name>
   <numOfSuccessfulRuns>32</numOfSuccessfulRuns>
   <numOfFailedRuns>0</numOfFailedRuns>
   <avgDuration>759</avgDuration>
   <firstRanBuildNo>84</firstRanBuildNo>
   <lastRanBuildNo>134</lastRanBuildNo>
  </testCase>
  <testCase>
   <id>3211287</id>
   <testClassId>3178505</testClassId>
   <name>SingeltonLifestyleTest</name>
   <numOfSuccessfulRuns>2</numOfSuccessfulRuns>
   <numOfFailedRuns>0</numOfFailedRuns>
   <avgDuration>1</avgDuration>
   <firstRanBuildNo>3</firstRanBuildNo>
   <lastRanBuildNo>4</lastRanBuildNo>
  </testCase>
  <testCase>
   <id>3211288</id>
   <testClassId>3178506</testClassId>
   <name>InstallComponentsWasCalledTest</name>
   <numOfSuccessfulRuns>2</numOfSuccessfulRuns>
   <numOfFailedRuns>0</numOfFailedRuns>
   <avgDuration>2</avgDuration>
   <firstRanBuildNo>3</firstRanBuildNo>
   <lastRanBuildNo>4</lastRanBuildNo>
  </testCase>
  <testCase>
   <id>3211289</id>
   <testClassId>3178507</testClassId>
   <name>LifestyleTransientToStringTest</name>
   <numOfSuccessfulRuns>2</numOfSuccessfulRuns>
   <numOfFailedRuns>0</numOfFailedRuns>
   <avgDuration>0</avgDuration>
   <firstRanBuildNo>3</firstRanBuildNo>
   <lastRanBuildNo>4</lastRanBuildNo>
  </testCase>
  <testCase>
   <id>3211290</id>
   <testClassId>3178505</testClassId>
   <name>TransientLifestyleTest</name>
   <numOfSuccessfulRuns>2</numOfSuccessfulRuns>
   <numOfFailedRuns>0</numOfFailedRuns>
   <avgDuration>0</avgDuration>
   <firstRanBuildNo>3</firstRanBuildNo>
   <lastRanBuildNo>4</lastRanBuildNo>
  </testCase>
  <testCase>
   <id>3211291</id>
   <testClassId>3178507</testClassId>
   <name>LifestyleTransientParseTest</name>
   <numOfSuccessfulRuns>2</numOfSuccessfulRuns>
   <numOfFailedRuns>0</numOfFailedRuns>
   <avgDuration>0</avgDuration>
   <firstRanBuildNo>3</firstRanBuildNo>
   <lastRanBuildNo>4</lastRanBuildNo>
  </testCase>
  <testCase>
   <id>3211292</id>
   <testClassId>3178507</testClassId>
   <name>LifestyleSingletonToStringTest</name>
   <numOfSuccessfulRuns>2</numOfSuccessfulRuns>
   <numOfFailedRuns>0</numOfFailedRuns>
   <avgDuration>0</avgDuration>
   <firstRanBuildNo>3</firstRanBuildNo>
   <lastRanBuildNo>4</lastRanBuildNo>
  </testCase>
  <testCase>
   <id>3211293</id>
   <testClassId>3178508</testClassId>
   <name>InjectTest</name>
   <numOfSuccessfulRuns>2</numOfSuccessfulRuns>
   <numOfFailedRuns>0</numOfFailedRuns>
   <avgDuration>31</avgDuration>
   <firstRanBuildNo>3</firstRanBuildNo>
   <lastRanBuildNo>4</lastRanBuildNo>
  </testCase>
  <testCase>
   <id>3211294</id>
   <testClassId>3178507</testClassId>
   <name>LifestyleSingletonParseTest</name>
   <numOfSuccessfulRuns>2</numOfSuccessfulRuns>
   <numOfFailedRuns>0</numOfFailedRuns>
   <avgDuration>3</avgDuration>
   <firstRanBuildNo>3</firstRanBuildNo>
   <lastRanBuildNo>4</lastRanBuildNo>
  </testCase>
  <testCase>
   <id>3211295</id>
   <testClassId>3178505</testClassId>
   <name>SingeltonNameTest</name>
   <numOfSuccessfulRuns>2</numOfSuccessfulRuns>
   <numOfFailedRuns>0</numOfFailedRuns>
   <avgDuration>0</avgDuration>
   <firstRanBuildNo>3</firstRanBuildNo>
   <lastRanBuildNo>4</lastRanBuildNo>
  </testCase>
  <testCase>
   <id>3211296</id>
   <testClassId>3178505</testClassId>
   <name>TransientNameTest</name>
   <numOfSuccessfulRuns>2</numOfSuccessfulRuns>
   <numOfFailedRuns>0</numOfFailedRuns>
   <avgDuration>0</avgDuration>
   <firstRanBuildNo>3</firstRanBuildNo>
   <lastRanBuildNo>4</lastRanBuildNo>
  </testCase>
  <testCase>
   <id>3211297</id>
   <testClassId>3178506</testClassId>
   <name>InstallCallsLoadTest</name>
   <numOfSuccessfulRuns>2</numOfSuccessfulRuns>
   <numOfFailedRuns>0</numOfFailedRuns>
   <avgDuration>663</avgDuration>
   <firstRanBuildNo>3</firstRanBuildNo>
   <lastRanBuildNo>4</lastRanBuildNo>
  </testCase>
  <testCase>
   <id>4390913</id>
   <testClassId>4358145</testClassId>
   <name>AddingTest</name>
   <numOfSuccessfulRuns>17</numOfSuccessfulRuns>
   <numOfFailedRuns>0</numOfFailedRuns>
   <avgDuration>376</avgDuration>
   <firstRanBuildNo>103</firstRanBuildNo>
   <lastRanBuildNo>134</lastRanBuildNo>
  </testCase>
  <testCase>
   <id>4390914</id>
   <testClassId>4358146</testClassId>
   <name>CallingResolveShouldReturnOnlyOneInstanceTest</name>
   <numOfSuccessfulRuns>17</numOfSuccessfulRuns>
   <numOfFailedRuns>0</numOfFailedRuns>
   <avgDuration>47</avgDuration>
   <firstRanBuildNo>103</firstRanBuildNo>
   <lastRanBuildNo>134</lastRanBuildNo>
  </testCase>
  <testCase>
   <id>4390915</id>
   <testClassId>4358147</testClassId>
   <name>CallingResolveShouldReturnOnlyOneInstanceTest</name>
   <numOfSuccessfulRuns>17</numOfSuccessfulRuns>
   <numOfFailedRuns>0</numOfFailedRuns>
   <avgDuration>10</avgDuration>
   <firstRanBuildNo>103</firstRanBuildNo>
   <lastRanBuildNo>134</lastRanBuildNo>
  </testCase>
  <testCase>
   <id>4390916</id>
   <testClassId>4358147</testClassId>
   <name>AddingTest</name>
   <numOfSuccessfulRuns>17</numOfSuccessfulRuns>
   <numOfFailedRuns>0</numOfFailedRuns>
   <avgDuration>21</avgDuration>
   <firstRanBuildNo>103</firstRanBuildNo>
   <lastRanBuildNo>134</lastRanBuildNo>
  </testCase>
  <testCase>
   <id>4390917</id>
   <testClassId>4358146</testClassId>
   <name>AddingTest</name>
   <numOfSuccessfulRuns>17</numOfSuccessfulRuns>
   <numOfFailedRuns>0</numOfFailedRuns>
   <avgDuration>1555</avgDuration>
   <firstRanBuildNo>103</firstRanBuildNo>
   <lastRanBuildNo>134</lastRanBuildNo>
  </testCase>
  <testCase>
   <id>4390918</id>
   <testClassId>4358145</testClassId>
   <name>CallingResolveShouldReturnOnlyOneInstanceTest</name>
   <numOfSuccessfulRuns>17</numOfSuccessfulRuns>
   <numOfFailedRuns>0</numOfFailedRuns>
   <avgDuration>20</avgDuration>
   <firstRanBuildNo>103</firstRanBuildNo>
   <lastRanBuildNo>134</lastRanBuildNo>
  </testCase>
 </testCases>
</bamboo>