<?xml version='1.1' encoding='UTF-8' standalone='yes'?>
<bamboo>
 <date>Tue Mar 22 20:33:53 AEDT 2016</date>
 <version>5.10.1.1</version>
 <buildDate>08-Feb-2016</buildDate>
 <build>51018</build>
 <serverID>BG3Y-XJ99-GC6Z-FPP1</serverID>
 <auditLogs>
  <auditLog>
   <id>89391172</id>
   <timestamp>1458637698145</timestamp>
   <messageType>FIELD_CHANGE</messageType>
   <message>userDescription</message>
   <oldValue>NuGet Restore Packages</oldValue>
   <newValue>NuGet - Restore Packages</newValue>
   <planKey>SSA-MAS</planKey>
   <jobKey>SSA-MAS-JOB1</jobKey>
   <userName>thomas</userName>
   <entityHeader>Script (NuGet - Restore Packages)</entityHeader>
   <entityType>Task</entityType>
  </auditLog>
  <auditLog>
   <id>89391173</id>
   <timestamp>1458637745519</timestamp>
   <messageType>CONFIG_CHANGE</messageType>
   <message>Task has been created.</message>
   <planKey>SSR-MAS</planKey>
   <jobKey>SSR-MAS-JOB1</jobKey>
   <userName>thomas</userName>
   <entityHeader>Script (Update Setup Version)</entityHeader>
   <entityType>Task</entityType>
  </auditLog>
  <auditLog>
   <id>89391174</id>
   <timestamp>1458637754813</timestamp>
   <messageType>CONFIG_CHANGE</messageType>
   <message>Task has been moved.</message>
   <planKey>SSR-MAS</planKey>
   <jobKey>SSR-MAS-JOB1</jobKey>
   <userName>thomas</userName>
   <entityHeader>Script (Update Setup Version)</entityHeader>
   <entityType>Task</entityType>
  </auditLog>
  <auditLog>
   <id>89391175</id>
   <timestamp>1458637800531</timestamp>
   <messageType>CONFIG_CHANGE</messageType>
   <message>Task has been created.</message>
   <planKey>SSL-MAST</planKey>
   <jobKey>SSL-MAST-JOB1</jobKey>
   <userName>thomas</userName>
   <entityHeader>Script (Update Setup Version)</entityHeader>
   <entityType>Task</entityType>
  </auditLog>
  <auditLog>
   <id>89391176</id>
   <timestamp>1458637808545</timestamp>
   <messageType>CONFIG_CHANGE</messageType>
   <message>Task has been moved.</message>
   <planKey>SSL-MAST</planKey>
   <jobKey>SSL-MAST-JOB1</jobKey>
   <userName>thomas</userName>
   <entityHeader>Script (Update Setup Version)</entityHeader>
   <entityType>Task</entityType>
  </auditLog>
  <auditLog>
   <id>89391177</id>
   <timestamp>1458639233047</timestamp>
   <messageType>CONFIG_CHANGE</messageType>
   <message>Server state changed to 'PAUSING' from 'RUNNING'</message>
   <userName>thomas</userName>
  </auditLog>
  <auditLog>
   <id>89391178</id>
   <timestamp>1458639233049</timestamp>
   <messageType>CONFIG_CHANGE</messageType>
   <message>Server state changed to 'PAUSED' from 'PAUSING'</message>
  </auditLog>
 </auditLogs>
</bamboo>