<?xml version='1.1' encoding='UTF-8' standalone='yes'?>
<bamboo>
 <date>Tue Mar 22 20:33:53 AEDT 2016</date>
 <version>5.10.1.1</version>
 <buildDate>08-Feb-2016</buildDate>
 <build>51018</build>
 <serverID>BG3Y-XJ99-GC6Z-FPP1</serverID>
 <images>
  <image>
   <id>294913</id>
   <awsId>ami-b8da85d2</awsId>
   <configurationName>Amazon Linux S3 stock image</configurationName>
   <configurationDescription>Default Elastic Image Configuration shipped with Bamboo</configurationDescription>
   <instanceType>M1_LARGE</instanceType>
   <shippedWithBamboo>true</shippedWithBamboo>
   <product>Linux/UNIX</product>
   <region>US_EAST_1</region>
   <rootDeviceType>S3</rootDeviceType>
   <architecture>x86_64</architecture>
   <platform>linux</platform>
   <capabilities>
    <capability key="system.builder.ant.Ant 1.9" value="/opt/ant-1.9"/>
    <capability key="system.jdk.JDK 1.6" value="/opt/jdk-6"/>
    <capability key="system.builder.mvn2.Maven 2.2" value="/opt/maven-2.2"/>
    <capability key="system.builder.grailsBuilder.Grails 1.3" value="/opt/grails-1.3"/>
    <capability key="system.builder.grailsBuilder.Grails 2.2" value="/opt/grails-2.2"/>
    <capability key="system.builder.mvn3.Maven 3.1" value="/opt/maven-3.1"/>
    <capability key="system.builder.mvn2.Maven 2.1" value="/opt/maven-2.1"/>
    <capability key="system.builder.grailsBuilder.Grails 2.3" value="/opt/grails-2.3"/>
    <capability key="system.builder.grailsBuilder.Grails 2.0" value="/opt/grails-2.0"/>
    <capability key="system.hg.executable" value="/usr/bin/hg"/>
    <capability key="system.jdk.JDK 1.5" value="/opt/jdk-5"/>
    <capability key="system.builder.grailsBuilder.Grails 1.2" value="/opt/grails-1.2"/>
    <capability key="system.builder.grailsBuilder.Grails 2.1" value="/opt/grails-2.1"/>
    <capability key="system.git.executable" value="/usr/bin/git"/>
    <capability key="system.builder.mvn3.Maven 3.0" value="/opt/maven-3.0"/>
    <capability key="system.builder.ant.Ant 1.8" value="/opt/ant-1.8"/>
    <capability key="system.builder.mvn2.Maven 2" value="/opt/maven-2.2"/>
    <capability key="system.builder.node.Node.js 0.10" value="/opt/node-0.10/bin/node"/>
    <capability key="system.jdk.JDK 1.7" value="/opt/jdk-7"/>
    <capability key="system.builder.phpunit.PHPUnit 3.7" value="/usr/bin/phpunit-3.7"/>
    <capability key="system.builder.mvn3.Maven 3.2" value="/opt/maven-3.2"/>
    <capability key="system.builder.mvn2.Maven 2.0" value="/opt/maven-2.0"/>
    <capability key="system.builder.phpunit.PHPUnit 3.4" value="/usr/bin/phpunit-3.4"/>
    <capability key="system.builder.grailsBuilder.Grails 2.4" value="/opt/grails-2.4"/>
   </capabilities>
  </image>
  <image>
   <id>294914</id>
   <awsId>ami-b69dd0de</awsId>
   <configurationName>Amazon Linux 32bit S3 stock image</configurationName>
   <configurationDescription>Default Elastic Image Configuration shipped with Bamboo</configurationDescription>
   <instanceType>C1_MEDIUM</instanceType>
   <shippedWithBamboo>true</shippedWithBamboo>
   <product>Linux/UNIX</product>
   <region>US_EAST_1</region>
   <rootDeviceType>S3</rootDeviceType>
   <architecture>i386</architecture>
   <platform>linux</platform>
   <capabilities>
    <capability key="system.builder.ant.Ant 1.9" value="/opt/ant-1.9"/>
    <capability key="system.jdk.JDK 1.6" value="/opt/jdk-6"/>
    <capability key="system.builder.mvn2.Maven 2.2" value="/opt/maven-2.2"/>
    <capability key="system.builder.grailsBuilder.Grails 1.3" value="/opt/grails-1.3"/>
    <capability key="system.builder.grailsBuilder.Grails 2.2" value="/opt/grails-2.2"/>
    <capability key="system.builder.mvn3.Maven 3.1" value="/opt/maven-3.1"/>
    <capability key="system.builder.mvn2.Maven 2.1" value="/opt/maven-2.1"/>
    <capability key="system.builder.grailsBuilder.Grails 2.3" value="/opt/grails-2.3"/>
    <capability key="system.builder.grailsBuilder.Grails 2.0" value="/opt/grails-2.0"/>
    <capability key="system.hg.executable" value="/usr/bin/hg"/>
    <capability key="system.jdk.JDK 1.5" value="/opt/jdk-5"/>
    <capability key="system.builder.grailsBuilder.Grails 1.2" value="/opt/grails-1.2"/>
    <capability key="system.builder.grailsBuilder.Grails 2.1" value="/opt/grails-2.1"/>
    <capability key="system.git.executable" value="/usr/bin/git"/>
    <capability key="system.builder.mvn3.Maven 3.0" value="/opt/maven-3.0"/>
    <capability key="system.builder.ant.Ant 1.8" value="/opt/ant-1.8"/>
    <capability key="system.builder.mvn2.Maven 2" value="/opt/maven-2.2"/>
    <capability key="system.builder.node.Node.js 0.10" value="/opt/node-0.10/bin/node"/>
    <capability key="system.jdk.JDK 1.7" value="/opt/jdk-7"/>
    <capability key="system.builder.phpunit.PHPUnit 3.7" value="/usr/bin/phpunit-3.7"/>
    <capability key="system.builder.mvn3.Maven 3.2" value="/opt/maven-3.2"/>
    <capability key="system.builder.mvn2.Maven 2.0" value="/opt/maven-2.0"/>
    <capability key="system.builder.phpunit.PHPUnit 3.4" value="/usr/bin/phpunit-3.4"/>
    <capability key="system.builder.grailsBuilder.Grails 2.4" value="/opt/grails-2.4"/>
   </capabilities>
  </image>
  <image>
   <id>294915</id>
   <awsId>ami-976edafe</awsId>
   <configurationName>Windows 2008 stock image</configurationName>
   <configurationDescription>Default Elastic Image Configuration shipped with Bamboo</configurationDescription>
   <instanceType>M1_LARGE</instanceType>
   <shippedWithBamboo>true</shippedWithBamboo>
   <product>Windows</product>
   <region>US_EAST_1</region>
   <rootDeviceType>EBS</rootDeviceType>
   <architecture>x86_64</architecture>
   <platform>windows</platform>
   <capabilities>
    <capability key="system.jdk.JDK 1.6" value="c:\Program Files\Java\jdk1.6.0"/>
    <capability key="system.builder.nant.Nant" value="c:\opt\nant-0.91"/>
    <capability key="system.builder.mvn2.Maven 2.2" value="c:\opt\maven-2.2"/>
    <capability key="system.builder.ant.Ant" value="c:\opt\ant-1.8"/>
    <capability key="system.builder.mvn3.Maven 3.0" value="c:\opt\maven-3.0"/>
    <capability key="system.git.executable" value="c:\Program Files (x86)\Git\bin\git.exe"/>
    <capability key="system.builder.msbuild.MSBuild v4.0 (32bit)" value="C:\Windows\Microsoft.NET\Framework\v4.0.30319\MSBuild.exe"/>
    <capability key="system.builder.msbuild.MSBuild v3.5 (64bit)" value="C:\Windows\Microsoft.NET\Framework64\v3.5\MSBuild.exe"/>
    <capability key="system.builder.mvn2.Maven 2.1" value="c:\opt\maven-2.1"/>
    <capability key="system.builder.msbuild.MSBuild v4.0 (64bit)" value="C:\Windows\Microsoft.NET\Framework64\v4.0.30319\MSBuild.exe"/>
    <capability key="system.jdk.JDK 1.7" value="c:\Program Files\Java\jdk1.7.0"/>
    <capability key="system.builder.msbuild.MSBuild v3.5 (32bit)" value="C:\Windows\Microsoft.NET\Framework\v3.5\MSBuild.exe"/>
    <capability key="system.builder.msbuild.MSBuild v2.0 (32bit)" value="C:\Windows\Microsoft.NET\Framework\v2.0.50727\MSBuild.exe"/>
    <capability key="system.builder.msbuild.MSBuild v2.0 (64bit)" value="C:\Windows\Microsoft.NET\Framework64\v2.0.50727\MSBuild.exe"/>
    <capability key="system.builder.mvn2.Maven 2.0" value="c:\opt\maven-2.0"/>
    <capability key="system.hg.executable" value="c:\Program Files\TortoiseHg\hg.exe"/>
   </capabilities>
  </image>
  <image>
   <id>294916</id>
   <awsId>ami-32db8458</awsId>
   <configurationName>Ubuntu stock image</configurationName>
   <configurationDescription>Default Elastic Image Configuration shipped with Bamboo</configurationDescription>
   <instanceType>M1_LARGE</instanceType>
   <shippedWithBamboo>true</shippedWithBamboo>
   <product>Linux/UNIX</product>
   <region>US_EAST_1</region>
   <rootDeviceType>EBS</rootDeviceType>
   <architecture>x86_64</architecture>
   <platform>linux</platform>
   <capabilities>
    <capability key="system.builder.ant.Ant 1.9" value="/opt/ant-1.9"/>
    <capability key="system.jdk.JDK 1.6" value="/opt/jdk-6"/>
    <capability key="system.builder.mvn2.Maven 2.2" value="/opt/maven-2.2"/>
    <capability key="system.builder.grailsBuilder.Grails 1.3" value="/opt/grails-1.3"/>
    <capability key="system.builder.grailsBuilder.Grails 2.2" value="/opt/grails-2.2"/>
    <capability key="system.builder.mvn3.Maven 3.1" value="/opt/maven-3.1"/>
    <capability key="system.builder.mvn2.Maven 2.1" value="/opt/maven-2.1"/>
    <capability key="system.builder.grailsBuilder.Grails 2.3" value="/opt/grails-2.3"/>
    <capability key="system.builder.grailsBuilder.Grails 2.0" value="/opt/grails-2.0"/>
    <capability key="system.hg.executable" value="/usr/bin/hg"/>
    <capability key="system.jdk.JDK 1.5" value="/opt/jdk-5"/>
    <capability key="system.builder.grailsBuilder.Grails 1.2" value="/opt/grails-1.2"/>
    <capability key="system.builder.grailsBuilder.Grails 2.1" value="/opt/grails-2.1"/>
    <capability key="system.git.executable" value="/usr/bin/git"/>
    <capability key="system.builder.mvn3.Maven 3.0" value="/opt/maven-3.0"/>
    <capability key="system.builder.ant.Ant 1.8" value="/opt/ant-1.8"/>
    <capability key="system.builder.mvn2.Maven 2" value="/opt/maven-2.2"/>
    <capability key="system.builder.node.Node.js 0.10" value="/opt/node-0.10/bin/node"/>
    <capability key="system.jdk.JDK 1.7" value="/opt/jdk-7"/>
    <capability key="system.builder.phpunit.PHPUnit 3.7" value="/usr/bin/phpunit-3.7"/>
    <capability key="system.builder.mvn3.Maven 3.2" value="/opt/maven-3.2"/>
    <capability key="system.builder.mvn2.Maven 2.0" value="/opt/maven-2.0"/>
    <capability key="system.builder.phpunit.PHPUnit 3.4" value="/usr/bin/phpunit-3.4"/>
    <capability key="system.builder.grailsBuilder.Grails 2.4" value="/opt/grails-2.4"/>
   </capabilities>
  </image>
  <image>
   <id>294917</id>
   <awsId>ami-8cdb84e6</awsId>
   <configurationName>Amazon Linux stock image</configurationName>
   <configurationDescription>Default Elastic Image Configuration shipped with Bamboo</configurationDescription>
   <instanceType>M1_LARGE</instanceType>
   <shippedWithBamboo>true</shippedWithBamboo>
   <product>Linux/UNIX</product>
   <region>US_EAST_1</region>
   <rootDeviceType>EBS</rootDeviceType>
   <architecture>x86_64</architecture>
   <platform>linux</platform>
   <capabilities>
    <capability key="system.builder.ant.Ant 1.9" value="/opt/ant-1.9"/>
    <capability key="system.jdk.JDK 1.6" value="/opt/jdk-6"/>
    <capability key="system.builder.mvn2.Maven 2.2" value="/opt/maven-2.2"/>
    <capability key="system.builder.grailsBuilder.Grails 1.3" value="/opt/grails-1.3"/>
    <capability key="system.builder.grailsBuilder.Grails 2.2" value="/opt/grails-2.2"/>
    <capability key="system.builder.mvn3.Maven 3.1" value="/opt/maven-3.1"/>
    <capability key="system.builder.mvn2.Maven 2.1" value="/opt/maven-2.1"/>
    <capability key="system.builder.grailsBuilder.Grails 2.3" value="/opt/grails-2.3"/>
    <capability key="system.builder.grailsBuilder.Grails 2.0" value="/opt/grails-2.0"/>
    <capability key="system.hg.executable" value="/usr/bin/hg"/>
    <capability key="system.jdk.JDK 1.5" value="/opt/jdk-5"/>
    <capability key="system.builder.grailsBuilder.Grails 1.2" value="/opt/grails-1.2"/>
    <capability key="system.builder.grailsBuilder.Grails 2.1" value="/opt/grails-2.1"/>
    <capability key="system.git.executable" value="/usr/bin/git"/>
    <capability key="system.builder.mvn3.Maven 3.0" value="/opt/maven-3.0"/>
    <capability key="system.builder.ant.Ant 1.8" value="/opt/ant-1.8"/>
    <capability key="system.builder.mvn2.Maven 2" value="/opt/maven-2.2"/>
    <capability key="system.builder.node.Node.js 0.10" value="/opt/node-0.10/bin/node"/>
    <capability key="system.jdk.JDK 1.7" value="/opt/jdk-7"/>
    <capability key="system.builder.phpunit.PHPUnit 3.7" value="/usr/bin/phpunit-3.7"/>
    <capability key="system.builder.mvn3.Maven 3.2" value="/opt/maven-3.2"/>
    <capability key="system.builder.mvn2.Maven 2.0" value="/opt/maven-2.0"/>
    <capability key="system.builder.phpunit.PHPUnit 3.4" value="/usr/bin/phpunit-3.4"/>
    <capability key="system.builder.grailsBuilder.Grails 2.4" value="/opt/grails-2.4"/>
   </capabilities>
  </image>
  <image>
   <id>294918</id>
   <awsId>ami-489bd620</awsId>
   <configurationName>Amazon Linux 32bit stock image</configurationName>
   <configurationDescription>Default Elastic Image Configuration shipped with Bamboo</configurationDescription>
   <instanceType>C1_MEDIUM</instanceType>
   <shippedWithBamboo>true</shippedWithBamboo>
   <product>Linux/UNIX</product>
   <region>US_EAST_1</region>
   <rootDeviceType>EBS</rootDeviceType>
   <architecture>i386</architecture>
   <platform>linux</platform>
   <capabilities>
    <capability key="system.builder.ant.Ant 1.9" value="/opt/ant-1.9"/>
    <capability key="system.jdk.JDK 1.6" value="/opt/jdk-6"/>
    <capability key="system.builder.mvn2.Maven 2.2" value="/opt/maven-2.2"/>
    <capability key="system.builder.grailsBuilder.Grails 1.3" value="/opt/grails-1.3"/>
    <capability key="system.builder.grailsBuilder.Grails 2.2" value="/opt/grails-2.2"/>
    <capability key="system.builder.mvn3.Maven 3.1" value="/opt/maven-3.1"/>
    <capability key="system.builder.mvn2.Maven 2.1" value="/opt/maven-2.1"/>
    <capability key="system.builder.grailsBuilder.Grails 2.3" value="/opt/grails-2.3"/>
    <capability key="system.builder.grailsBuilder.Grails 2.0" value="/opt/grails-2.0"/>
    <capability key="system.hg.executable" value="/usr/bin/hg"/>
    <capability key="system.jdk.JDK 1.5" value="/opt/jdk-5"/>
    <capability key="system.builder.grailsBuilder.Grails 1.2" value="/opt/grails-1.2"/>
    <capability key="system.builder.grailsBuilder.Grails 2.1" value="/opt/grails-2.1"/>
    <capability key="system.git.executable" value="/usr/bin/git"/>
    <capability key="system.builder.mvn3.Maven 3.0" value="/opt/maven-3.0"/>
    <capability key="system.builder.ant.Ant 1.8" value="/opt/ant-1.8"/>
    <capability key="system.builder.mvn2.Maven 2" value="/opt/maven-2.2"/>
    <capability key="system.builder.node.Node.js 0.10" value="/opt/node-0.10/bin/node"/>
    <capability key="system.jdk.JDK 1.7" value="/opt/jdk-7"/>
    <capability key="system.builder.phpunit.PHPUnit 3.7" value="/usr/bin/phpunit-3.7"/>
    <capability key="system.builder.mvn3.Maven 3.2" value="/opt/maven-3.2"/>
    <capability key="system.builder.mvn2.Maven 2.0" value="/opt/maven-2.0"/>
    <capability key="system.builder.phpunit.PHPUnit 3.4" value="/usr/bin/phpunit-3.4"/>
    <capability key="system.builder.grailsBuilder.Grails 2.4" value="/opt/grails-2.4"/>
   </capabilities>
  </image>
  <image>
   <id>47349761</id>
   <awsId>ami-d6685bb8</awsId>
   <configurationName>Ubuntu stock image</configurationName>
   <configurationDescription>Elastic Image Configuration shipped with Bamboo</configurationDescription>
   <instanceType>M3Large</instanceType>
   <shippedWithBamboo>true</shippedWithBamboo>
   <product>Linux/UNIX</product>
   <region>ASIA_PACIFIC_NE_1</region>
   <rootDeviceType>EBS</rootDeviceType>
   <architecture>x86_64</architecture>
   <platform>linux</platform>
   <capabilities>
    <capability key="system.builder.ant.Ant 1.9" value="/opt/ant-1.9"/>
    <capability key="system.builder.ant.Ant" value="/opt/ant-1.9"/>
    <capability key="system.docker.executable" value="/usr/bin/docker"/>
    <capability key="system.jdk.JDK 1.6" value="/opt/jdk-6"/>
    <capability key="system.builder.mvn2.Maven 2.2" value="/opt/maven-2.2"/>
    <capability key="system.builder.grailsBuilder.Grails 1.3" value="/opt/grails-1.3"/>
    <capability key="system.builder.grailsBuilder.Grails 2.2" value="/opt/grails-2.2"/>
    <capability key="system.builder.mvn3.Maven 3.1" value="/opt/maven-3.1"/>
    <capability key="system.builder.mvn2.Maven 2.1" value="/opt/maven-2.1"/>
    <capability key="system.builder.grailsBuilder.Grails 2.3" value="/opt/grails-2.3"/>
    <capability key="system.builder.phpunit.PHPUnit 4.4" value="/opt/phpunit-4.4/phpunit"/>
    <capability key="system.jdk.JDK 1.5" value="/opt/jdk-5"/>
    <capability key="system.git.executable" value="/usr/bin/git"/>
    <capability key="system.builder.mvn3.Maven 3.2" value="/opt/maven-3.2"/>
    <capability key="system.builder.mvn2.Maven 2.0" value="/opt/maven-2.0"/>
    <capability key="system.builder.grailsBuilder.Grails 2.4" value="/opt/grails-2.4"/>
    <capability key="system.jdk.JDK 1.8" value="/opt/jdk-8"/>
    <capability key="system.builder.grailsBuilder.Grails 2.0" value="/opt/grails-2.0"/>
    <capability key="system.builder.phpunit.PHPUnit 3.7" value="/opt/phpunit-3.7/phpunit"/>
    <capability key="system.hg.executable" value="/usr/bin/hg"/>
    <capability key="system.builder.grailsBuilder.Grails 2.1" value="/opt/grails-2.1"/>
    <capability key="system.builder.mvn3.Maven 3.0" value="/opt/maven-3.0"/>
    <capability key="system.builder.ant.Ant 1.8" value="/opt/ant-1.8"/>
    <capability key="system.builder.mvn2.Maven 2" value="/opt/maven-2.2"/>
    <capability key="system.builder.node.Node.js 0.10" value="/opt/node-0.10/bin/node"/>
    <capability key="system.jdk.JDK 1.7" value="/opt/jdk-7"/>
    <capability key="system.builder.mvn3.Maven 3" value="/opt/maven-3.2"/>
   </capabilities>
  </image>
  <image>
   <id>47349762</id>
   <awsId>ami-087dfb64</awsId>
   <configurationName>Windows stock image</configurationName>
   <configurationDescription>Elastic Image Configuration shipped with Bamboo</configurationDescription>
   <instanceType>M3Large</instanceType>
   <shippedWithBamboo>true</shippedWithBamboo>
   <product>Windows</product>
   <region>SOUTH_AMERICA_1</region>
   <rootDeviceType>EBS</rootDeviceType>
   <architecture>x86_64</architecture>
   <platform>windows</platform>
   <capabilities>
    <capability key="system.builder.mvn3.Maven 3.2" value="C:\opt\maven-3.2"/>
    <capability key="system.builder.grailsBuilder.Grails 2.0" value="C:\opt\grails-2.0"/>
    <capability key="system.builder.node.Node.js 0.10" value="C:\opt\node-0.10\node.exe"/>
    <capability key="system.builder.msbuild.MSBuild v4.0 (32bit)" value="C:\Windows\Microsoft.NET\Framework\v4.0.30319\MSBuild.exe"/>
    <capability key="system.jdk.JDK 1.6" value="C:\opt\jdk-6"/>
    <capability key="system.builder.ant.Ant" value="C:\opt\ant-1.9"/>
    <capability key="system.builder.mvn3.Maven 3.1" value="C:\opt\maven-3.1"/>
    <capability key="system.builder.grailsBuilder.Grails 2.1" value="C:\opt\grails-2.1"/>
    <capability key="system.builder.ant.Ant 1.9" value="C:\opt\ant-1.9"/>
    <capability key="system.git.executable" value="C:\cygwin\bin\git.exe"/>
    <capability key="system.builder.phpunit.PHPUnit 3.7" value="C:\opt\phpunit-3.7\phpunit"/>
    <capability key="system.builder.phpunit.PHPUnit 4.4" value="C:\opt\phpunit-4.4\phpunit"/>
    <capability key="system.builder.mvn2.Maven 2.0" value="C:\opt\maven-2.0"/>
    <capability key="system.builder.mvn2.Maven 2" value="C:\opt\maven-2.2"/>
    <capability key="system.hg.executable" value="C:\opt\mercurial\hg.exe"/>
    <capability key="system.builder.ant.Ant 1.8" value="C:\opt\ant-1.8"/>
    <capability key="system.builder.mvn2.Maven 2.1" value="C:\opt\maven-2.1"/>
    <capability key="system.builder.mvn3.Maven 3.0" value="C:\opt\maven-3.0"/>
    <capability key="system.builder.grailsBuilder.Grails 1.3" value="C:\opt\grails-1.3"/>
    <capability key="system.builder.grailsBuilder.Grails 2.2" value="C:\opt\grails-2.2"/>
    <capability key="system.jdk.JDK 1.8" value="C:\opt\jdk-8"/>
    <capability key="system.builder.msbuild.MSBuild v4.0 (64bit)" value="C:\Windows\Microsoft.NET\Framework64\v4.0.30319\MSBuild.exe"/>
    <capability key="system.builder.grailsBuilder.Grails 2.4" value="C:\opt\grails-2.4"/>
    <capability key="system.builder.mvn2.Maven 2.2" value="C:\opt\maven-2.2"/>
    <capability key="system.builder.grailsBuilder.Grails 2.3" value="C:\opt\grails-2.3"/>
    <capability key="system.builder.mvn3.Maven 3" value="C:\opt\maven-3.2"/>
    <capability key="system.jdk.JDK 1.7" value="C:\opt\jdk-7"/>
    <capability key="system.builder.nant.Nant" value="C:\opt\nant-0.92"/>
   </capabilities>
  </image>
  <image>
   <id>47349763</id>
   <awsId>ami-267f4c48</awsId>
   <configurationName>Windows stock image</configurationName>
   <configurationDescription>Elastic Image Configuration shipped with Bamboo</configurationDescription>
   <instanceType>M3Large</instanceType>
   <shippedWithBamboo>true</shippedWithBamboo>
   <product>Windows</product>
   <region>ASIA_PACIFIC_NE_1</region>
   <rootDeviceType>EBS</rootDeviceType>
   <architecture>x86_64</architecture>
   <platform>windows</platform>
   <capabilities>
    <capability key="system.builder.mvn3.Maven 3.2" value="C:\opt\maven-3.2"/>
    <capability key="system.builder.grailsBuilder.Grails 2.0" value="C:\opt\grails-2.0"/>
    <capability key="system.builder.node.Node.js 0.10" value="C:\opt\node-0.10\node.exe"/>
    <capability key="system.builder.msbuild.MSBuild v4.0 (32bit)" value="C:\Windows\Microsoft.NET\Framework\v4.0.30319\MSBuild.exe"/>
    <capability key="system.jdk.JDK 1.6" value="C:\opt\jdk-6"/>
    <capability key="system.builder.ant.Ant" value="C:\opt\ant-1.9"/>
    <capability key="system.builder.mvn3.Maven 3.1" value="C:\opt\maven-3.1"/>
    <capability key="system.builder.grailsBuilder.Grails 2.1" value="C:\opt\grails-2.1"/>
    <capability key="system.builder.ant.Ant 1.9" value="C:\opt\ant-1.9"/>
    <capability key="system.git.executable" value="C:\cygwin\bin\git.exe"/>
    <capability key="system.builder.phpunit.PHPUnit 3.7" value="C:\opt\phpunit-3.7\phpunit"/>
    <capability key="system.builder.phpunit.PHPUnit 4.4" value="C:\opt\phpunit-4.4\phpunit"/>
    <capability key="system.builder.mvn2.Maven 2.0" value="C:\opt\maven-2.0"/>
    <capability key="system.builder.mvn2.Maven 2" value="C:\opt\maven-2.2"/>
    <capability key="system.hg.executable" value="C:\opt\mercurial\hg.exe"/>
    <capability key="system.builder.ant.Ant 1.8" value="C:\opt\ant-1.8"/>
    <capability key="system.builder.mvn2.Maven 2.1" value="C:\opt\maven-2.1"/>
    <capability key="system.builder.mvn3.Maven 3.0" value="C:\opt\maven-3.0"/>
    <capability key="system.builder.grailsBuilder.Grails 1.3" value="C:\opt\grails-1.3"/>
    <capability key="system.builder.grailsBuilder.Grails 2.2" value="C:\opt\grails-2.2"/>
    <capability key="system.jdk.JDK 1.8" value="C:\opt\jdk-8"/>
    <capability key="system.builder.msbuild.MSBuild v4.0 (64bit)" value="C:\Windows\Microsoft.NET\Framework64\v4.0.30319\MSBuild.exe"/>
    <capability key="system.builder.grailsBuilder.Grails 2.4" value="C:\opt\grails-2.4"/>
    <capability key="system.builder.mvn2.Maven 2.2" value="C:\opt\maven-2.2"/>
    <capability key="system.builder.grailsBuilder.Grails 2.3" value="C:\opt\grails-2.3"/>
    <capability key="system.builder.mvn3.Maven 3" value="C:\opt\maven-3.2"/>
    <capability key="system.jdk.JDK 1.7" value="C:\opt\jdk-7"/>
    <capability key="system.builder.nant.Nant" value="C:\opt\nant-0.92"/>
   </capabilities>
  </image>
  <image>
   <id>47349764</id>
   <awsId>ami-33a6f959</awsId>
   <configurationName>Windows stock image</configurationName>
   <configurationDescription>Elastic Image Configuration shipped with Bamboo</configurationDescription>
   <instanceType>M3Large</instanceType>
   <shippedWithBamboo>true</shippedWithBamboo>
   <product>Windows</product>
   <region>US_EAST_1</region>
   <rootDeviceType>EBS</rootDeviceType>
   <architecture>x86_64</architecture>
   <platform>windows</platform>
   <capabilities>
    <capability key="system.builder.mvn3.Maven 3.2" value="C:\opt\maven-3.2"/>
    <capability key="system.builder.grailsBuilder.Grails 2.0" value="C:\opt\grails-2.0"/>
    <capability key="system.builder.node.Node.js 0.10" value="C:\opt\node-0.10\node.exe"/>
    <capability key="system.builder.msbuild.MSBuild v4.0 (32bit)" value="C:\Windows\Microsoft.NET\Framework\v4.0.30319\MSBuild.exe"/>
    <capability key="system.jdk.JDK 1.6" value="C:\opt\jdk-6"/>
    <capability key="system.builder.ant.Ant" value="C:\opt\ant-1.9"/>
    <capability key="system.builder.mvn3.Maven 3.1" value="C:\opt\maven-3.1"/>
    <capability key="system.builder.grailsBuilder.Grails 2.1" value="C:\opt\grails-2.1"/>
    <capability key="system.builder.ant.Ant 1.9" value="C:\opt\ant-1.9"/>
    <capability key="system.git.executable" value="C:\cygwin\bin\git.exe"/>
    <capability key="system.builder.phpunit.PHPUnit 3.7" value="C:\opt\phpunit-3.7\phpunit"/>
    <capability key="system.builder.phpunit.PHPUnit 4.4" value="C:\opt\phpunit-4.4\phpunit"/>
    <capability key="system.builder.mvn2.Maven 2.0" value="C:\opt\maven-2.0"/>
    <capability key="system.builder.mvn2.Maven 2" value="C:\opt\maven-2.2"/>
    <capability key="system.hg.executable" value="C:\opt\mercurial\hg.exe"/>
    <capability key="system.builder.ant.Ant 1.8" value="C:\opt\ant-1.8"/>
    <capability key="system.builder.mvn2.Maven 2.1" value="C:\opt\maven-2.1"/>
    <capability key="system.builder.mvn3.Maven 3.0" value="C:\opt\maven-3.0"/>
    <capability key="system.builder.grailsBuilder.Grails 1.3" value="C:\opt\grails-1.3"/>
    <capability key="system.builder.grailsBuilder.Grails 2.2" value="C:\opt\grails-2.2"/>
    <capability key="system.jdk.JDK 1.8" value="C:\opt\jdk-8"/>
    <capability key="system.builder.msbuild.MSBuild v4.0 (64bit)" value="C:\Windows\Microsoft.NET\Framework64\v4.0.30319\MSBuild.exe"/>
    <capability key="system.builder.grailsBuilder.Grails 2.4" value="C:\opt\grails-2.4"/>
    <capability key="system.builder.mvn2.Maven 2.2" value="C:\opt\maven-2.2"/>
    <capability key="system.builder.grailsBuilder.Grails 2.3" value="C:\opt\grails-2.3"/>
    <capability key="system.builder.mvn3.Maven 3" value="C:\opt\maven-3.2"/>
    <capability key="system.jdk.JDK 1.7" value="C:\opt\jdk-7"/>
    <capability key="system.builder.nant.Nant" value="C:\opt\nant-0.92"/>
   </capabilities>
  </image>
  <image>
   <id>47349765</id>
   <awsId>ami-67ee2304</awsId>
   <configurationName>Ubuntu stock image</configurationName>
   <configurationDescription>Elastic Image Configuration shipped with Bamboo</configurationDescription>
   <instanceType>M3Large</instanceType>
   <shippedWithBamboo>true</shippedWithBamboo>
   <product>Linux/UNIX</product>
   <region>ASIA_PACIFIC_SE_1</region>
   <rootDeviceType>EBS</rootDeviceType>
   <architecture>x86_64</architecture>
   <platform>linux</platform>
   <capabilities>
    <capability key="system.builder.ant.Ant 1.9" value="/opt/ant-1.9"/>
    <capability key="system.builder.ant.Ant" value="/opt/ant-1.9"/>
    <capability key="system.docker.executable" value="/usr/bin/docker"/>
    <capability key="system.jdk.JDK 1.6" value="/opt/jdk-6"/>
    <capability key="system.builder.mvn2.Maven 2.2" value="/opt/maven-2.2"/>
    <capability key="system.builder.grailsBuilder.Grails 1.3" value="/opt/grails-1.3"/>
    <capability key="system.builder.grailsBuilder.Grails 2.2" value="/opt/grails-2.2"/>
    <capability key="system.builder.mvn3.Maven 3.1" value="/opt/maven-3.1"/>
    <capability key="system.builder.mvn2.Maven 2.1" value="/opt/maven-2.1"/>
    <capability key="system.builder.grailsBuilder.Grails 2.3" value="/opt/grails-2.3"/>
    <capability key="system.builder.phpunit.PHPUnit 4.4" value="/opt/phpunit-4.4/phpunit"/>
    <capability key="system.jdk.JDK 1.5" value="/opt/jdk-5"/>
    <capability key="system.git.executable" value="/usr/bin/git"/>
    <capability key="system.builder.mvn3.Maven 3.2" value="/opt/maven-3.2"/>
    <capability key="system.builder.mvn2.Maven 2.0" value="/opt/maven-2.0"/>
    <capability key="system.builder.grailsBuilder.Grails 2.4" value="/opt/grails-2.4"/>
    <capability key="system.jdk.JDK 1.8" value="/opt/jdk-8"/>
    <capability key="system.builder.grailsBuilder.Grails 2.0" value="/opt/grails-2.0"/>
    <capability key="system.builder.phpunit.PHPUnit 3.7" value="/opt/phpunit-3.7/phpunit"/>
    <capability key="system.hg.executable" value="/usr/bin/hg"/>
    <capability key="system.builder.grailsBuilder.Grails 2.1" value="/opt/grails-2.1"/>
    <capability key="system.builder.mvn3.Maven 3.0" value="/opt/maven-3.0"/>
    <capability key="system.builder.ant.Ant 1.8" value="/opt/ant-1.8"/>
    <capability key="system.builder.mvn2.Maven 2" value="/opt/maven-2.2"/>
    <capability key="system.builder.node.Node.js 0.10" value="/opt/node-0.10/bin/node"/>
    <capability key="system.jdk.JDK 1.7" value="/opt/jdk-7"/>
    <capability key="system.builder.mvn3.Maven 3" value="/opt/maven-3.2"/>
   </capabilities>
  </image>
  <image>
   <id>47349766</id>
   <awsId>ami-a0b3e9c3</awsId>
   <configurationName>Ubuntu stock image</configurationName>
   <configurationDescription>Elastic Image Configuration shipped with Bamboo</configurationDescription>
   <instanceType>M3Large</instanceType>
   <shippedWithBamboo>true</shippedWithBamboo>
   <product>Linux/UNIX</product>
   <region>ASIA_PACIFIC_SE_2</region>
   <rootDeviceType>EBS</rootDeviceType>
   <architecture>x86_64</architecture>
   <platform>linux</platform>
   <capabilities>
    <capability key="system.builder.ant.Ant 1.9" value="/opt/ant-1.9"/>
    <capability key="system.builder.ant.Ant" value="/opt/ant-1.9"/>
    <capability key="system.docker.executable" value="/usr/bin/docker"/>
    <capability key="system.jdk.JDK 1.6" value="/opt/jdk-6"/>
    <capability key="system.builder.mvn2.Maven 2.2" value="/opt/maven-2.2"/>
    <capability key="system.builder.grailsBuilder.Grails 1.3" value="/opt/grails-1.3"/>
    <capability key="system.builder.grailsBuilder.Grails 2.2" value="/opt/grails-2.2"/>
    <capability key="system.builder.mvn3.Maven 3.1" value="/opt/maven-3.1"/>
    <capability key="system.builder.mvn2.Maven 2.1" value="/opt/maven-2.1"/>
    <capability key="system.builder.grailsBuilder.Grails 2.3" value="/opt/grails-2.3"/>
    <capability key="system.builder.phpunit.PHPUnit 4.4" value="/opt/phpunit-4.4/phpunit"/>
    <capability key="system.jdk.JDK 1.5" value="/opt/jdk-5"/>
    <capability key="system.git.executable" value="/usr/bin/git"/>
    <capability key="system.builder.mvn3.Maven 3.2" value="/opt/maven-3.2"/>
    <capability key="system.builder.mvn2.Maven 2.0" value="/opt/maven-2.0"/>
    <capability key="system.builder.grailsBuilder.Grails 2.4" value="/opt/grails-2.4"/>
    <capability key="system.jdk.JDK 1.8" value="/opt/jdk-8"/>
    <capability key="system.builder.grailsBuilder.Grails 2.0" value="/opt/grails-2.0"/>
    <capability key="system.builder.phpunit.PHPUnit 3.7" value="/opt/phpunit-3.7/phpunit"/>
    <capability key="system.hg.executable" value="/usr/bin/hg"/>
    <capability key="system.builder.grailsBuilder.Grails 2.1" value="/opt/grails-2.1"/>
    <capability key="system.builder.mvn3.Maven 3.0" value="/opt/maven-3.0"/>
    <capability key="system.builder.ant.Ant 1.8" value="/opt/ant-1.8"/>
    <capability key="system.builder.mvn2.Maven 2" value="/opt/maven-2.2"/>
    <capability key="system.builder.node.Node.js 0.10" value="/opt/node-0.10/bin/node"/>
    <capability key="system.jdk.JDK 1.7" value="/opt/jdk-7"/>
    <capability key="system.builder.mvn3.Maven 3" value="/opt/maven-3.2"/>
   </capabilities>
  </image>
  <image>
   <id>47349767</id>
   <awsId>ami-bc07a9cf</awsId>
   <configurationName>Ubuntu stock image</configurationName>
   <configurationDescription>Elastic Image Configuration shipped with Bamboo</configurationDescription>
   <instanceType>M3Large</instanceType>
   <shippedWithBamboo>true</shippedWithBamboo>
   <product>Linux/UNIX</product>
   <region>EU_WEST_1</region>
   <rootDeviceType>EBS</rootDeviceType>
   <architecture>x86_64</architecture>
   <platform>linux</platform>
   <capabilities>
    <capability key="system.builder.ant.Ant 1.9" value="/opt/ant-1.9"/>
    <capability key="system.builder.ant.Ant" value="/opt/ant-1.9"/>
    <capability key="system.docker.executable" value="/usr/bin/docker"/>
    <capability key="system.jdk.JDK 1.6" value="/opt/jdk-6"/>
    <capability key="system.builder.mvn2.Maven 2.2" value="/opt/maven-2.2"/>
    <capability key="system.builder.grailsBuilder.Grails 1.3" value="/opt/grails-1.3"/>
    <capability key="system.builder.grailsBuilder.Grails 2.2" value="/opt/grails-2.2"/>
    <capability key="system.builder.mvn3.Maven 3.1" value="/opt/maven-3.1"/>
    <capability key="system.builder.mvn2.Maven 2.1" value="/opt/maven-2.1"/>
    <capability key="system.builder.grailsBuilder.Grails 2.3" value="/opt/grails-2.3"/>
    <capability key="system.builder.phpunit.PHPUnit 4.4" value="/opt/phpunit-4.4/phpunit"/>
    <capability key="system.jdk.JDK 1.5" value="/opt/jdk-5"/>
    <capability key="system.git.executable" value="/usr/bin/git"/>
    <capability key="system.builder.mvn3.Maven 3.2" value="/opt/maven-3.2"/>
    <capability key="system.builder.mvn2.Maven 2.0" value="/opt/maven-2.0"/>
    <capability key="system.builder.grailsBuilder.Grails 2.4" value="/opt/grails-2.4"/>
    <capability key="system.jdk.JDK 1.8" value="/opt/jdk-8"/>
    <capability key="system.builder.grailsBuilder.Grails 2.0" value="/opt/grails-2.0"/>
    <capability key="system.builder.phpunit.PHPUnit 3.7" value="/opt/phpunit-3.7/phpunit"/>
    <capability key="system.hg.executable" value="/usr/bin/hg"/>
    <capability key="system.builder.grailsBuilder.Grails 2.1" value="/opt/grails-2.1"/>
    <capability key="system.builder.mvn3.Maven 3.0" value="/opt/maven-3.0"/>
    <capability key="system.builder.ant.Ant 1.8" value="/opt/ant-1.8"/>
    <capability key="system.builder.mvn2.Maven 2" value="/opt/maven-2.2"/>
    <capability key="system.builder.node.Node.js 0.10" value="/opt/node-0.10/bin/node"/>
    <capability key="system.jdk.JDK 1.7" value="/opt/jdk-7"/>
    <capability key="system.builder.mvn3.Maven 3" value="/opt/maven-3.2"/>
   </capabilities>
  </image>
  <image>
   <id>47349768</id>
   <awsId>ami-83ef22e0</awsId>
   <configurationName>Windows stock image</configurationName>
   <configurationDescription>Elastic Image Configuration shipped with Bamboo</configurationDescription>
   <instanceType>M3Large</instanceType>
   <shippedWithBamboo>true</shippedWithBamboo>
   <product>Windows</product>
   <region>ASIA_PACIFIC_SE_1</region>
   <rootDeviceType>EBS</rootDeviceType>
   <architecture>x86_64</architecture>
   <platform>windows</platform>
   <capabilities>
    <capability key="system.builder.mvn3.Maven 3.2" value="C:\opt\maven-3.2"/>
    <capability key="system.builder.grailsBuilder.Grails 2.0" value="C:\opt\grails-2.0"/>
    <capability key="system.builder.node.Node.js 0.10" value="C:\opt\node-0.10\node.exe"/>
    <capability key="system.builder.msbuild.MSBuild v4.0 (32bit)" value="C:\Windows\Microsoft.NET\Framework\v4.0.30319\MSBuild.exe"/>
    <capability key="system.jdk.JDK 1.6" value="C:\opt\jdk-6"/>
    <capability key="system.builder.ant.Ant" value="C:\opt\ant-1.9"/>
    <capability key="system.builder.mvn3.Maven 3.1" value="C:\opt\maven-3.1"/>
    <capability key="system.builder.grailsBuilder.Grails 2.1" value="C:\opt\grails-2.1"/>
    <capability key="system.builder.ant.Ant 1.9" value="C:\opt\ant-1.9"/>
    <capability key="system.git.executable" value="C:\cygwin\bin\git.exe"/>
    <capability key="system.builder.phpunit.PHPUnit 3.7" value="C:\opt\phpunit-3.7\phpunit"/>
    <capability key="system.builder.phpunit.PHPUnit 4.4" value="C:\opt\phpunit-4.4\phpunit"/>
    <capability key="system.builder.mvn2.Maven 2.0" value="C:\opt\maven-2.0"/>
    <capability key="system.builder.mvn2.Maven 2" value="C:\opt\maven-2.2"/>
    <capability key="system.hg.executable" value="C:\opt\mercurial\hg.exe"/>
    <capability key="system.builder.ant.Ant 1.8" value="C:\opt\ant-1.8"/>
    <capability key="system.builder.mvn2.Maven 2.1" value="C:\opt\maven-2.1"/>
    <capability key="system.builder.mvn3.Maven 3.0" value="C:\opt\maven-3.0"/>
    <capability key="system.builder.grailsBuilder.Grails 1.3" value="C:\opt\grails-1.3"/>
    <capability key="system.builder.grailsBuilder.Grails 2.2" value="C:\opt\grails-2.2"/>
    <capability key="system.jdk.JDK 1.8" value="C:\opt\jdk-8"/>
    <capability key="system.builder.msbuild.MSBuild v4.0 (64bit)" value="C:\Windows\Microsoft.NET\Framework64\v4.0.30319\MSBuild.exe"/>
    <capability key="system.builder.grailsBuilder.Grails 2.4" value="C:\opt\grails-2.4"/>
    <capability key="system.builder.mvn2.Maven 2.2" value="C:\opt\maven-2.2"/>
    <capability key="system.builder.grailsBuilder.Grails 2.3" value="C:\opt\grails-2.3"/>
    <capability key="system.builder.mvn3.Maven 3" value="C:\opt\maven-3.2"/>
    <capability key="system.jdk.JDK 1.7" value="C:\opt\jdk-7"/>
    <capability key="system.builder.nant.Nant" value="C:\opt\nant-0.92"/>
   </capabilities>
  </image>
  <image>
   <id>47349769</id>
   <awsId>ami-8caaf0ef</awsId>
   <configurationName>Windows stock image</configurationName>
   <configurationDescription>Elastic Image Configuration shipped with Bamboo</configurationDescription>
   <instanceType>M3Large</instanceType>
   <shippedWithBamboo>true</shippedWithBamboo>
   <product>Windows</product>
   <region>ASIA_PACIFIC_SE_2</region>
   <rootDeviceType>EBS</rootDeviceType>
   <architecture>x86_64</architecture>
   <platform>windows</platform>
   <capabilities>
    <capability key="system.builder.mvn3.Maven 3.2" value="C:\opt\maven-3.2"/>
    <capability key="system.builder.grailsBuilder.Grails 2.0" value="C:\opt\grails-2.0"/>
    <capability key="system.builder.node.Node.js 0.10" value="C:\opt\node-0.10\node.exe"/>
    <capability key="system.builder.msbuild.MSBuild v4.0 (32bit)" value="C:\Windows\Microsoft.NET\Framework\v4.0.30319\MSBuild.exe"/>
    <capability key="system.jdk.JDK 1.6" value="C:\opt\jdk-6"/>
    <capability key="system.builder.ant.Ant" value="C:\opt\ant-1.9"/>
    <capability key="system.builder.mvn3.Maven 3.1" value="C:\opt\maven-3.1"/>
    <capability key="system.builder.grailsBuilder.Grails 2.1" value="C:\opt\grails-2.1"/>
    <capability key="system.builder.ant.Ant 1.9" value="C:\opt\ant-1.9"/>
    <capability key="system.git.executable" value="C:\cygwin\bin\git.exe"/>
    <capability key="system.builder.phpunit.PHPUnit 3.7" value="C:\opt\phpunit-3.7\phpunit"/>
    <capability key="system.builder.phpunit.PHPUnit 4.4" value="C:\opt\phpunit-4.4\phpunit"/>
    <capability key="system.builder.mvn2.Maven 2.0" value="C:\opt\maven-2.0"/>
    <capability key="system.builder.mvn2.Maven 2" value="C:\opt\maven-2.2"/>
    <capability key="system.hg.executable" value="C:\opt\mercurial\hg.exe"/>
    <capability key="system.builder.ant.Ant 1.8" value="C:\opt\ant-1.8"/>
    <capability key="system.builder.mvn2.Maven 2.1" value="C:\opt\maven-2.1"/>
    <capability key="system.builder.mvn3.Maven 3.0" value="C:\opt\maven-3.0"/>
    <capability key="system.builder.grailsBuilder.Grails 1.3" value="C:\opt\grails-1.3"/>
    <capability key="system.builder.grailsBuilder.Grails 2.2" value="C:\opt\grails-2.2"/>
    <capability key="system.jdk.JDK 1.8" value="C:\opt\jdk-8"/>
    <capability key="system.builder.msbuild.MSBuild v4.0 (64bit)" value="C:\Windows\Microsoft.NET\Framework64\v4.0.30319\MSBuild.exe"/>
    <capability key="system.builder.grailsBuilder.Grails 2.4" value="C:\opt\grails-2.4"/>
    <capability key="system.builder.mvn2.Maven 2.2" value="C:\opt\maven-2.2"/>
    <capability key="system.builder.grailsBuilder.Grails 2.3" value="C:\opt\grails-2.3"/>
    <capability key="system.builder.mvn3.Maven 3" value="C:\opt\maven-3.2"/>
    <capability key="system.jdk.JDK 1.7" value="C:\opt\jdk-7"/>
    <capability key="system.builder.nant.Nant" value="C:\opt\nant-0.92"/>
   </capabilities>
  </image>
  <image>
   <id>47349770</id>
   <awsId>ami-6b06730b</awsId>
   <configurationName>Ubuntu stock image</configurationName>
   <configurationDescription>Elastic Image Configuration shipped with Bamboo</configurationDescription>
   <instanceType>M3Large</instanceType>
   <shippedWithBamboo>true</shippedWithBamboo>
   <product>Linux/UNIX</product>
   <region>US_WEST_1</region>
   <rootDeviceType>EBS</rootDeviceType>
   <architecture>x86_64</architecture>
   <platform>linux</platform>
   <capabilities>
    <capability key="system.builder.ant.Ant 1.9" value="/opt/ant-1.9"/>
    <capability key="system.builder.ant.Ant" value="/opt/ant-1.9"/>
    <capability key="system.docker.executable" value="/usr/bin/docker"/>
    <capability key="system.jdk.JDK 1.6" value="/opt/jdk-6"/>
    <capability key="system.builder.mvn2.Maven 2.2" value="/opt/maven-2.2"/>
    <capability key="system.builder.grailsBuilder.Grails 1.3" value="/opt/grails-1.3"/>
    <capability key="system.builder.grailsBuilder.Grails 2.2" value="/opt/grails-2.2"/>
    <capability key="system.builder.mvn3.Maven 3.1" value="/opt/maven-3.1"/>
    <capability key="system.builder.mvn2.Maven 2.1" value="/opt/maven-2.1"/>
    <capability key="system.builder.grailsBuilder.Grails 2.3" value="/opt/grails-2.3"/>
    <capability key="system.builder.phpunit.PHPUnit 4.4" value="/opt/phpunit-4.4/phpunit"/>
    <capability key="system.jdk.JDK 1.5" value="/opt/jdk-5"/>
    <capability key="system.git.executable" value="/usr/bin/git"/>
    <capability key="system.builder.mvn3.Maven 3.2" value="/opt/maven-3.2"/>
    <capability key="system.builder.mvn2.Maven 2.0" value="/opt/maven-2.0"/>
    <capability key="system.builder.grailsBuilder.Grails 2.4" value="/opt/grails-2.4"/>
    <capability key="system.jdk.JDK 1.8" value="/opt/jdk-8"/>
    <capability key="system.builder.grailsBuilder.Grails 2.0" value="/opt/grails-2.0"/>
    <capability key="system.builder.phpunit.PHPUnit 3.7" value="/opt/phpunit-3.7/phpunit"/>
    <capability key="system.hg.executable" value="/usr/bin/hg"/>
    <capability key="system.builder.grailsBuilder.Grails 2.1" value="/opt/grails-2.1"/>
    <capability key="system.builder.mvn3.Maven 3.0" value="/opt/maven-3.0"/>
    <capability key="system.builder.ant.Ant 1.8" value="/opt/ant-1.8"/>
    <capability key="system.builder.mvn2.Maven 2" value="/opt/maven-2.2"/>
    <capability key="system.builder.node.Node.js 0.10" value="/opt/node-0.10/bin/node"/>
    <capability key="system.jdk.JDK 1.7" value="/opt/jdk-7"/>
    <capability key="system.builder.mvn3.Maven 3" value="/opt/maven-3.2"/>
   </capabilities>
  </image>
  <image>
   <id>47349771</id>
   <awsId>ami-058c9464</awsId>
   <configurationName>Ubuntu stock image</configurationName>
   <configurationDescription>Elastic Image Configuration shipped with Bamboo</configurationDescription>
   <instanceType>M3Large</instanceType>
   <shippedWithBamboo>true</shippedWithBamboo>
   <product>Linux/UNIX</product>
   <region>US_WEST_2</region>
   <rootDeviceType>EBS</rootDeviceType>
   <architecture>x86_64</architecture>
   <platform>linux</platform>
   <capabilities>
    <capability key="system.builder.ant.Ant 1.9" value="/opt/ant-1.9"/>
    <capability key="system.builder.ant.Ant" value="/opt/ant-1.9"/>
    <capability key="system.docker.executable" value="/usr/bin/docker"/>
    <capability key="system.jdk.JDK 1.6" value="/opt/jdk-6"/>
    <capability key="system.builder.mvn2.Maven 2.2" value="/opt/maven-2.2"/>
    <capability key="system.builder.grailsBuilder.Grails 1.3" value="/opt/grails-1.3"/>
    <capability key="system.builder.grailsBuilder.Grails 2.2" value="/opt/grails-2.2"/>
    <capability key="system.builder.mvn3.Maven 3.1" value="/opt/maven-3.1"/>
    <capability key="system.builder.mvn2.Maven 2.1" value="/opt/maven-2.1"/>
    <capability key="system.builder.grailsBuilder.Grails 2.3" value="/opt/grails-2.3"/>
    <capability key="system.builder.phpunit.PHPUnit 4.4" value="/opt/phpunit-4.4/phpunit"/>
    <capability key="system.jdk.JDK 1.5" value="/opt/jdk-5"/>
    <capability key="system.git.executable" value="/usr/bin/git"/>
    <capability key="system.builder.mvn3.Maven 3.2" value="/opt/maven-3.2"/>
    <capability key="system.builder.mvn2.Maven 2.0" value="/opt/maven-2.0"/>
    <capability key="system.builder.grailsBuilder.Grails 2.4" value="/opt/grails-2.4"/>
    <capability key="system.jdk.JDK 1.8" value="/opt/jdk-8"/>
    <capability key="system.builder.grailsBuilder.Grails 2.0" value="/opt/grails-2.0"/>
    <capability key="system.builder.phpunit.PHPUnit 3.7" value="/opt/phpunit-3.7/phpunit"/>
    <capability key="system.hg.executable" value="/usr/bin/hg"/>
    <capability key="system.builder.grailsBuilder.Grails 2.1" value="/opt/grails-2.1"/>
    <capability key="system.builder.mvn3.Maven 3.0" value="/opt/maven-3.0"/>
    <capability key="system.builder.ant.Ant 1.8" value="/opt/ant-1.8"/>
    <capability key="system.builder.mvn2.Maven 2" value="/opt/maven-2.2"/>
    <capability key="system.builder.node.Node.js 0.10" value="/opt/node-0.10/bin/node"/>
    <capability key="system.jdk.JDK 1.7" value="/opt/jdk-7"/>
    <capability key="system.builder.mvn3.Maven 3" value="/opt/maven-3.2"/>
   </capabilities>
  </image>
  <image>
   <id>47349772</id>
   <awsId>ami-bf02accc</awsId>
   <configurationName>Windows stock image</configurationName>
   <configurationDescription>Elastic Image Configuration shipped with Bamboo</configurationDescription>
   <instanceType>M3Large</instanceType>
   <shippedWithBamboo>true</shippedWithBamboo>
   <product>Windows</product>
   <region>EU_WEST_1</region>
   <rootDeviceType>EBS</rootDeviceType>
   <architecture>x86_64</architecture>
   <platform>windows</platform>
   <capabilities>
    <capability key="system.builder.mvn3.Maven 3.2" value="C:\opt\maven-3.2"/>
    <capability key="system.builder.grailsBuilder.Grails 2.0" value="C:\opt\grails-2.0"/>
    <capability key="system.builder.node.Node.js 0.10" value="C:\opt\node-0.10\node.exe"/>
    <capability key="system.builder.msbuild.MSBuild v4.0 (32bit)" value="C:\Windows\Microsoft.NET\Framework\v4.0.30319\MSBuild.exe"/>
    <capability key="system.jdk.JDK 1.6" value="C:\opt\jdk-6"/>
    <capability key="system.builder.ant.Ant" value="C:\opt\ant-1.9"/>
    <capability key="system.builder.mvn3.Maven 3.1" value="C:\opt\maven-3.1"/>
    <capability key="system.builder.grailsBuilder.Grails 2.1" value="C:\opt\grails-2.1"/>
    <capability key="system.builder.ant.Ant 1.9" value="C:\opt\ant-1.9"/>
    <capability key="system.git.executable" value="C:\cygwin\bin\git.exe"/>
    <capability key="system.builder.phpunit.PHPUnit 3.7" value="C:\opt\phpunit-3.7\phpunit"/>
    <capability key="system.builder.phpunit.PHPUnit 4.4" value="C:\opt\phpunit-4.4\phpunit"/>
    <capability key="system.builder.mvn2.Maven 2.0" value="C:\opt\maven-2.0"/>
    <capability key="system.builder.mvn2.Maven 2" value="C:\opt\maven-2.2"/>
    <capability key="system.hg.executable" value="C:\opt\mercurial\hg.exe"/>
    <capability key="system.builder.ant.Ant 1.8" value="C:\opt\ant-1.8"/>
    <capability key="system.builder.mvn2.Maven 2.1" value="C:\opt\maven-2.1"/>
    <capability key="system.builder.mvn3.Maven 3.0" value="C:\opt\maven-3.0"/>
    <capability key="system.builder.grailsBuilder.Grails 1.3" value="C:\opt\grails-1.3"/>
    <capability key="system.builder.grailsBuilder.Grails 2.2" value="C:\opt\grails-2.2"/>
    <capability key="system.jdk.JDK 1.8" value="C:\opt\jdk-8"/>
    <capability key="system.builder.msbuild.MSBuild v4.0 (64bit)" value="C:\Windows\Microsoft.NET\Framework64\v4.0.30319\MSBuild.exe"/>
    <capability key="system.builder.grailsBuilder.Grails 2.4" value="C:\opt\grails-2.4"/>
    <capability key="system.builder.mvn2.Maven 2.2" value="C:\opt\maven-2.2"/>
    <capability key="system.builder.grailsBuilder.Grails 2.3" value="C:\opt\grails-2.3"/>
    <capability key="system.builder.mvn3.Maven 3" value="C:\opt\maven-3.2"/>
    <capability key="system.jdk.JDK 1.7" value="C:\opt\jdk-7"/>
    <capability key="system.builder.nant.Nant" value="C:\opt\nant-0.92"/>
   </capabilities>
  </image>
  <image>
   <id>47349773</id>
   <awsId>ami-7f495713</awsId>
   <configurationName>Windows stock image</configurationName>
   <configurationDescription>Elastic Image Configuration shipped with Bamboo</configurationDescription>
   <instanceType>M3Large</instanceType>
   <shippedWithBamboo>true</shippedWithBamboo>
   <product>Windows</product>
   <region>EU_CENTRAL_1</region>
   <rootDeviceType>EBS</rootDeviceType>
   <architecture>x86_64</architecture>
   <platform>windows</platform>
   <capabilities>
    <capability key="system.builder.mvn3.Maven 3.2" value="C:\opt\maven-3.2"/>
    <capability key="system.builder.grailsBuilder.Grails 2.0" value="C:\opt\grails-2.0"/>
    <capability key="system.builder.node.Node.js 0.10" value="C:\opt\node-0.10\node.exe"/>
    <capability key="system.builder.msbuild.MSBuild v4.0 (32bit)" value="C:\Windows\Microsoft.NET\Framework\v4.0.30319\MSBuild.exe"/>
    <capability key="system.jdk.JDK 1.6" value="C:\opt\jdk-6"/>
    <capability key="system.builder.ant.Ant" value="C:\opt\ant-1.9"/>
    <capability key="system.builder.mvn3.Maven 3.1" value="C:\opt\maven-3.1"/>
    <capability key="system.builder.grailsBuilder.Grails 2.1" value="C:\opt\grails-2.1"/>
    <capability key="system.builder.ant.Ant 1.9" value="C:\opt\ant-1.9"/>
    <capability key="system.git.executable" value="C:\cygwin\bin\git.exe"/>
    <capability key="system.builder.phpunit.PHPUnit 3.7" value="C:\opt\phpunit-3.7\phpunit"/>
    <capability key="system.builder.phpunit.PHPUnit 4.4" value="C:\opt\phpunit-4.4\phpunit"/>
    <capability key="system.builder.mvn2.Maven 2.0" value="C:\opt\maven-2.0"/>
    <capability key="system.builder.mvn2.Maven 2" value="C:\opt\maven-2.2"/>
    <capability key="system.hg.executable" value="C:\opt\mercurial\hg.exe"/>
    <capability key="system.builder.ant.Ant 1.8" value="C:\opt\ant-1.8"/>
    <capability key="system.builder.mvn2.Maven 2.1" value="C:\opt\maven-2.1"/>
    <capability key="system.builder.mvn3.Maven 3.0" value="C:\opt\maven-3.0"/>
    <capability key="system.builder.grailsBuilder.Grails 1.3" value="C:\opt\grails-1.3"/>
    <capability key="system.builder.grailsBuilder.Grails 2.2" value="C:\opt\grails-2.2"/>
    <capability key="system.jdk.JDK 1.8" value="C:\opt\jdk-8"/>
    <capability key="system.builder.msbuild.MSBuild v4.0 (64bit)" value="C:\Windows\Microsoft.NET\Framework64\v4.0.30319\MSBuild.exe"/>
    <capability key="system.builder.grailsBuilder.Grails 2.4" value="C:\opt\grails-2.4"/>
    <capability key="system.builder.mvn2.Maven 2.2" value="C:\opt\maven-2.2"/>
    <capability key="system.builder.grailsBuilder.Grails 2.3" value="C:\opt\grails-2.3"/>
    <capability key="system.builder.mvn3.Maven 3" value="C:\opt\maven-3.2"/>
    <capability key="system.jdk.JDK 1.7" value="C:\opt\jdk-7"/>
    <capability key="system.builder.nant.Nant" value="C:\opt\nant-0.92"/>
   </capabilities>
  </image>
  <image>
   <id>47349774</id>
   <awsId>ami-dd0673bd</awsId>
   <configurationName>Windows stock image</configurationName>
   <configurationDescription>Elastic Image Configuration shipped with Bamboo</configurationDescription>
   <instanceType>M3Large</instanceType>
   <shippedWithBamboo>true</shippedWithBamboo>
   <product>Windows</product>
   <region>US_WEST_1</region>
   <rootDeviceType>EBS</rootDeviceType>
   <architecture>x86_64</architecture>
   <platform>windows</platform>
   <capabilities>
    <capability key="system.builder.mvn3.Maven 3.2" value="C:\opt\maven-3.2"/>
    <capability key="system.builder.grailsBuilder.Grails 2.0" value="C:\opt\grails-2.0"/>
    <capability key="system.builder.node.Node.js 0.10" value="C:\opt\node-0.10\node.exe"/>
    <capability key="system.builder.msbuild.MSBuild v4.0 (32bit)" value="C:\Windows\Microsoft.NET\Framework\v4.0.30319\MSBuild.exe"/>
    <capability key="system.jdk.JDK 1.6" value="C:\opt\jdk-6"/>
    <capability key="system.builder.ant.Ant" value="C:\opt\ant-1.9"/>
    <capability key="system.builder.mvn3.Maven 3.1" value="C:\opt\maven-3.1"/>
    <capability key="system.builder.grailsBuilder.Grails 2.1" value="C:\opt\grails-2.1"/>
    <capability key="system.builder.ant.Ant 1.9" value="C:\opt\ant-1.9"/>
    <capability key="system.git.executable" value="C:\cygwin\bin\git.exe"/>
    <capability key="system.builder.phpunit.PHPUnit 3.7" value="C:\opt\phpunit-3.7\phpunit"/>
    <capability key="system.builder.phpunit.PHPUnit 4.4" value="C:\opt\phpunit-4.4\phpunit"/>
    <capability key="system.builder.mvn2.Maven 2.0" value="C:\opt\maven-2.0"/>
    <capability key="system.builder.mvn2.Maven 2" value="C:\opt\maven-2.2"/>
    <capability key="system.hg.executable" value="C:\opt\mercurial\hg.exe"/>
    <capability key="system.builder.ant.Ant 1.8" value="C:\opt\ant-1.8"/>
    <capability key="system.builder.mvn2.Maven 2.1" value="C:\opt\maven-2.1"/>
    <capability key="system.builder.mvn3.Maven 3.0" value="C:\opt\maven-3.0"/>
    <capability key="system.builder.grailsBuilder.Grails 1.3" value="C:\opt\grails-1.3"/>
    <capability key="system.builder.grailsBuilder.Grails 2.2" value="C:\opt\grails-2.2"/>
    <capability key="system.jdk.JDK 1.8" value="C:\opt\jdk-8"/>
    <capability key="system.builder.msbuild.MSBuild v4.0 (64bit)" value="C:\Windows\Microsoft.NET\Framework64\v4.0.30319\MSBuild.exe"/>
    <capability key="system.builder.grailsBuilder.Grails 2.4" value="C:\opt\grails-2.4"/>
    <capability key="system.builder.mvn2.Maven 2.2" value="C:\opt\maven-2.2"/>
    <capability key="system.builder.grailsBuilder.Grails 2.3" value="C:\opt\grails-2.3"/>
    <capability key="system.builder.mvn3.Maven 3" value="C:\opt\maven-3.2"/>
    <capability key="system.jdk.JDK 1.7" value="C:\opt\jdk-7"/>
    <capability key="system.builder.nant.Nant" value="C:\opt\nant-0.92"/>
   </capabilities>
  </image>
  <image>
   <id>47349775</id>
   <awsId>ami-1f7ff973</awsId>
   <configurationName>Ubuntu stock image</configurationName>
   <configurationDescription>Elastic Image Configuration shipped with Bamboo</configurationDescription>
   <instanceType>M3Large</instanceType>
   <shippedWithBamboo>true</shippedWithBamboo>
   <product>Linux/UNIX</product>
   <region>SOUTH_AMERICA_1</region>
   <rootDeviceType>EBS</rootDeviceType>
   <architecture>x86_64</architecture>
   <platform>linux</platform>
   <capabilities>
    <capability key="system.builder.ant.Ant 1.9" value="/opt/ant-1.9"/>
    <capability key="system.builder.ant.Ant" value="/opt/ant-1.9"/>
    <capability key="system.docker.executable" value="/usr/bin/docker"/>
    <capability key="system.jdk.JDK 1.6" value="/opt/jdk-6"/>
    <capability key="system.builder.mvn2.Maven 2.2" value="/opt/maven-2.2"/>
    <capability key="system.builder.grailsBuilder.Grails 1.3" value="/opt/grails-1.3"/>
    <capability key="system.builder.grailsBuilder.Grails 2.2" value="/opt/grails-2.2"/>
    <capability key="system.builder.mvn3.Maven 3.1" value="/opt/maven-3.1"/>
    <capability key="system.builder.mvn2.Maven 2.1" value="/opt/maven-2.1"/>
    <capability key="system.builder.grailsBuilder.Grails 2.3" value="/opt/grails-2.3"/>
    <capability key="system.builder.phpunit.PHPUnit 4.4" value="/opt/phpunit-4.4/phpunit"/>
    <capability key="system.jdk.JDK 1.5" value="/opt/jdk-5"/>
    <capability key="system.git.executable" value="/usr/bin/git"/>
    <capability key="system.builder.mvn3.Maven 3.2" value="/opt/maven-3.2"/>
    <capability key="system.builder.mvn2.Maven 2.0" value="/opt/maven-2.0"/>
    <capability key="system.builder.grailsBuilder.Grails 2.4" value="/opt/grails-2.4"/>
    <capability key="system.jdk.JDK 1.8" value="/opt/jdk-8"/>
    <capability key="system.builder.grailsBuilder.Grails 2.0" value="/opt/grails-2.0"/>
    <capability key="system.builder.phpunit.PHPUnit 3.7" value="/opt/phpunit-3.7/phpunit"/>
    <capability key="system.hg.executable" value="/usr/bin/hg"/>
    <capability key="system.builder.grailsBuilder.Grails 2.1" value="/opt/grails-2.1"/>
    <capability key="system.builder.mvn3.Maven 3.0" value="/opt/maven-3.0"/>
    <capability key="system.builder.ant.Ant 1.8" value="/opt/ant-1.8"/>
    <capability key="system.builder.mvn2.Maven 2" value="/opt/maven-2.2"/>
    <capability key="system.builder.node.Node.js 0.10" value="/opt/node-0.10/bin/node"/>
    <capability key="system.jdk.JDK 1.7" value="/opt/jdk-7"/>
    <capability key="system.builder.mvn3.Maven 3" value="/opt/maven-3.2"/>
   </capabilities>
  </image>
  <image>
   <id>47349776</id>
   <awsId>ami-947a64f8</awsId>
   <configurationName>Ubuntu stock image</configurationName>
   <configurationDescription>Elastic Image Configuration shipped with Bamboo</configurationDescription>
   <instanceType>M3Large</instanceType>
   <shippedWithBamboo>true</shippedWithBamboo>
   <product>Linux/UNIX</product>
   <region>EU_CENTRAL_1</region>
   <rootDeviceType>EBS</rootDeviceType>
   <architecture>x86_64</architecture>
   <platform>linux</platform>
   <capabilities>
    <capability key="system.builder.ant.Ant 1.9" value="/opt/ant-1.9"/>
    <capability key="system.builder.ant.Ant" value="/opt/ant-1.9"/>
    <capability key="system.docker.executable" value="/usr/bin/docker"/>
    <capability key="system.jdk.JDK 1.6" value="/opt/jdk-6"/>
    <capability key="system.builder.mvn2.Maven 2.2" value="/opt/maven-2.2"/>
    <capability key="system.builder.grailsBuilder.Grails 1.3" value="/opt/grails-1.3"/>
    <capability key="system.builder.grailsBuilder.Grails 2.2" value="/opt/grails-2.2"/>
    <capability key="system.builder.mvn3.Maven 3.1" value="/opt/maven-3.1"/>
    <capability key="system.builder.mvn2.Maven 2.1" value="/opt/maven-2.1"/>
    <capability key="system.builder.grailsBuilder.Grails 2.3" value="/opt/grails-2.3"/>
    <capability key="system.builder.phpunit.PHPUnit 4.4" value="/opt/phpunit-4.4/phpunit"/>
    <capability key="system.jdk.JDK 1.5" value="/opt/jdk-5"/>
    <capability key="system.git.executable" value="/usr/bin/git"/>
    <capability key="system.builder.mvn3.Maven 3.2" value="/opt/maven-3.2"/>
    <capability key="system.builder.mvn2.Maven 2.0" value="/opt/maven-2.0"/>
    <capability key="system.builder.grailsBuilder.Grails 2.4" value="/opt/grails-2.4"/>
    <capability key="system.jdk.JDK 1.8" value="/opt/jdk-8"/>
    <capability key="system.builder.grailsBuilder.Grails 2.0" value="/opt/grails-2.0"/>
    <capability key="system.builder.phpunit.PHPUnit 3.7" value="/opt/phpunit-3.7/phpunit"/>
    <capability key="system.hg.executable" value="/usr/bin/hg"/>
    <capability key="system.builder.grailsBuilder.Grails 2.1" value="/opt/grails-2.1"/>
    <capability key="system.builder.mvn3.Maven 3.0" value="/opt/maven-3.0"/>
    <capability key="system.builder.ant.Ant 1.8" value="/opt/ant-1.8"/>
    <capability key="system.builder.mvn2.Maven 2" value="/opt/maven-2.2"/>
    <capability key="system.builder.node.Node.js 0.10" value="/opt/node-0.10/bin/node"/>
    <capability key="system.jdk.JDK 1.7" value="/opt/jdk-7"/>
    <capability key="system.builder.mvn3.Maven 3" value="/opt/maven-3.2"/>
   </capabilities>
  </image>
  <image>
   <id>47349777</id>
   <awsId>ami-7c91891d</awsId>
   <configurationName>Windows stock image</configurationName>
   <configurationDescription>Elastic Image Configuration shipped with Bamboo</configurationDescription>
   <instanceType>M3Large</instanceType>
   <shippedWithBamboo>true</shippedWithBamboo>
   <product>Windows</product>
   <region>US_WEST_2</region>
   <rootDeviceType>EBS</rootDeviceType>
   <architecture>x86_64</architecture>
   <platform>windows</platform>
   <capabilities>
    <capability key="system.builder.mvn3.Maven 3.2" value="C:\opt\maven-3.2"/>
    <capability key="system.builder.grailsBuilder.Grails 2.0" value="C:\opt\grails-2.0"/>
    <capability key="system.builder.node.Node.js 0.10" value="C:\opt\node-0.10\node.exe"/>
    <capability key="system.builder.msbuild.MSBuild v4.0 (32bit)" value="C:\Windows\Microsoft.NET\Framework\v4.0.30319\MSBuild.exe"/>
    <capability key="system.jdk.JDK 1.6" value="C:\opt\jdk-6"/>
    <capability key="system.builder.ant.Ant" value="C:\opt\ant-1.9"/>
    <capability key="system.builder.mvn3.Maven 3.1" value="C:\opt\maven-3.1"/>
    <capability key="system.builder.grailsBuilder.Grails 2.1" value="C:\opt\grails-2.1"/>
    <capability key="system.builder.ant.Ant 1.9" value="C:\opt\ant-1.9"/>
    <capability key="system.git.executable" value="C:\cygwin\bin\git.exe"/>
    <capability key="system.builder.phpunit.PHPUnit 3.7" value="C:\opt\phpunit-3.7\phpunit"/>
    <capability key="system.builder.phpunit.PHPUnit 4.4" value="C:\opt\phpunit-4.4\phpunit"/>
    <capability key="system.builder.mvn2.Maven 2.0" value="C:\opt\maven-2.0"/>
    <capability key="system.builder.mvn2.Maven 2" value="C:\opt\maven-2.2"/>
    <capability key="system.hg.executable" value="C:\opt\mercurial\hg.exe"/>
    <capability key="system.builder.ant.Ant 1.8" value="C:\opt\ant-1.8"/>
    <capability key="system.builder.mvn2.Maven 2.1" value="C:\opt\maven-2.1"/>
    <capability key="system.builder.mvn3.Maven 3.0" value="C:\opt\maven-3.0"/>
    <capability key="system.builder.grailsBuilder.Grails 1.3" value="C:\opt\grails-1.3"/>
    <capability key="system.builder.grailsBuilder.Grails 2.2" value="C:\opt\grails-2.2"/>
    <capability key="system.jdk.JDK 1.8" value="C:\opt\jdk-8"/>
    <capability key="system.builder.msbuild.MSBuild v4.0 (64bit)" value="C:\Windows\Microsoft.NET\Framework64\v4.0.30319\MSBuild.exe"/>
    <capability key="system.builder.grailsBuilder.Grails 2.4" value="C:\opt\grails-2.4"/>
    <capability key="system.builder.mvn2.Maven 2.2" value="C:\opt\maven-2.2"/>
    <capability key="system.builder.grailsBuilder.Grails 2.3" value="C:\opt\grails-2.3"/>
    <capability key="system.builder.mvn3.Maven 3" value="C:\opt\maven-3.2"/>
    <capability key="system.jdk.JDK 1.7" value="C:\opt\jdk-7"/>
    <capability key="system.builder.nant.Nant" value="C:\opt\nant-0.92"/>
   </capabilities>
  </image>
 </images>
</bamboo>