<?xml version='1.1' encoding='UTF-8' standalone='yes'?>
<bamboo>
 <date>Tue Mar 22 20:33:53 AEDT 2016</date>
 <version>5.10.1.1</version>
 <buildDate>08-Feb-2016</buildDate>
 <build>51018</build>
 <serverID>BG3Y-XJ99-GC6Z-FPP1</serverID>
 <planRepositories>
  <planRepository>
   <id>1703937</id>
   <plan>SW-MAS0</plan>
   <repositoryDefinition>1671169</repositoryDefinition>
   <position>0</position>
   <buildTrigger>false</buildTrigger>
  </planRepository>
  <planRepository>
   <id>11436033</id>
   <plan>SACO-MAS</plan>
   <repositoryDefinition>9601042</repositoryDefinition>
   <position>1</position>
   <buildTrigger>false</buildTrigger>
  </planRepository>
  <planRepository>
   <id>13074433</id>
   <plan>SACO-MAS0</plan>
   <repositoryDefinition>13041665</repositoryDefinition>
   <position>0</position>
   <buildTrigger>false</buildTrigger>
  </planRepository>
  <planRepository>
   <id>13074434</id>
   <plan>SW-MAS</plan>
   <repositoryDefinition>9601042</repositoryDefinition>
   <position>1</position>
   <buildTrigger>false</buildTrigger>
  </planRepository>
  <planRepository>
   <id>13074439</id>
   <plan>SE-MAS</plan>
   <repositoryDefinition>9601042</repositoryDefinition>
   <position>1</position>
   <buildTrigger>false</buildTrigger>
  </planRepository>
  <planRepository>
   <id>13074442</id>
   <plan>SXE-MAS</plan>
   <repositoryDefinition>9601042</repositoryDefinition>
   <position>1</position>
   <buildTrigger>false</buildTrigger>
  </planRepository>
  <planRepository>
   <id>13074444</id>
   <plan>SNE-MN</plan>
   <repositoryDefinition>9601042</repositoryDefinition>
   <position>1</position>
   <buildTrigger>false</buildTrigger>
  </planRepository>
  <planRepository>
   <id>13074446</id>
   <plan>SC-MAS</plan>
   <repositoryDefinition>9601042</repositoryDefinition>
   <position>1</position>
   <buildTrigger>false</buildTrigger>
  </planRepository>
  <planRepository>
   <id>16842754</id>
   <plan>SG-MAS</plan>
   <repositoryDefinition>9601042</repositoryDefinition>
   <position>1</position>
   <buildTrigger>false</buildTrigger>
  </planRepository>
  <planRepository>
   <id>16842758</id>
   <plan>SR-MAS</plan>
   <repositoryDefinition>9601042</repositoryDefinition>
   <position>1</position>
   <buildTrigger>false</buildTrigger>
  </planRepository>
  <planRepository>
   <id>17989634</id>
   <plan>SSC-MAS</plan>
   <repositoryDefinition>9601042</repositoryDefinition>
   <position>1</position>
   <buildTrigger>false</buildTrigger>
  </planRepository>
  <planRepository>
   <id>24313862</id>
   <plan>SSL-MAST</plan>
   <repositoryDefinition>9601042</repositoryDefinition>
   <position>1</position>
   <buildTrigger>false</buildTrigger>
  </planRepository>
  <planRepository>
   <id>27197442</id>
   <plan>SSR-MAS</plan>
   <repositoryDefinition>9601042</repositoryDefinition>
   <position>1</position>
   <buildTrigger>false</buildTrigger>
  </planRepository>
  <planRepository>
   <id>28082178</id>
   <plan>SSM-MAS</plan>
   <repositoryDefinition>9601042</repositoryDefinition>
   <position>1</position>
   <buildTrigger>false</buildTrigger>
  </planRepository>
  <planRepository>
   <id>29982722</id>
   <plan>SSA-MAS</plan>
   <repositoryDefinition>9601042</repositoryDefinition>
   <position>1</position>
   <buildTrigger>false</buildTrigger>
  </planRepository>
  <planRepository>
   <id>35848194</id>
   <plan>SSRC-MAS</plan>
   <repositoryDefinition>9601042</repositoryDefinition>
   <position>1</position>
   <buildTrigger>false</buildTrigger>
  </planRepository>
  <planRepository>
   <id>37748740</id>
   <plan>SSLC-MAS</plan>
   <repositoryDefinition>9601042</repositoryDefinition>
   <position>1</position>
   <buildTrigger>false</buildTrigger>
  </planRepository>
  <planRepository>
   <id>37748743</id>
   <plan>SSAC-MAS</plan>
   <repositoryDefinition>9601042</repositoryDefinition>
   <position>1</position>
   <buildTrigger>false</buildTrigger>
  </planRepository>
  <planRepository>
   <id>56328194</id>
   <plan>SWPF-MAS</plan>
   <repositoryDefinition>9601042</repositoryDefinition>
   <position>1</position>
   <buildTrigger>false</buildTrigger>
  </planRepository>
  <planRepository>
   <id>70418434</id>
   <plan>SSCD-MAS</plan>
   <repositoryDefinition>9601042</repositoryDefinition>
   <position>1</position>
   <buildTrigger>false</buildTrigger>
  </planRepository>
  <planRepository>
   <id>79265794</id>
   <plan>SA-MAS</plan>
   <repositoryDefinition>9601042</repositoryDefinition>
   <position>1</position>
   <buildTrigger>false</buildTrigger>
  </planRepository>
  <planRepository>
   <id>82837505</id>
   <plan>SSM-MAS</plan>
   <repositoryDefinition>82804737</repositoryDefinition>
   <position>0</position>
   <buildTrigger>false</buildTrigger>
  </planRepository>
  <planRepository>
   <id>82837506</id>
   <plan>SXE-MAS</plan>
   <repositoryDefinition>82804738</repositoryDefinition>
   <position>0</position>
   <buildTrigger>false</buildTrigger>
  </planRepository>
  <planRepository>
   <id>82837507</id>
   <plan>SWPF-MAS</plan>
   <repositoryDefinition>82804739</repositoryDefinition>
   <position>0</position>
   <buildTrigger>false</buildTrigger>
  </planRepository>
  <planRepository>
   <id>82837508</id>
   <plan>SW-MAS</plan>
   <repositoryDefinition>82804740</repositoryDefinition>
   <position>0</position>
   <buildTrigger>false</buildTrigger>
  </planRepository>
  <planRepository>
   <id>82837509</id>
   <plan>SSRC-MAS</plan>
   <repositoryDefinition>82804741</repositoryDefinition>
   <position>0</position>
   <buildTrigger>false</buildTrigger>
  </planRepository>
  <planRepository>
   <id>82837510</id>
   <plan>SSR-MAS</plan>
   <repositoryDefinition>82804742</repositoryDefinition>
   <position>0</position>
   <buildTrigger>false</buildTrigger>
  </planRepository>
  <planRepository>
   <id>82837511</id>
   <plan>SSLC-MAS</plan>
   <repositoryDefinition>82804743</repositoryDefinition>
   <position>0</position>
   <buildTrigger>false</buildTrigger>
  </planRepository>
  <planRepository>
   <id>82837512</id>
   <plan>SSL-MAST</plan>
   <repositoryDefinition>82804744</repositoryDefinition>
   <position>0</position>
   <buildTrigger>false</buildTrigger>
  </planRepository>
  <planRepository>
   <id>82837513</id>
   <plan>SSCD-MAS</plan>
   <repositoryDefinition>82804745</repositoryDefinition>
   <position>0</position>
   <buildTrigger>false</buildTrigger>
  </planRepository>
  <planRepository>
   <id>82837514</id>
   <plan>SSC-MAS</plan>
   <repositoryDefinition>82804746</repositoryDefinition>
   <position>0</position>
   <buildTrigger>false</buildTrigger>
  </planRepository>
  <planRepository>
   <id>82837515</id>
   <plan>SSAC-MAS</plan>
   <repositoryDefinition>82804747</repositoryDefinition>
   <position>0</position>
   <buildTrigger>false</buildTrigger>
  </planRepository>
  <planRepository>
   <id>82837516</id>
   <plan>SSA-MAS</plan>
   <repositoryDefinition>82804748</repositoryDefinition>
   <position>0</position>
   <buildTrigger>false</buildTrigger>
  </planRepository>
  <planRepository>
   <id>82837517</id>
   <plan>SR-MAS</plan>
   <repositoryDefinition>82804749</repositoryDefinition>
   <position>0</position>
   <buildTrigger>false</buildTrigger>
  </planRepository>
  <planRepository>
   <id>82837518</id>
   <plan>SNE-MN</plan>
   <repositoryDefinition>82804750</repositoryDefinition>
   <position>0</position>
   <buildTrigger>false</buildTrigger>
  </planRepository>
  <planRepository>
   <id>82837519</id>
   <plan>SG-MAS</plan>
   <repositoryDefinition>82804751</repositoryDefinition>
   <position>0</position>
   <buildTrigger>false</buildTrigger>
  </planRepository>
  <planRepository>
   <id>82837520</id>
   <plan>SE-MAS</plan>
   <repositoryDefinition>82804752</repositoryDefinition>
   <position>0</position>
   <buildTrigger>false</buildTrigger>
  </planRepository>
  <planRepository>
   <id>82837521</id>
   <plan>SC-MAS</plan>
   <repositoryDefinition>82804753</repositoryDefinition>
   <position>0</position>
   <buildTrigger>false</buildTrigger>
  </planRepository>
  <planRepository>
   <id>82837522</id>
   <plan>SA-MAS</plan>
   <repositoryDefinition>82804754</repositoryDefinition>
   <position>0</position>
   <buildTrigger>false</buildTrigger>
  </planRepository>
  <planRepository>
   <id>82837523</id>
   <plan>SACO-MAS</plan>
   <repositoryDefinition>82804755</repositoryDefinition>
   <position>0</position>
   <buildTrigger>false</buildTrigger>
  </planRepository>
 </planRepositories>
</bamboo>