<?xml version='1.1' encoding='UTF-8' standalone='yes'?>
<bamboo>
 <date>Sat Feb 20 15:40:54 AEDT 2016</date>
 <version>5.10.1.1</version>
 <buildDate>08-Feb-2016</buildDate>
 <build>51018</build>
 <serverID>BG3Y-XJ99-GC6Z-FPP1</serverID>
 <artifactDefinitions>
  <definition>
   <id>6815747</id>
   <name>Source</name>
   <location>Source</location>
   <copyPattern>**/*</copyPattern>
   <sharedArtifact>true</sharedArtifact>
   <producerJob>SNE-MN-JOB1</producerJob>
  </definition>
  <definition>
   <id>6815748</id>
   <name>Source</name>
   <location>Source</location>
   <copyPattern>**/*</copyPattern>
   <sharedArtifact>true</sharedArtifact>
   <producerJob>SC-MAS-JOB1</producerJob>
  </definition>
  <definition>
   <id>6815749</id>
   <name>Source</name>
   <location>Source</location>
   <copyPattern>**/*</copyPattern>
   <sharedArtifact>true</sharedArtifact>
   <producerJob>SW-MAS-JOB1</producerJob>
  </definition>
  <definition>
   <id>6815753</id>
   <name>Source</name>
   <location>Source</location>
   <copyPattern>**/*</copyPattern>
   <sharedArtifact>true</sharedArtifact>
   <producerJob>SXE-MAS-JOB1</producerJob>
  </definition>
  <definition>
   <id>6815756</id>
   <name>Source</name>
   <location>Source</location>
   <copyPattern>**/*</copyPattern>
   <sharedArtifact>true</sharedArtifact>
   <producerJob>SACO-MAS-JOB1</producerJob>
  </definition>
  <definition>
   <id>12779521</id>
   <name>ReSharper Results</name>
   <location>Source</location>
   <copyPattern>ReSharperResults.xml</copyPattern>
   <sharedArtifact>false</sharedArtifact>
   <producerJob>SC-MAS-JOB1</producerJob>
  </definition>
  <definition>
   <id>12779522</id>
   <name>ReSharper Results</name>
   <location>Source</location>
   <copyPattern>ReSharperResults.xml</copyPattern>
   <sharedArtifact>false</sharedArtifact>
   <producerJob>SACO-MAS-JOB1</producerJob>
  </definition>
  <definition>
   <id>12779523</id>
   <name>ReSharper Results</name>
   <location>Source</location>
   <copyPattern>ReSharperResults.xml</copyPattern>
   <sharedArtifact>false</sharedArtifact>
   <producerJob>SW-MAS-JOB1</producerJob>
  </definition>
  <definition>
   <id>12779524</id>
   <name>ReSharper Results</name>
   <location>Source</location>
   <copyPattern>ReSharperResults.xml</copyPattern>
   <sharedArtifact>false</sharedArtifact>
   <producerJob>SNE-MN-JOB1</producerJob>
  </definition>
  <definition>
   <id>12779525</id>
   <name>ReSharper Results</name>
   <location>Source</location>
   <copyPattern>ReSharperResults.xml</copyPattern>
   <sharedArtifact>false</sharedArtifact>
   <producerJob>SXE-MAS-JOB1</producerJob>
  </definition>
  <definition>
   <id>12779526</id>
   <name>Source</name>
   <location>Source</location>
   <copyPattern>**/*</copyPattern>
   <sharedArtifact>true</sharedArtifact>
   <producerJob>SE-MAS-JOB1</producerJob>
  </definition>
  <definition>
   <id>12779527</id>
   <name>ReSharper Results</name>
   <location>Source</location>
   <copyPattern>ReSharperResults.xml</copyPattern>
   <sharedArtifact>false</sharedArtifact>
   <producerJob>SE-MAS-JOB1</producerJob>
  </definition>
  <definition>
   <id>16777217</id>
   <name>Source</name>
   <location>Source</location>
   <copyPattern>**/*</copyPattern>
   <sharedArtifact>true</sharedArtifact>
   <producerJob>SG-MAS-JOB1</producerJob>
  </definition>
  <definition>
   <id>16777218</id>
   <name>ReSharper Results</name>
   <location>Source</location>
   <copyPattern>ReSharperResults.xml</copyPattern>
   <sharedArtifact>false</sharedArtifact>
   <producerJob>SG-MAS-JOB1</producerJob>
  </definition>
  <definition>
   <id>16777220</id>
   <name>Source</name>
   <location>Source</location>
   <copyPattern>**/*</copyPattern>
   <sharedArtifact>true</sharedArtifact>
   <producerJob>SR-MAS-JOB1</producerJob>
  </definition>
  <definition>
   <id>16777221</id>
   <name>ReSharper Results</name>
   <location>Source</location>
   <copyPattern>ReSharperResults.xml</copyPattern>
   <sharedArtifact>false</sharedArtifact>
   <producerJob>SR-MAS-JOB1</producerJob>
  </definition>
  <definition>
   <id>17924097</id>
   <name>Source</name>
   <location>Source</location>
   <copyPattern>**/*</copyPattern>
   <sharedArtifact>true</sharedArtifact>
   <producerJob>SSC-MAS-JOB1</producerJob>
  </definition>
  <definition>
   <id>17924098</id>
   <name>ReSharper Results</name>
   <location>Source</location>
   <copyPattern>ReSharperResults.xml</copyPattern>
   <sharedArtifact>false</sharedArtifact>
   <producerJob>SSC-MAS-JOB1</producerJob>
  </definition>
  <definition>
   <id>24215556</id>
   <name>Source</name>
   <location>Source</location>
   <copyPattern>**/*</copyPattern>
   <sharedArtifact>true</sharedArtifact>
   <producerJob>SSL-MAST-JOB1</producerJob>
  </definition>
  <definition>
   <id>24215557</id>
   <name>ReSharper Results</name>
   <location>Source</location>
   <copyPattern>ReSharperResults.xml</copyPattern>
   <sharedArtifact>false</sharedArtifact>
   <producerJob>SSL-MAST-JOB1</producerJob>
  </definition>
  <definition>
   <id>27099137</id>
   <name>Source</name>
   <location>Source</location>
   <copyPattern>**/*</copyPattern>
   <sharedArtifact>true</sharedArtifact>
   <producerJob>SSR-MAS-JOB1</producerJob>
  </definition>
  <definition>
   <id>27099138</id>
   <name>ReSharper Results</name>
   <location>Source</location>
   <copyPattern>ReSharperResults.xml</copyPattern>
   <sharedArtifact>false</sharedArtifact>
   <producerJob>SSR-MAS-JOB1</producerJob>
  </definition>
  <definition>
   <id>27983873</id>
   <name>Source</name>
   <location>Source</location>
   <copyPattern>**/*</copyPattern>
   <sharedArtifact>true</sharedArtifact>
   <producerJob>SSM-MAS-JOB1</producerJob>
  </definition>
  <definition>
   <id>27983874</id>
   <name>ReSharper Results</name>
   <location>Source</location>
   <copyPattern>ReSharperResults.xml</copyPattern>
   <sharedArtifact>false</sharedArtifact>
   <producerJob>SSM-MAS-JOB1</producerJob>
  </definition>
  <definition>
   <id>29917185</id>
   <name>Source</name>
   <location>Source</location>
   <copyPattern>**/*</copyPattern>
   <sharedArtifact>true</sharedArtifact>
   <producerJob>SSA-MAS-JOB1</producerJob>
  </definition>
  <definition>
   <id>29917186</id>
   <name>ReSharper Results</name>
   <location>Source</location>
   <copyPattern>ReSharperResults.xml</copyPattern>
   <sharedArtifact>false</sharedArtifact>
   <producerJob>SSA-MAS-JOB1</producerJob>
  </definition>
  <definition>
   <id>33587201</id>
   <name>Code Coverage</name>
   <location>Source/coverage</location>
   <copyPattern>**/*</copyPattern>
   <sharedArtifact>false</sharedArtifact>
   <producerJob>SSA-MAS-JOB1</producerJob>
  </definition>
  <definition>
   <id>34963458</id>
   <name>Code Coverage</name>
   <location>Source/coverage</location>
   <copyPattern>**.*</copyPattern>
   <sharedArtifact>false</sharedArtifact>
   <producerJob>SSL-MAST-JOB1</producerJob>
  </definition>
  <definition>
   <id>34963459</id>
   <name>Code Coverage</name>
   <location>Source/coverage</location>
   <copyPattern>**/*</copyPattern>
   <sharedArtifact>false</sharedArtifact>
   <producerJob>SG-MAS-JOB1</producerJob>
  </definition>
  <definition>
   <id>34963460</id>
   <name>Code Coverage</name>
   <location>Source/coverage</location>
   <copyPattern>**/*</copyPattern>
   <sharedArtifact>false</sharedArtifact>
   <producerJob>SACO-MAS-JOB1</producerJob>
  </definition>
  <definition>
   <id>34963461</id>
   <name>Code Coverage</name>
   <location>Source/coverage</location>
   <copyPattern>**/*</copyPattern>
   <sharedArtifact>false</sharedArtifact>
   <producerJob>SC-MAS-JOB1</producerJob>
  </definition>
  <definition>
   <id>34963462</id>
   <name>Code Coverage</name>
   <location>Source/coverage</location>
   <copyPattern>**/*</copyPattern>
   <sharedArtifact>false</sharedArtifact>
   <producerJob>SE-MAS-JOB1</producerJob>
  </definition>
  <definition>
   <id>34963463</id>
   <name>Code Coverage</name>
   <location>Source/coverage</location>
   <copyPattern>**/*</copyPattern>
   <sharedArtifact>false</sharedArtifact>
   <producerJob>SNE-MN-JOB1</producerJob>
  </definition>
  <definition>
   <id>34963464</id>
   <name>Code Coverage</name>
   <location>Source/coverage</location>
   <copyPattern>**/*</copyPattern>
   <sharedArtifact>false</sharedArtifact>
   <producerJob>SR-MAS-JOB1</producerJob>
  </definition>
  <definition>
   <id>34963465</id>
   <name>Code Coverage</name>
   <location>Source/coverage</location>
   <copyPattern>**/*</copyPattern>
   <sharedArtifact>false</sharedArtifact>
   <producerJob>SSC-MAS-JOB1</producerJob>
  </definition>
  <definition>
   <id>34963466</id>
   <name>Code Coverage</name>
   <location>Source/coverage</location>
   <copyPattern>**/*</copyPattern>
   <sharedArtifact>false</sharedArtifact>
   <producerJob>SSM-MAS-JOB1</producerJob>
  </definition>
  <definition>
   <id>34963467</id>
   <name>Code Coverage</name>
   <location>Source/coverage</location>
   <copyPattern>**/*</copyPattern>
   <sharedArtifact>false</sharedArtifact>
   <producerJob>SSR-MAS-JOB1</producerJob>
  </definition>
  <definition>
   <id>34963468</id>
   <name>Code Coverage</name>
   <location>Source/coverage</location>
   <copyPattern>**/*</copyPattern>
   <sharedArtifact>false</sharedArtifact>
   <producerJob>SW-MAS-JOB1</producerJob>
  </definition>
  <definition>
   <id>34963469</id>
   <name>Code Coverage</name>
   <location>Source/coverage</location>
   <copyPattern>**/*</copyPattern>
   <sharedArtifact>false</sharedArtifact>
   <producerJob>SXE-MAS-JOB1</producerJob>
  </definition>
  <definition>
   <id>34963476</id>
   <name>Source</name>
   <location>Source</location>
   <copyPattern>**/*</copyPattern>
   <sharedArtifact>true</sharedArtifact>
   <producerJob>SSRC-MAS-JOB1</producerJob>
  </definition>
  <definition>
   <id>34963477</id>
   <name>ReSharper Results</name>
   <location>Source</location>
   <copyPattern>ReSharperResults.xml</copyPattern>
   <sharedArtifact>false</sharedArtifact>
   <producerJob>SSRC-MAS-JOB1</producerJob>
  </definition>
  <definition>
   <id>34963478</id>
   <name>Code Coverage</name>
   <location>Source/coverage</location>
   <copyPattern>**/*</copyPattern>
   <sharedArtifact>false</sharedArtifact>
   <producerJob>SSRC-MAS-JOB1</producerJob>
  </definition>
  <definition>
   <id>37650437</id>
   <name>Source</name>
   <location>Source</location>
   <copyPattern>**/*</copyPattern>
   <sharedArtifact>true</sharedArtifact>
   <producerJob>SSLC-MAS-JOB1</producerJob>
  </definition>
  <definition>
   <id>37650438</id>
   <name>ReSharper Results</name>
   <location>Source</location>
   <copyPattern>ReSharperResults.xml</copyPattern>
   <sharedArtifact>false</sharedArtifact>
   <producerJob>SSLC-MAS-JOB1</producerJob>
  </definition>
  <definition>
   <id>37650439</id>
   <name>Code Coverage</name>
   <location>Source/coverage</location>
   <copyPattern>**/*</copyPattern>
   <sharedArtifact>false</sharedArtifact>
   <producerJob>SSLC-MAS-JOB1</producerJob>
  </definition>
  <definition>
   <id>37650441</id>
   <name>Source</name>
   <location>Source</location>
   <copyPattern>**/*</copyPattern>
   <sharedArtifact>true</sharedArtifact>
   <producerJob>SSAC-MAS-JOB1</producerJob>
  </definition>
  <definition>
   <id>37650442</id>
   <name>ReSharper Results</name>
   <location>Source</location>
   <copyPattern>ReSharperResults.xml</copyPattern>
   <sharedArtifact>false</sharedArtifact>
   <producerJob>SSAC-MAS-JOB1</producerJob>
  </definition>
  <definition>
   <id>37650443</id>
   <name>Code Coverage</name>
   <location>Source/coverage</location>
   <copyPattern>**/*</copyPattern>
   <sharedArtifact>false</sharedArtifact>
   <producerJob>SSAC-MAS-JOB1</producerJob>
  </definition>
  <definition>
   <id>43417601</id>
   <name>NuGet Package</name>
   <location>Source/NuGet.Selkie.Windsor</location>
   <copyPattern>Selkie.*.nupkg</copyPattern>
   <sharedArtifact>true</sharedArtifact>
   <producerJob>SW-MAS-JOB1</producerJob>
  </definition>
  <definition>
   <id>43417602</id>
   <name>NuGet Package</name>
   <location>Source/NuGet.Selkie.XUnit.Extensions</location>
   <copyPattern>Selkie.XUnit.Extensions.*.nupkg</copyPattern>
   <sharedArtifact>true</sharedArtifact>
   <producerJob>SXE-MAS-JOB1</producerJob>
  </definition>
  <definition>
   <id>43417603</id>
   <name>NuGet Package</name>
   <location>Source/NuGet.Selkie.Services.Racetracks.Common</location>
   <copyPattern>Selkie*.nupkg</copyPattern>
   <sharedArtifact>true</sharedArtifact>
   <producerJob>SSRC-MAS-JOB1</producerJob>
  </definition>
  <definition>
   <id>43417604</id>
   <name>NuGet Package</name>
   <location>Source/NuGet.Selkie.Services.Racetracks</location>
   <copyPattern>Selkie.Services.Racetracks.*.nupkg</copyPattern>
   <sharedArtifact>true</sharedArtifact>
   <producerJob>SSR-MAS-JOB1</producerJob>
  </definition>
  <definition>
   <id>43417605</id>
   <name>Release</name>
   <copyPattern>Selkie.*.7z</copyPattern>
   <sharedArtifact>true</sharedArtifact>
   <producerJob>SSM-MAS-JOB1</producerJob>
  </definition>
  <definition>
   <id>43417606</id>
   <name>NuGet Package</name>
   <location>Source/NuGet.Selkie.Services.Lines.Common</location>
   <copyPattern>Selkie*.nupkg</copyPattern>
   <sharedArtifact>true</sharedArtifact>
   <producerJob>SSLC-MAS-JOB1</producerJob>
  </definition>
  <definition>
   <id>43417607</id>
   <name>NuGet Package</name>
   <location>Source/NuGet.Selkie.Services.Lines</location>
   <copyPattern>Selkie.Services.Lines.*.nupkg</copyPattern>
   <sharedArtifact>true</sharedArtifact>
   <producerJob>SSL-MAST-JOB1</producerJob>
  </definition>
  <definition>
   <id>44105729</id>
   <name>NuGet Package</name>
   <location>Source/NuGet.Selkie.Services.Aco.Common</location>
   <copyPattern>Selkie*.nupkg</copyPattern>
   <sharedArtifact>true</sharedArtifact>
   <producerJob>SSAC-MAS-JOB1</producerJob>
  </definition>
  <definition>
   <id>44105730</id>
   <name>NuGet Package</name>
   <location>Source/NuGet.Selkie.Services.Aco</location>
   <copyPattern>Selkie.Services.Aco.*.nupkg</copyPattern>
   <sharedArtifact>true</sharedArtifact>
   <producerJob>SSA-MAS-JOB1</producerJob>
  </definition>
  <definition>
   <id>44105731</id>
   <name>NuGet Package</name>
   <location>Source/NuGet.Selkie.Services.Common</location>
   <copyPattern>Selkie*.nupkg</copyPattern>
   <sharedArtifact>true</sharedArtifact>
   <producerJob>SSC-MAS-JOB1</producerJob>
  </definition>
  <definition>
   <id>44105732</id>
   <name>NuGet Package</name>
   <location>Source/NuGet.Selkie.Racetrack</location>
   <copyPattern>Selkie*.nupkg</copyPattern>
   <sharedArtifact>true</sharedArtifact>
   <producerJob>SR-MAS-JOB1</producerJob>
  </definition>
  <definition>
   <id>44105733</id>
   <name>NuGet Package</name>
   <location>Source/NuGet.Selkie.NUnit.Extensions</location>
   <copyPattern>Selkie.NUnit.Extensions.*.nupkg</copyPattern>
   <sharedArtifact>true</sharedArtifact>
   <producerJob>SNE-MN-JOB1</producerJob>
  </definition>
  <definition>
   <id>44105734</id>
   <name>NuGet Package</name>
   <location>Source/NuGet.Selkie.Geometry</location>
   <copyPattern>Selkie*.nupkg</copyPattern>
   <sharedArtifact>true</sharedArtifact>
   <producerJob>SG-MAS-JOB1</producerJob>
  </definition>
  <definition>
   <id>44105735</id>
   <name>NuGet Package</name>
   <location>Source/NuGet.Selkie.EasyNetQ</location>
   <copyPattern>Selkie*.nupkg</copyPattern>
   <sharedArtifact>true</sharedArtifact>
   <producerJob>SE-MAS-JOB1</producerJob>
  </definition>
  <definition>
   <id>44105736</id>
   <name>NuGet Package</name>
   <location>Source/NuGet.Selkie.Common</location>
   <copyPattern>Selkie*.nupkg</copyPattern>
   <sharedArtifact>true</sharedArtifact>
   <producerJob>SC-MAS-JOB1</producerJob>
  </definition>
  <definition>
   <id>44105737</id>
   <name>NuGet Package</name>
   <location>Source/NuGet.Selkie.ACO</location>
   <copyPattern>Selkie*.nupkg</copyPattern>
   <sharedArtifact>true</sharedArtifact>
   <producerJob>SACO-MAS-JOB1</producerJob>
  </definition>
  <definition>
   <id>56229889</id>
   <name>Source</name>
   <location>Source</location>
   <copyPattern>**/*</copyPattern>
   <sharedArtifact>true</sharedArtifact>
   <producerJob>SWPF-MAS-JOB1</producerJob>
  </definition>
  <definition>
   <id>56229890</id>
   <name>ReSharper Results</name>
   <location>Source</location>
   <copyPattern>ReSharperResults.xml</copyPattern>
   <sharedArtifact>false</sharedArtifact>
   <producerJob>SWPF-MAS-JOB1</producerJob>
  </definition>
  <definition>
   <id>56229891</id>
   <name>Code Coverage</name>
   <location>Source/coverage</location>
   <copyPattern>**/*</copyPattern>
   <sharedArtifact>false</sharedArtifact>
   <producerJob>SWPF-MAS-JOB1</producerJob>
  </definition>
  <definition>
   <id>56229892</id>
   <name>NuGet Package</name>
   <location>Source/NuGet.Selkie.ACO</location>
   <copyPattern>Selkie*.nupkg</copyPattern>
   <sharedArtifact>true</sharedArtifact>
   <producerJob>SWPF-MAS-JOB1</producerJob>
  </definition>
  <definition>
   <id>70320129</id>
   <name>Source</name>
   <location>Source</location>
   <copyPattern>**/*</copyPattern>
   <sharedArtifact>true</sharedArtifact>
   <producerJob>SSCD-MAS-JOB1</producerJob>
  </definition>
  <definition>
   <id>70320130</id>
   <name>ReSharper Results</name>
   <location>Source</location>
   <copyPattern>ReSharperResults.xml</copyPattern>
   <sharedArtifact>false</sharedArtifact>
   <producerJob>SSCD-MAS-JOB1</producerJob>
  </definition>
  <definition>
   <id>70320131</id>
   <name>Code Coverage</name>
   <location>Source/coverage</location>
   <copyPattern>**/*</copyPattern>
   <sharedArtifact>false</sharedArtifact>
   <producerJob>SSCD-MAS-JOB1</producerJob>
  </definition>
  <definition>
   <id>70320132</id>
   <name>NuGet Package</name>
   <location>Source/NuGet.Selkie.Services.Common.Dto</location>
   <copyPattern>Selkie*.nupkg</copyPattern>
   <sharedArtifact>true</sharedArtifact>
   <producerJob>SSCD-MAS-JOB1</producerJob>
  </definition>
  <definition>
   <id>79200257</id>
   <name>Source</name>
   <location>Source</location>
   <copyPattern>**/*</copyPattern>
   <sharedArtifact>true</sharedArtifact>
   <producerJob>SA-MAS-JOB1</producerJob>
  </definition>
  <definition>
   <id>79200258</id>
   <name>ReSharper Results</name>
   <location>Source</location>
   <copyPattern>ReSharperResults.xml</copyPattern>
   <sharedArtifact>false</sharedArtifact>
   <producerJob>SA-MAS-JOB1</producerJob>
  </definition>
  <definition>
   <id>79200259</id>
   <name>Code Coverage</name>
   <location>Source/coverage</location>
   <copyPattern>**/*</copyPattern>
   <sharedArtifact>false</sharedArtifact>
   <producerJob>SA-MAS-JOB1</producerJob>
  </definition>
  <definition>
   <id>79200260</id>
   <name>NuGet Package</name>
   <location>Source/NuGet.Selkie.Aop</location>
   <copyPattern>Selkie*.nupkg</copyPattern>
   <sharedArtifact>true</sharedArtifact>
   <producerJob>SA-MAS-JOB1</producerJob>
  </definition>
 </artifactDefinitions>
</bamboo>