<?xml version='1.1' encoding='UTF-8' standalone='yes'?>
<bamboo>
 <date>Sat Feb 20 15:40:54 AEDT 2016</date>
 <version>5.10.1.1</version>
 <buildDate>08-Feb-2016</buildDate>
 <build>51018</build>
 <serverID>BG3Y-XJ99-GC6Z-FPP1</serverID>
 <planVcsHistory>
  <vcsHistoryItem>
   <id>1310728</id>
   <planKey>SW-MAS0</planKey>
   <buildNumber>0</buildNumber>
   <revisionKey>e8e8777466f0e7d1357cc126f3d539caec83d701</revisionKey>
   <repositoryId>1671169</repositoryId>
   <customXmlData><![CDATA[]]></customXmlData>
  </vcsHistoryItem>
  <vcsHistoryItem>
   <id>1310729</id>
   <planKey>SW-MAS0</planKey>
   <buildNumber>1</buildNumber>
   <revisionKey>e8e8777466f0e7d1357cc126f3d539caec83d701</revisionKey>
   <repositoryId>1671169</repositoryId>
   <customXmlData><![CDATA[]]></customXmlData>
  </vcsHistoryItem>
  <vcsHistoryItem>
   <id>1310731</id>
   <planKey>SW-MAS0</planKey>
   <buildNumber>2</buildNumber>
   <revisionKey>5324e53288997161a4f9236c862da2946317de8b</revisionKey>
   <repositoryId>1671169</repositoryId>
   <customXmlData><![CDATA[]]></customXmlData>
  </vcsHistoryItem>
  <vcsHistoryItem>
   <id>2785320</id>
   <planKey>SW-MAS0</planKey>
   <buildNumber>3</buildNumber>
   <revisionKey>9bc49eaf377573453d479c1705d7b23945585448</revisionKey>
   <repositoryId>1671169</repositoryId>
   <customXmlData><![CDATA[]]></customXmlData>
  </vcsHistoryItem>
  <vcsHistoryItem>
   <id>2785322</id>
   <planKey>SW-MAS0</planKey>
   <buildNumber>4</buildNumber>
   <revisionKey>3ba7d62ee9fb08f8497b0bbcedd2dfb8e3b04d0a</revisionKey>
   <repositoryId>1671169</repositoryId>
   <customXmlData><![CDATA[]]></customXmlData>
  </vcsHistoryItem>
  <vcsHistoryItem>
   <id>8159308</id>
   <planKey>SW-MAS</planKey>
   <buildNumber>150</buildNumber>
   <revisionKey>d1d96ce65617114558ab61d3b80d269d1b3b32d3</revisionKey>
   <repositoryId>3735554</repositoryId>
   <customXmlData><![CDATA[]]></customXmlData>
  </vcsHistoryItem>
  <vcsHistoryItem>
   <id>8159309</id>
   <planKey>SW-MAS</planKey>
   <buildNumber>150</buildNumber>
   <revisionKey>22602a84a8c121067a6e825e1ce982db9284762b</revisionKey>
   <repositoryId>3735555</repositoryId>
   <customXmlData><![CDATA[]]></customXmlData>
  </vcsHistoryItem>
  <vcsHistoryItem>
   <id>8159310</id>
   <planKey>SW-MAS</planKey>
   <buildNumber>150</buildNumber>
   <revisionKey>f4624c622df0905b3e59a442dde44029764110ff</revisionKey>
   <repositoryId>4489217</repositoryId>
   <customXmlData><![CDATA[]]></customXmlData>
  </vcsHistoryItem>
  <vcsHistoryItem>
   <id>8159311</id>
   <planKey>SXE-MAS</planKey>
   <buildNumber>25</buildNumber>
   <revisionKey>d1d96ce65617114558ab61d3b80d269d1b3b32d3</revisionKey>
   <repositoryId>7766022</repositoryId>
   <customXmlData><![CDATA[]]></customXmlData>
  </vcsHistoryItem>
  <vcsHistoryItem>
   <id>8159312</id>
   <planKey>SXE-MAS</planKey>
   <buildNumber>25</buildNumber>
   <revisionKey>475481d7f7c900b02713956a9205b585253c7da1</revisionKey>
   <repositoryId>7766024</repositoryId>
   <customXmlData><![CDATA[]]></customXmlData>
  </vcsHistoryItem>
  <vcsHistoryItem>
   <id>8159313</id>
   <planKey>SXE-MAS</planKey>
   <buildNumber>25</buildNumber>
   <revisionKey>f4624c622df0905b3e59a442dde44029764110ff</revisionKey>
   <repositoryId>7766021</repositoryId>
   <customXmlData><![CDATA[]]></customXmlData>
  </vcsHistoryItem>
  <vcsHistoryItem>
   <id>8159318</id>
   <planKey>SNE-MN</planKey>
   <buildNumber>71</buildNumber>
   <revisionKey>d1d96ce65617114558ab61d3b80d269d1b3b32d3</revisionKey>
   <repositoryId>6422532</repositoryId>
   <customXmlData><![CDATA[]]></customXmlData>
  </vcsHistoryItem>
  <vcsHistoryItem>
   <id>8159319</id>
   <planKey>SNE-MN</planKey>
   <buildNumber>71</buildNumber>
   <revisionKey>c578ab4a8ea5b3e4401721e13fdd640139f92bc4</revisionKey>
   <repositoryId>6422533</repositoryId>
   <customXmlData><![CDATA[]]></customXmlData>
  </vcsHistoryItem>
  <vcsHistoryItem>
   <id>8159320</id>
   <planKey>SNE-MN</planKey>
   <buildNumber>71</buildNumber>
   <revisionKey>f4624c622df0905b3e59a442dde44029764110ff</revisionKey>
   <repositoryId>6422530</repositoryId>
   <customXmlData><![CDATA[]]></customXmlData>
  </vcsHistoryItem>
  <vcsHistoryItem>
   <id>8159321</id>
   <planKey>SC-MAS</planKey>
   <buildNumber>49</buildNumber>
   <revisionKey>d1d96ce65617114558ab61d3b80d269d1b3b32d3</revisionKey>
   <repositoryId>5341191</repositoryId>
   <customXmlData><![CDATA[]]></customXmlData>
  </vcsHistoryItem>
  <vcsHistoryItem>
   <id>8159322</id>
   <planKey>SC-MAS</planKey>
   <buildNumber>49</buildNumber>
   <revisionKey>73628f8ab0e7d309cba1064536f909dcb5d6ca16</revisionKey>
   <repositoryId>5341192</repositoryId>
   <customXmlData><![CDATA[]]></customXmlData>
  </vcsHistoryItem>
  <vcsHistoryItem>
   <id>8159323</id>
   <planKey>SC-MAS</planKey>
   <buildNumber>49</buildNumber>
   <revisionKey>f4624c622df0905b3e59a442dde44029764110ff</revisionKey>
   <repositoryId>5341189</repositoryId>
   <customXmlData><![CDATA[]]></customXmlData>
  </vcsHistoryItem>
  <vcsHistoryItem>
   <id>8159324</id>
   <planKey>SC-MAS</planKey>
   <buildNumber>49</buildNumber>
   <revisionKey>22602a84a8c121067a6e825e1ce982db9284762b</revisionKey>
   <repositoryId>6422529</repositoryId>
   <customXmlData><![CDATA[]]></customXmlData>
  </vcsHistoryItem>
  <vcsHistoryItem>
   <id>8159345</id>
   <planKey>SACO-MAS</planKey>
   <buildNumber>26</buildNumber>
   <revisionKey>552f6af3c5ee3d5b8e8fb12d126907089aea8f5c</revisionKey>
   <repositoryId>7766027</repositoryId>
   <customXmlData><![CDATA[]]></customXmlData>
  </vcsHistoryItem>
  <vcsHistoryItem>
   <id>8978433</id>
   <planKey>SACO-MAS</planKey>
   <buildNumber>27</buildNumber>
   <revisionKey>552f6af3c5ee3d5b8e8fb12d126907089aea8f5c</revisionKey>
   <repositoryId>7766027</repositoryId>
   <customXmlData><![CDATA[]]></customXmlData>
  </vcsHistoryItem>
  <vcsHistoryItem>
   <id>8978437</id>
   <planKey>SACO-MAS</planKey>
   <buildNumber>28</buildNumber>
   <revisionKey>552f6af3c5ee3d5b8e8fb12d126907089aea8f5c</revisionKey>
   <repositoryId>7766027</repositoryId>
   <customXmlData><![CDATA[]]></customXmlData>
  </vcsHistoryItem>
  <vcsHistoryItem>
   <id>8978441</id>
   <planKey>SACO-MAS</planKey>
   <buildNumber>29</buildNumber>
   <revisionKey>6ff7fbf39e4946b18400f2f59c3986df0ffd0032</revisionKey>
   <repositoryId>7766027</repositoryId>
   <customXmlData><![CDATA[]]></customXmlData>
  </vcsHistoryItem>
  <vcsHistoryItem>
   <id>8978445</id>
   <planKey>SACO-MAS</planKey>
   <buildNumber>30</buildNumber>
   <revisionKey>46721878931f733fbd5b3693a6124920499bd2ac</revisionKey>
   <repositoryId>7766027</repositoryId>
   <customXmlData><![CDATA[]]></customXmlData>
  </vcsHistoryItem>
  <vcsHistoryItem>
   <id>8978449</id>
   <planKey>SACO-MAS</planKey>
   <buildNumber>30</buildNumber>
   <revisionKey>46721878931f733fbd5b3693a6124920499bd2ac</revisionKey>
   <repositoryId>9437185</repositoryId>
   <customXmlData><![CDATA[]]></customXmlData>
  </vcsHistoryItem>
  <vcsHistoryItem>
   <id>8978453</id>
   <planKey>SACO-MAS</planKey>
   <buildNumber>31</buildNumber>
   <revisionKey>46721878931f733fbd5b3693a6124920499bd2ac</revisionKey>
   <repositoryId>9437185</repositoryId>
   <customXmlData><![CDATA[]]></customXmlData>
  </vcsHistoryItem>
  <vcsHistoryItem>
   <id>8978457</id>
   <planKey>SACO-MAS</planKey>
   <buildNumber>32</buildNumber>
   <revisionKey>6119fb5a501dcb7b284dfa1c156cf6c84247cb7d</revisionKey>
   <repositoryId>9437185</repositoryId>
   <customXmlData><![CDATA[]]></customXmlData>
  </vcsHistoryItem>
  <vcsHistoryItem>
   <id>8978461</id>
   <planKey>SACO-MAS</planKey>
   <buildNumber>33</buildNumber>
   <revisionKey>6119fb5a501dcb7b284dfa1c156cf6c84247cb7d</revisionKey>
   <repositoryId>9437185</repositoryId>
   <customXmlData><![CDATA[]]></customXmlData>
  </vcsHistoryItem>
  <vcsHistoryItem>
   <id>8978462</id>
   <planKey>SACO-MAS</planKey>
   <buildNumber>33</buildNumber>
   <revisionKey>6119fb5a501dcb7b284dfa1c156cf6c84247cb7d</revisionKey>
   <repositoryId>9437186</repositoryId>
   <customXmlData><![CDATA[]]></customXmlData>
  </vcsHistoryItem>
  <vcsHistoryItem>
   <id>8978466</id>
   <planKey>SACO-MAS</planKey>
   <buildNumber>34</buildNumber>
   <revisionKey>6119fb5a501dcb7b284dfa1c156cf6c84247cb7d</revisionKey>
   <repositoryId>9437186</repositoryId>
   <customXmlData><![CDATA[]]></customXmlData>
  </vcsHistoryItem>
  <vcsHistoryItem>
   <id>8978470</id>
   <planKey>SACO-MAS</planKey>
   <buildNumber>35</buildNumber>
   <revisionKey>6119fb5a501dcb7b284dfa1c156cf6c84247cb7d</revisionKey>
   <repositoryId>9437186</repositoryId>
   <customXmlData><![CDATA[]]></customXmlData>
  </vcsHistoryItem>
  <vcsHistoryItem>
   <id>8978474</id>
   <planKey>SACO-MAS</planKey>
   <buildNumber>36</buildNumber>
   <revisionKey>92fe67fd49a349e7c913ae2c235f124775b96a7c</revisionKey>
   <repositoryId>9437186</repositoryId>
   <customXmlData><![CDATA[]]></customXmlData>
  </vcsHistoryItem>
  <vcsHistoryItem>
   <id>8978481</id>
   <planKey>SACO-MAS</planKey>
   <buildNumber>39</buildNumber>
   <revisionKey>8686a9239e43661e68deefcd9fcd99bda40ec7d2</revisionKey>
   <repositoryId>7766029</repositoryId>
   <customXmlData><![CDATA[]]></customXmlData>
  </vcsHistoryItem>
  <vcsHistoryItem>
   <id>8978482</id>
   <planKey>SACO-MAS</planKey>
   <buildNumber>39</buildNumber>
   <revisionKey>f4624c622df0905b3e59a442dde44029764110ff</revisionKey>
   <repositoryId>7766026</repositoryId>
   <customXmlData><![CDATA[]]></customXmlData>
  </vcsHistoryItem>
  <vcsHistoryItem>
   <id>8978483</id>
   <planKey>SACO-MAS</planKey>
   <buildNumber>39</buildNumber>
   <revisionKey>22602a84a8c121067a6e825e1ce982db9284762b</revisionKey>
   <repositoryId>7766025</repositoryId>
   <customXmlData><![CDATA[]]></customXmlData>
  </vcsHistoryItem>
  <vcsHistoryItem>
   <id>8978484</id>
   <planKey>SACO-MAS</planKey>
   <buildNumber>39</buildNumber>
   <revisionKey>6119fb5a501dcb7b284dfa1c156cf6c84247cb7d</revisionKey>
   <repositoryId>9437187</repositoryId>
   <customXmlData><![CDATA[]]></customXmlData>
  </vcsHistoryItem>
  <vcsHistoryItem>
   <id>9895937</id>
   <planKey>SW-MAS</planKey>
   <buildNumber>153</buildNumber>
   <revisionKey>6119fb5a501dcb7b284dfa1c156cf6c84247cb7d</revisionKey>
   <repositoryId>9601026</repositoryId>
   <customXmlData><![CDATA[]]></customXmlData>
  </vcsHistoryItem>
  <vcsHistoryItem>
   <id>9895939</id>
   <planKey>SW-MAS</planKey>
   <buildNumber>153</buildNumber>
   <revisionKey>f4624c622df0905b3e59a442dde44029764110ff</revisionKey>
   <repositoryId>9601027</repositoryId>
   <customXmlData><![CDATA[]]></customXmlData>
  </vcsHistoryItem>
  <vcsHistoryItem>
   <id>9895952</id>
   <planKey>SACO-MAS</planKey>
   <buildNumber>39</buildNumber>
   <revisionKey>6119fb5a501dcb7b284dfa1c156cf6c84247cb7d</revisionKey>
   <repositoryId>9601038</repositoryId>
   <customXmlData><![CDATA[]]></customXmlData>
  </vcsHistoryItem>
  <vcsHistoryItem>
   <id>9895954</id>
   <planKey>SACO-MAS</planKey>
   <buildNumber>40</buildNumber>
   <revisionKey>6119fb5a501dcb7b284dfa1c156cf6c84247cb7d</revisionKey>
   <repositoryId>9601038</repositoryId>
   <customXmlData><![CDATA[]]></customXmlData>
  </vcsHistoryItem>
  <vcsHistoryItem>
   <id>9895965</id>
   <planKey>SACO-MAS</planKey>
   <buildNumber>41</buildNumber>
   <revisionKey>6119fb5a501dcb7b284dfa1c156cf6c84247cb7d</revisionKey>
   <repositoryId>9601038</repositoryId>
   <customXmlData><![CDATA[]]></customXmlData>
  </vcsHistoryItem>
  <vcsHistoryItem>
   <id>9895968</id>
   <planKey>SACO-MAS</planKey>
   <buildNumber>42</buildNumber>
   <revisionKey>f6a3ef0b7e98cc0174c30f5e9888d0f8370f6de5</revisionKey>
   <repositoryId>9601038</repositoryId>
   <customXmlData><![CDATA[]]></customXmlData>
  </vcsHistoryItem>
  <vcsHistoryItem>
   <id>9895972</id>
   <planKey>SACO-MAS</planKey>
   <buildNumber>42</buildNumber>
   <revisionKey>f6a3ef0b7e98cc0174c30f5e9888d0f8370f6de5</revisionKey>
   <repositoryId>9601044</repositoryId>
   <customXmlData><![CDATA[]]></customXmlData>
  </vcsHistoryItem>
  <vcsHistoryItem>
   <id>9895974</id>
   <planKey>SACO-MAS</planKey>
   <buildNumber>43</buildNumber>
   <revisionKey>f6a3ef0b7e98cc0174c30f5e9888d0f8370f6de5</revisionKey>
   <repositoryId>9601044</repositoryId>
   <customXmlData><![CDATA[]]></customXmlData>
  </vcsHistoryItem>
  <vcsHistoryItem>
   <id>9896008</id>
   <planKey>SACO-MAS</planKey>
   <buildNumber>52</buildNumber>
   <revisionKey>f6a3ef0b7e98cc0174c30f5e9888d0f8370f6de5</revisionKey>
   <repositoryId>9601045</repositoryId>
   <customXmlData><![CDATA[]]></customXmlData>
  </vcsHistoryItem>
  <vcsHistoryItem>
   <id>9896009</id>
   <planKey>SACO-MAS</planKey>
   <buildNumber>52</buildNumber>
   <revisionKey>f4624c622df0905b3e59a442dde44029764110ff</revisionKey>
   <repositoryId>9601039</repositoryId>
   <customXmlData><![CDATA[]]></customXmlData>
  </vcsHistoryItem>
  <vcsHistoryItem>
   <id>11042818</id>
   <planKey>SACO-MAS</planKey>
   <buildNumber>53</buildNumber>
   <revisionKey>f6a3ef0b7e98cc0174c30f5e9888d0f8370f6de5</revisionKey>
   <repositoryId>9601045</repositoryId>
   <customXmlData><![CDATA[]]></customXmlData>
  </vcsHistoryItem>
  <vcsHistoryItem>
   <id>11042819</id>
   <planKey>SACO-MAS</planKey>
   <buildNumber>53</buildNumber>
   <revisionKey>f4624c622df0905b3e59a442dde44029764110ff</revisionKey>
   <repositoryId>9601039</repositoryId>
   <customXmlData><![CDATA[]]></customXmlData>
  </vcsHistoryItem>
  <vcsHistoryItem>
   <id>11042821</id>
   <planKey>SACO-MAS</planKey>
   <buildNumber>54</buildNumber>
   <revisionKey>f6a3ef0b7e98cc0174c30f5e9888d0f8370f6de5</revisionKey>
   <repositoryId>9601045</repositoryId>
   <customXmlData><![CDATA[]]></customXmlData>
  </vcsHistoryItem>
  <vcsHistoryItem>
   <id>11042822</id>
   <planKey>SACO-MAS</planKey>
   <buildNumber>54</buildNumber>
   <revisionKey>f4624c622df0905b3e59a442dde44029764110ff</revisionKey>
   <repositoryId>9601039</repositoryId>
   <customXmlData><![CDATA[]]></customXmlData>
  </vcsHistoryItem>
  <vcsHistoryItem>
   <id>12320905</id>
   <planKey>SW-MAS</planKey>
   <buildNumber>154</buildNumber>
   <revisionKey>c89dbf918f68e430f97d40438f27468d0cbf527d</revisionKey>
   <repositoryId>9601026</repositoryId>
   <customXmlData><![CDATA[]]></customXmlData>
  </vcsHistoryItem>
  <vcsHistoryItem>
   <id>12320906</id>
   <planKey>SW-MAS</planKey>
   <buildNumber>154</buildNumber>
   <revisionKey>f4624c622df0905b3e59a442dde44029764110ff</revisionKey>
   <repositoryId>9601027</repositoryId>
   <customXmlData><![CDATA[]]></customXmlData>
  </vcsHistoryItem>
  <vcsHistoryItem>
   <id>12320992</id>
   <planKey>SC-MAS</planKey>
   <buildNumber>68</buildNumber>
   <revisionKey>94255c07118a53c1faa27b7e76ec9ddd8ee119cc</revisionKey>
   <repositoryId>9601035</repositoryId>
   <customXmlData><![CDATA[]]></customXmlData>
  </vcsHistoryItem>
  <vcsHistoryItem>
   <id>12320993</id>
   <planKey>SC-MAS</planKey>
   <buildNumber>68</buildNumber>
   <revisionKey>f4624c622df0905b3e59a442dde44029764110ff</revisionKey>
   <repositoryId>9601036</repositoryId>
   <customXmlData><![CDATA[]]></customXmlData>
  </vcsHistoryItem>
  <vcsHistoryItem>
   <id>12320995</id>
   <planKey>SNE-MN</planKey>
   <buildNumber>74</buildNumber>
   <revisionKey>94255c07118a53c1faa27b7e76ec9ddd8ee119cc</revisionKey>
   <repositoryId>9601029</repositoryId>
   <customXmlData><![CDATA[]]></customXmlData>
  </vcsHistoryItem>
  <vcsHistoryItem>
   <id>12320996</id>
   <planKey>SNE-MN</planKey>
   <buildNumber>74</buildNumber>
   <revisionKey>f4624c622df0905b3e59a442dde44029764110ff</revisionKey>
   <repositoryId>9601030</repositoryId>
   <customXmlData><![CDATA[]]></customXmlData>
  </vcsHistoryItem>
  <vcsHistoryItem>
   <id>12321016</id>
   <planKey>SXE-MAS</planKey>
   <buildNumber>30</buildNumber>
   <revisionKey>94255c07118a53c1faa27b7e76ec9ddd8ee119cc</revisionKey>
   <repositoryId>9601031</repositoryId>
   <customXmlData><![CDATA[]]></customXmlData>
  </vcsHistoryItem>
  <vcsHistoryItem>
   <id>12321017</id>
   <planKey>SXE-MAS</planKey>
   <buildNumber>30</buildNumber>
   <revisionKey>f4624c622df0905b3e59a442dde44029764110ff</revisionKey>
   <repositoryId>9601032</repositoryId>
   <customXmlData><![CDATA[]]></customXmlData>
  </vcsHistoryItem>
  <vcsHistoryItem>
   <id>12321037</id>
   <planKey>SXE-MAS</planKey>
   <buildNumber>31</buildNumber>
   <revisionKey>94255c07118a53c1faa27b7e76ec9ddd8ee119cc</revisionKey>
   <repositoryId>9601031</repositoryId>
   <customXmlData><![CDATA[]]></customXmlData>
  </vcsHistoryItem>
  <vcsHistoryItem>
   <id>12321038</id>
   <planKey>SXE-MAS</planKey>
   <buildNumber>31</buildNumber>
   <revisionKey>f4624c622df0905b3e59a442dde44029764110ff</revisionKey>
   <repositoryId>9601032</repositoryId>
   <customXmlData><![CDATA[]]></customXmlData>
  </vcsHistoryItem>
  <vcsHistoryItem>
   <id>12321050</id>
   <planKey>SXE-MAS</planKey>
   <buildNumber>32</buildNumber>
   <revisionKey>4e7926e4f98d6140a8c2ae92bc9f8863a2b4d4bc</revisionKey>
   <repositoryId>9601031</repositoryId>
   <customXmlData><![CDATA[]]></customXmlData>
  </vcsHistoryItem>
  <vcsHistoryItem>
   <id>12321051</id>
   <planKey>SXE-MAS</planKey>
   <buildNumber>32</buildNumber>
   <revisionKey>f4624c622df0905b3e59a442dde44029764110ff</revisionKey>
   <repositoryId>9601032</repositoryId>
   <customXmlData><![CDATA[]]></customXmlData>
  </vcsHistoryItem>
  <vcsHistoryItem>
   <id>12321053</id>
   <planKey>SXE-MAS</planKey>
   <buildNumber>33</buildNumber>
   <revisionKey>4e7926e4f98d6140a8c2ae92bc9f8863a2b4d4bc</revisionKey>
   <repositoryId>9601031</repositoryId>
   <customXmlData><![CDATA[]]></customXmlData>
  </vcsHistoryItem>
  <vcsHistoryItem>
   <id>12321054</id>
   <planKey>SXE-MAS</planKey>
   <buildNumber>33</buildNumber>
   <revisionKey>f4624c622df0905b3e59a442dde44029764110ff</revisionKey>
   <repositoryId>9601032</repositoryId>
   <customXmlData><![CDATA[]]></customXmlData>
  </vcsHistoryItem>
  <vcsHistoryItem>
   <id>12321056</id>
   <planKey>SXE-MAS</planKey>
   <buildNumber>34</buildNumber>
   <revisionKey>4e7926e4f98d6140a8c2ae92bc9f8863a2b4d4bc</revisionKey>
   <repositoryId>9601031</repositoryId>
   <customXmlData><![CDATA[]]></customXmlData>
  </vcsHistoryItem>
  <vcsHistoryItem>
   <id>12321057</id>
   <planKey>SXE-MAS</planKey>
   <buildNumber>34</buildNumber>
   <revisionKey>f4624c622df0905b3e59a442dde44029764110ff</revisionKey>
   <repositoryId>9601032</repositoryId>
   <customXmlData><![CDATA[]]></customXmlData>
  </vcsHistoryItem>
  <vcsHistoryItem>
   <id>12321059</id>
   <planKey>SXE-MAS</planKey>
   <buildNumber>35</buildNumber>
   <revisionKey>4e7926e4f98d6140a8c2ae92bc9f8863a2b4d4bc</revisionKey>
   <repositoryId>9601031</repositoryId>
   <customXmlData><![CDATA[]]></customXmlData>
  </vcsHistoryItem>
  <vcsHistoryItem>
   <id>12321060</id>
   <planKey>SXE-MAS</planKey>
   <buildNumber>35</buildNumber>
   <revisionKey>f4624c622df0905b3e59a442dde44029764110ff</revisionKey>
   <repositoryId>9601032</repositoryId>
   <customXmlData><![CDATA[]]></customXmlData>
  </vcsHistoryItem>
  <vcsHistoryItem>
   <id>12321062</id>
   <planKey>SXE-MAS</planKey>
   <buildNumber>36</buildNumber>
   <revisionKey>4e7926e4f98d6140a8c2ae92bc9f8863a2b4d4bc</revisionKey>
   <repositoryId>9601031</repositoryId>
   <customXmlData><![CDATA[]]></customXmlData>
  </vcsHistoryItem>
  <vcsHistoryItem>
   <id>12321063</id>
   <planKey>SXE-MAS</planKey>
   <buildNumber>36</buildNumber>
   <revisionKey>f4624c622df0905b3e59a442dde44029764110ff</revisionKey>
   <repositoryId>9601032</repositoryId>
   <customXmlData><![CDATA[]]></customXmlData>
  </vcsHistoryItem>
  <vcsHistoryItem>
   <id>12321065</id>
   <planKey>SXE-MAS</planKey>
   <buildNumber>37</buildNumber>
   <revisionKey>4e7926e4f98d6140a8c2ae92bc9f8863a2b4d4bc</revisionKey>
   <repositoryId>9601031</repositoryId>
   <customXmlData><![CDATA[]]></customXmlData>
  </vcsHistoryItem>
  <vcsHistoryItem>
   <id>12321066</id>
   <planKey>SXE-MAS</planKey>
   <buildNumber>37</buildNumber>
   <revisionKey>f4624c622df0905b3e59a442dde44029764110ff</revisionKey>
   <repositoryId>9601032</repositoryId>
   <customXmlData><![CDATA[]]></customXmlData>
  </vcsHistoryItem>
  <vcsHistoryItem>
   <id>12321068</id>
   <planKey>SXE-MAS</planKey>
   <buildNumber>38</buildNumber>
   <revisionKey>3971ab6b758bb5fceeb89a1f96f0e5f937e2e618</revisionKey>
   <repositoryId>9601031</repositoryId>
   <customXmlData><![CDATA[]]></customXmlData>
  </vcsHistoryItem>
  <vcsHistoryItem>
   <id>12321069</id>
   <planKey>SXE-MAS</planKey>
   <buildNumber>38</buildNumber>
   <revisionKey>f4624c622df0905b3e59a442dde44029764110ff</revisionKey>
   <repositoryId>9601032</repositoryId>
   <customXmlData><![CDATA[]]></customXmlData>
  </vcsHistoryItem>
  <vcsHistoryItem>
   <id>12321072</id>
   <planKey>SXE-MAS</planKey>
   <buildNumber>39</buildNumber>
   <revisionKey>3971ab6b758bb5fceeb89a1f96f0e5f937e2e618</revisionKey>
   <repositoryId>9601031</repositoryId>
   <customXmlData><![CDATA[]]></customXmlData>
  </vcsHistoryItem>
  <vcsHistoryItem>
   <id>12321073</id>
   <planKey>SXE-MAS</planKey>
   <buildNumber>39</buildNumber>
   <revisionKey>f4624c622df0905b3e59a442dde44029764110ff</revisionKey>
   <repositoryId>9601032</repositoryId>
   <customXmlData><![CDATA[]]></customXmlData>
  </vcsHistoryItem>
  <vcsHistoryItem>
   <id>12321100</id>
   <planKey>SNE-MN</planKey>
   <buildNumber>75</buildNumber>
   <revisionKey>bbcb4ee24f68cff07104f56a029aec54df50927f</revisionKey>
   <repositoryId>9601029</repositoryId>
   <customXmlData><![CDATA[]]></customXmlData>
  </vcsHistoryItem>
  <vcsHistoryItem>
   <id>12321101</id>
   <planKey>SNE-MN</planKey>
   <buildNumber>75</buildNumber>
   <revisionKey>f4624c622df0905b3e59a442dde44029764110ff</revisionKey>
   <repositoryId>9601030</repositoryId>
   <customXmlData><![CDATA[]]></customXmlData>
  </vcsHistoryItem>
  <vcsHistoryItem>
   <id>14024813</id>
   <planKey>SXE-MAS</planKey>
   <buildNumber>46</buildNumber>
   <revisionKey>2feb165841540aa658d83d62ae3a45c8c5bb6464</revisionKey>
   <repositoryId>9601033</repositoryId>
   <customXmlData><![CDATA[]]></customXmlData>
  </vcsHistoryItem>
  <vcsHistoryItem>
   <id>15204353</id>
   <planKey>SW-MAS</planKey>
   <buildNumber>181</buildNumber>
   <revisionKey>22602a84a8c121067a6e825e1ce982db9284762b</revisionKey>
   <repositoryId>9601025</repositoryId>
   <customXmlData><![CDATA[]]></customXmlData>
  </vcsHistoryItem>
  <vcsHistoryItem>
   <id>15204434</id>
   <planKey>SXE-MAS</planKey>
   <buildNumber>46</buildNumber>
   <revisionKey>2feb165841540aa658d83d62ae3a45c8c5bb6464</revisionKey>
   <repositoryId>15564802</repositoryId>
   <customXmlData><![CDATA[]]></customXmlData>
  </vcsHistoryItem>
  <vcsHistoryItem>
   <id>15204435</id>
   <planKey>SXE-MAS</planKey>
   <buildNumber>47</buildNumber>
   <revisionKey>2feb165841540aa658d83d62ae3a45c8c5bb6464</revisionKey>
   <repositoryId>15564802</repositoryId>
   <customXmlData><![CDATA[]]></customXmlData>
  </vcsHistoryItem>
  <vcsHistoryItem>
   <id>15204438</id>
   <planKey>SXE-MAS</planKey>
   <buildNumber>48</buildNumber>
   <revisionKey>1da0447716c4d4f0996a2d8c7d60bdcc9ed81a24</revisionKey>
   <repositoryId>15564802</repositoryId>
   <customXmlData><![CDATA[]]></customXmlData>
  </vcsHistoryItem>
  <vcsHistoryItem>
   <id>15204441</id>
   <planKey>SXE-MAS</planKey>
   <buildNumber>49</buildNumber>
   <revisionKey>2feb165841540aa658d83d62ae3a45c8c5bb6464</revisionKey>
   <repositoryId>15564802</repositoryId>
   <customXmlData><![CDATA[]]></customXmlData>
  </vcsHistoryItem>
  <vcsHistoryItem>
   <id>15204444</id>
   <planKey>SXE-MAS</planKey>
   <buildNumber>50</buildNumber>
   <revisionKey>2446b084a99798b845d062e224b544364b90df1e</revisionKey>
   <repositoryId>15564802</repositoryId>
   <customXmlData><![CDATA[]]></customXmlData>
  </vcsHistoryItem>
  <vcsHistoryItem>
   <id>15204448</id>
   <planKey>SE-MAS</planKey>
   <buildNumber>70</buildNumber>
   <revisionKey>2446b084a99798b845d062e224b544364b90df1e</revisionKey>
   <repositoryId>15564802</repositoryId>
   <customXmlData><![CDATA[]]></customXmlData>
  </vcsHistoryItem>
  <vcsHistoryItem>
   <id>30244913</id>
   <planKey>SACO-MAS</planKey>
   <buildNumber>200</buildNumber>
   <revisionKey>07d160314ba3e5fcf2f0a1405b8b26319022b1fe</revisionKey>
   <repositoryId>9601037</repositoryId>
   <customXmlData><![CDATA[]]></customXmlData>
  </vcsHistoryItem>
  <vcsHistoryItem>
   <id>30244931</id>
   <planKey>SACO-MAS</planKey>
   <buildNumber>201</buildNumber>
   <revisionKey>9122b5d4be7dfcb210d85adabb48c342934f0f31</revisionKey>
   <repositoryId>9601037</repositoryId>
   <customXmlData><![CDATA[]]></customXmlData>
  </vcsHistoryItem>
  <vcsHistoryItem>
   <id>34701534</id>
   <planKey>SSL-MAST</planKey>
   <buildNumber>112</buildNumber>
   <revisionKey>0ba7cd87f258cf8f2ab4da94e8401e03d1f68e46</revisionKey>
   <repositoryId>10780673</repositoryId>
   <customXmlData><![CDATA[]]></customXmlData>
  </vcsHistoryItem>
  <vcsHistoryItem>
   <id>34701537</id>
   <planKey>SSR-MAS</planKey>
   <buildNumber>11</buildNumber>
   <revisionKey>0ba7cd87f258cf8f2ab4da94e8401e03d1f68e46</revisionKey>
   <repositoryId>10780673</repositoryId>
   <customXmlData><![CDATA[]]></customXmlData>
  </vcsHistoryItem>
  <vcsHistoryItem>
   <id>34701540</id>
   <planKey>SSM-MAS</planKey>
   <buildNumber>11</buildNumber>
   <revisionKey>0ba7cd87f258cf8f2ab4da94e8401e03d1f68e46</revisionKey>
   <repositoryId>10780673</repositoryId>
   <customXmlData><![CDATA[]]></customXmlData>
  </vcsHistoryItem>
  <vcsHistoryItem>
   <id>34701600</id>
   <planKey>SSA-MAS</planKey>
   <buildNumber>25</buildNumber>
   <revisionKey>0ba7cd87f258cf8f2ab4da94e8401e03d1f68e46</revisionKey>
   <repositoryId>10780673</repositoryId>
   <customXmlData><![CDATA[]]></customXmlData>
  </vcsHistoryItem>
  <vcsHistoryItem>
   <id>34701684</id>
   <planKey>SSA-MAS</planKey>
   <buildNumber>26</buildNumber>
   <revisionKey>0ba7cd87f258cf8f2ab4da94e8401e03d1f68e46</revisionKey>
   <repositoryId>10780673</repositoryId>
   <customXmlData><![CDATA[]]></customXmlData>
  </vcsHistoryItem>
  <vcsHistoryItem>
   <id>34701702</id>
   <planKey>SSA-MAS</planKey>
   <buildNumber>27</buildNumber>
   <revisionKey>0ba7cd87f258cf8f2ab4da94e8401e03d1f68e46</revisionKey>
   <repositoryId>10780673</repositoryId>
   <customXmlData><![CDATA[]]></customXmlData>
  </vcsHistoryItem>
  <vcsHistoryItem>
   <id>34701705</id>
   <planKey>SNE-MN</planKey>
   <buildNumber>97</buildNumber>
   <revisionKey>0ba7cd87f258cf8f2ab4da94e8401e03d1f68e46</revisionKey>
   <repositoryId>10780673</repositoryId>
   <customXmlData><![CDATA[]]></customXmlData>
  </vcsHistoryItem>
  <vcsHistoryItem>
   <id>34701711</id>
   <planKey>SR-MAS</planKey>
   <buildNumber>48</buildNumber>
   <revisionKey>0ba7cd87f258cf8f2ab4da94e8401e03d1f68e46</revisionKey>
   <repositoryId>10780673</repositoryId>
   <customXmlData><![CDATA[]]></customXmlData>
  </vcsHistoryItem>
  <vcsHistoryItem>
   <id>34701717</id>
   <planKey>SSM-MAS</planKey>
   <buildNumber>12</buildNumber>
   <revisionKey>0ba7cd87f258cf8f2ab4da94e8401e03d1f68e46</revisionKey>
   <repositoryId>10780673</repositoryId>
   <customXmlData><![CDATA[]]></customXmlData>
  </vcsHistoryItem>
  <vcsHistoryItem>
   <id>34701720</id>
   <planKey>SSR-MAS</planKey>
   <buildNumber>12</buildNumber>
   <revisionKey>0ba7cd87f258cf8f2ab4da94e8401e03d1f68e46</revisionKey>
   <repositoryId>10780673</repositoryId>
   <customXmlData><![CDATA[]]></customXmlData>
  </vcsHistoryItem>
  <vcsHistoryItem>
   <id>34701723</id>
   <planKey>SSL-MAST</planKey>
   <buildNumber>113</buildNumber>
   <revisionKey>0ba7cd87f258cf8f2ab4da94e8401e03d1f68e46</revisionKey>
   <repositoryId>10780673</repositoryId>
   <customXmlData><![CDATA[]]></customXmlData>
  </vcsHistoryItem>
  <vcsHistoryItem>
   <id>34701726</id>
   <planKey>SSA-MAS</planKey>
   <buildNumber>28</buildNumber>
   <revisionKey>0ba7cd87f258cf8f2ab4da94e8401e03d1f68e46</revisionKey>
   <repositoryId>10780673</repositoryId>
   <customXmlData><![CDATA[]]></customXmlData>
  </vcsHistoryItem>
  <vcsHistoryItem>
   <id>34701729</id>
   <planKey>SSL-MAST</planKey>
   <buildNumber>114</buildNumber>
   <revisionKey>0ba7cd87f258cf8f2ab4da94e8401e03d1f68e46</revisionKey>
   <repositoryId>10780673</repositoryId>
   <customXmlData><![CDATA[]]></customXmlData>
  </vcsHistoryItem>
  <vcsHistoryItem>
   <id>34701732</id>
   <planKey>SSM-MAS</planKey>
   <buildNumber>13</buildNumber>
   <revisionKey>0ba7cd87f258cf8f2ab4da94e8401e03d1f68e46</revisionKey>
   <repositoryId>10780673</repositoryId>
   <customXmlData><![CDATA[]]></customXmlData>
  </vcsHistoryItem>
  <vcsHistoryItem>
   <id>34701735</id>
   <planKey>SSR-MAS</planKey>
   <buildNumber>13</buildNumber>
   <revisionKey>0ba7cd87f258cf8f2ab4da94e8401e03d1f68e46</revisionKey>
   <repositoryId>10780673</repositoryId>
   <customXmlData><![CDATA[]]></customXmlData>
  </vcsHistoryItem>
  <vcsHistoryItem>
   <id>34701738</id>
   <planKey>SW-MAS</planKey>
   <buildNumber>204</buildNumber>
   <revisionKey>0ba7cd87f258cf8f2ab4da94e8401e03d1f68e46</revisionKey>
   <repositoryId>10780673</repositoryId>
   <customXmlData><![CDATA[]]></customXmlData>
  </vcsHistoryItem>
  <vcsHistoryItem>
   <id>34701753</id>
   <planKey>SG-MAS</planKey>
   <buildNumber>53</buildNumber>
   <revisionKey>0ba7cd87f258cf8f2ab4da94e8401e03d1f68e46</revisionKey>
   <repositoryId>10780673</repositoryId>
   <customXmlData><![CDATA[]]></customXmlData>
  </vcsHistoryItem>
  <vcsHistoryItem>
   <id>34701756</id>
   <planKey>SSC-MAS</planKey>
   <buildNumber>78</buildNumber>
   <revisionKey>0ba7cd87f258cf8f2ab4da94e8401e03d1f68e46</revisionKey>
   <repositoryId>10780673</repositoryId>
   <customXmlData><![CDATA[]]></customXmlData>
  </vcsHistoryItem>
  <vcsHistoryItem>
   <id>34701762</id>
   <planKey>SXE-MAS</planKey>
   <buildNumber>76</buildNumber>
   <revisionKey>0ba7cd87f258cf8f2ab4da94e8401e03d1f68e46</revisionKey>
   <repositoryId>10780673</repositoryId>
   <customXmlData><![CDATA[]]></customXmlData>
  </vcsHistoryItem>
  <vcsHistoryItem>
   <id>34701765</id>
   <planKey>SC-MAS</planKey>
   <buildNumber>139</buildNumber>
   <revisionKey>0ba7cd87f258cf8f2ab4da94e8401e03d1f68e46</revisionKey>
   <repositoryId>10780673</repositoryId>
   <customXmlData><![CDATA[]]></customXmlData>
  </vcsHistoryItem>
  <vcsHistoryItem>
   <id>34701768</id>
   <planKey>SE-MAS</planKey>
   <buildNumber>119</buildNumber>
   <revisionKey>0ba7cd87f258cf8f2ab4da94e8401e03d1f68e46</revisionKey>
   <repositoryId>10780673</repositoryId>
   <customXmlData><![CDATA[]]></customXmlData>
  </vcsHistoryItem>
  <vcsHistoryItem>
   <id>34701771</id>
   <planKey>SACO-MAS</planKey>
   <buildNumber>234</buildNumber>
   <revisionKey>0ba7cd87f258cf8f2ab4da94e8401e03d1f68e46</revisionKey>
   <repositoryId>10780673</repositoryId>
   <customXmlData><![CDATA[]]></customXmlData>
  </vcsHistoryItem>
  <vcsHistoryItem>
   <id>34701774</id>
   <planKey>SSA-MAS</planKey>
   <buildNumber>29</buildNumber>
   <revisionKey>0ba7cd87f258cf8f2ab4da94e8401e03d1f68e46</revisionKey>
   <repositoryId>10780673</repositoryId>
   <customXmlData><![CDATA[]]></customXmlData>
  </vcsHistoryItem>
  <vcsHistoryItem>
   <id>65503327</id>
   <planKey>SNE-MN</planKey>
   <buildNumber>108</buildNumber>
   <revisionKey>e5e17edb3510ee9e33b2c9f0ffbe384ea44dafe7</revisionKey>
   <repositoryId>9601028</repositoryId>
   <customXmlData><![CDATA[]]></customXmlData>
  </vcsHistoryItem>
  <vcsHistoryItem>
   <id>65503328</id>
   <planKey>SNE-MN</planKey>
   <buildNumber>108</buildNumber>
   <revisionKey>4b9c26ac73ac1fd9ef7dba61c370135a6c0bdbf2</revisionKey>
   <repositoryId>9601042</repositoryId>
   <customXmlData><![CDATA[]]></customXmlData>
  </vcsHistoryItem>
  <vcsHistoryItem>
   <id>68288513</id>
   <planKey>SXE-MAS</planKey>
   <buildNumber>92</buildNumber>
   <revisionKey>df67160581d8b549b75e9591fc8ffb4a2abf8e4f</revisionKey>
   <repositoryId>15564804</repositoryId>
   <customXmlData><![CDATA[]]></customXmlData>
  </vcsHistoryItem>
  <vcsHistoryItem>
   <id>68288514</id>
   <planKey>SXE-MAS</planKey>
   <buildNumber>92</buildNumber>
   <revisionKey>4b9c26ac73ac1fd9ef7dba61c370135a6c0bdbf2</revisionKey>
   <repositoryId>9601042</repositoryId>
   <customXmlData><![CDATA[]]></customXmlData>
  </vcsHistoryItem>
  <vcsHistoryItem>
   <id>68845581</id>
   <planKey>SSAC-MAS</planKey>
   <buildNumber>11</buildNumber>
   <revisionKey>a6f38a6857acaedfbe660c61e81124b5e6679b56</revisionKey>
   <repositoryId>37715973</repositoryId>
   <customXmlData><![CDATA[]]></customXmlData>
  </vcsHistoryItem>
  <vcsHistoryItem>
   <id>68845582</id>
   <planKey>SSAC-MAS</planKey>
   <buildNumber>11</buildNumber>
   <revisionKey>4b9c26ac73ac1fd9ef7dba61c370135a6c0bdbf2</revisionKey>
   <repositoryId>9601042</repositoryId>
   <customXmlData><![CDATA[]]></customXmlData>
  </vcsHistoryItem>
  <vcsHistoryItem>
   <id>77725719</id>
   <planKey>SSRC-MAS</planKey>
   <buildNumber>62</buildNumber>
   <revisionKey>f2d4a49e7544d7add3efc03b8a5ad14243c2250f</revisionKey>
   <repositoryId>35815426</repositoryId>
   <customXmlData><![CDATA[]]></customXmlData>
  </vcsHistoryItem>
  <vcsHistoryItem>
   <id>77725720</id>
   <planKey>SSRC-MAS</planKey>
   <buildNumber>62</buildNumber>
   <revisionKey>ccffd037e5929d4080d172cb50c0d8ba3b6164ec</revisionKey>
   <repositoryId>9601042</repositoryId>
   <customXmlData><![CDATA[]]></customXmlData>
  </vcsHistoryItem>
  <vcsHistoryItem>
   <id>77725733</id>
   <planKey>SSLC-MAS</planKey>
   <buildNumber>34</buildNumber>
   <revisionKey>64c003b56dbd60f456f49ad5a1ccdc8c5be73d5f</revisionKey>
   <repositoryId>37715971</repositoryId>
   <customXmlData><![CDATA[]]></customXmlData>
  </vcsHistoryItem>
  <vcsHistoryItem>
   <id>77725734</id>
   <planKey>SSLC-MAS</planKey>
   <buildNumber>34</buildNumber>
   <revisionKey>ccffd037e5929d4080d172cb50c0d8ba3b6164ec</revisionKey>
   <repositoryId>9601042</repositoryId>
   <customXmlData><![CDATA[]]></customXmlData>
  </vcsHistoryItem>
  <vcsHistoryItem>
   <id>78413875</id>
   <planKey>SA-MAS</planKey>
   <buildNumber>6</buildNumber>
   <revisionKey>2fde6037da568e2c847c22da4aaabc9f3ad136a3</revisionKey>
   <repositoryId>79233026</repositoryId>
   <customXmlData><![CDATA[]]></customXmlData>
  </vcsHistoryItem>
  <vcsHistoryItem>
   <id>78413876</id>
   <planKey>SA-MAS</planKey>
   <buildNumber>6</buildNumber>
   <revisionKey>ccffd037e5929d4080d172cb50c0d8ba3b6164ec</revisionKey>
   <repositoryId>9601042</repositoryId>
   <customXmlData><![CDATA[]]></customXmlData>
  </vcsHistoryItem>
  <vcsHistoryItem>
   <id>80248843</id>
   <planKey>SW-MAS</planKey>
   <buildNumber>245</buildNumber>
   <revisionKey>42fe42d930bf48f14f67561949b55408f294acca</revisionKey>
   <repositoryId>15564803</repositoryId>
   <customXmlData><![CDATA[]]></customXmlData>
  </vcsHistoryItem>
  <vcsHistoryItem>
   <id>80248844</id>
   <planKey>SW-MAS</planKey>
   <buildNumber>245</buildNumber>
   <revisionKey>ccffd037e5929d4080d172cb50c0d8ba3b6164ec</revisionKey>
   <repositoryId>9601042</repositoryId>
   <customXmlData><![CDATA[]]></customXmlData>
  </vcsHistoryItem>
  <vcsHistoryItem>
   <id>80248845</id>
   <planKey>SSCD-MAS</planKey>
   <buildNumber>12</buildNumber>
   <revisionKey>d51c3e19bc0d83b6cda4f97499bf52937e3ac3e9</revisionKey>
   <repositoryId>70385666</repositoryId>
   <customXmlData><![CDATA[]]></customXmlData>
  </vcsHistoryItem>
  <vcsHistoryItem>
   <id>80248846</id>
   <planKey>SSCD-MAS</planKey>
   <buildNumber>12</buildNumber>
   <revisionKey>ccffd037e5929d4080d172cb50c0d8ba3b6164ec</revisionKey>
   <repositoryId>9601042</repositoryId>
   <customXmlData><![CDATA[]]></customXmlData>
  </vcsHistoryItem>
  <vcsHistoryItem>
   <id>80248855</id>
   <planKey>SC-MAS</planKey>
   <buildNumber>195</buildNumber>
   <revisionKey>bb7639ee2794042a63272288c8009d9cb7e506f2</revisionKey>
   <repositoryId>9601034</repositoryId>
   <customXmlData><![CDATA[]]></customXmlData>
  </vcsHistoryItem>
  <vcsHistoryItem>
   <id>80248856</id>
   <planKey>SC-MAS</planKey>
   <buildNumber>195</buildNumber>
   <revisionKey>ccffd037e5929d4080d172cb50c0d8ba3b6164ec</revisionKey>
   <repositoryId>9601042</repositoryId>
   <customXmlData><![CDATA[]]></customXmlData>
  </vcsHistoryItem>
  <vcsHistoryItem>
   <id>80248867</id>
   <planKey>SE-MAS</planKey>
   <buildNumber>193</buildNumber>
   <revisionKey>bb5046ae44ceaf1cc1836a104d072a8d28fff5cc</revisionKey>
   <repositoryId>13041667</repositoryId>
   <customXmlData><![CDATA[]]></customXmlData>
  </vcsHistoryItem>
  <vcsHistoryItem>
   <id>80248868</id>
   <planKey>SE-MAS</planKey>
   <buildNumber>193</buildNumber>
   <revisionKey>ccffd037e5929d4080d172cb50c0d8ba3b6164ec</revisionKey>
   <repositoryId>9601042</repositoryId>
   <customXmlData><![CDATA[]]></customXmlData>
  </vcsHistoryItem>
  <vcsHistoryItem>
   <id>80248871</id>
   <planKey>SWPF-MAS</planKey>
   <buildNumber>46</buildNumber>
   <revisionKey>7a104bdb534723ee6c67a291ca29d76157a72338</revisionKey>
   <repositoryId>56295427</repositoryId>
   <customXmlData><![CDATA[]]></customXmlData>
  </vcsHistoryItem>
  <vcsHistoryItem>
   <id>80248872</id>
   <planKey>SWPF-MAS</planKey>
   <buildNumber>46</buildNumber>
   <revisionKey>ccffd037e5929d4080d172cb50c0d8ba3b6164ec</revisionKey>
   <repositoryId>9601042</repositoryId>
   <customXmlData><![CDATA[]]></customXmlData>
  </vcsHistoryItem>
  <vcsHistoryItem>
   <id>80838675</id>
   <planKey>SG-MAS</planKey>
   <buildNumber>120</buildNumber>
   <revisionKey>0209628f1b6ab6add4e8b980ef439b399980c9e7</revisionKey>
   <repositoryId>16809986</repositoryId>
   <customXmlData><![CDATA[]]></customXmlData>
  </vcsHistoryItem>
  <vcsHistoryItem>
   <id>80838676</id>
   <planKey>SG-MAS</planKey>
   <buildNumber>120</buildNumber>
   <revisionKey>ccffd037e5929d4080d172cb50c0d8ba3b6164ec</revisionKey>
   <repositoryId>9601042</repositoryId>
   <customXmlData><![CDATA[]]></customXmlData>
  </vcsHistoryItem>
  <vcsHistoryItem>
   <id>80838677</id>
   <planKey>SACO-MAS</planKey>
   <buildNumber>310</buildNumber>
   <revisionKey>c70648537b8c2e404b46066341faeb769b3bb013</revisionKey>
   <repositoryId>30769153</repositoryId>
   <customXmlData><![CDATA[]]></customXmlData>
  </vcsHistoryItem>
  <vcsHistoryItem>
   <id>80838678</id>
   <planKey>SACO-MAS</planKey>
   <buildNumber>310</buildNumber>
   <revisionKey>ccffd037e5929d4080d172cb50c0d8ba3b6164ec</revisionKey>
   <repositoryId>9601042</repositoryId>
   <customXmlData><![CDATA[]]></customXmlData>
  </vcsHistoryItem>
  <vcsHistoryItem>
   <id>80838679</id>
   <planKey>SR-MAS</planKey>
   <buildNumber>115</buildNumber>
   <revisionKey>a9e959996ec0457a36b07c7f4e4984442a9ff1d7</revisionKey>
   <repositoryId>16809989</repositoryId>
   <customXmlData><![CDATA[]]></customXmlData>
  </vcsHistoryItem>
  <vcsHistoryItem>
   <id>80838680</id>
   <planKey>SR-MAS</planKey>
   <buildNumber>115</buildNumber>
   <revisionKey>ccffd037e5929d4080d172cb50c0d8ba3b6164ec</revisionKey>
   <repositoryId>9601042</repositoryId>
   <customXmlData><![CDATA[]]></customXmlData>
  </vcsHistoryItem>
  <vcsHistoryItem>
   <id>80838695</id>
   <planKey>SSC-MAS</planKey>
   <buildNumber>150</buildNumber>
   <revisionKey>62a3747f18b42c5d309a4a93e5eff29349b9b50c</revisionKey>
   <repositoryId>17956867</repositoryId>
   <customXmlData><![CDATA[]]></customXmlData>
  </vcsHistoryItem>
  <vcsHistoryItem>
   <id>80838696</id>
   <planKey>SSC-MAS</planKey>
   <buildNumber>150</buildNumber>
   <revisionKey>ccffd037e5929d4080d172cb50c0d8ba3b6164ec</revisionKey>
   <repositoryId>9601042</repositoryId>
   <customXmlData><![CDATA[]]></customXmlData>
  </vcsHistoryItem>
  <vcsHistoryItem>
   <id>80838697</id>
   <planKey>SSL-MAST</planKey>
   <buildNumber>216</buildNumber>
   <revisionKey>6f5da546f53f936b46562ab9c275ea031cd3712b</revisionKey>
   <repositoryId>24281092</repositoryId>
   <customXmlData><![CDATA[]]></customXmlData>
  </vcsHistoryItem>
  <vcsHistoryItem>
   <id>80838698</id>
   <planKey>SSL-MAST</planKey>
   <buildNumber>216</buildNumber>
   <revisionKey>ccffd037e5929d4080d172cb50c0d8ba3b6164ec</revisionKey>
   <repositoryId>9601042</repositoryId>
   <customXmlData><![CDATA[]]></customXmlData>
  </vcsHistoryItem>
  <vcsHistoryItem>
   <id>80838699</id>
   <planKey>SSA-MAS</planKey>
   <buildNumber>135</buildNumber>
   <revisionKey>a76aca19847d18ae977017af8a6fabddf215a13c</revisionKey>
   <repositoryId>30769154</repositoryId>
   <customXmlData><![CDATA[]]></customXmlData>
  </vcsHistoryItem>
  <vcsHistoryItem>
   <id>80838700</id>
   <planKey>SSA-MAS</planKey>
   <buildNumber>135</buildNumber>
   <revisionKey>ccffd037e5929d4080d172cb50c0d8ba3b6164ec</revisionKey>
   <repositoryId>9601042</repositoryId>
   <customXmlData><![CDATA[]]></customXmlData>
  </vcsHistoryItem>
  <vcsHistoryItem>
   <id>80838701</id>
   <planKey>SSR-MAS</planKey>
   <buildNumber>182</buildNumber>
   <revisionKey>83eedfe410a45a92dd6f04244062c636b1f60023</revisionKey>
   <repositoryId>27164674</repositoryId>
   <customXmlData><![CDATA[]]></customXmlData>
  </vcsHistoryItem>
  <vcsHistoryItem>
   <id>80838702</id>
   <planKey>SSR-MAS</planKey>
   <buildNumber>182</buildNumber>
   <revisionKey>ccffd037e5929d4080d172cb50c0d8ba3b6164ec</revisionKey>
   <repositoryId>9601042</repositoryId>
   <customXmlData><![CDATA[]]></customXmlData>
  </vcsHistoryItem>
  <vcsHistoryItem>
   <id>80838703</id>
   <planKey>SSM-MAS</planKey>
   <buildNumber>116</buildNumber>
   <revisionKey>67dcd6d0a52a3423a8e2f032b73c69e461e622b6</revisionKey>
   <repositoryId>28049410</repositoryId>
   <customXmlData><![CDATA[]]></customXmlData>
  </vcsHistoryItem>
  <vcsHistoryItem>
   <id>80838704</id>
   <planKey>SSM-MAS</planKey>
   <buildNumber>116</buildNumber>
   <revisionKey>ccffd037e5929d4080d172cb50c0d8ba3b6164ec</revisionKey>
   <repositoryId>9601042</repositoryId>
   <customXmlData><![CDATA[]]></customXmlData>
  </vcsHistoryItem>
  <vcsHistoryItem>
   <id>81526785</id>
   <planKey>SWPF-MAS</planKey>
   <buildNumber>47</buildNumber>
   <revisionKey>3355c03ef847810a2d8f1805d2c6f4fb8d991f34</revisionKey>
   <repositoryId>56295427</repositoryId>
   <customXmlData><![CDATA[]]></customXmlData>
  </vcsHistoryItem>
  <vcsHistoryItem>
   <id>81526786</id>
   <planKey>SSM-MAS</planKey>
   <buildNumber>117</buildNumber>
   <revisionKey>de737f6f0188169f529f789365e11064d3781f28</revisionKey>
   <repositoryId>28049410</repositoryId>
   <customXmlData><![CDATA[]]></customXmlData>
  </vcsHistoryItem>
  <vcsHistoryItem>
   <id>81526787</id>
   <planKey>SWPF-MAS</planKey>
   <buildNumber>47</buildNumber>
   <revisionKey>ccffd037e5929d4080d172cb50c0d8ba3b6164ec</revisionKey>
   <repositoryId>9601042</repositoryId>
   <customXmlData><![CDATA[]]></customXmlData>
  </vcsHistoryItem>
  <vcsHistoryItem>
   <id>81526788</id>
   <planKey>SSM-MAS</planKey>
   <buildNumber>117</buildNumber>
   <revisionKey>ccffd037e5929d4080d172cb50c0d8ba3b6164ec</revisionKey>
   <repositoryId>9601042</repositoryId>
   <customXmlData><![CDATA[]]></customXmlData>
  </vcsHistoryItem>
 </planVcsHistory>
</bamboo>