<?xml version='1.1' encoding='UTF-8' standalone='yes'?>
<bamboo>
 <date>Sat Feb 20 15:40:54 AEDT 2016</date>
 <version>5.10.1.1</version>
 <buildDate>08-Feb-2016</buildDate>
 <build>51018</build>
 <serverID>BG3Y-XJ99-GC6Z-FPP1</serverID>
 <planRepositories>
  <planRepository>
   <id>1703937</id>
   <plan>SW-MAS0</plan>
   <repositoryDefinition>1671169</repositoryDefinition>
   <position>0</position>
   <buildTrigger>false</buildTrigger>
  </planRepository>
  <planRepository>
   <id>9633796</id>
   <plan>SNE-MN</plan>
   <repositoryDefinition>9601028</repositoryDefinition>
   <position>0</position>
   <buildTrigger>false</buildTrigger>
  </planRepository>
  <planRepository>
   <id>9633802</id>
   <plan>SC-MAS</plan>
   <repositoryDefinition>9601034</repositoryDefinition>
   <position>0</position>
   <buildTrigger>false</buildTrigger>
  </planRepository>
  <planRepository>
   <id>11436033</id>
   <plan>SACO-MAS</plan>
   <repositoryDefinition>9601042</repositoryDefinition>
   <position>1</position>
   <buildTrigger>false</buildTrigger>
  </planRepository>
  <planRepository>
   <id>13074433</id>
   <plan>SACO-MAS0</plan>
   <repositoryDefinition>13041665</repositoryDefinition>
   <position>0</position>
   <buildTrigger>false</buildTrigger>
  </planRepository>
  <planRepository>
   <id>13074434</id>
   <plan>SW-MAS</plan>
   <repositoryDefinition>9601042</repositoryDefinition>
   <position>1</position>
   <buildTrigger>false</buildTrigger>
  </planRepository>
  <planRepository>
   <id>13074439</id>
   <plan>SE-MAS</plan>
   <repositoryDefinition>9601042</repositoryDefinition>
   <position>1</position>
   <buildTrigger>false</buildTrigger>
  </planRepository>
  <planRepository>
   <id>13074441</id>
   <plan>SE-MAS</plan>
   <repositoryDefinition>13041667</repositoryDefinition>
   <position>0</position>
   <buildTrigger>false</buildTrigger>
  </planRepository>
  <planRepository>
   <id>13074442</id>
   <plan>SXE-MAS</plan>
   <repositoryDefinition>9601042</repositoryDefinition>
   <position>1</position>
   <buildTrigger>false</buildTrigger>
  </planRepository>
  <planRepository>
   <id>13074444</id>
   <plan>SNE-MN</plan>
   <repositoryDefinition>9601042</repositoryDefinition>
   <position>1</position>
   <buildTrigger>false</buildTrigger>
  </planRepository>
  <planRepository>
   <id>13074446</id>
   <plan>SC-MAS</plan>
   <repositoryDefinition>9601042</repositoryDefinition>
   <position>1</position>
   <buildTrigger>false</buildTrigger>
  </planRepository>
  <planRepository>
   <id>15663109</id>
   <plan>SW-MAS</plan>
   <repositoryDefinition>15564803</repositoryDefinition>
   <position>0</position>
   <buildTrigger>false</buildTrigger>
  </planRepository>
  <planRepository>
   <id>15663110</id>
   <plan>SXE-MAS</plan>
   <repositoryDefinition>15564804</repositoryDefinition>
   <position>0</position>
   <buildTrigger>false</buildTrigger>
  </planRepository>
  <planRepository>
   <id>16842754</id>
   <plan>SG-MAS</plan>
   <repositoryDefinition>9601042</repositoryDefinition>
   <position>1</position>
   <buildTrigger>false</buildTrigger>
  </planRepository>
  <planRepository>
   <id>16842756</id>
   <plan>SG-MAS</plan>
   <repositoryDefinition>16809986</repositoryDefinition>
   <position>0</position>
   <buildTrigger>false</buildTrigger>
  </planRepository>
  <planRepository>
   <id>16842758</id>
   <plan>SR-MAS</plan>
   <repositoryDefinition>9601042</repositoryDefinition>
   <position>1</position>
   <buildTrigger>false</buildTrigger>
  </planRepository>
  <planRepository>
   <id>16842761</id>
   <plan>SR-MAS</plan>
   <repositoryDefinition>16809989</repositoryDefinition>
   <position>0</position>
   <buildTrigger>false</buildTrigger>
  </planRepository>
  <planRepository>
   <id>17989634</id>
   <plan>SSC-MAS</plan>
   <repositoryDefinition>9601042</repositoryDefinition>
   <position>1</position>
   <buildTrigger>false</buildTrigger>
  </planRepository>
  <planRepository>
   <id>17989637</id>
   <plan>SSC-MAS</plan>
   <repositoryDefinition>17956867</repositoryDefinition>
   <position>0</position>
   <buildTrigger>false</buildTrigger>
  </planRepository>
  <planRepository>
   <id>24313862</id>
   <plan>SSL-MAST</plan>
   <repositoryDefinition>9601042</repositoryDefinition>
   <position>1</position>
   <buildTrigger>false</buildTrigger>
  </planRepository>
  <planRepository>
   <id>24313864</id>
   <plan>SSL-MAST</plan>
   <repositoryDefinition>24281092</repositoryDefinition>
   <position>0</position>
   <buildTrigger>false</buildTrigger>
  </planRepository>
  <planRepository>
   <id>27197442</id>
   <plan>SSR-MAS</plan>
   <repositoryDefinition>9601042</repositoryDefinition>
   <position>1</position>
   <buildTrigger>false</buildTrigger>
  </planRepository>
  <planRepository>
   <id>27197444</id>
   <plan>SSR-MAS</plan>
   <repositoryDefinition>27164674</repositoryDefinition>
   <position>0</position>
   <buildTrigger>false</buildTrigger>
  </planRepository>
  <planRepository>
   <id>28082178</id>
   <plan>SSM-MAS</plan>
   <repositoryDefinition>9601042</repositoryDefinition>
   <position>1</position>
   <buildTrigger>false</buildTrigger>
  </planRepository>
  <planRepository>
   <id>28082180</id>
   <plan>SSM-MAS</plan>
   <repositoryDefinition>28049410</repositoryDefinition>
   <position>0</position>
   <buildTrigger>false</buildTrigger>
  </planRepository>
  <planRepository>
   <id>29982722</id>
   <plan>SSA-MAS</plan>
   <repositoryDefinition>9601042</repositoryDefinition>
   <position>1</position>
   <buildTrigger>false</buildTrigger>
  </planRepository>
  <planRepository>
   <id>30801921</id>
   <plan>SACO-MAS</plan>
   <repositoryDefinition>30769153</repositoryDefinition>
   <position>0</position>
   <buildTrigger>false</buildTrigger>
  </planRepository>
  <planRepository>
   <id>30801922</id>
   <plan>SSA-MAS</plan>
   <repositoryDefinition>30769154</repositoryDefinition>
   <position>0</position>
   <buildTrigger>false</buildTrigger>
  </planRepository>
  <planRepository>
   <id>35848194</id>
   <plan>SSRC-MAS</plan>
   <repositoryDefinition>9601042</repositoryDefinition>
   <position>1</position>
   <buildTrigger>false</buildTrigger>
  </planRepository>
  <planRepository>
   <id>35848195</id>
   <plan>SSRC-MAS</plan>
   <repositoryDefinition>35815426</repositoryDefinition>
   <position>0</position>
   <buildTrigger>false</buildTrigger>
  </planRepository>
  <planRepository>
   <id>37748740</id>
   <plan>SSLC-MAS</plan>
   <repositoryDefinition>9601042</repositoryDefinition>
   <position>1</position>
   <buildTrigger>false</buildTrigger>
  </planRepository>
  <planRepository>
   <id>37748741</id>
   <plan>SSLC-MAS</plan>
   <repositoryDefinition>37715971</repositoryDefinition>
   <position>0</position>
   <buildTrigger>false</buildTrigger>
  </planRepository>
  <planRepository>
   <id>37748743</id>
   <plan>SSAC-MAS</plan>
   <repositoryDefinition>9601042</repositoryDefinition>
   <position>1</position>
   <buildTrigger>false</buildTrigger>
  </planRepository>
  <planRepository>
   <id>37748744</id>
   <plan>SSAC-MAS</plan>
   <repositoryDefinition>37715973</repositoryDefinition>
   <position>0</position>
   <buildTrigger>false</buildTrigger>
  </planRepository>
  <planRepository>
   <id>56328194</id>
   <plan>SWPF-MAS</plan>
   <repositoryDefinition>9601042</repositoryDefinition>
   <position>1</position>
   <buildTrigger>false</buildTrigger>
  </planRepository>
  <planRepository>
   <id>56328196</id>
   <plan>SWPF-MAS</plan>
   <repositoryDefinition>56295427</repositoryDefinition>
   <position>0</position>
   <buildTrigger>false</buildTrigger>
  </planRepository>
  <planRepository>
   <id>70418434</id>
   <plan>SSCD-MAS</plan>
   <repositoryDefinition>9601042</repositoryDefinition>
   <position>1</position>
   <buildTrigger>false</buildTrigger>
  </planRepository>
  <planRepository>
   <id>70418435</id>
   <plan>SSCD-MAS</plan>
   <repositoryDefinition>70385666</repositoryDefinition>
   <position>0</position>
   <buildTrigger>false</buildTrigger>
  </planRepository>
  <planRepository>
   <id>79265794</id>
   <plan>SA-MAS</plan>
   <repositoryDefinition>9601042</repositoryDefinition>
   <position>1</position>
   <buildTrigger>false</buildTrigger>
  </planRepository>
  <planRepository>
   <id>79265795</id>
   <plan>SA-MAS</plan>
   <repositoryDefinition>79233026</repositoryDefinition>
   <position>0</position>
   <buildTrigger>false</buildTrigger>
  </planRepository>
 </planRepositories>
</bamboo>