<?xml version='1.1' encoding='UTF-8' standalone='yes'?>
<bamboo>
 <date>Sat Feb 20 15:40:54 AEDT 2016</date>
 <version>5.10.1.1</version>
 <buildDate>08-Feb-2016</buildDate>
 <build>51018</build>
 <serverID>BG3Y-XJ99-GC6Z-FPP1</serverID>
 <vcsBranches>
  <vcsBranch>
   <name>master</name>
   <chainId>5013509</chainId>
  </vcsBranch>
  <vcsBranch>
   <name>master</name>
   <chainId>6553601</chainId>
  </vcsBranch>
  <vcsBranch>
   <name>master</name>
   <chainId>393217</chainId>
  </vcsBranch>
  <vcsBranch>
   <name>master</name>
   <chainId>7569412</chainId>
  </vcsBranch>
  <vcsBranch>
   <name>master</name>
   <chainId>16547844</chainId>
  </vcsBranch>
  <vcsBranch>
   <name>master</name>
   <chainId>17661953</chainId>
  </vcsBranch>
  <vcsBranch>
   <name>master</name>
   <chainId>23953412</chainId>
  </vcsBranch>
  <vcsBranch>
   <name>master</name>
   <chainId>26836993</chainId>
  </vcsBranch>
  <vcsBranch>
   <name>master</name>
   <chainId>27721729</chainId>
  </vcsBranch>
  <vcsBranch>
   <name>master</name>
   <chainId>7569415</chainId>
  </vcsBranch>
  <vcsBranch>
   <name>master</name>
   <chainId>34865154</chainId>
  </vcsBranch>
  <vcsBranch>
   <name>master</name>
   <chainId>37388292</chainId>
  </vcsBranch>
  <vcsBranch>
   <name>master</name>
   <chainId>37388295</chainId>
  </vcsBranch>
  <vcsBranch>
   <name>master</name>
   <chainId>55967745</chainId>
  </vcsBranch>
  <vcsBranch>
   <name>master</name>
   <chainId>70057985</chainId>
  </vcsBranch>
  <vcsBranch>
   <name>master</name>
   <chainId>78938113</chainId>
  </vcsBranch>
 </vcsBranches>
</bamboo>